1,2,16.01,148.79,74.71,190.82,0.8159,-1,-1,-1
1,1,118.00,157.55,79.99,171.15,0.8483,-1,-1,-1
2,2,18.04,145.06,73.98,194.97,0.8563,-1,-1,-1
2,1,118.11,154.66,82.43,174.86,0.8474,-1,-1,-1
3,2,22.27,136.40,73.95,204.86,0.8290,-1,-1,-1
3,1,125.30,153.66,64.39,177.54,0.7128,-1,-1,-1
4,3,252.54,192.51,25.43,68.49,0.4797,-1,-1,-1
4,2,27.40,144.10,72.51,199.24,0.8196,-1,-1,-1
4,1,129.74,154.35,81.52,179.31,0.8465,-1,-1,-1
5,3,263.98,199.80,22.91,63.74,0.5438,-1,-1,-1
5,2,35.18,139.73,73.38,208.34,0.8698,-1,-1,-1
5,1,135.54,157.37,85.27,180.09,0.8140,-1,-1,-1
6,5,251.00,197.53,22.11,66.50,0.4322,-1,-1,-1
6,4,222.27,197.42,24.84,67.71,0.6155,-1,-1,-1
6,3,269.01,197.74,25.40,66.96,0.5848,-1,-1,-1
6,2,33.48,141.09,79.79,208.93,0.8531,-1,-1,-1
6,1,141.04,154.79,86.84,184.57,0.8339,-1,-1,-1
7,5,257.26,196.15,21.42,61.88,0.6033,-1,-1,-1
7,4,226.07,198.45,25.27,65.84,0.6563,-1,-1,-1
7,3,274.44,199.35,26.27,62.82,0.6750,-1,-1,-1
7,2,39.09,140.46,76.28,209.45,0.8356,-1,-1,-1
7,1,144.27,152.04,87.82,187.61,0.8595,-1,-1,-1
8,5,264.99,198.19,20.34,64.69,0.5564,-1,-1,-1
8,4,234.81,200.26,24.39,65.49,0.6828,-1,-1,-1
8,3,280.73,200.75,26.68,65.41,0.5865,-1,-1,-1
8,2,42.18,140.22,78.56,213.56,0.8246,-1,-1,-1
8,1,152.26,152.71,88.69,190.77,0.8705,-1,-1,-1
9,5,269.81,198.91,22.67,66.63,0.6482,-1,-1,-1
9,4,240.75,203.75,25.04,62.57,0.5638,-1,-1,-1
9,3,288.27,199.46,25.28,66.11,0.7192,-1,-1,-1
9,2,47.47,140.34,77.91,213.22,0.8302,-1,-1,-1
9,1,156.61,151.64,87.55,193.24,0.8673,-1,-1,-1
10,5,278.72,196.60,21.73,67.13,0.4571,-1,-1,-1
10,4,250.61,196.75,25.47,68.86,0.6480,-1,-1,-1
10,3,296.07,201.54,25.53,64.70,0.6353,-1,-1,-1
10,2,48.26,134.84,86.27,221.30,0.8570,-1,-1,-1
10,1,164.68,147.69,88.00,198.30,0.8700,-1,-1,-1
11,11,142.24,195.45,29.63,69.95,0.5643,-1,-1,-1
11,5,285.00,198.00,23.30,67.42,0.6967,-1,-1,-1
11,4,255.50,201.24,21.80,64.14,0.4892,-1,-1,-1
11,3,306.29,201.06,21.44,64.58,0.6467,-1,-1,-1
11,2,54.73,135.49,85.27,221.82,0.8677,-1,-1,-1
11,1,170.95,147.20,88.75,201.15,0.8611,-1,-1,-1
12,11,153.65,198.37,29.97,68.83,0.5756,-1,-1,-1
12,4,269.34,199.55,24.76,68.65,0.6255,-1,-1,-1
12,3,316.23,205.73,22.55,62.62,0.5012,-1,-1,-1
12,2,64.76,130.20,83.60,233.82,0.8809,-1,-1,-1
12,1,181.96,147.81,92.42,205.49,0.8704,-1,-1,-1
13,11,159.02,196.48,30.47,71.16,0.5702,-1,-1,-1
13,5,304.12,204.02,20.64,62.72,0.4755,-1,-1,-1
13,4,275.68,200.24,23.82,68.26,0.5110,-1,-1,-1
13,3,321.07,194.07,25.31,73.73,0.4621,-1,-1,-1
13,2,67.43,142.99,85.98,222.29,0.8563,-1,-1,-1
13,1,183.00,147.34,97.42,209.39,0.8586,-1,-1,-1
14,11,170.77,195.92,29.59,71.31,0.5993,-1,-1,-1
14,5,316.76,201.45,22.05,65.23,0.5778,-1,-1,-1
14,4,287.01,204.25,23.50,62.61,0.5901,-1,-1,-1
14,3,335.03,206.00,21.09,61.90,0.3739,-1,-1,-1
14,2,83.27,127.70,81.05,239.34,0.8714,-1,-1,-1
14,1,198.54,145.06,93.45,212.05,0.8290,-1,-1,-1
15,14,0.09,144.75,42.27,166.69,0.5379,-1,-1,-1
15,11,182.53,197.98,28.53,70.69,0.6608,-1,-1,-1
15,5,326.00,200.19,23.34,67.72,0.5192,-1,-1,-1
15,4,297.35,202.31,22.50,66.96,0.5780,-1,-1,-1
15,3,346.35,205.29,26.82,64.42,0.6198,-1,-1,-1
15,2,85.29,138.89,86.48,232.00,0.8601,-1,-1,-1
15,1,209.87,145.29,95.31,216.21,0.8599,-1,-1,-1
16,14,0.23,143.04,46.79,154.27,0.4311,-1,-1,-1
16,11,185.54,193.32,30.26,71.77,0.6430,-1,-1,-1
16,5,330.81,194.94,24.37,71.16,0.5515,-1,-1,-1
16,4,300.81,198.23,24.15,66.79,0.6872,-1,-1,-1
16,3,352.53,199.43,27.45,67.75,0.5434,-1,-1,-1
16,2,78.10,123.42,96.99,246.72,0.8775,-1,-1,-1
16,1,211.57,144.51,100.15,215.98,0.8458,-1,-1,-1
17,14,0.13,140.89,65.12,148.66,0.3787,-1,-1,-1
17,11,189.15,192.90,28.59,71.68,0.6427,-1,-1,-1
17,5,334.86,195.47,23.16,69.60,0.4478,-1,-1,-1
17,4,306.40,195.80,24.12,69.86,0.5984,-1,-1,-1
17,3,353.59,186.34,25.65,78.21,0.4920,-1,-1,-1
17,2,85.10,124.09,92.81,247.67,0.8982,-1,-1,-1
17,1,213.39,139.66,108.32,223.44,0.7740,-1,-1,-1
18,14,0.11,140.71,47.99,157.31,0.4974,-1,-1,-1
18,11,193.74,195.02,27.43,69.78,0.5473,-1,-1,-1
18,4,312.04,195.09,21.91,71.24,0.7057,-1,-1,-1
18,2,83.47,124.55,97.07,252.59,0.9013,-1,-1,-1
18,1,215.75,137.59,111.30,230.31,0.8572,-1,-1,-1
19,14,0.10,137.69,44.33,157.20,0.3078,-1,-1,-1
19,11,193.96,192.78,29.06,70.10,0.5154,-1,-1,-1
19,4,311.08,192.43,25.54,71.10,0.6221,-1,-1,-1
19,2,81.28,118.62,98.10,257.51,0.9063,-1,-1,-1
19,1,217.42,132.73,112.84,235.02,0.8667,-1,-1,-1
20,11,192.26,187.30,28.86,72.95,0.5806,-1,-1,-1
20,2,76.61,112.99,99.10,265.31,0.9029,-1,-1,-1
20,1,214.27,128.40,113.98,241.08,0.8877,-1,-1,-1
21,16,43.00,186.45,24.71,69.57,0.5714,-1,-1,-1
21,14,0.05,131.94,37.81,165.53,0.5215,-1,-1,-1
21,11,192.25,186.22,27.95,74.56,0.6606,-1,-1,-1
21,2,72.84,107.12,102.23,275.10,0.8987,-1,-1,-1
21,1,213.93,126.37,116.71,247.79,0.8791,-1,-1,-1
22,16,41.68,183.02,28.63,71.12,0.4112,-1,-1,-1
22,14,0.04,128.85,38.12,225.65,0.3500,-1,-1,-1
22,11,194.27,185.85,27.00,73.35,0.3513,-1,-1,-1
22,2,68.15,103.45,105.81,281.00,0.8850,-1,-1,-1
22,1,214.45,122.67,117.93,253.73,0.8829,-1,-1,-1
23,16,50.58,191.47,22.27,67.15,0.3664,-1,-1,-1
23,14,0.00,133.34,39.24,228.85,0.3567,-1,-1,-1
23,11,198.42,190.57,25.85,73.23,0.5795,-1,-1,-1
23,2,68.10,104.66,106.88,290.01,0.8965,-1,-1,-1
23,1,215.09,123.43,118.36,261.30,0.8813,-1,-1,-1
24,17,0.00,133.60,23.48,88.95,0.3391,-1,-1,-1
24,14,0.31,133.16,40.33,164.59,0.4351,-1,-1,-1
24,2,65.06,104.25,111.97,294.79,0.8602,-1,-1,-1
24,1,221.39,121.38,114.77,265.54,0.7988,-1,-1,-1
25,14,0.13,134.23,38.15,170.38,0.3616,-1,-1,-1
25,2,61.22,103.05,116.34,304.23,0.8911,-1,-1,-1
25,1,231.80,120.72,109.31,276.01,0.8809,-1,-1,-1
26,14,0.14,132.75,37.43,171.71,0.3657,-1,-1,-1
26,2,57.58,100.38,118.97,309.60,0.8824,-1,-1,-1
26,1,230.67,116.23,110.20,281.82,0.8711,-1,-1,-1
27,14,0.19,130.48,38.38,169.94,0.4627,-1,-1,-1
27,2,55.26,95.62,121.64,315.95,0.8972,-1,-1,-1
27,1,236.82,112.99,110.50,288.71,0.8808,-1,-1,-1
28,14,0.12,129.84,39.15,170.21,0.3377,-1,-1,-1
28,2,54.28,94.28,123.39,323.28,0.9022,-1,-1,-1
28,1,240.80,111.12,110.18,294.89,0.8851,-1,-1,-1
29,2,51.31,85.89,127.95,339.05,0.8816,-1,-1,-1
29,1,232.59,105.08,124.47,303.32,0.8658,-1,-1,-1
30,14,0.13,125.05,36.64,179.72,0.3046,-1,-1,-1
30,2,47.88,83.84,132.22,345.73,0.8887,-1,-1,-1
30,1,234.38,103.20,124.35,310.31,0.8839,-1,-1,-1
31,19,392.86,175.88,20.95,35.07,0.3311,-1,-1,-1
31,18,142.19,81.15,48.89,171.10,0.4194,-1,-1,-1
31,2,42.23,80.17,140.05,353.67,0.8946,-1,-1,-1
31,1,246.16,98.28,119.46,321.50,0.8790,-1,-1,-1
32,18,147.41,80.00,47.44,177.01,0.5288,-1,-1,-1
32,4,408.28,190.83,25.90,75.44,0.6676,-1,-1,-1
32,2,44.76,77.66,139.67,364.71,0.8790,-1,-1,-1
32,1,254.42,96.55,120.04,332.50,0.8769,-1,-1,-1
33,18,153.36,76.81,46.45,183.01,0.3760,-1,-1,-1
33,9,360.96,186.77,26.98,75.25,0.6283,-1,-1,-1
33,4,418.41,188.93,26.62,75.16,0.6740,-1,-1,-1
33,2,53.85,70.24,137.08,374.55,0.8887,-1,-1,-1
33,1,259.22,89.68,127.59,339.11,0.8614,-1,-1,-1
34,18,158.83,75.04,54.93,179.82,0.5097,-1,-1,-1
34,14,0.13,116.16,28.68,100.76,0.5160,-1,-1,-1
34,9,368.31,187.00,29.80,76.94,0.6830,-1,-1,-1
34,4,425.93,187.47,27.08,79.15,0.6608,-1,-1,-1
34,2,60.36,70.62,140.44,381.35,0.8851,-1,-1,-1
34,1,270.24,88.96,130.61,352.14,0.8578,-1,-1,-1
35,21,410.21,189.35,24.56,76.19,0.4799,-1,-1,-1
35,14,0.14,119.09,37.09,104.41,0.6113,-1,-1,-1
35,9,377.30,189.66,28.11,76.97,0.7058,-1,-1,-1
35,4,434.95,190.54,28.38,78.29,0.6581,-1,-1,-1
35,2,65.83,70.69,139.90,387.13,0.9043,-1,-1,-1
35,1,269.73,88.40,147.54,360.95,0.8550,-1,-1,-1
36,22,420.72,181.42,26.31,83.66,0.4873,-1,-1,-1
36,18,174.66,71.40,55.57,182.93,0.5572,-1,-1,-1
36,9,387.61,189.33,27.59,75.92,0.5831,-1,-1,-1
36,4,447.66,189.76,28.32,77.94,0.6643,-1,-1,-1
36,2,71.91,62.12,145.93,400.47,0.8946,-1,-1,-1
36,1,270.52,80.76,163.25,370.24,0.8937,-1,-1,-1
37,21,425.05,188.28,23.76,77.77,0.3208,-1,-1,-1
37,18,177.53,71.22,53.74,186.12,0.4360,-1,-1,-1
37,9,391.55,189.42,28.39,76.20,0.6553,-1,-1,-1
37,4,452.27,190.29,26.82,78.51,0.6201,-1,-1,-1
37,2,72.20,61.20,148.34,405.59,0.9015,-1,-1,-1
37,1,271.55,78.06,167.83,378.76,0.8908,-1,-1,-1
38,21,430.11,189.79,27.09,78.66,0.5468,-1,-1,-1
38,18,181.03,70.88,57.55,196.37,0.4534,-1,-1,-1
38,9,398.02,194.89,29.05,72.68,0.4975,-1,-1,-1
38,4,456.84,189.65,29.03,80.89,0.7279,-1,-1,-1
38,2,70.67,58.85,153.26,416.26,0.8759,-1,-1,-1
38,1,278.85,76.50,176.55,388.74,0.8878,-1,-1,-1
39,21,434.70,186.91,26.12,78.01,0.5779,-1,-1,-1
39,18,182.56,63.49,57.41,195.58,0.5572,-1,-1,-1
39,9,403.58,195.87,26.72,69.99,0.5585,-1,-1,-1
39,4,460.15,187.37,33.27,82.03,0.6730,-1,-1,-1
39,2,69.39,53.46,158.08,424.70,0.8789,-1,-1,-1
39,1,284.51,70.33,178.44,398.17,0.8902,-1,-1,-1
40,21,438.90,185.94,28.03,82.57,0.5364,-1,-1,-1
40,18,185.34,63.00,55.86,200.51,0.6955,-1,-1,-1
40,9,409.61,199.87,23.29,69.75,0.4665,-1,-1,-1
40,4,465.03,188.41,31.37,83.41,0.7036,-1,-1,-1
40,2,67.64,52.75,162.43,427.25,0.8846,-1,-1,-1
40,1,285.41,65.83,187.17,412.93,0.8876,-1,-1,-1
41,21,440.00,188.55,26.90,79.49,0.5489,-1,-1,-1
41,18,183.08,63.08,57.61,198.71,0.7384,-1,-1,-1
41,17,0.00,114.38,49.47,153.96,0.3860,-1,-1,-1
41,4,468.31,189.00,31.19,46.58,0.6163,-1,-1,-1
41,2,64.01,48.69,166.25,431.31,0.8903,-1,-1,-1
41,1,289.64,63.06,191.41,416.68,0.8832,-1,-1,-1
42,18,177.51,55.40,60.28,209.30,0.6335,-1,-1,-1
42,4,465.11,187.51,34.00,38.64,0.5383,-1,-1,-1
42,2,49.75,41.68,173.67,438.32,0.8915,-1,-1,-1
42,1,283.00,56.10,199.33,423.90,0.8999,-1,-1,-1
43,18,175.18,50.88,58.64,206.80,0.6477,-1,-1,-1
43,11,265.84,186.82,24.78,76.70,0.3265,-1,-1,-1
43,4,463.99,190.29,30.43,31.68,0.5276,-1,-1,-1
43,2,46.89,35.95,174.26,443.95,0.8964,-1,-1,-1
43,1,281.48,53.21,206.08,426.79,0.9045,-1,-1,-1
44,18,174.66,48.49,59.79,212.35,0.6436,-1,-1,-1
44,11,266.53,186.80,26.07,77.78,0.3635,-1,-1,-1
44,2,43.03,30.72,178.19,448.72,0.8977,-1,-1,-1
44,1,280.31,50.45,210.73,429.55,0.9041,-1,-1,-1
45,18,176.05,47.57,61.64,215.54,0.6477,-1,-1,-1
45,17,0.12,99.84,39.37,325.69,0.3613,-1,-1,-1
45,11,267.56,185.81,28.04,77.83,0.4533,-1,-1,-1
45,2,41.69,27.66,178.89,450.68,0.8951,-1,-1,-1
45,1,283.93,46.70,213.79,432.71,0.8964,-1,-1,-1
46,18,174.38,45.26,62.83,218.36,0.6941,-1,-1,-1
46,17,0.23,97.61,37.00,329.65,0.4187,-1,-1,-1
46,2,35.49,19.77,185.21,459.67,0.8836,-1,-1,-1
46,1,277.22,42.80,224.93,437.20,0.9093,-1,-1,-1
47,18,173.95,41.23,61.73,216.83,0.6582,-1,-1,-1
47,17,0.18,93.95,37.26,334.84,0.3054,-1,-1,-1
47,11,269.56,183.34,27.36,79.35,0.3718,-1,-1,-1
47,2,32.49,14.97,186.96,464.03,0.8726,-1,-1,-1
47,1,284.03,38.02,222.68,441.98,0.9064,-1,-1,-1
48,18,176.78,38.44,63.94,223.25,0.6425,-1,-1,-1
48,17,0.06,93.07,40.57,341.21,0.3434,-1,-1,-1
48,2,29.47,11.87,193.45,468.13,0.8636,-1,-1,-1
48,1,289.84,29.59,222.74,449.67,0.9000,-1,-1,-1
49,18,176.25,36.63,65.96,226.80,0.6406,-1,-1,-1
49,14,0.07,93.22,30.97,113.27,0.3337,-1,-1,-1
49,2,26.93,9.91,200.86,466.85,0.8603,-1,-1,-1
49,1,286.49,29.11,230.51,450.89,0.8895,-1,-1,-1
50,18,173.85,34.64,67.06,237.11,0.6507,-1,-1,-1
50,14,0.08,90.33,29.67,117.45,0.5215,-1,-1,-1
50,2,20.07,3.02,204.93,475.56,0.8585,-1,-1,-1
50,1,285.27,22.88,233.38,456.15,0.8995,-1,-1,-1
51,18,174.25,33.53,70.98,238.27,0.7359,-1,-1,-1
51,14,0.07,89.53,30.90,117.89,0.4486,-1,-1,-1
51,2,22.51,1.62,201.03,474.76,0.8587,-1,-1,-1
51,1,285.17,19.73,239.00,459.60,0.9085,-1,-1,-1
52,18,173.38,30.05,71.10,240.10,0.5957,-1,-1,-1
52,14,0.03,87.19,31.20,161.51,0.4839,-1,-1,-1
52,2,16.71,0.71,204.81,477.18,0.8465,-1,-1,-1
52,1,290.78,16.21,238.03,462.55,0.9018,-1,-1,-1
53,18,173.51,28.33,70.36,239.69,0.6314,-1,-1,-1
53,14,0.02,86.42,37.46,162.28,0.3693,-1,-1,-1
53,2,13.18,0.40,211.45,479.19,0.8605,-1,-1,-1
53,1,287.70,14.38,248.90,464.64,0.9044,-1,-1,-1
54,18,173.33,28.62,71.36,240.94,0.5766,-1,-1,-1
54,14,0.07,87.45,36.04,113.84,0.4176,-1,-1,-1
54,2,13.87,1.12,210.80,475.91,0.8424,-1,-1,-1
54,1,290.28,12.60,249.75,467.40,0.9116,-1,-1,-1
55,18,175.39,26.16,71.59,243.85,0.5493,-1,-1,-1
55,14,0.16,86.28,37.05,197.18,0.4512,-1,-1,-1
55,2,11.50,1.16,214.06,478.13,0.8571,-1,-1,-1
55,1,293.98,8.20,256.98,469.28,0.8858,-1,-1,-1
56,18,176.30,24.82,71.45,246.89,0.5886,-1,-1,-1
56,14,0.08,84.20,36.76,166.13,0.4632,-1,-1,-1
56,2,12.58,0.33,215.61,478.21,0.8620,-1,-1,-1
56,1,290.18,5.97,262.33,472.32,0.8459,-1,-1,-1
57,18,176.32,23.06,73.61,289.46,0.6120,-1,-1,-1
57,14,0.08,83.57,36.00,165.79,0.5692,-1,-1,-1
57,2,7.91,1.26,219.95,475.52,0.8577,-1,-1,-1
57,1,300.89,2.85,262.11,476.61,0.9115,-1,-1,-1
58,18,176.05,20.68,76.18,380.51,0.4965,-1,-1,-1
58,14,0.09,83.52,34.58,165.49,0.4870,-1,-1,-1
58,2,8.03,1.23,219.52,475.95,0.8594,-1,-1,-1
58,1,302.02,2.63,264.44,477.37,0.8996,-1,-1,-1
59,18,177.23,20.75,75.83,332.89,0.7053,-1,-1,-1
59,14,0.07,84.46,32.16,163.46,0.4020,-1,-1,-1
59,2,6.17,1.29,222.85,475.98,0.8445,-1,-1,-1
59,1,302.97,1.52,273.81,477.85,0.9035,-1,-1,-1
60,18,174.68,19.07,79.85,407.80,0.5708,-1,-1,-1
60,14,0.17,79.67,29.87,219.39,0.3764,-1,-1,-1
60,2,5.43,0.65,224.81,476.93,0.8184,-1,-1,-1
60,1,303.42,0.10,280.93,477.30,0.9006,-1,-1,-1
61,18,175.39,18.34,78.90,402.81,0.6077,-1,-1,-1
61,14,0.11,80.17,28.49,213.22,0.3822,-1,-1,-1
61,2,2.04,1.41,225.83,475.33,0.8557,-1,-1,-1
61,1,307.59,0.00,284.29,479.08,0.8971,-1,-1,-1
62,18,178.11,16.49,78.72,414.93,0.7278,-1,-1,-1
62,14,0.28,78.47,31.49,226.92,0.4520,-1,-1,-1
62,2,1.77,1.27,225.22,475.73,0.8612,-1,-1,-1
62,1,312.29,0.09,285.95,474.08,0.8307,-1,-1,-1
63,21,565.04,192.85,20.97,51.32,0.3502,-1,-1,-1
63,18,176.92,15.07,80.71,419.15,0.7195,-1,-1,-1
63,14,0.21,75.48,37.57,361.81,0.3735,-1,-1,-1
63,2,0.91,1.58,225.57,475.75,0.7899,-1,-1,-1
63,1,313.11,0.15,286.19,479.85,0.8858,-1,-1,-1
64,18,175.82,15.28,83.42,412.04,0.5742,-1,-1,-1
64,14,0.26,75.40,33.82,383.55,0.3599,-1,-1,-1
64,2,1.26,2.26,227.96,476.17,0.8099,-1,-1,-1
64,1,317.48,0.00,286.50,480.00,0.8758,-1,-1,-1
65,24,501.67,193.00,26.21,76.47,0.6446,-1,-1,-1
65,18,178.09,14.39,83.23,347.79,0.5251,-1,-1,-1
65,14,0.33,74.60,35.30,353.25,0.3508,-1,-1,-1
65,2,0.88,1.55,235.94,474.62,0.7659,-1,-1,-1
65,1,316.99,0.00,288.11,480.00,0.8766,-1,-1,-1
66,25,0.12,78.63,22.01,128.41,0.3764,-1,-1,-1
66,24,502.25,192.04,26.50,76.79,0.6830,-1,-1,-1
66,18,177.44,13.18,85.57,329.66,0.6340,-1,-1,-1
66,14,0.20,74.97,33.52,376.44,0.3678,-1,-1,-1
66,2,0.51,1.45,230.62,472.85,0.8416,-1,-1,-1
66,1,312.46,0.26,293.48,479.74,0.8840,-1,-1,-1
67,24,503.61,192.63,24.54,76.40,0.6493,-1,-1,-1
67,21,574.01,197.40,18.90,41.94,0.4006,-1,-1,-1
67,18,179.91,11.68,83.37,414.40,0.7480,-1,-1,-1
67,14,0.22,75.50,32.08,380.14,0.5335,-1,-1,-1
67,2,0.53,1.30,226.19,476.84,0.8086,-1,-1,-1
67,1,310.63,0.00,300.06,479.79,0.8852,-1,-1,-1
68,24,505.93,192.78,23.09,76.87,0.6040,-1,-1,-1
68,18,178.93,11.22,84.93,432.49,0.6779,-1,-1,-1
68,14,0.15,75.27,33.97,335.54,0.3681,-1,-1,-1
68,2,0.07,3.04,225.52,474.65,0.7490,-1,-1,-1
68,1,316.68,0.51,294.79,479.49,0.8942,-1,-1,-1
69,25,0.12,77.88,22.38,129.65,0.3674,-1,-1,-1
69,24,505.85,193.53,22.12,75.42,0.6364,-1,-1,-1
69,21,576.59,198.02,22.61,50.95,0.3174,-1,-1,-1
69,18,179.07,10.04,85.57,434.12,0.6041,-1,-1,-1
69,14,0.28,73.78,34.54,361.66,0.3948,-1,-1,-1
69,2,0.24,2.95,225.25,475.41,0.7383,-1,-1,-1
69,1,317.89,0.68,292.38,479.32,0.8915,-1,-1,-1
70,26,295.47,176.95,26.65,85.11,0.5259,-1,-1,-1
70,25,0.13,77.69,22.63,128.20,0.3832,-1,-1,-1
70,24,506.31,193.06,22.88,76.00,0.6176,-1,-1,-1
70,21,577.30,194.17,23.98,53.06,0.3082,-1,-1,-1
70,18,183.24,9.33,83.67,424.01,0.8347,-1,-1,-1
70,14,0.27,74.76,34.81,356.16,0.4040,-1,-1,-1
70,2,0.07,1.30,223.13,478.62,0.8236,-1,-1,-1
70,1,317.57,0.54,292.53,479.46,0.8925,-1,-1,-1
71,26,292.85,176.68,28.66,84.63,0.5887,-1,-1,-1
71,25,0.12,78.19,22.56,125.89,0.4381,-1,-1,-1
71,24,506.53,193.29,22.52,74.71,0.5620,-1,-1,-1
71,18,183.93,8.26,84.58,425.13,0.8364,-1,-1,-1
71,14,0.27,74.05,33.69,368.50,0.3858,-1,-1,-1
71,2,0.15,1.36,222.43,478.64,0.8287,-1,-1,-1
71,1,317.50,0.00,291.05,480.00,0.8762,-1,-1,-1
72,26,290.35,176.73,31.83,85.17,0.6206,-1,-1,-1
72,25,0.11,78.25,22.84,126.63,0.4063,-1,-1,-1
72,24,506.68,192.77,22.69,76.36,0.5840,-1,-1,-1
72,21,586.43,196.48,22.64,50.66,0.5864,-1,-1,-1
72,18,184.57,7.90,85.05,425.82,0.8375,-1,-1,-1
72,14,0.26,75.44,33.07,368.98,0.4914,-1,-1,-1
72,2,0.08,1.25,223.05,478.75,0.8600,-1,-1,-1
72,1,315.71,0.49,294.33,479.51,0.8827,-1,-1,-1
73,26,289.86,177.24,30.83,82.45,0.6043,-1,-1,-1
73,25,0.12,78.09,22.49,128.35,0.4076,-1,-1,-1
73,24,505.55,192.10,23.14,78.18,0.5059,-1,-1,-1
73,21,586.23,196.17,23.22,52.09,0.5503,-1,-1,-1
73,18,184.88,10.69,87.62,422.76,0.8395,-1,-1,-1
73,14,0.26,73.87,34.45,360.45,0.3451,-1,-1,-1
73,2,0.09,1.33,223.15,478.67,0.8544,-1,-1,-1
73,1,313.18,0.42,297.56,479.58,0.8921,-1,-1,-1
74,26,290.20,177.05,30.30,82.26,0.5466,-1,-1,-1
74,25,0.12,78.29,22.63,125.92,0.4136,-1,-1,-1
74,24,505.17,193.32,22.63,75.67,0.5654,-1,-1,-1
74,18,185.19,9.19,88.91,423.48,0.8486,-1,-1,-1
74,14,0.29,73.28,34.11,352.46,0.3475,-1,-1,-1
74,2,0.20,1.34,223.35,477.59,0.8478,-1,-1,-1
74,1,312.67,0.02,294.97,479.98,0.8504,-1,-1,-1
75,26,290.14,177.35,31.25,82.03,0.6049,-1,-1,-1
75,25,0.10,77.62,22.95,125.36,0.3662,-1,-1,-1
75,18,186.87,9.84,88.77,422.33,0.8458,-1,-1,-1
75,2,1.01,0.89,222.11,478.31,0.8281,-1,-1,-1
75,1,306.73,0.56,295.06,479.44,0.8712,-1,-1,-1
76,26,290.36,176.91,30.24,81.46,0.6551,-1,-1,-1
76,25,0.13,78.26,22.58,128.69,0.3264,-1,-1,-1
76,18,186.96,10.17,89.28,422.57,0.8553,-1,-1,-1
76,2,1.14,0.82,221.88,478.14,0.8185,-1,-1,-1
76,1,305.41,0.00,297.44,478.58,0.8884,-1,-1,-1
77,26,289.87,176.70,32.24,81.37,0.6555,-1,-1,-1
77,25,0.12,78.72,22.77,117.47,0.3552,-1,-1,-1
77,18,187.46,9.80,89.05,421.50,0.8452,-1,-1,-1
77,2,1.41,0.84,222.30,476.75,0.8270,-1,-1,-1
77,1,303.70,0.00,295.22,477.40,0.8745,-1,-1,-1
78,26,289.38,177.29,30.93,80.98,0.4948,-1,-1,-1
78,25,0.16,78.89,22.72,111.64,0.4590,-1,-1,-1
78,18,189.04,9.10,86.46,422.03,0.8442,-1,-1,-1
78,2,1.08,1.17,223.16,478.83,0.8335,-1,-1,-1
78,1,301.74,0.00,297.47,476.73,0.8931,-1,-1,-1
79,26,288.66,177.83,33.37,80.53,0.4671,-1,-1,-1
79,25,0.13,79.14,23.00,125.20,0.3724,-1,-1,-1
79,18,188.63,10.24,84.91,422.21,0.8372,-1,-1,-1
79,2,1.49,0.69,222.86,478.18,0.8323,-1,-1,-1
79,1,305.57,0.00,287.85,480.00,0.8718,-1,-1,-1
80,25,0.12,79.67,23.12,118.21,0.3805,-1,-1,-1
80,18,188.64,11.23,85.01,423.13,0.8294,-1,-1,-1
80,14,0.22,75.98,31.99,351.39,0.3052,-1,-1,-1
80,2,0.88,1.30,224.22,478.70,0.8517,-1,-1,-1
80,1,314.91,0.00,272.26,480.00,0.8759,-1,-1,-1
81,25,0.13,79.39,23.81,118.96,0.3807,-1,-1,-1
81,18,188.91,11.22,84.08,417.87,0.7937,-1,-1,-1
81,14,0.19,75.81,32.52,371.56,0.4106,-1,-1,-1
81,2,0.86,1.27,226.90,478.37,0.8433,-1,-1,-1
81,1,312.84,0.00,276.04,480.00,0.8798,-1,-1,-1
82,25,0.13,79.61,22.96,114.70,0.4132,-1,-1,-1
82,18,188.93,12.27,83.97,418.73,0.7393,-1,-1,-1
82,14,0.23,75.29,33.34,357.25,0.3530,-1,-1,-1
82,2,0.73,1.34,230.91,476.42,0.8404,-1,-1,-1
82,1,318.54,0.00,268.00,480.00,0.8625,-1,-1,-1
83,25,0.12,79.05,22.69,119.86,0.4517,-1,-1,-1
83,18,187.62,13.52,84.00,423.47,0.8171,-1,-1,-1
83,14,0.23,73.77,32.83,379.56,0.3462,-1,-1,-1
83,2,0.52,1.47,225.20,477.80,0.8173,-1,-1,-1
83,1,308.92,0.00,278.07,475.57,0.8783,-1,-1,-1
84,25,0.10,79.09,21.19,123.29,0.4581,-1,-1,-1
84,18,183.29,11.90,86.58,426.76,0.7985,-1,-1,-1
84,2,0.26,1.53,224.65,476.28,0.7689,-1,-1,-1
84,1,307.28,0.00,274.96,479.50,0.9029,-1,-1,-1
85,25,0.12,79.08,22.06,124.78,0.3615,-1,-1,-1
85,18,181.74,15.09,84.09,422.72,0.7475,-1,-1,-1
85,2,0.36,1.64,231.33,474.81,0.7585,-1,-1,-1
85,1,308.50,0.05,279.57,478.28,0.8923,-1,-1,-1
86,28,615.92,193.50,23.88,56.61,0.4664,-1,-1,-1
86,25,0.11,79.85,22.39,126.00,0.3755,-1,-1,-1
86,18,177.67,17.34,84.87,422.39,0.7508,-1,-1,-1
86,14,0.25,73.46,33.59,370.35,0.3089,-1,-1,-1
86,2,0.61,1.74,228.97,476.42,0.7402,-1,-1,-1
86,1,307.77,0.08,279.87,476.14,0.8679,-1,-1,-1
87,28,615.18,193.33,24.61,56.04,0.4906,-1,-1,-1
87,25,0.12,80.02,21.08,122.34,0.3265,-1,-1,-1
87,24,503.72,193.12,23.70,75.82,0.6593,-1,-1,-1
87,18,173.69,17.14,85.07,409.42,0.6691,-1,-1,-1
87,14,0.23,74.92,32.64,366.40,0.4771,-1,-1,-1
87,2,0.16,1.78,232.66,475.09,0.7017,-1,-1,-1
87,1,310.78,0.09,276.52,479.91,0.8880,-1,-1,-1
88,25,0.13,80.71,22.01,123.42,0.4353,-1,-1,-1
88,24,505.37,193.08,23.25,77.39,0.5263,-1,-1,-1
88,18,174.27,22.15,82.08,410.53,0.7454,-1,-1,-1
88,14,0.25,73.28,32.94,382.99,0.3264,-1,-1,-1
88,2,0.19,1.76,226.35,475.97,0.8128,-1,-1,-1
88,1,306.65,0.92,280.98,479.08,0.8987,-1,-1,-1
89,25,0.12,81.05,21.93,123.50,0.3757,-1,-1,-1
89,24,506.14,192.70,21.84,77.07,0.5061,-1,-1,-1
89,18,171.78,23.25,84.13,404.30,0.7134,-1,-1,-1
89,14,0.28,75.40,32.31,343.74,0.3435,-1,-1,-1
89,2,0.13,1.71,226.25,476.83,0.8039,-1,-1,-1
89,1,312.23,0.49,275.46,479.51,0.8955,-1,-1,-1
90,24,506.06,192.96,20.97,77.06,0.4276,-1,-1,-1
90,18,168.80,23.52,87.75,402.60,0.7513,-1,-1,-1
90,14,0.21,77.96,31.71,369.47,0.4340,-1,-1,-1
90,2,0.00,1.47,223.32,477.56,0.7950,-1,-1,-1
90,1,308.46,0.67,279.40,479.33,0.8977,-1,-1,-1
91,29,544.55,205.62,13.55,32.64,0.3148,-1,-1,-1
91,25,0.04,83.65,21.91,130.33,0.4236,-1,-1,-1
91,24,505.42,192.19,21.10,76.39,0.3019,-1,-1,-1
91,18,167.64,23.69,90.31,402.74,0.7206,-1,-1,-1
91,14,0.23,78.90,31.81,378.84,0.4670,-1,-1,-1
91,2,0.08,1.37,222.64,477.43,0.7910,-1,-1,-1
91,1,308.59,0.95,280.50,479.04,0.8943,-1,-1,-1
92,28,595.98,172.29,43.85,92.33,0.4484,-1,-1,-1
92,26,299.83,179.60,24.39,71.26,0.4463,-1,-1,-1
92,24,506.78,192.83,20.59,76.84,0.3290,-1,-1,-1
92,18,167.01,24.25,93.93,399.93,0.6934,-1,-1,-1
92,14,0.27,80.22,33.12,359.55,0.4238,-1,-1,-1
92,2,0.46,1.47,233.63,475.75,0.7657,-1,-1,-1
92,1,304.79,0.54,283.49,478.88,0.9045,-1,-1,-1
93,28,552.17,171.19,70.65,92.39,0.4675,-1,-1,-1
93,26,299.21,180.66,25.83,77.59,0.4509,-1,-1,-1
93,25,0.00,84.73,21.57,125.87,0.3356,-1,-1,-1
93,18,167.54,23.44,104.65,410.22,0.7886,-1,-1,-1
93,14,0.20,79.20,33.10,358.99,0.3019,-1,-1,-1
93,2,0.15,1.41,223.03,474.83,0.8433,-1,-1,-1
93,1,306.06,0.38,279.10,478.76,0.8917,-1,-1,-1
94,30,266.74,190.81,17.59,57.63,0.4871,-1,-1,-1
94,26,299.72,179.01,25.75,79.08,0.4525,-1,-1,-1
94,18,168.26,23.64,105.60,410.07,0.7890,-1,-1,-1
94,14,0.21,79.56,33.02,367.03,0.3175,-1,-1,-1
94,2,0.08,1.54,223.65,475.12,0.8470,-1,-1,-1
94,1,306.65,0.00,278.03,479.96,0.9028,-1,-1,-1
95,30,266.47,193.35,15.84,55.24,0.5572,-1,-1,-1
95,26,301.37,178.77,23.73,81.17,0.5124,-1,-1,-1
95,18,171.11,21.47,103.57,413.21,0.7887,-1,-1,-1
95,14,0.22,78.78,34.00,372.02,0.4200,-1,-1,-1
95,2,0.39,1.47,222.94,475.17,0.8602,-1,-1,-1
95,1,307.62,0.00,276.26,477.36,0.9009,-1,-1,-1
96,31,282.19,179.86,28.37,77.87,0.3068,-1,-1,-1
96,30,265.48,191.85,16.79,56.97,0.5346,-1,-1,-1
96,26,301.86,177.79,22.41,80.74,0.5027,-1,-1,-1
96,18,173.06,21.63,100.87,411.09,0.7916,-1,-1,-1
96,14,0.08,83.50,34.66,363.18,0.4159,-1,-1,-1
96,2,0.41,1.65,222.63,474.36,0.8360,-1,-1,-1
96,1,307.09,0.00,275.78,480.00,0.9001,-1,-1,-1
97,31,282.84,179.79,25.05,78.44,0.3714,-1,-1,-1
97,30,262.24,191.95,16.88,58.78,0.5797,-1,-1,-1
97,26,301.79,179.01,23.20,80.85,0.5724,-1,-1,-1
97,24,504.86,192.34,23.62,81.19,0.3290,-1,-1,-1
97,18,176.18,20.37,97.10,412.52,0.8179,-1,-1,-1
97,14,0.04,84.41,33.73,310.58,0.3742,-1,-1,-1
97,2,0.55,1.43,222.42,472.11,0.8640,-1,-1,-1
97,1,307.54,0.04,276.15,476.88,0.9031,-1,-1,-1
98,26,302.09,177.96,22.85,82.89,0.5930,-1,-1,-1
98,24,506.63,192.54,21.46,76.58,0.5041,-1,-1,-1
98,18,182.89,20.01,90.99,412.60,0.8351,-1,-1,-1
98,14,0.00,82.48,32.71,348.82,0.5048,-1,-1,-1
98,2,0.58,1.24,222.62,473.01,0.8744,-1,-1,-1
98,1,308.90,0.00,275.14,478.13,0.9063,-1,-1,-1
99,31,279.59,179.61,26.28,79.42,0.3558,-1,-1,-1
99,26,300.91,177.75,24.22,80.35,0.5370,-1,-1,-1
99,24,506.86,192.34,21.96,76.77,0.3766,-1,-1,-1
99,18,185.61,20.87,90.30,411.23,0.8483,-1,-1,-1
99,14,0.24,77.98,35.47,372.87,0.4605,-1,-1,-1
99,2,0.61,1.04,222.48,474.66,0.8856,-1,-1,-1
99,1,309.25,0.00,274.88,478.12,0.9089,-1,-1,-1
100,31,279.35,178.25,26.38,80.50,0.5719,-1,-1,-1
100,26,300.77,178.47,25.62,79.69,0.5876,-1,-1,-1
100,24,505.78,192.54,22.07,75.74,0.5334,-1,-1,-1
100,18,187.72,18.01,89.83,413.80,0.8406,-1,-1,-1
100,14,0.03,81.93,34.73,336.27,0.4251,-1,-1,-1
100,2,0.59,1.00,221.46,475.53,0.8821,-1,-1,-1
100,1,309.86,0.00,273.60,477.46,0.9027,-1,-1,-1
101,31,279.45,179.06,26.37,79.59,0.4019,-1,-1,-1
101,27,557.13,201.73,17.21,42.76,0.3068,-1,-1,-1
101,26,300.67,177.99,24.02,81.75,0.4539,-1,-1,-1
101,24,507.24,192.68,21.71,76.29,0.3767,-1,-1,-1
101,18,189.95,16.90,92.10,413.67,0.8511,-1,-1,-1
101,14,0.05,81.36,33.52,358.53,0.4263,-1,-1,-1
101,2,0.57,0.90,221.69,475.19,0.8766,-1,-1,-1
101,1,310.25,0.00,274.23,480.00,0.9086,-1,-1,-1
102,18,189.56,15.80,94.37,412.99,0.8478,-1,-1,-1
102,14,0.03,81.82,34.05,346.26,0.4420,-1,-1,-1
102,2,0.47,0.85,221.77,475.65,0.8734,-1,-1,-1
102,1,312.39,0.05,271.45,477.97,0.9022,-1,-1,-1
103,29,540.91,202.65,11.95,37.08,0.4235,-1,-1,-1
103,24,508.63,193.00,18.25,75.27,0.3137,-1,-1,-1
103,18,191.08,17.32,93.34,414.77,0.8402,-1,-1,-1
103,14,0.02,82.26,33.97,320.06,0.3835,-1,-1,-1
103,2,0.36,1.04,221.84,476.56,0.8702,-1,-1,-1
103,1,313.57,0.00,271.69,480.00,0.9122,-1,-1,-1
104,29,541.03,202.51,11.09,36.46,0.3315,-1,-1,-1
104,25,0.14,81.37,28.85,117.84,0.3107,-1,-1,-1
104,24,507.63,193.16,19.79,74.97,0.3213,-1,-1,-1
104,18,192.08,17.77,89.77,414.84,0.8418,-1,-1,-1
104,14,0.14,79.82,33.66,342.54,0.3355,-1,-1,-1
104,2,0.20,0.83,222.68,476.85,0.8892,-1,-1,-1
104,1,314.42,0.00,274.28,480.00,0.9108,-1,-1,-1
105,29,540.95,203.77,12.15,35.68,0.4043,-1,-1,-1
105,26,301.37,178.56,24.08,81.04,0.3003,-1,-1,-1
105,25,0.10,84.08,24.34,119.70,0.3020,-1,-1,-1
105,18,191.71,17.04,88.98,410.14,0.8375,-1,-1,-1
105,14,0.05,83.84,31.07,354.04,0.3769,-1,-1,-1
105,2,0.16,0.56,223.00,476.65,0.8627,-1,-1,-1
105,1,314.07,0.00,274.91,480.00,0.9087,-1,-1,-1
106,31,279.26,178.81,25.49,81.42,0.5839,-1,-1,-1
106,29,540.68,203.83,12.36,36.07,0.4059,-1,-1,-1
106,26,300.87,178.73,23.94,82.18,0.6323,-1,-1,-1
106,18,192.32,16.54,85.95,415.21,0.8268,-1,-1,-1
106,14,0.03,82.30,32.72,362.67,0.4086,-1,-1,-1
106,2,0.22,0.41,223.40,477.85,0.8801,-1,-1,-1
106,1,314.03,0.00,276.75,479.11,0.9044,-1,-1,-1
107,31,279.79,179.51,25.54,79.20,0.5666,-1,-1,-1
107,29,541.47,204.27,11.77,35.56,0.3818,-1,-1,-1
107,26,301.01,178.50,24.42,82.09,0.5896,-1,-1,-1
107,18,192.24,16.81,86.22,414.79,0.8185,-1,-1,-1
107,14,0.03,82.42,31.38,362.53,0.3581,-1,-1,-1
107,2,0.19,0.25,224.80,478.21,0.8803,-1,-1,-1
107,1,313.50,0.36,279.86,478.54,0.8954,-1,-1,-1
108,31,279.52,181.15,24.84,77.28,0.5112,-1,-1,-1
108,29,541.08,201.95,12.18,38.11,0.4673,-1,-1,-1
108,26,301.18,178.82,24.22,81.13,0.6025,-1,-1,-1
108,24,511.13,196.46,16.25,71.95,0.3204,-1,-1,-1
108,18,191.62,16.15,86.24,415.45,0.8233,-1,-1,-1
108,2,0.00,0.09,225.64,477.53,0.8740,-1,-1,-1
108,1,312.03,0.00,284.55,477.08,0.8996,-1,-1,-1
109,31,279.20,180.42,26.01,78.27,0.5038,-1,-1,-1
109,26,301.21,178.29,23.88,82.42,0.5543,-1,-1,-1
109,18,189.27,16.94,88.54,413.56,0.8310,-1,-1,-1
109,2,0.04,0.00,224.38,478.88,0.8856,-1,-1,-1
109,1,312.63,0.00,285.03,475.13,0.8316,-1,-1,-1
110,26,300.64,178.18,24.66,82.21,0.4510,-1,-1,-1
110,18,187.94,16.94,91.47,413.75,0.8395,-1,-1,-1
110,2,0.00,0.14,223.29,478.33,0.9072,-1,-1,-1
110,1,312.66,0.00,288.46,478.14,0.7592,-1,-1,-1
111,18,187.86,17.31,93.03,414.29,0.8443,-1,-1,-1
111,2,0.00,0.10,222.61,479.20,0.8961,-1,-1,-1
111,1,310.85,0.00,291.18,476.88,0.7988,-1,-1,-1
112,26,298.21,177.41,27.21,83.32,0.3518,-1,-1,-1
112,18,187.70,16.93,96.04,416.07,0.8492,-1,-1,-1
112,2,0.00,0.12,222.79,479.31,0.9072,-1,-1,-1
112,1,330.61,0.00,273.60,479.65,0.7954,-1,-1,-1
113,18,187.79,18.11,94.16,416.84,0.8531,-1,-1,-1
113,2,0.00,0.10,222.69,478.81,0.9027,-1,-1,-1
113,1,311.07,0.20,285.08,479.43,0.8645,-1,-1,-1
114,18,187.40,19.60,94.81,413.07,0.8538,-1,-1,-1
114,2,0.00,0.00,222.09,478.49,0.8954,-1,-1,-1
114,1,308.73,0.00,288.90,479.34,0.8971,-1,-1,-1
115,18,188.38,20.24,94.81,415.39,0.8666,-1,-1,-1
115,2,0.00,0.08,222.31,479.05,0.8897,-1,-1,-1
115,1,308.85,0.00,284.12,477.28,0.8815,-1,-1,-1
116,18,191.60,20.58,92.89,415.76,0.8595,-1,-1,-1
116,2,0.00,0.00,221.53,478.51,0.8793,-1,-1,-1
116,1,305.46,0.00,286.41,479.70,0.8952,-1,-1,-1
117,18,192.46,20.22,95.18,416.98,0.8547,-1,-1,-1
117,2,0.00,0.21,223.01,478.02,0.8703,-1,-1,-1
117,1,305.58,0.00,282.74,478.99,0.8835,-1,-1,-1
118,27,562.41,200.31,14.54,41.05,0.3042,-1,-1,-1
118,18,193.61,19.96,93.29,417.97,0.8589,-1,-1,-1
118,2,0.00,0.38,224.64,478.74,0.8679,-1,-1,-1
118,1,303.80,0.00,278.22,478.07,0.8898,-1,-1,-1
119,25,0.13,80.20,22.98,105.48,0.3719,-1,-1,-1
119,24,498.82,193.28,29.87,78.27,0.7004,-1,-1,-1
119,18,197.40,19.74,91.55,413.15,0.8164,-1,-1,-1
119,14,0.00,79.92,30.44,342.00,0.4016,-1,-1,-1
119,2,0.00,0.47,228.79,479.53,0.8853,-1,-1,-1
119,1,302.70,0.00,279.52,480.00,0.9113,-1,-1,-1
120,25,0.06,79.10,23.44,112.66,0.3266,-1,-1,-1
120,24,498.77,193.13,29.56,79.00,0.7205,-1,-1,-1
120,18,200.84,21.23,87.46,410.88,0.8096,-1,-1,-1
120,2,0.12,0.58,231.76,479.37,0.8728,-1,-1,-1
120,1,301.86,0.00,280.47,480.00,0.9103,-1,-1,-1
121,24,498.71,192.76,30.06,79.63,0.6619,-1,-1,-1
121,18,199.84,21.15,88.56,415.74,0.8196,-1,-1,-1
121,2,0.20,0.43,236.47,479.57,0.8772,-1,-1,-1
121,1,303.03,0.56,280.76,479.44,0.8872,-1,-1,-1
122,24,499.07,194.12,29.39,77.82,0.6643,-1,-1,-1
122,18,202.39,22.00,82.90,417.77,0.8232,-1,-1,-1
122,14,0.21,75.09,35.30,400.94,0.3788,-1,-1,-1
122,2,0.99,0.17,240.00,479.83,0.8573,-1,-1,-1
122,1,306.91,0.26,281.79,477.53,0.8887,-1,-1,-1
123,24,499.25,194.16,30.44,77.79,0.6809,-1,-1,-1
123,18,201.82,21.14,84.45,414.43,0.8339,-1,-1,-1
123,14,0.25,75.87,38.82,402.86,0.5532,-1,-1,-1
123,2,0.88,1.25,243.58,478.75,0.8722,-1,-1,-1
123,1,301.95,0.93,282.42,479.07,0.8961,-1,-1,-1
124,27,560.32,200.98,16.58,39.38,0.4115,-1,-1,-1
124,26,295.38,177.86,30.85,80.95,0.3176,-1,-1,-1
124,24,499.76,194.24,29.70,77.75,0.6533,-1,-1,-1
124,18,202.89,22.52,82.33,407.74,0.8399,-1,-1,-1
124,14,0.20,75.84,38.87,401.53,0.5498,-1,-1,-1
124,2,0.90,0.86,246.23,478.17,0.8645,-1,-1,-1
124,1,304.64,0.18,279.09,479.32,0.9043,-1,-1,-1
125,29,534.81,197.28,16.67,44.56,0.3241,-1,-1,-1
125,27,561.35,202.24,16.08,37.63,0.4809,-1,-1,-1
125,26,297.46,178.56,27.29,79.12,0.3567,-1,-1,-1
125,24,500.75,193.64,28.51,77.64,0.6415,-1,-1,-1
125,18,203.00,22.71,81.44,405.59,0.8189,-1,-1,-1
125,14,0.17,76.71,42.30,403.29,0.5966,-1,-1,-1
125,2,0.64,0.77,248.57,478.05,0.8534,-1,-1,-1
125,1,305.20,0.65,277.07,478.86,0.9025,-1,-1,-1
126,31,286.74,180.07,26.08,78.36,0.3458,-1,-1,-1
126,27,561.30,202.48,16.28,37.32,0.4965,-1,-1,-1
126,24,501.11,194.05,27.76,77.84,0.6275,-1,-1,-1
126,18,203.79,22.49,80.29,406.25,0.7894,-1,-1,-1
126,14,0.21,76.62,43.06,400.67,0.4516,-1,-1,-1
126,2,0.00,0.71,251.60,464.71,0.7893,-1,-1,-1
126,1,305.64,0.56,275.69,479.12,0.8999,-1,-1,-1
127,32,549.55,198.69,13.00,40.92,0.4052,-1,-1,-1
127,29,533.57,202.28,14.51,39.36,0.3149,-1,-1,-1
127,27,562.64,203.15,15.08,37.01,0.5213,-1,-1,-1
127,24,502.74,193.04,26.77,77.70,0.5886,-1,-1,-1
127,18,205.51,22.68,78.57,406.35,0.8088,-1,-1,-1
127,14,0.16,77.89,45.76,402.11,0.4107,-1,-1,-1
127,2,0.98,0.96,249.35,475.51,0.8428,-1,-1,-1
127,1,306.91,0.38,276.16,479.37,0.8968,-1,-1,-1
128,31,294.50,178.21,30.99,79.86,0.3235,-1,-1,-1
128,29,534.13,202.94,14.07,40.26,0.3203,-1,-1,-1
128,27,562.05,203.40,16.01,37.62,0.4789,-1,-1,-1
128,24,502.95,194.10,26.28,76.56,0.6031,-1,-1,-1
128,18,204.95,22.62,79.64,407.01,0.7371,-1,-1,-1
128,14,0.20,77.38,47.31,402.62,0.5870,-1,-1,-1
128,2,0.40,0.68,253.84,473.40,0.8328,-1,-1,-1
128,1,306.16,0.59,276.92,478.87,0.9036,-1,-1,-1
129,31,287.42,187.71,21.64,70.53,0.3245,-1,-1,-1
129,27,561.20,203.98,16.43,37.04,0.4410,-1,-1,-1
129,24,502.97,194.01,26.35,77.10,0.5898,-1,-1,-1
129,18,204.82,22.93,79.53,407.63,0.7422,-1,-1,-1
129,14,0.17,80.01,47.70,399.99,0.6340,-1,-1,-1
129,2,0.56,0.84,253.20,473.99,0.8554,-1,-1,-1
129,1,307.25,0.23,274.93,478.63,0.8965,-1,-1,-1
130,32,542.58,195.67,17.19,51.98,0.3478,-1,-1,-1
130,31,288.97,189.81,20.42,68.23,0.3435,-1,-1,-1
130,27,561.25,202.93,16.34,38.11,0.4586,-1,-1,-1
130,24,504.10,193.56,26.38,76.96,0.6027,-1,-1,-1
130,18,204.87,23.90,79.30,407.07,0.7664,-1,-1,-1
130,14,0.22,80.34,48.86,399.66,0.6945,-1,-1,-1
130,2,2.20,0.80,248.06,472.70,0.8326,-1,-1,-1
130,1,306.31,0.31,276.48,478.90,0.9090,-1,-1,-1
131,31,288.50,191.37,20.59,66.75,0.3439,-1,-1,-1
131,29,530.17,198.82,17.47,46.29,0.3021,-1,-1,-1
131,27,559.86,203.49,17.45,36.80,0.4561,-1,-1,-1
131,24,501.89,193.58,27.94,77.75,0.6520,-1,-1,-1
131,18,203.95,23.11,80.52,404.56,0.7975,-1,-1,-1
131,14,0.18,80.14,48.94,231.83,0.3753,-1,-1,-1
131,2,12.55,0.90,236.33,470.31,0.8094,-1,-1,-1
131,1,306.15,0.52,275.57,478.74,0.8997,-1,-1,-1
132,31,282.14,189.40,21.13,67.73,0.3159,-1,-1,-1
132,26,295.84,177.68,26.99,81.23,0.5034,-1,-1,-1
132,24,502.20,192.64,27.45,77.81,0.6413,-1,-1,-1
132,18,201.63,22.79,82.15,405.95,0.8254,-1,-1,-1
132,2,11.14,0.58,235.80,471.72,0.7885,-1,-1,-1
132,1,306.77,0.08,273.18,479.28,0.8961,-1,-1,-1
133,31,280.00,187.36,22.16,68.39,0.3831,-1,-1,-1
133,26,294.62,177.90,29.79,80.87,0.5439,-1,-1,-1
133,24,501.96,192.90,28.09,78.54,0.5939,-1,-1,-1
133,18,200.91,22.60,82.98,406.93,0.8321,-1,-1,-1
133,14,0.07,82.06,38.88,223.94,0.3316,-1,-1,-1
133,2,8.69,0.53,236.80,475.38,0.8362,-1,-1,-1
133,1,306.18,0.00,273.21,476.34,0.8985,-1,-1,-1
134,32,537.34,190.85,19.61,56.92,0.4869,-1,-1,-1
134,31,280.08,188.05,20.53,66.24,0.3157,-1,-1,-1
134,27,557.80,200.23,19.46,40.35,0.4405,-1,-1,-1
134,26,295.09,178.42,29.87,80.23,0.5873,-1,-1,-1
134,24,500.97,192.63,29.06,79.40,0.6295,-1,-1,-1
134,18,201.28,22.74,81.23,411.62,0.8372,-1,-1,-1
134,14,0.13,80.81,46.76,397.36,0.4222,-1,-1,-1
134,2,9.86,0.74,234.03,477.61,0.8550,-1,-1,-1
134,1,305.30,0.28,270.74,476.38,0.9034,-1,-1,-1
135,32,537.03,192.84,19.11,55.06,0.5089,-1,-1,-1
135,26,295.06,177.44,29.92,81.79,0.5321,-1,-1,-1
135,25,0.09,79.71,36.86,224.33,0.3086,-1,-1,-1
135,24,500.69,192.94,27.96,78.76,0.6264,-1,-1,-1
135,18,202.16,22.77,80.90,412.44,0.8360,-1,-1,-1
135,14,0.17,80.06,43.43,396.15,0.4013,-1,-1,-1
135,2,7.37,0.83,234.44,477.97,0.8785,-1,-1,-1
135,1,306.48,0.00,269.67,480.00,0.8891,-1,-1,-1
136,32,534.88,190.77,21.05,58.29,0.3690,-1,-1,-1
136,26,297.28,178.46,26.99,80.62,0.4179,-1,-1,-1
136,24,500.33,192.54,28.72,79.49,0.6370,-1,-1,-1
136,18,199.81,23.82,83.24,410.15,0.8288,-1,-1,-1
136,14,0.10,77.85,43.61,393.20,0.4064,-1,-1,-1
136,2,5.67,0.92,231.03,477.38,0.8581,-1,-1,-1
136,1,305.72,0.10,269.55,479.90,0.8891,-1,-1,-1
137,32,534.20,191.08,22.07,58.01,0.4993,-1,-1,-1
137,26,297.72,178.03,26.80,80.76,0.5055,-1,-1,-1
137,25,0.01,79.77,41.04,389.39,0.4112,-1,-1,-1
137,24,500.70,193.29,28.51,78.62,0.6008,-1,-1,-1
137,18,194.66,22.90,89.06,409.16,0.8276,-1,-1,-1
137,2,6.46,0.77,225.03,478.25,0.8567,-1,-1,-1
137,1,305.75,0.00,269.58,480.00,0.8920,-1,-1,-1
138,32,533.19,190.03,24.24,58.19,0.4713,-1,-1,-1
138,26,292.71,178.47,33.92,80.96,0.6004,-1,-1,-1
138,24,501.95,192.88,27.82,78.85,0.5742,-1,-1,-1
138,18,191.62,23.37,92.10,412.23,0.8408,-1,-1,-1
138,2,5.40,0.39,222.01,479.61,0.8710,-1,-1,-1
138,1,304.15,0.00,272.05,479.93,0.9059,-1,-1,-1
139,27,556.39,201.63,17.38,40.29,0.4004,-1,-1,-1
139,26,291.54,178.14,35.08,81.22,0.6250,-1,-1,-1
139,24,502.02,193.64,27.61,77.88,0.5521,-1,-1,-1
139,18,190.34,22.39,93.54,410.15,0.8469,-1,-1,-1
139,2,3.74,0.38,222.77,479.62,0.8713,-1,-1,-1
139,1,304.97,0.00,272.69,480.00,0.9105,-1,-1,-1
140,27,556.39,203.48,16.50,38.33,0.3280,-1,-1,-1
140,26,292.91,177.02,32.02,82.25,0.6006,-1,-1,-1
140,24,502.72,192.71,27.94,78.53,0.5441,-1,-1,-1
140,18,189.27,22.30,95.14,410.38,0.8525,-1,-1,-1
140,2,2.29,0.65,220.31,479.00,0.8797,-1,-1,-1
140,1,305.42,0.63,274.24,478.97,0.9103,-1,-1,-1
141,27,554.76,204.03,15.70,37.99,0.3272,-1,-1,-1
141,26,293.12,178.48,32.07,80.14,0.4780,-1,-1,-1
141,24,502.18,192.89,27.35,78.24,0.5857,-1,-1,-1
141,18,187.55,20.92,97.08,412.37,0.8561,-1,-1,-1
141,2,1.87,0.77,217.70,478.50,0.8872,-1,-1,-1
141,1,304.15,0.00,276.65,474.55,0.8997,-1,-1,-1
142,27,555.87,203.30,18.02,39.17,0.3901,-1,-1,-1
142,26,294.56,178.22,27.80,80.16,0.4532,-1,-1,-1
142,24,502.67,192.24,27.05,79.01,0.5657,-1,-1,-1
142,18,187.49,20.62,97.00,413.67,0.8585,-1,-1,-1
142,2,1.48,0.96,215.80,479.04,0.8836,-1,-1,-1
142,1,304.13,0.33,277.42,479.30,0.9093,-1,-1,-1
143,27,555.44,206.99,14.01,35.55,0.3285,-1,-1,-1
143,26,291.70,178.19,32.94,81.46,0.5430,-1,-1,-1
143,24,504.31,191.97,24.39,78.33,0.5973,-1,-1,-1
143,18,185.38,20.25,99.55,414.15,0.8618,-1,-1,-1
143,2,0.60,0.98,216.31,479.02,0.8861,-1,-1,-1
143,1,305.58,0.00,278.23,479.85,0.9057,-1,-1,-1
144,27,554.07,202.81,16.95,39.51,0.4361,-1,-1,-1
144,26,293.29,178.20,29.80,80.15,0.5571,-1,-1,-1
144,24,504.52,191.30,23.63,78.79,0.5345,-1,-1,-1
144,18,185.03,20.58,99.76,413.25,0.8556,-1,-1,-1
144,2,0.24,1.03,216.84,478.41,0.8928,-1,-1,-1
144,1,305.08,0.00,282.07,480.00,0.9140,-1,-1,-1
145,27,555.39,201.69,20.93,59.35,0.4487,-1,-1,-1
145,26,294.01,178.44,28.91,79.88,0.5820,-1,-1,-1
145,24,505.81,192.22,22.88,77.79,0.5534,-1,-1,-1
145,18,182.44,20.19,102.55,412.93,0.8543,-1,-1,-1
145,2,0.24,1.04,215.38,478.12,0.9011,-1,-1,-1
145,1,307.01,0.00,286.76,480.00,0.9005,-1,-1,-1
146,26,295.98,178.11,26.45,80.34,0.6036,-1,-1,-1
146,18,182.67,20.33,102.29,412.30,0.8512,-1,-1,-1
146,2,0.14,1.26,215.57,477.46,0.8963,-1,-1,-1
146,1,308.50,0.00,285.74,479.72,0.8602,-1,-1,-1
147,26,296.68,177.26,24.05,83.12,0.3721,-1,-1,-1
147,18,183.63,20.48,100.68,412.54,0.8538,-1,-1,-1
147,2,0.35,1.38,216.10,476.71,0.8911,-1,-1,-1
147,1,324.02,0.00,281.82,477.13,0.8400,-1,-1,-1
148,26,298.49,177.94,23.47,83.46,0.3989,-1,-1,-1
148,18,186.35,20.39,97.81,412.41,0.8583,-1,-1,-1
148,2,1.14,0.99,217.19,478.18,0.8647,-1,-1,-1
148,1,315.54,0.00,293.54,476.59,0.8729,-1,-1,-1
149,33,289.36,200.72,19.19,59.06,0.4406,-1,-1,-1
149,26,300.68,178.65,21.96,84.56,0.4505,-1,-1,-1
149,18,189.35,20.85,94.72,411.14,0.8565,-1,-1,-1
149,2,2.03,0.47,221.88,479.53,0.8584,-1,-1,-1
149,1,315.70,0.00,296.09,477.46,0.8848,-1,-1,-1
150,18,190.46,21.69,93.80,413.05,0.8528,-1,-1,-1
150,2,2.26,0.92,223.46,478.77,0.8666,-1,-1,-1
150,1,315.33,0.00,298.61,479.33,0.8775,-1,-1,-1
151,18,193.23,21.98,90.49,414.54,0.8592,-1,-1,-1
151,2,3.80,0.75,224.52,478.91,0.8562,-1,-1,-1
151,1,316.60,0.00,295.09,479.63,0.8438,-1,-1,-1
152,18,193.69,21.88,89.80,413.20,0.8666,-1,-1,-1
152,2,8.38,0.55,222.94,479.45,0.8586,-1,-1,-1
152,1,316.40,0.00,288.75,478.93,0.7838,-1,-1,-1
153,18,193.42,21.54,89.83,412.02,0.8637,-1,-1,-1
153,14,0.29,79.60,45.38,386.03,0.3109,-1,-1,-1
153,2,8.78,0.64,225.23,475.70,0.8400,-1,-1,-1
153,1,310.76,0.00,291.33,476.40,0.8183,-1,-1,-1
154,27,554.02,206.41,15.27,36.13,0.4259,-1,-1,-1
154,24,502.98,188.67,26.01,79.52,0.6726,-1,-1,-1
154,18,192.91,21.49,90.78,414.08,0.8523,-1,-1,-1
154,14,0.29,79.51,45.23,386.05,0.3541,-1,-1,-1
154,2,5.90,0.61,228.41,475.09,0.8284,-1,-1,-1
154,1,306.22,0.63,288.60,479.37,0.8767,-1,-1,-1
155,27,553.92,204.86,16.35,37.53,0.3843,-1,-1,-1
155,25,0.04,79.97,36.40,173.97,0.3240,-1,-1,-1
155,24,500.64,192.75,27.65,76.50,0.6323,-1,-1,-1
155,18,192.69,21.97,90.29,414.58,0.8441,-1,-1,-1
155,14,0.24,78.63,43.61,387.49,0.3330,-1,-1,-1
155,2,8.18,0.63,226.13,476.82,0.8270,-1,-1,-1
155,1,305.30,0.46,284.61,479.54,0.8917,-1,-1,-1
156,27,552.64,208.27,15.46,34.35,0.3121,-1,-1,-1
156,25,0.14,80.18,35.81,119.15,0.3460,-1,-1,-1
156,24,499.24,195.04,28.23,74.72,0.5661,-1,-1,-1
156,18,192.22,21.73,90.10,413.93,0.8660,-1,-1,-1
156,2,6.51,0.70,228.40,478.10,0.8638,-1,-1,-1
156,1,305.09,0.00,280.26,480.00,0.9024,-1,-1,-1
157,27,555.02,210.22,14.15,32.66,0.3177,-1,-1,-1
157,24,497.99,194.45,29.56,76.88,0.5835,-1,-1,-1
157,18,191.29,20.85,89.34,416.00,0.8653,-1,-1,-1
157,14,0.02,80.22,35.12,175.13,0.3274,-1,-1,-1
157,2,7.22,0.39,226.52,475.25,0.8367,-1,-1,-1
157,1,302.82,0.00,261.17,480.00,0.9151,-1,-1,-1
158,34,589.35,0.77,50.53,255.46,0.4966,-1,-1,-1
158,29,526.23,194.40,20.97,57.49,0.4341,-1,-1,-1
158,27,552.35,208.98,16.91,34.34,0.4266,-1,-1,-1
158,25,0.15,79.29,33.04,117.87,0.3698,-1,-1,-1
158,24,497.85,195.98,29.88,75.26,0.5186,-1,-1,-1
158,18,191.05,19.37,89.54,419.11,0.8587,-1,-1,-1
158,2,6.12,0.15,225.17,478.07,0.8402,-1,-1,-1
158,1,304.66,0.00,231.24,480.00,0.9172,-1,-1,-1
159,34,587.49,0.00,52.36,251.61,0.3509,-1,-1,-1
159,29,527.28,195.26,20.48,56.09,0.4938,-1,-1,-1
159,27,549.27,205.06,17.65,39.28,0.3326,-1,-1,-1
159,24,496.79,183.99,31.42,88.32,0.7017,-1,-1,-1
159,18,190.55,18.80,92.07,418.10,0.8467,-1,-1,-1
159,14,0.07,76.41,39.52,394.26,0.4557,-1,-1,-1
159,2,3.75,0.26,227.31,478.33,0.8463,-1,-1,-1
159,1,299.94,0.00,218.39,480.00,0.9095,-1,-1,-1
160,31,282.42,183.02,22.98,75.28,0.3038,-1,-1,-1
160,24,496.46,184.87,32.25,87.15,0.7206,-1,-1,-1
160,18,190.06,18.87,91.21,419.69,0.8496,-1,-1,-1
160,14,0.04,76.54,40.19,393.88,0.4355,-1,-1,-1
160,2,0.11,1.02,228.59,478.16,0.8645,-1,-1,-1
160,1,302.55,0.57,200.24,474.15,0.9183,-1,-1,-1
161,34,585.67,0.65,54.21,249.83,0.3896,-1,-1,-1
161,24,495.85,186.13,32.29,86.00,0.6951,-1,-1,-1
161,18,188.89,18.14,91.71,420.59,0.8480,-1,-1,-1
161,14,0.10,76.31,36.31,392.32,0.4427,-1,-1,-1
161,2,0.35,0.78,228.21,479.22,0.8620,-1,-1,-1
161,1,294.86,0.00,206.28,480.00,0.9106,-1,-1,-1
162,34,588.90,0.81,50.96,248.39,0.3281,-1,-1,-1
162,29,524.88,193.19,19.59,59.10,0.4762,-1,-1,-1
162,24,496.87,184.21,32.22,88.18,0.7160,-1,-1,-1
162,18,187.90,15.52,94.87,421.91,0.8529,-1,-1,-1
162,14,0.09,72.82,35.29,389.47,0.3512,-1,-1,-1
162,2,0.00,0.49,229.47,478.34,0.8341,-1,-1,-1
162,1,289.69,0.59,212.84,474.52,0.9057,-1,-1,-1
163,34,589.64,0.84,50.21,248.39,0.3873,-1,-1,-1
163,24,496.87,183.75,33.74,88.36,0.7193,-1,-1,-1
163,18,187.70,15.41,93.68,426.50,0.8500,-1,-1,-1
163,14,0.21,70.72,35.44,373.00,0.3308,-1,-1,-1
163,2,0.24,0.41,227.89,474.68,0.8297,-1,-1,-1
163,1,288.48,0.39,213.79,475.25,0.9064,-1,-1,-1
164,24,495.84,182.67,32.64,89.80,0.7224,-1,-1,-1
164,18,186.61,13.66,93.93,428.44,0.8366,-1,-1,-1
164,14,0.10,72.35,32.87,364.15,0.3536,-1,-1,-1
164,2,0.15,0.68,224.60,475.06,0.8046,-1,-1,-1
164,1,289.70,0.70,211.72,474.47,0.9039,-1,-1,-1
165,24,496.24,183.26,33.27,89.20,0.7144,-1,-1,-1
165,18,187.09,13.65,93.32,428.07,0.8455,-1,-1,-1
165,14,0.00,78.66,29.44,346.31,0.3298,-1,-1,-1
165,2,0.00,0.46,223.55,475.45,0.8193,-1,-1,-1
165,1,295.05,0.00,206.79,480.00,0.9196,-1,-1,-1
166,24,496.46,182.75,33.05,89.51,0.7196,-1,-1,-1
166,18,185.50,12.06,94.92,430.84,0.8412,-1,-1,-1
166,2,0.00,0.08,222.79,476.80,0.8164,-1,-1,-1
166,1,296.03,0.00,206.51,480.00,0.9216,-1,-1,-1
167,32,496.13,183.75,33.92,88.64,0.7213,-1,-1,-1
167,27,547.69,202.61,20.42,42.85,0.3514,-1,-1,-1
167,18,184.64,10.70,94.59,432.32,0.8182,-1,-1,-1
167,2,0.00,0.48,221.14,472.75,0.7955,-1,-1,-1
167,1,294.84,0.00,207.18,480.00,0.9167,-1,-1,-1
168,29,525.32,189.69,19.14,62.30,0.3095,-1,-1,-1
168,27,547.50,200.82,20.70,45.09,0.3971,-1,-1,-1
168,24,496.05,182.82,34.12,89.40,0.7231,-1,-1,-1
168,18,183.64,10.66,94.85,432.21,0.8437,-1,-1,-1
168,2,0.00,0.42,220.87,474.54,0.8192,-1,-1,-1
168,1,293.73,0.00,207.57,480.00,0.9130,-1,-1,-1
169,32,496.54,183.96,33.33,89.01,0.7324,-1,-1,-1
169,27,548.23,202.91,20.13,42.03,0.3263,-1,-1,-1
169,18,183.16,10.58,96.03,433.54,0.8432,-1,-1,-1
169,2,0.00,0.31,220.68,474.28,0.7547,-1,-1,-1
169,1,286.03,1.13,215.44,473.79,0.9027,-1,-1,-1
170,29,526.72,188.76,17.71,63.86,0.3598,-1,-1,-1
170,24,496.41,182.75,33.66,89.92,0.7139,-1,-1,-1
170,18,182.87,10.01,96.31,435.80,0.8438,-1,-1,-1
170,2,0.01,0.24,220.03,471.77,0.7599,-1,-1,-1
170,1,280.68,0.84,220.49,473.94,0.8991,-1,-1,-1
171,18,182.32,9.89,96.89,437.42,0.8462,-1,-1,-1
171,2,0.02,0.01,219.25,473.97,0.7942,-1,-1,-1
171,1,279.80,0.66,221.06,474.79,0.9023,-1,-1,-1
172,18,182.56,9.99,96.62,437.77,0.8467,-1,-1,-1
172,2,0.00,0.24,219.05,476.00,0.8447,-1,-1,-1
172,1,281.83,0.80,219.11,475.68,0.8971,-1,-1,-1
173,18,181.55,10.07,97.91,436.65,0.8485,-1,-1,-1
173,2,0.10,0.10,218.87,477.03,0.8152,-1,-1,-1
173,1,283.52,0.70,216.38,476.91,0.8991,-1,-1,-1
174,18,181.12,10.25,97.98,436.75,0.8488,-1,-1,-1
174,2,0.00,0.11,218.68,476.12,0.8273,-1,-1,-1
174,1,283.13,0.89,216.19,477.10,0.9030,-1,-1,-1
175,18,179.87,10.96,100.14,442.72,0.8492,-1,-1,-1
175,2,0.07,0.06,218.52,477.07,0.8592,-1,-1,-1
175,1,280.95,0.87,218.26,477.46,0.8518,-1,-1,-1
176,18,180.73,11.36,99.59,439.12,0.8401,-1,-1,-1
176,2,0.00,0.00,218.90,476.88,0.8272,-1,-1,-1
176,1,283.82,0.00,215.38,479.17,0.8985,-1,-1,-1
177,18,181.04,11.70,97.97,438.73,0.8552,-1,-1,-1
177,2,0.00,0.00,218.67,474.50,0.7939,-1,-1,-1
177,1,282.87,0.61,216.21,475.28,0.8926,-1,-1,-1
178,27,547.42,202.93,18.87,42.92,0.5528,-1,-1,-1
178,24,495.85,183.47,34.64,89.44,0.7168,-1,-1,-1
178,18,180.13,11.10,99.73,436.72,0.8605,-1,-1,-1
178,2,0.07,0.09,218.18,477.56,0.8279,-1,-1,-1
178,1,282.10,0.00,219.29,478.34,0.9043,-1,-1,-1
179,27,548.69,204.53,17.96,40.92,0.4062,-1,-1,-1
179,24,496.40,183.29,33.78,89.63,0.7316,-1,-1,-1
179,18,181.00,11.28,98.32,440.22,0.8657,-1,-1,-1
179,2,0.11,0.10,218.13,475.82,0.8364,-1,-1,-1
179,1,266.92,0.60,233.74,477.01,0.8600,-1,-1,-1
180,27,549.81,206.32,17.13,39.94,0.3466,-1,-1,-1
180,24,496.34,183.27,33.28,89.48,0.7046,-1,-1,-1
180,18,180.42,11.39,98.90,437.80,0.8561,-1,-1,-1
180,2,0.00,0.18,218.42,477.60,0.8418,-1,-1,-1
180,1,283.67,0.00,217.50,479.25,0.9032,-1,-1,-1
181,27,549.76,206.57,17.30,40.08,0.3747,-1,-1,-1
181,24,496.57,183.50,32.83,89.32,0.7025,-1,-1,-1
181,18,182.14,11.74,96.89,437.27,0.8608,-1,-1,-1
181,2,0.00,0.03,218.21,476.74,0.8208,-1,-1,-1
181,1,281.86,0.00,219.97,479.91,0.9067,-1,-1,-1
182,24,496.60,183.73,32.60,88.52,0.7116,-1,-1,-1
182,18,181.32,11.14,97.24,435.41,0.8437,-1,-1,-1
182,2,0.00,0.24,217.86,474.24,0.8314,-1,-1,-1
182,1,282.73,0.62,220.97,475.26,0.9032,-1,-1,-1
183,29,523.25,188.64,23.89,68.40,0.5400,-1,-1,-1
183,27,548.71,205.75,16.05,40.58,0.3513,-1,-1,-1
183,24,497.07,184.60,31.17,87.77,0.7191,-1,-1,-1
183,18,182.04,11.69,96.38,435.97,0.8514,-1,-1,-1
183,2,0.01,0.44,218.84,476.09,0.8451,-1,-1,-1
183,1,283.13,0.55,221.26,475.94,0.9034,-1,-1,-1
184,29,524.06,187.48,25.54,69.69,0.5915,-1,-1,-1
184,24,497.94,184.12,29.75,88.57,0.7045,-1,-1,-1
184,18,181.15,11.59,97.25,435.26,0.8483,-1,-1,-1
184,2,0.16,0.46,218.43,474.84,0.8219,-1,-1,-1
184,1,285.34,0.85,220.76,475.29,0.9052,-1,-1,-1
185,29,522.85,189.08,25.58,66.91,0.4259,-1,-1,-1
185,27,546.78,202.68,18.39,44.32,0.3312,-1,-1,-1
185,24,498.52,184.45,29.37,87.57,0.7021,-1,-1,-1
185,18,180.71,11.56,97.55,435.18,0.8490,-1,-1,-1
185,2,0.06,0.35,218.49,475.41,0.8310,-1,-1,-1
185,1,288.77,0.78,219.02,474.77,0.8970,-1,-1,-1
186,29,522.74,187.79,22.65,68.81,0.5191,-1,-1,-1
186,27,548.44,205.06,18.09,42.15,0.3176,-1,-1,-1
186,24,498.65,185.52,28.73,85.96,0.6988,-1,-1,-1
186,18,181.26,11.46,97.23,435.86,0.8525,-1,-1,-1
186,2,0.00,0.36,218.73,476.51,0.8593,-1,-1,-1
186,1,294.84,1.15,214.52,474.38,0.9136,-1,-1,-1
187,29,522.91,191.96,20.90,64.83,0.5343,-1,-1,-1
187,24,499.37,185.66,27.98,85.40,0.6706,-1,-1,-1
187,18,182.36,11.46,96.01,435.77,0.8491,-1,-1,-1
187,2,0.08,0.27,218.68,475.83,0.8707,-1,-1,-1
187,1,294.77,1.06,215.40,474.77,0.9097,-1,-1,-1
188,31,292.85,178.64,23.70,77.08,0.4599,-1,-1,-1
188,29,522.65,192.08,19.52,67.57,0.4163,-1,-1,-1
188,27,549.48,206.60,16.36,40.53,0.3249,-1,-1,-1
188,24,499.78,185.19,28.15,86.51,0.6814,-1,-1,-1
188,18,181.09,11.35,97.35,435.55,0.8515,-1,-1,-1
188,2,0.06,0.39,218.67,475.87,0.8589,-1,-1,-1
188,1,295.98,0.98,214.18,474.20,0.9124,-1,-1,-1
189,31,293.80,177.88,23.33,76.10,0.3301,-1,-1,-1
189,29,523.86,189.16,20.52,70.19,0.5308,-1,-1,-1
189,24,499.40,184.41,28.80,87.17,0.6821,-1,-1,-1
189,18,181.33,10.93,96.78,435.87,0.8535,-1,-1,-1
189,2,0.06,0.27,218.70,475.45,0.8380,-1,-1,-1
189,1,296.59,0.87,213.29,473.86,0.9132,-1,-1,-1
190,31,293.70,178.21,23.21,78.45,0.4622,-1,-1,-1
190,29,523.40,188.88,20.26,70.94,0.5006,-1,-1,-1
190,24,499.07,185.56,29.07,85.83,0.6718,-1,-1,-1
190,18,181.77,11.06,96.31,434.65,0.8423,-1,-1,-1
190,2,0.08,0.30,218.53,475.36,0.8499,-1,-1,-1
190,1,296.48,0.79,213.47,474.72,0.9129,-1,-1,-1
191,31,294.67,178.01,22.94,78.24,0.5040,-1,-1,-1
191,29,524.99,189.46,21.24,69.72,0.4346,-1,-1,-1
191,24,498.89,184.72,29.50,87.46,0.6868,-1,-1,-1
191,18,181.56,10.89,96.63,435.84,0.8468,-1,-1,-1
191,2,0.11,0.42,218.40,475.72,0.8552,-1,-1,-1
191,1,296.65,0.94,212.90,474.60,0.9146,-1,-1,-1
192,31,294.33,178.38,23.07,77.54,0.4831,-1,-1,-1
192,24,498.88,184.45,29.49,87.03,0.6722,-1,-1,-1
192,18,180.84,11.11,97.54,435.72,0.8523,-1,-1,-1
192,2,0.06,0.38,218.36,475.59,0.8473,-1,-1,-1
192,1,295.50,0.95,214.17,474.42,0.9103,-1,-1,-1
193,31,293.17,177.24,23.92,77.76,0.3573,-1,-1,-1
193,29,525.06,188.96,24.86,72.05,0.3449,-1,-1,-1
193,24,499.08,184.75,29.10,87.50,0.6925,-1,-1,-1
193,18,181.49,11.16,96.82,436.35,0.8511,-1,-1,-1
193,2,0.13,0.35,217.90,474.33,0.8335,-1,-1,-1
193,1,294.43,0.70,215.28,474.57,0.9085,-1,-1,-1
194,29,523.13,188.73,26.98,73.08,0.3129,-1,-1,-1
194,24,499.33,184.61,29.01,87.70,0.6948,-1,-1,-1
194,18,180.30,10.98,97.77,436.82,0.8552,-1,-1,-1
194,2,0.21,0.36,217.32,475.86,0.8346,-1,-1,-1
194,1,290.14,0.44,219.21,475.77,0.8971,-1,-1,-1
195,24,498.91,184.17,28.55,88.50,0.6763,-1,-1,-1
195,18,180.15,10.98,97.41,436.85,0.8556,-1,-1,-1
195,2,0.27,0.54,217.10,475.65,0.8490,-1,-1,-1
195,1,285.35,0.44,223.66,476.14,0.8812,-1,-1,-1
196,29,526.51,189.98,28.66,72.02,0.3365,-1,-1,-1
196,24,499.67,183.62,28.84,89.14,0.6645,-1,-1,-1
196,18,178.94,10.94,98.84,436.87,0.8554,-1,-1,-1
196,2,0.35,0.40,216.72,474.13,0.7973,-1,-1,-1
196,1,282.57,0.47,226.38,476.26,0.8901,-1,-1,-1
197,29,526.51,189.63,26.85,73.30,0.3971,-1,-1,-1
197,24,499.00,184.53,29.31,87.76,0.6448,-1,-1,-1
197,18,178.15,10.31,99.29,437.57,0.8518,-1,-1,-1
197,2,0.29,0.44,217.17,474.28,0.8444,-1,-1,-1
197,1,281.17,0.49,228.73,476.68,0.8978,-1,-1,-1
198,29,527.56,188.13,36.57,75.08,0.3537,-1,-1,-1
198,24,499.18,184.76,30.12,87.66,0.6917,-1,-1,-1
198,18,177.30,10.42,98.85,438.50,0.8591,-1,-1,-1
198,2,0.29,0.50,216.31,474.70,0.8636,-1,-1,-1
198,1,281.09,0.68,228.14,475.90,0.9114,-1,-1,-1
199,29,540.14,187.21,23.36,73.75,0.3563,-1,-1,-1
199,24,498.15,184.67,30.78,86.40,0.6871,-1,-1,-1
199,18,175.90,11.40,98.59,437.70,0.8502,-1,-1,-1
199,2,0.12,1.56,216.73,473.40,0.8072,-1,-1,-1
199,1,279.38,0.67,229.72,476.64,0.9095,-1,-1,-1
200,29,529.26,185.71,35.96,74.36,0.4089,-1,-1,-1
200,24,498.18,185.21,30.77,87.31,0.7191,-1,-1,-1
200,18,174.56,11.99,96.52,437.69,0.8485,-1,-1,-1
200,2,0.07,5.35,216.30,468.96,0.7858,-1,-1,-1
200,1,277.00,0.74,231.66,475.68,0.9050,-1,-1,-1
201,24,497.58,185.19,30.13,87.47,0.7009,-1,-1,-1
201,18,169.53,12.92,99.17,438.71,0.8343,-1,-1,-1
201,2,0.13,3.17,216.43,471.03,0.7744,-1,-1,-1
201,1,274.17,0.00,233.53,480.00,0.9075,-1,-1,-1
202,35,524.82,189.15,26.83,75.66,0.3480,-1,-1,-1
202,31,291.76,178.62,19.84,43.47,0.3222,-1,-1,-1
202,24,497.31,185.33,29.85,87.23,0.6886,-1,-1,-1
202,18,164.07,15.32,100.60,435.69,0.8104,-1,-1,-1
202,2,0.10,7.21,216.80,468.80,0.7265,-1,-1,-1
202,1,273.49,0.00,233.38,480.00,0.9087,-1,-1,-1
203,35,524.10,188.04,27.98,77.03,0.5204,-1,-1,-1
203,24,496.91,184.76,29.76,88.20,0.7029,-1,-1,-1
203,18,155.46,16.89,106.55,432.37,0.7761,-1,-1,-1
203,2,0.43,14.26,215.15,462.04,0.6435,-1,-1,-1
203,1,273.36,0.00,232.77,478.59,0.8960,-1,-1,-1
204,35,519.67,189.45,31.58,76.80,0.5682,-1,-1,-1
204,24,495.18,186.33,29.60,86.99,0.7613,-1,-1,-1
204,18,155.88,18.91,101.98,419.88,0.8094,-1,-1,-1
204,2,0.24,1.44,214.42,470.12,0.6958,-1,-1,-1
204,1,273.16,0.82,232.41,474.42,0.8902,-1,-1,-1
205,35,521.87,187.78,30.23,78.62,0.5852,-1,-1,-1
205,27,546.58,207.68,15.31,42.55,0.3068,-1,-1,-1
205,24,496.22,186.50,28.63,85.96,0.7397,-1,-1,-1
205,18,154.14,20.91,97.62,412.68,0.8102,-1,-1,-1
205,2,0.16,0.98,214.16,470.09,0.6693,-1,-1,-1
205,1,272.15,1.01,234.57,473.68,0.8818,-1,-1,-1
206,35,523.66,186.72,29.67,78.23,0.4720,-1,-1,-1
206,27,548.91,204.32,13.42,45.95,0.3124,-1,-1,-1
206,24,495.21,186.48,29.39,85.44,0.7052,-1,-1,-1
206,18,153.41,23.29,95.35,406.62,0.7805,-1,-1,-1
206,2,0.11,1.92,212.19,471.27,0.6221,-1,-1,-1
206,1,269.52,0.73,236.97,474.01,0.8895,-1,-1,-1
207,35,519.47,185.51,31.44,80.06,0.5180,-1,-1,-1
207,27,548.09,202.05,14.00,48.50,0.3129,-1,-1,-1
207,24,495.28,185.96,28.63,86.26,0.7400,-1,-1,-1
207,18,156.26,25.01,92.14,396.11,0.7153,-1,-1,-1
207,2,0.18,2.13,211.47,469.63,0.5664,-1,-1,-1
207,1,271.85,0.93,234.48,474.18,0.8838,-1,-1,-1
208,35,519.51,187.10,34.96,78.17,0.4412,-1,-1,-1
208,24,493.67,186.64,29.86,87.15,0.7036,-1,-1,-1
208,18,166.68,30.07,85.07,374.34,0.7922,-1,-1,-1
208,2,0.17,0.31,210.95,474.11,0.7750,-1,-1,-1
208,1,263.40,0.59,243.59,475.05,0.8868,-1,-1,-1
209,35,521.20,185.83,33.89,81.93,0.4609,-1,-1,-1
209,24,494.49,185.95,29.07,86.76,0.7294,-1,-1,-1
209,18,169.96,33.66,81.06,365.34,0.7931,-1,-1,-1
209,2,0.00,0.34,209.14,474.44,0.7689,-1,-1,-1
209,1,261.21,0.82,246.09,475.41,0.8913,-1,-1,-1
210,35,519.84,186.45,24.42,80.64,0.4354,-1,-1,-1
210,24,492.52,185.60,30.56,88.30,0.7283,-1,-1,-1
210,18,173.10,44.92,79.65,352.94,0.8381,-1,-1,-1
210,2,0.25,1.02,204.15,474.48,0.8732,-1,-1,-1
210,1,256.52,0.76,248.80,476.50,0.8628,-1,-1,-1
211,35,524.70,184.99,24.83,80.49,0.4119,-1,-1,-1
211,24,491.65,183.54,31.57,89.76,0.7399,-1,-1,-1
211,18,171.82,48.12,84.59,349.30,0.8473,-1,-1,-1
211,2,0.17,1.42,201.06,475.68,0.8798,-1,-1,-1
211,1,267.78,1.22,237.22,476.52,0.8114,-1,-1,-1
212,35,524.91,187.07,34.02,78.66,0.3880,-1,-1,-1
212,24,491.15,185.97,30.02,89.50,0.7197,-1,-1,-1
212,18,169.80,54.39,93.42,345.30,0.8592,-1,-1,-1
212,2,0.40,0.75,197.28,472.22,0.8260,-1,-1,-1
212,1,264.30,1.09,240.44,476.46,0.8357,-1,-1,-1
213,35,520.77,186.02,24.31,80.23,0.4454,-1,-1,-1
213,24,490.15,184.72,29.27,89.40,0.6657,-1,-1,-1
213,18,167.57,53.62,103.74,344.84,0.8614,-1,-1,-1
213,2,0.47,2.45,188.25,473.74,0.7972,-1,-1,-1
213,1,252.19,1.24,250.90,477.02,0.8696,-1,-1,-1
214,35,517.73,185.26,26.65,83.25,0.5568,-1,-1,-1
214,24,489.69,184.73,28.57,90.01,0.7143,-1,-1,-1
214,18,154.73,56.13,121.85,354.10,0.8709,-1,-1,-1
214,2,0.37,0.57,183.46,477.29,0.8093,-1,-1,-1
214,1,254.54,0.79,245.16,476.73,0.8786,-1,-1,-1
215,35,516.16,184.51,26.49,83.60,0.5475,-1,-1,-1
215,27,539.13,198.53,20.22,54.35,0.4532,-1,-1,-1
215,24,485.34,185.05,33.07,89.39,0.7068,-1,-1,-1
215,18,161.60,56.36,117.86,345.46,0.8818,-1,-1,-1
215,2,0.55,0.19,182.71,476.37,0.7635,-1,-1,-1
215,1,256.24,0.65,241.35,475.23,0.8979,-1,-1,-1
216,35,520.94,187.16,19.78,79.80,0.4104,-1,-1,-1
216,27,536.89,197.70,20.79,53.22,0.4400,-1,-1,-1
216,24,488.00,184.35,28.18,90.07,0.7330,-1,-1,-1
216,18,168.01,59.12,114.37,341.12,0.8861,-1,-1,-1
216,2,0.52,0.35,179.17,474.09,0.7171,-1,-1,-1
216,1,255.95,0.27,239.09,476.29,0.8768,-1,-1,-1
217,35,522.59,185.00,19.07,79.83,0.5051,-1,-1,-1
217,27,538.27,196.33,19.25,54.54,0.4280,-1,-1,-1
217,24,485.49,182.36,31.58,91.78,0.7302,-1,-1,-1
217,18,170.47,61.78,115.00,339.39,0.8841,-1,-1,-1
217,2,0.56,0.22,179.04,477.25,0.8020,-1,-1,-1
217,1,289.37,1.15,204.93,478.85,0.8183,-1,-1,-1
218,35,521.77,190.99,18.57,75.57,0.3873,-1,-1,-1
218,24,482.23,181.69,31.34,95.01,0.7214,-1,-1,-1
218,18,173.72,69.06,113.98,331.46,0.8689,-1,-1,-1
218,2,0.55,0.38,181.14,478.34,0.7903,-1,-1,-1
218,1,264.00,1.05,226.02,478.95,0.7992,-1,-1,-1
219,35,506.36,184.68,30.45,83.55,0.4145,-1,-1,-1
219,27,535.06,198.35,21.71,53.94,0.3232,-1,-1,-1
219,24,481.35,180.45,30.87,94.30,0.7536,-1,-1,-1
219,18,181.15,74.77,110.23,325.71,0.8703,-1,-1,-1
219,2,0.44,0.37,182.85,476.08,0.8153,-1,-1,-1
219,1,294.33,0.11,193.43,479.69,0.8275,-1,-1,-1
220,35,509.85,184.27,27.40,84.75,0.5778,-1,-1,-1
220,27,537.79,199.00,21.58,52.15,0.3205,-1,-1,-1
220,24,480.02,180.24,31.16,95.99,0.7703,-1,-1,-1
220,18,186.38,80.19,105.38,316.97,0.8613,-1,-1,-1
220,2,0.27,0.29,186.85,476.19,0.8100,-1,-1,-1
220,1,292.95,9.83,191.20,468.47,0.7505,-1,-1,-1
221,35,506.76,184.31,29.44,84.57,0.6152,-1,-1,-1
221,27,537.78,200.07,21.19,52.08,0.3599,-1,-1,-1
221,24,483.83,181.74,25.65,93.56,0.7415,-1,-1,-1
221,18,189.48,87.93,104.32,301.21,0.8713,-1,-1,-1
221,2,0.11,0.98,193.16,475.60,0.7591,-1,-1,-1
221,1,268.13,22.37,218.50,456.95,0.8683,-1,-1,-1
222,35,506.69,182.39,30.44,86.60,0.6742,-1,-1,-1
222,27,538.50,204.06,21.04,49.37,0.4664,-1,-1,-1
222,24,486.75,182.98,24.01,91.58,0.6508,-1,-1,-1
222,18,196.76,90.58,102.23,290.10,0.8688,-1,-1,-1
222,2,0.12,2.44,199.08,477.56,0.5464,-1,-1,-1
222,1,282.46,28.41,209.59,450.90,0.9130,-1,-1,-1
223,35,506.61,183.73,29.16,88.16,0.4504,-1,-1,-1
223,27,537.77,203.84,22.16,49.77,0.5087,-1,-1,-1
223,24,488.83,182.57,21.76,97.68,0.4528,-1,-1,-1
223,18,203.11,92.75,96.52,273.25,0.8623,-1,-1,-1
223,2,0.07,0.69,211.93,472.08,0.7689,-1,-1,-1
223,1,290.19,32.72,206.04,447.28,0.8907,-1,-1,-1
224,35,508.97,185.75,25.20,86.53,0.3170,-1,-1,-1
224,27,538.05,202.92,22.07,50.90,0.5168,-1,-1,-1
224,24,488.76,182.59,23.50,95.54,0.5222,-1,-1,-1
224,18,208.23,95.03,92.82,271.21,0.8636,-1,-1,-1
224,2,0.00,0.92,216.08,474.97,0.6631,-1,-1,-1
224,1,291.57,35.19,205.32,444.81,0.9124,-1,-1,-1
225,37,561.15,204.53,15.75,39.09,0.3299,-1,-1,-1
225,27,538.62,201.00,22.50,53.35,0.5128,-1,-1,-1
225,24,486.00,184.25,28.88,94.55,0.6248,-1,-1,-1
225,18,214.05,101.82,89.21,266.21,0.8741,-1,-1,-1
225,2,0.00,0.00,220.20,478.05,0.8393,-1,-1,-1
225,1,292.68,38.84,202.25,440.08,0.9179,-1,-1,-1
226,35,510.96,189.72,21.28,82.52,0.4367,-1,-1,-1
226,27,539.18,202.00,23.26,53.55,0.5084,-1,-1,-1
226,24,484.31,180.16,30.28,98.50,0.6677,-1,-1,-1
226,18,219.82,107.77,85.64,260.60,0.8762,-1,-1,-1
226,2,0.00,2.22,227.06,473.78,0.8231,-1,-1,-1
226,1,295.26,43.37,193.17,436.63,0.9127,-1,-1,-1
227,35,510.30,188.50,21.48,83.95,0.4050,-1,-1,-1
227,27,540.09,201.04,21.94,54.01,0.5442,-1,-1,-1
227,24,481.07,180.29,33.21,100.34,0.7179,-1,-1,-1
227,18,222.02,111.16,87.22,249.62,0.8699,-1,-1,-1
227,2,0.13,1.15,227.09,475.71,0.8150,-1,-1,-1
227,1,299.19,49.68,182.94,430.32,0.9026,-1,-1,-1
228,37,563.11,195.23,15.99,49.80,0.3401,-1,-1,-1
228,35,510.69,185.28,21.93,87.05,0.3758,-1,-1,-1
228,27,542.25,201.72,21.28,54.99,0.5634,-1,-1,-1
228,24,481.86,180.40,34.12,102.84,0.7392,-1,-1,-1
228,18,231.01,111.20,84.08,245.88,0.8428,-1,-1,-1
228,2,0.08,1.36,231.36,475.82,0.9135,-1,-1,-1
228,1,302.77,55.03,172.54,423.96,0.9123,-1,-1,-1
229,37,564.74,202.68,17.49,44.50,0.3107,-1,-1,-1
229,27,543.12,199.78,23.75,58.31,0.5928,-1,-1,-1
229,24,484.75,183.84,31.71,100.96,0.6981,-1,-1,-1
229,18,236.81,109.73,86.18,231.55,0.8607,-1,-1,-1
229,2,0.81,1.52,225.49,475.94,0.9023,-1,-1,-1
229,1,306.42,61.61,158.02,418.39,0.9038,-1,-1,-1
230,38,454.11,169.04,33.40,123.16,0.6902,-1,-1,-1
230,27,545.68,199.48,21.23,59.11,0.6461,-1,-1,-1
230,24,485.96,182.97,32.05,102.89,0.6963,-1,-1,-1
230,18,239.36,110.20,84.68,229.98,0.8485,-1,-1,-1
230,2,0.14,1.41,223.27,477.79,0.8908,-1,-1,-1
230,1,309.12,66.14,151.39,413.22,0.8854,-1,-1,-1
231,38,453.14,165.28,38.57,126.48,0.7728,-1,-1,-1
231,35,515.39,184.59,22.73,88.93,0.4093,-1,-1,-1
231,27,552.03,199.51,22.33,59.03,0.6644,-1,-1,-1
231,24,489.27,183.52,29.31,103.00,0.7233,-1,-1,-1
231,18,244.97,110.40,83.43,229.54,0.8646,-1,-1,-1
231,2,0.25,4.95,222.38,470.30,0.7204,-1,-1,-1
231,1,308.34,66.13,148.32,413.87,0.8866,-1,-1,-1
232,40,575.07,156.51,64.83,201.62,0.6593,-1,-1,-1
232,38,456.23,162.70,42.03,130.49,0.7570,-1,-1,-1
232,35,514.66,184.00,25.05,92.78,0.5439,-1,-1,-1
232,27,552.92,199.62,26.76,60.48,0.5286,-1,-1,-1
232,24,494.26,183.14,25.00,101.44,0.6566,-1,-1,-1
232,18,251.81,113.70,81.08,227.95,0.8517,-1,-1,-1
232,2,0.52,5.66,221.61,472.98,0.8022,-1,-1,-1
232,1,325.24,65.40,135.51,413.53,0.8691,-1,-1,-1
233,40,576.64,164.32,63.30,190.49,0.3405,-1,-1,-1
233,38,467.04,160.12,38.08,133.32,0.6890,-1,-1,-1
233,35,522.10,184.87,20.35,92.36,0.5435,-1,-1,-1
233,27,557.64,198.82,25.37,61.39,0.6122,-1,-1,-1
233,24,503.06,178.72,19.72,98.14,0.3929,-1,-1,-1
233,18,258.22,119.07,79.03,223.28,0.8269,-1,-1,-1
233,2,0.25,2.49,221.34,470.54,0.5835,-1,-1,-1
233,1,332.53,64.24,131.73,415.39,0.8698,-1,-1,-1
234,40,585.96,167.52,53.93,216.46,0.4555,-1,-1,-1
234,38,477.32,160.48,37.21,132.03,0.5223,-1,-1,-1
234,37,566.57,202.98,21.08,57.41,0.5036,-1,-1,-1
234,35,519.75,184.53,26.22,92.68,0.4937,-1,-1,-1
234,24,492.39,162.47,29.49,130.00,0.3096,-1,-1,-1
234,18,265.97,121.56,75.72,216.87,0.8078,-1,-1,-1
234,2,0.49,1.57,223.05,470.65,0.6610,-1,-1,-1
234,1,322.56,70.27,164.63,409.73,0.8999,-1,-1,-1
235,38,484.55,158.98,36.71,129.49,0.3946,-1,-1,-1
235,35,526.88,187.06,23.19,92.84,0.4079,-1,-1,-1
235,27,570.04,198.27,28.09,63.60,0.4997,-1,-1,-1
235,18,270.36,121.67,77.37,213.18,0.8102,-1,-1,-1
235,2,6.09,0.81,219.98,477.72,0.8444,-1,-1,-1
235,1,334.50,74.74,168.30,405.17,0.8958,-1,-1,-1
236,41,0.05,115.13,44.45,181.62,0.5003,-1,-1,-1
236,40,609.57,168.16,30.30,273.08,0.5697,-1,-1,-1
236,38,505.86,173.84,28.45,114.06,0.3181,-1,-1,-1
236,35,530.30,192.04,26.17,85.59,0.4807,-1,-1,-1
236,27,574.95,190.69,29.28,70.14,0.5556,-1,-1,-1
236,18,278.73,117.47,73.59,206.00,0.7914,-1,-1,-1
236,2,6.98,0.80,224.01,477.20,0.8867,-1,-1,-1
236,1,343.23,79.37,169.45,400.63,0.8977,-1,-1,-1
237,41,0.52,119.94,57.21,153.34,0.5858,-1,-1,-1
237,40,610.33,202.54,29.53,276.44,0.6433,-1,-1,-1
237,38,490.99,162.98,44.86,156.97,0.3043,-1,-1,-1
237,35,541.66,182.80,18.90,96.51,0.4479,-1,-1,-1
237,27,584.68,192.63,27.43,69.28,0.5672,-1,-1,-1
237,18,286.73,118.90,74.58,204.37,0.8394,-1,-1,-1
237,2,8.11,7.15,232.39,471.97,0.8754,-1,-1,-1
237,1,361.94,88.23,164.66,391.32,0.9057,-1,-1,-1
238,42,241.89,170.44,30.03,102.72,0.5704,-1,-1,-1
238,41,0.19,116.73,66.83,156.45,0.4625,-1,-1,-1
238,40,609.26,205.81,30.64,274.01,0.5991,-1,-1,-1
238,35,545.56,185.29,20.54,97.58,0.3527,-1,-1,-1
238,27,589.25,195.37,29.47,67.96,0.5371,-1,-1,-1
238,18,290.05,120.11,77.08,202.94,0.8213,-1,-1,-1
238,2,9.96,7.23,235.86,472.77,0.8707,-1,-1,-1
238,1,373.61,85.62,162.75,394.38,0.9026,-1,-1,-1
239,43,364.96,175.66,23.45,86.76,0.5244,-1,-1,-1
239,42,248.04,163.25,32.87,115.49,0.5148,-1,-1,-1
239,41,0.00,115.51,81.18,348.47,0.4076,-1,-1,-1
239,40,597.50,216.06,42.34,263.82,0.3968,-1,-1,-1
239,27,595.06,200.28,29.56,63.13,0.3605,-1,-1,-1
239,18,305.71,124.68,65.03,198.79,0.7859,-1,-1,-1
239,2,3.04,14.13,249.22,465.48,0.8336,-1,-1,-1
239,1,391.54,88.32,156.16,391.23,0.8985,-1,-1,-1
240,44,0.00,166.25,45.29,96.87,0.5314,-1,-1,-1
240,43,366.04,180.75,24.73,79.68,0.4233,-1,-1,-1
240,42,252.64,158.71,38.14,116.23,0.7076,-1,-1,-1
240,27,596.56,189.50,31.53,72.53,0.5216,-1,-1,-1
240,18,304.68,124.91,69.41,194.31,0.7560,-1,-1,-1
240,2,18.78,15.13,243.42,463.52,0.7603,-1,-1,-1
240,1,398.25,85.23,160.32,373.10,0.8861,-1,-1,-1
241,43,366.19,180.76,24.10,79.81,0.3869,-1,-1,-1
241,41,0.24,110.77,105.12,327.15,0.3260,-1,-1,-1
241,27,598.01,198.66,30.66,56.62,0.3116,-1,-1,-1
241,18,308.77,123.34,76.80,194.31,0.7987,-1,-1,-1
241,2,0.00,14.71,265.83,460.72,0.7140,-1,-1,-1
241,1,410.56,83.13,154.28,376.23,0.8927,-1,-1,-1
242,45,392.53,180.84,25.26,80.31,0.5069,-1,-1,-1
242,41,3.37,114.75,104.97,324.81,0.4652,-1,-1,-1
242,40,591.26,166.99,48.56,312.22,0.7148,-1,-1,-1
242,18,290.02,121.97,94.53,192.77,0.8222,-1,-1,-1
242,2,47.82,9.18,225.46,470.82,0.8343,-1,-1,-1
242,1,414.01,86.86,149.10,377.90,0.8768,-1,-1,-1
243,45,391.18,180.90,26.73,81.04,0.5728,-1,-1,-1
243,44,17.94,165.86,45.96,86.28,0.6017,-1,-1,-1
243,41,9.55,115.51,101.62,326.06,0.3916,-1,-1,-1
243,40,575.84,19.40,64.01,460.60,0.7329,-1,-1,-1
243,38,531.02,139.29,37.31,177.94,0.3255,-1,-1,-1
243,18,304.18,121.72,78.24,189.37,0.8471,-1,-1,-1
243,2,51.68,6.86,224.99,471.06,0.8378,-1,-1,-1
243,1,415.01,88.78,146.23,380.99,0.8920,-1,-1,-1
244,45,393.75,178.84,25.17,83.35,0.5858,-1,-1,-1
244,44,10.14,168.57,57.31,85.90,0.7447,-1,-1,-1
244,40,543.15,2.22,96.63,477.78,0.8333,-1,-1,-1
244,38,536.88,135.14,34.79,84.65,0.3440,-1,-1,-1
244,18,316.50,120.41,66.07,189.71,0.7007,-1,-1,-1
244,2,76.32,6.88,205.72,468.76,0.7835,-1,-1,-1
244,1,424.31,90.36,141.43,378.74,0.8873,-1,-1,-1
245,47,413.44,172.74,31.06,106.66,0.4909,-1,-1,-1
245,45,391.62,179.56,25.58,82.39,0.6202,-1,-1,-1
245,40,530.93,0.00,108.95,478.62,0.7264,-1,-1,-1
245,18,310.87,121.16,72.12,192.89,0.7878,-1,-1,-1
245,2,69.55,9.69,214.38,449.52,0.8551,-1,-1,-1
245,1,428.74,87.37,133.82,385.17,0.8593,-1,-1,-1
246,47,411.44,169.22,39.23,109.47,0.7345,-1,-1,-1
246,45,387.89,174.88,28.17,86.97,0.5747,-1,-1,-1
246,44,0.22,162.61,34.65,90.88,0.7544,-1,-1,-1
246,40,533.55,0.00,106.34,479.03,0.7502,-1,-1,-1
246,18,306.09,121.01,75.72,190.43,0.8128,-1,-1,-1
246,2,74.23,9.00,212.92,468.24,0.9022,-1,-1,-1
246,1,434.07,86.27,119.01,381.85,0.8571,-1,-1,-1
247,48,28.41,195.34,18.77,38.51,0.5785,-1,-1,-1
247,47,408.76,171.63,32.83,106.78,0.7496,-1,-1,-1
247,45,386.33,176.33,25.92,84.67,0.6347,-1,-1,-1
247,44,0.35,165.79,15.96,87.93,0.6921,-1,-1,-1
247,40,504.11,0.80,135.40,477.32,0.8081,-1,-1,-1
247,18,307.04,122.26,72.17,190.04,0.8133,-1,-1,-1
247,2,80.59,9.96,206.90,466.34,0.9034,-1,-1,-1
247,1,436.82,85.17,116.68,364.17,0.8353,-1,-1,-1
248,49,285.42,168.75,28.10,93.47,0.5164,-1,-1,-1
248,48,27.18,194.72,18.77,38.93,0.6141,-1,-1,-1
248,47,407.68,171.97,34.19,107.85,0.7694,-1,-1,-1
248,45,383.84,174.47,28.38,87.24,0.6758,-1,-1,-1
248,40,524.95,0.98,114.88,479.02,0.8617,-1,-1,-1
248,18,306.40,122.67,73.32,190.08,0.8408,-1,-1,-1
248,2,87.56,8.72,201.92,469.69,0.8321,-1,-1,-1
248,1,436.22,87.81,130.12,353.18,0.8476,-1,-1,-1
249,49,290.34,169.59,24.37,92.33,0.6560,-1,-1,-1
249,48,29.19,195.41,17.11,38.11,0.5667,-1,-1,-1
249,47,410.46,170.10,34.94,110.91,0.7721,-1,-1,-1
249,45,386.05,173.95,29.49,88.03,0.6868,-1,-1,-1
249,42,311.68,121.75,72.89,186.71,0.8361,-1,-1,-1
249,40,497.70,0.74,141.92,477.07,0.8527,-1,-1,-1
249,2,97.72,7.09,197.30,471.66,0.8886,-1,-1,-1
249,1,446.28,86.49,122.92,360.17,0.7636,-1,-1,-1
250,49,297.54,172.87,21.54,91.64,0.5939,-1,-1,-1
250,48,32.93,197.05,18.39,39.56,0.5369,-1,-1,-1
250,47,414.20,171.91,35.25,113.30,0.7797,-1,-1,-1
250,45,390.20,175.02,30.28,91.06,0.6794,-1,-1,-1
250,42,318.83,123.09,71.52,181.99,0.8529,-1,-1,-1
250,40,502.76,0.63,137.07,479.37,0.8215,-1,-1,-1
250,2,109.98,7.93,193.75,470.42,0.9174,-1,-1,-1
250,1,459.87,87.55,122.87,366.25,0.6551,-1,-1,-1
251,51,78.35,177.38,41.42,89.73,0.5203,-1,-1,-1
251,48,35.05,197.01,17.10,40.61,0.5069,-1,-1,-1
251,47,414.90,170.53,36.99,116.27,0.7773,-1,-1,-1
251,45,394.74,175.10,27.06,91.36,0.6133,-1,-1,-1
251,42,324.51,123.92,67.34,182.28,0.8604,-1,-1,-1
251,40,511.31,0.26,128.52,479.71,0.8438,-1,-1,-1
251,2,120.57,10.18,189.09,469.82,0.9129,-1,-1,-1
252,51,66.49,179.66,50.94,90.40,0.6014,-1,-1,-1
252,48,37.08,199.30,16.25,40.56,0.4359,-1,-1,-1
252,47,416.44,174.51,35.93,116.95,0.7352,-1,-1,-1
252,45,397.36,177.32,27.17,92.26,0.5384,-1,-1,-1
252,42,327.88,128.65,65.94,181.58,0.8592,-1,-1,-1
252,40,519.09,3.26,120.63,470.73,0.8711,-1,-1,-1
252,24,465.67,149.22,54.85,172.60,0.5299,-1,-1,-1
252,2,126.87,17.09,189.76,462.91,0.8903,-1,-1,-1
253,51,65.77,180.13,49.93,93.81,0.7020,-1,-1,-1
253,48,42.91,202.35,14.84,39.11,0.4383,-1,-1,-1
253,47,420.55,174.23,36.99,120.32,0.6895,-1,-1,-1
253,45,401.08,174.01,27.36,95.46,0.5323,-1,-1,-1
253,42,333.69,130.63,68.27,182.53,0.8571,-1,-1,-1
253,40,523.30,5.40,116.53,466.94,0.8819,-1,-1,-1
253,24,460.98,142.34,57.70,179.07,0.7375,-1,-1,-1
253,2,137.71,28.19,186.01,451.67,0.8997,-1,-1,-1
254,51,67.98,179.93,44.73,93.16,0.6664,-1,-1,-1
254,48,44.37,203.03,14.73,39.16,0.3579,-1,-1,-1
254,47,421.61,171.39,37.94,123.54,0.6801,-1,-1,-1
254,45,405.02,175.60,25.99,95.12,0.4115,-1,-1,-1
254,42,338.89,133.78,63.29,179.88,0.8498,-1,-1,-1
254,40,529.04,4.03,110.51,473.26,0.8783,-1,-1,-1
254,24,459.93,141.40,56.71,181.82,0.7377,-1,-1,-1
254,2,147.44,28.72,182.30,450.71,0.8916,-1,-1,-1
255,55,111.34,143.09,55.36,160.50,0.7456,-1,-1,-1
255,54,504.20,146.29,39.57,151.81,0.3807,-1,-1,-1
255,51,59.28,180.54,40.40,97.33,0.6408,-1,-1,-1
255,47,418.80,171.91,37.93,126.17,0.6404,-1,-1,-1
255,42,342.41,137.16,60.13,178.69,0.8387,-1,-1,-1
255,40,527.85,3.99,111.64,475.21,0.8990,-1,-1,-1
255,24,440.47,142.26,74.29,187.26,0.8488,-1,-1,-1
255,2,129.10,37.82,211.79,442.07,0.8652,-1,-1,-1
256,55,81.45,134.49,73.18,169.11,0.6309,-1,-1,-1
256,54,495.39,168.35,46.30,134.34,0.5908,-1,-1,-1
256,51,37.96,178.07,48.06,100.72,0.6232,-1,-1,-1
256,47,415.70,168.10,36.28,130.49,0.5574,-1,-1,-1
256,42,344.42,134.21,58.52,177.18,0.7648,-1,-1,-1
256,40,525.63,0.77,114.10,477.28,0.9070,-1,-1,-1
256,24,427.43,141.49,86.10,190.58,0.8100,-1,-1,-1
256,2,166.54,35.42,186.30,443.78,0.8961,-1,-1,-1
257,55,58.09,131.54,84.86,176.52,0.7949,-1,-1,-1
257,54,489.26,167.58,51.72,143.55,0.6821,-1,-1,-1
257,51,14.76,178.94,64.87,101.54,0.6384,-1,-1,-1
257,42,345.72,132.76,52.40,176.25,0.7821,-1,-1,-1
257,40,524.23,0.35,115.45,478.76,0.9039,-1,-1,-1
257,24,426.96,139.06,84.25,196.22,0.8733,-1,-1,-1
257,2,168.60,35.86,185.81,442.19,0.8838,-1,-1,-1
258,55,32.85,132.31,99.09,180.10,0.8589,-1,-1,-1
258,54,483.58,163.97,53.50,149.12,0.6869,-1,-1,-1
258,51,0.72,183.41,52.18,95.82,0.3843,-1,-1,-1
258,42,343.09,133.19,55.87,179.68,0.7986,-1,-1,-1
258,40,483.49,0.60,156.38,479.40,0.8379,-1,-1,-1
258,24,412.39,132.00,78.58,207.71,0.8205,-1,-1,-1
258,2,151.72,27.48,202.98,449.84,0.8614,-1,-1,-1
259,55,11.45,129.12,111.36,184.90,0.8813,-1,-1,-1
259,54,480.36,163.23,58.63,149.87,0.6152,-1,-1,-1
259,51,0.56,176.08,43.46,99.06,0.4509,-1,-1,-1
259,42,344.52,136.49,50.99,177.08,0.7993,-1,-1,-1
259,40,472.70,0.00,167.16,480.00,0.8553,-1,-1,-1
259,24,397.89,128.36,72.95,213.26,0.8712,-1,-1,-1
259,2,150.73,28.49,200.52,449.99,0.8740,-1,-1,-1
260,55,0.00,127.25,104.66,192.60,0.8998,-1,-1,-1
260,54,473.13,141.69,58.20,177.84,0.6938,-1,-1,-1
260,42,335.99,141.18,53.45,173.78,0.7813,-1,-1,-1
260,40,498.57,1.23,141.16,478.77,0.8915,-1,-1,-1
260,24,391.24,127.50,72.16,224.97,0.7486,-1,-1,-1
260,2,143.40,27.45,197.76,452.55,0.9072,-1,-1,-1
261,55,0.15,124.19,78.98,195.54,0.8624,-1,-1,-1
261,54,466.61,146.64,46.65,178.65,0.6196,-1,-1,-1
261,42,323.73,145.81,58.07,171.78,0.8075,-1,-1,-1
261,40,488.73,1.42,151.09,477.68,0.9111,-1,-1,-1
261,24,359.98,129.40,99.73,232.70,0.8354,-1,-1,-1
261,2,134.08,26.70,193.26,453.30,0.8995,-1,-1,-1
262,51,0.05,157.63,40.39,162.68,0.3284,-1,-1,-1
262,42,317.47,146.56,56.35,168.80,0.6465,-1,-1,-1
262,40,459.24,1.80,180.52,475.66,0.8910,-1,-1,-1
262,24,332.48,128.38,111.79,240.57,0.8336,-1,-1,-1
262,2,117.81,21.88,195.31,457.59,0.8418,-1,-1,-1
263,43,388.22,165.33,57.99,151.07,0.3992,-1,-1,-1
263,40,442.95,0.84,196.80,477.60,0.9250,-1,-1,-1
263,24,320.72,120.98,102.37,257.72,0.8725,-1,-1,-1
263,2,108.96,11.76,196.10,468.24,0.8954,-1,-1,-1
264,40,437.74,0.56,201.99,479.00,0.9049,-1,-1,-1
264,24,318.18,117.17,106.54,264.02,0.8485,-1,-1,-1
264,2,103.14,10.59,194.33,468.11,0.8477,-1,-1,-1
265,40,431.30,0.84,208.34,476.67,0.9103,-1,-1,-1
265,24,287.82,107.71,78.36,279.98,0.7726,-1,-1,-1
265,18,374.52,160.69,47.22,156.50,0.8162,-1,-1,-1
265,2,72.89,8.08,219.44,471.53,0.8509,-1,-1,-1
266,42,336.29,147.36,41.73,157.43,0.7442,-1,-1,-1
266,40,424.86,0.77,214.84,476.11,0.8702,-1,-1,-1
266,24,284.17,99.29,63.73,287.54,0.7699,-1,-1,-1
266,18,370.67,156.04,46.85,159.78,0.7844,-1,-1,-1
266,2,80.38,9.32,212.13,470.20,0.8524,-1,-1,-1
267,42,315.26,140.40,51.16,158.35,0.8246,-1,-1,-1
267,40,422.73,0.89,217.14,476.41,0.9144,-1,-1,-1
267,24,256.53,88.73,82.82,293.50,0.7857,-1,-1,-1
267,18,359.97,146.92,63.13,165.32,0.7856,-1,-1,-1
267,2,57.90,6.80,229.12,471.64,0.8258,-1,-1,-1
268,56,285.54,159.88,29.89,101.67,0.3462,-1,-1,-1
268,42,308.80,134.02,54.44,161.48,0.8496,-1,-1,-1
268,40,423.29,0.60,216.47,476.11,0.9182,-1,-1,-1
268,24,242.46,77.40,90.83,300.98,0.5012,-1,-1,-1
268,18,355.43,140.64,66.93,167.40,0.7798,-1,-1,-1
268,2,36.39,0.90,246.74,479.10,0.7732,-1,-1,-1
269,56,275.98,145.45,34.69,130.46,0.3928,-1,-1,-1
269,42,308.06,130.08,53.18,158.68,0.7998,-1,-1,-1
269,40,419.36,0.91,220.64,474.10,0.9117,-1,-1,-1
269,18,347.26,135.54,60.23,171.12,0.7763,-1,-1,-1
269,2,32.71,0.00,262.88,480.00,0.8079,-1,-1,-1
269,1,592.29,146.54,47.57,287.12,0.4698,-1,-1,-1
270,42,311.00,110.69,40.84,160.20,0.7386,-1,-1,-1
270,40,405.01,0.73,234.99,476.47,0.9089,-1,-1,-1
270,18,337.52,114.74,56.96,176.85,0.7989,-1,-1,-1
270,2,37.10,0.64,255.29,479.18,0.8814,-1,-1,-1
270,1,589.61,179.37,50.29,228.12,0.6834,-1,-1,-1
271,49,298.57,110.83,23.63,122.65,0.3445,-1,-1,-1
271,42,315.72,83.80,34.61,162.11,0.5845,-1,-1,-1
271,40,400.30,0.65,239.64,479.35,0.9133,-1,-1,-1
271,18,328.20,86.36,60.03,182.09,0.7887,-1,-1,-1
271,2,31.89,0.48,258.88,474.89,0.8835,-1,-1,-1
271,1,591.68,93.94,48.25,274.00,0.5434,-1,-1,-1
272,56,271.00,67.62,39.22,138.29,0.4079,-1,-1,-1
272,41,21.19,0.20,122.13,386.71,0.3715,-1,-1,-1
272,40,396.88,0.20,242.68,479.80,0.9159,-1,-1,-1
272,18,314.65,47.74,67.38,192.05,0.8085,-1,-1,-1
272,2,32.45,0.62,245.16,441.29,0.7824,-1,-1,-1
272,1,590.43,39.39,49.44,299.54,0.4049,-1,-1,-1
273,56,252.47,61.18,61.44,147.16,0.7549,-1,-1,-1
273,41,0.71,5.09,101.94,372.38,0.3709,-1,-1,-1
273,40,397.48,0.18,242.14,479.77,0.9118,-1,-1,-1
273,18,311.24,41.22,65.62,195.05,0.7507,-1,-1,-1
273,2,24.91,0.96,247.10,446.39,0.6987,-1,-1,-1
273,1,585.35,138.01,54.48,180.47,0.3699,-1,-1,-1
274,56,258.63,80.78,51.08,142.42,0.7573,-1,-1,-1
274,41,0.00,1.04,66.62,263.52,0.4682,-1,-1,-1
274,40,396.94,0.48,241.82,473.19,0.9034,-1,-1,-1
274,18,306.12,54.79,69.18,199.06,0.7755,-1,-1,-1
274,2,81.93,0.00,180.55,478.78,0.7082,-1,-1,-1
274,1,585.93,59.45,53.98,264.83,0.4817,-1,-1,-1
275,56,265.23,100.53,38.78,139.43,0.6513,-1,-1,-1
275,41,0.00,82.98,53.23,236.41,0.6454,-1,-1,-1
275,40,394.69,0.30,241.50,475.37,0.8676,-1,-1,-1
275,18,297.15,73.20,65.93,203.09,0.7901,-1,-1,-1
275,2,33.21,0.22,221.23,476.22,0.8454,-1,-1,-1
275,1,599.85,5.84,40.05,324.72,0.5049,-1,-1,-1
276,56,260.09,133.33,47.25,131.67,0.4941,-1,-1,-1
276,44,0.15,169.84,28.28,99.11,0.4695,-1,-1,-1
276,40,404.10,0.42,234.52,478.21,0.9043,-1,-1,-1
276,18,292.52,102.06,71.44,204.51,0.8093,-1,-1,-1
276,2,39.37,0.63,210.53,466.96,0.8092,-1,-1,-1
276,1,604.40,132.91,35.13,224.72,0.4007,-1,-1,-1
277,56,261.41,140.84,36.48,136.27,0.3704,-1,-1,-1
277,40,404.61,0.31,234.42,479.69,0.9186,-1,-1,-1
277,18,283.65,112.37,69.73,210.22,0.7236,-1,-1,-1
277,2,45.67,0.01,198.87,436.16,0.8310,-1,-1,-1
277,1,596.47,41.36,43.38,327.90,0.4073,-1,-1,-1
278,58,238.79,148.03,37.09,127.34,0.5450,-1,-1,-1
278,40,401.30,0.18,219.55,479.82,0.9041,-1,-1,-1
278,18,269.93,112.94,72.16,218.71,0.7791,-1,-1,-1
278,2,24.72,0.00,209.26,478.09,0.8501,-1,-1,-1
278,1,590.42,107.25,49.51,260.28,0.4625,-1,-1,-1
279,60,188.37,143.17,64.28,194.90,0.7391,-1,-1,-1
279,59,315.39,148.47,54.75,144.25,0.6582,-1,-1,-1
279,40,381.09,0.05,218.58,479.24,0.8975,-1,-1,-1
279,18,254.04,129.08,74.78,223.87,0.7789,-1,-1,-1
279,2,8.77,22.18,204.98,454.64,0.8795,-1,-1,-1
279,1,578.58,62.57,61.35,314.40,0.8096,-1,-1,-1
280,60,168.91,144.84,72.50,201.90,0.8065,-1,-1,-1
280,59,298.41,149.44,54.13,146.47,0.8052,-1,-1,-1
280,54,350.86,121.17,54.84,209.76,0.3095,-1,-1,-1
280,40,359.22,0.00,221.99,477.94,0.8896,-1,-1,-1
280,18,232.46,126.58,74.58,228.31,0.7876,-1,-1,-1
280,2,0.46,20.67,184.84,456.56,0.8899,-1,-1,-1
280,1,565.34,60.97,74.66,314.78,0.8290,-1,-1,-1
281,60,140.00,132.45,74.13,200.80,0.8365,-1,-1,-1
281,59,269.12,138.31,51.49,145.03,0.8327,-1,-1,-1
281,54,317.29,101.71,57.82,220.08,0.6759,-1,-1,-1
281,40,330.89,0.48,233.50,479.52,0.9069,-1,-1,-1
281,18,193.78,105.65,78.37,243.67,0.7881,-1,-1,-1
281,2,0.13,3.08,146.85,476.92,0.9054,-1,-1,-1
281,1,543.46,58.46,83.84,307.32,0.8293,-1,-1,-1
282,60,137.37,135.06,37.69,189.03,0.6086,-1,-1,-1
282,59,259.35,145.04,42.82,143.93,0.8065,-1,-1,-1
282,54,291.31,73.75,75.24,299.59,0.5353,-1,-1,-1
282,40,329.28,0.57,238.41,479.43,0.9030,-1,-1,-1
282,18,162.48,106.82,82.92,256.15,0.8021,-1,-1,-1
282,2,0.18,11.09,117.43,466.33,0.8910,-1,-1,-1
282,1,531.99,96.93,80.32,293.48,0.4145,-1,-1,-1
283,60,110.68,166.76,45.23,150.07,0.6094,-1,-1,-1
283,56,263.19,158.22,36.82,144.56,0.7239,-1,-1,-1
283,54,289.98,88.02,62.94,189.28,0.5578,-1,-1,-1
283,40,349.98,0.00,234.28,480.00,0.8830,-1,-1,-1
283,18,147.79,115.36,92.71,266.11,0.8315,-1,-1,-1
283,2,0.25,21.51,117.95,455.77,0.8596,-1,-1,-1
283,1,529.33,136.57,76.50,279.19,0.3850,-1,-1,-1
284,62,317.93,129.25,83.01,289.31,0.7441,-1,-1,-1
284,60,117.49,164.92,43.47,152.37,0.7253,-1,-1,-1
284,56,274.57,160.29,40.37,144.52,0.7296,-1,-1,-1
284,54,297.66,85.42,69.00,232.40,0.5066,-1,-1,-1
284,40,380.61,0.66,226.55,479.34,0.8912,-1,-1,-1
284,18,149.39,113.09,94.71,272.53,0.8489,-1,-1,-1
284,2,0.23,17.17,127.22,461.88,0.8168,-1,-1,-1
285,62,338.22,84.79,88.86,332.59,0.8512,-1,-1,-1
285,60,121.79,160.61,47.06,158.85,0.6723,-1,-1,-1
285,58,241.06,171.03,32.69,127.62,0.4862,-1,-1,-1
285,56,290.04,158.98,36.83,141.78,0.7031,-1,-1,-1
285,54,311.24,74.11,69.07,279.90,0.7348,-1,-1,-1
285,40,412.33,0.61,225.35,479.39,0.9175,-1,-1,-1
285,18,159.90,105.44,89.56,277.53,0.8550,-1,-1,-1
285,2,0.22,17.70,134.29,461.88,0.8868,-1,-1,-1
286,62,354.01,77.29,104.09,360.06,0.8756,-1,-1,-1
286,60,129.71,164.59,41.79,160.96,0.6715,-1,-1,-1
286,58,252.01,173.07,34.26,129.40,0.4768,-1,-1,-1
286,54,316.95,72.38,77.25,284.69,0.6260,-1,-1,-1
286,40,442.56,0.67,197.33,478.66,0.9101,-1,-1,-1
286,18,164.93,105.36,92.07,283.75,0.8643,-1,-1,-1
286,2,0.18,29.28,141.38,450.72,0.9024,-1,-1,-1
287,62,367.66,66.58,121.32,383.44,0.8855,-1,-1,-1
287,60,136.62,162.54,39.49,166.15,0.6260,-1,-1,-1
287,58,265.50,172.91,33.61,128.26,0.4461,-1,-1,-1
287,54,328.84,72.27,80.11,293.81,0.7646,-1,-1,-1
287,40,472.10,0.02,167.65,479.35,0.8892,-1,-1,-1
287,18,168.54,104.24,100.02,289.51,0.8161,-1,-1,-1
287,2,0.17,37.39,146.10,442.61,0.8947,-1,-1,-1
288,62,383.65,56.49,142.42,405.00,0.8844,-1,-1,-1
288,59,138.31,160.08,46.46,166.24,0.6097,-1,-1,-1
288,58,277.81,168.47,31.49,132.31,0.5889,-1,-1,-1
288,54,339.43,64.55,85.00,303.23,0.8195,-1,-1,-1
288,40,503.12,0.00,136.69,479.59,0.8588,-1,-1,-1
288,18,173.76,99.11,95.18,303.04,0.8312,-1,-1,-1
288,2,0.07,39.53,149.87,440.47,0.8995,-1,-1,-1
289,63,260.28,157.92,47.41,177.00,0.6808,-1,-1,-1
289,62,406.30,51.79,150.13,422.28,0.8817,-1,-1,-1
289,59,146.89,158.43,60.30,175.32,0.6042,-1,-1,-1
289,56,294.34,169.85,33.57,132.88,0.5503,-1,-1,-1
289,54,356.93,60.41,86.31,314.72,0.7687,-1,-1,-1
289,40,556.98,6.01,82.87,471.60,0.8155,-1,-1,-1
289,18,185.07,101.33,99.33,316.45,0.8152,-1,-1,-1
289,2,0.31,51.32,160.15,428.39,0.9023,-1,-1,-1
289,1,525.34,75.86,57.28,362.41,0.5401,-1,-1,-1
290,62,431.08,38.35,163.40,441.65,0.8746,-1,-1,-1
290,59,158.73,156.34,47.20,177.91,0.6925,-1,-1,-1
290,56,288.71,160.42,41.99,178.93,0.5819,-1,-1,-1
290,54,375.30,51.74,90.01,339.09,0.8409,-1,-1,-1
290,42,316.90,173.16,32.31,125.48,0.4800,-1,-1,-1
290,40,559.21,65.22,72.72,362.28,0.5647,-1,-1,-1
290,18,196.53,98.97,103.08,327.95,0.8004,-1,-1,-1
290,2,0.73,59.30,173.50,420.38,0.8948,-1,-1,-1
291,62,449.64,25.17,178.88,450.13,0.8855,-1,-1,-1
291,59,166.44,151.69,49.75,179.72,0.7069,-1,-1,-1
291,54,391.02,42.34,107.48,352.62,0.8330,-1,-1,-1
291,42,306.98,161.75,50.56,176.52,0.6888,-1,-1,-1
291,40,587.68,56.01,52.00,397.28,0.6429,-1,-1,-1
291,18,211.17,91.56,104.47,345.48,0.8386,-1,-1,-1
291,2,3.46,56.43,178.17,423.57,0.8692,-1,-1,-1
292,64,359.33,183.02,24.56,116.25,0.3411,-1,-1,-1
292,62,471.85,11.96,168.00,466.82,0.8920,-1,-1,-1
292,59,170.52,156.64,56.17,176.50,0.7098,-1,-1,-1
292,54,406.92,36.96,112.52,371.95,0.8805,-1,-1,-1
292,42,322.64,167.02,58.35,174.56,0.7874,-1,-1,-1
292,18,222.06,88.31,112.77,364.46,0.8385,-1,-1,-1
292,2,11.00,53.85,180.04,425.52,0.8850,-1,-1,-1
293,62,488.38,0.00,151.59,479.58,0.8871,-1,-1,-1
293,59,167.15,150.25,63.59,183.64,0.5398,-1,-1,-1
293,54,417.46,25.51,122.59,402.16,0.8619,-1,-1,-1
293,42,332.24,168.46,63.63,173.83,0.8566,-1,-1,-1
293,18,231.32,76.87,111.14,373.61,0.8477,-1,-1,-1
293,2,12.74,45.17,181.74,434.83,0.9075,-1,-1,-1
294,62,513.98,1.55,125.79,476.34,0.8182,-1,-1,-1
294,54,430.18,17.18,133.16,423.25,0.8434,-1,-1,-1
294,42,349.29,166.51,65.24,175.75,0.8115,-1,-1,-1
294,18,238.76,68.15,118.10,394.77,0.8386,-1,-1,-1
294,2,24.83,46.07,178.43,433.93,0.8777,-1,-1,-1
295,65,214.00,192.66,38.14,114.66,0.7582,-1,-1,-1
295,62,536.69,69.63,102.69,410.00,0.8526,-1,-1,-1
295,54,443.15,8.50,142.98,442.23,0.8817,-1,-1,-1
295,42,370.51,165.05,59.49,172.34,0.7782,-1,-1,-1
295,41,1.19,130.22,64.42,291.35,0.3221,-1,-1,-1
295,18,244.91,57.78,122.62,414.15,0.8833,-1,-1,-1
295,2,39.32,47.10,178.71,432.63,0.7478,-1,-1,-1
296,66,219.82,194.96,40.56,114.66,0.7646,-1,-1,-1
296,62,556.59,63.04,83.25,416.96,0.7010,-1,-1,-1
296,54,452.13,1.39,153.55,460.18,0.8690,-1,-1,-1
296,42,385.49,163.91,56.76,177.28,0.8128,-1,-1,-1
296,41,11.26,131.68,60.02,181.02,0.6208,-1,-1,-1
296,18,250.52,50.29,124.63,425.46,0.8884,-1,-1,-1
296,2,1.84,55.30,219.57,422.99,0.8214,-1,-1,-1
297,66,222.88,195.38,37.52,111.49,0.4862,-1,-1,-1
297,54,460.20,0.00,165.53,465.55,0.8799,-1,-1,-1
297,42,387.20,161.94,68.44,176.19,0.8627,-1,-1,-1
297,41,0.21,125.48,69.77,213.20,0.7803,-1,-1,-1
297,40,590.59,108.19,49.12,332.07,0.4694,-1,-1,-1
297,18,247.61,35.09,132.37,441.70,0.8809,-1,-1,-1
297,2,3.47,55.10,224.44,422.95,0.8670,-1,-1,-1
298,54,467.45,0.12,172.27,479.22,0.9150,-1,-1,-1
298,42,399.06,166.21,84.62,171.34,0.8572,-1,-1,-1
298,41,0.05,120.96,54.07,194.53,0.8387,-1,-1,-1
298,18,237.51,18.24,143.91,460.85,0.8798,-1,-1,-1
298,2,50.70,54.73,186.15,424.20,0.7869,-1,-1,-1
299,67,394.24,172.30,36.09,124.50,0.3717,-1,-1,-1
299,64,366.42,169.26,39.64,129.42,0.5950,-1,-1,-1
299,54,472.43,0.37,167.35,479.63,0.9085,-1,-1,-1
299,42,403.96,168.46,86.18,169.27,0.8671,-1,-1,-1
299,41,0.20,117.09,51.77,202.30,0.8597,-1,-1,-1
299,18,238.90,8.38,139.47,471.62,0.8844,-1,-1,-1
299,2,62.34,53.51,180.98,424.52,0.8572,-1,-1,-1
300,67,406.82,174.08,31.33,118.35,0.4049,-1,-1,-1
300,64,369.45,167.96,49.48,138.13,0.7343,-1,-1,-1
300,54,487.79,0.00,151.95,480.00,0.8960,-1,-1,-1
300,42,411.93,164.57,82.91,171.66,0.8895,-1,-1,-1
300,41,0.19,136.68,58.64,198.36,0.8117,-1,-1,-1
300,18,225.11,0.00,146.20,478.12,0.8595,-1,-1,-1
300,2,79.89,50.44,164.80,429.56,0.8133,-1,-1,-1
301,67,404.65,192.08,34.77,102.92,0.4445,-1,-1,-1
301,64,364.87,166.19,56.02,139.25,0.7596,-1,-1,-1
301,54,495.39,0.00,144.58,478.25,0.9061,-1,-1,-1
301,42,419.47,163.42,78.08,172.55,0.8430,-1,-1,-1
301,41,0.18,149.37,61.98,176.58,0.7264,-1,-1,-1
301,18,208.82,0.00,168.40,480.00,0.9033,-1,-1,-1
301,2,87.86,47.65,150.66,431.26,0.8625,-1,-1,-1
302,64,361.05,164.70,71.35,142.21,0.6597,-1,-1,-1
302,59,60.99,108.49,79.00,315.03,0.6069,-1,-1,-1
302,58,332.19,193.39,29.24,109.28,0.4980,-1,-1,-1
302,54,510.91,0.11,129.08,479.89,0.9075,-1,-1,-1
302,42,442.09,160.11,63.26,173.33,0.7801,-1,-1,-1
302,41,0.82,145.21,52.86,170.10,0.6401,-1,-1,-1
302,18,175.75,0.00,180.46,478.52,0.8281,-1,-1,-1
302,2,96.74,41.97,137.17,432.89,0.7948,-1,-1,-1
303,64,381.32,163.03,57.38,143.16,0.6267,-1,-1,-1
303,59,48.05,101.89,90.18,305.40,0.6893,-1,-1,-1
303,58,337.03,192.33,31.79,119.10,0.6985,-1,-1,-1
303,56,307.93,161.44,39.32,156.16,0.6534,-1,-1,-1
303,54,526.18,0.00,113.68,480.00,0.8999,-1,-1,-1
303,42,450.65,158.84,69.17,174.05,0.7803,-1,-1,-1
303,41,9.94,145.64,52.29,169.43,0.6057,-1,-1,-1
303,2,100.04,0.12,222.67,479.80,0.6812,-1,-1,-1
304,64,384.39,160.26,53.76,140.36,0.6644,-1,-1,-1
304,63,276.57,154.19,38.31,145.44,0.5715,-1,-1,-1
304,59,1.71,92.27,118.27,296.97,0.8245,-1,-1,-1
304,58,335.93,191.56,50.93,122.21,0.6371,-1,-1,-1
304,56,281.53,160.87,65.52,154.72,0.5010,-1,-1,-1
304,54,540.09,2.68,99.76,477.32,0.8459,-1,-1,-1
304,42,460.54,157.72,64.72,173.05,0.8056,-1,-1,-1
304,2,108.12,0.00,187.75,476.45,0.7531,-1,-1,-1
304,1,531.00,183.79,50.31,188.61,0.4737,-1,-1,-1
305,64,385.92,160.61,50.61,148.46,0.7339,-1,-1,-1
305,63,278.66,157.70,37.40,150.90,0.5753,-1,-1,-1
305,59,0.02,91.02,143.50,302.55,0.8744,-1,-1,-1
305,58,334.78,189.26,58.47,126.70,0.7117,-1,-1,-1
305,56,301.18,156.58,54.36,160.35,0.5847,-1,-1,-1
305,54,556.53,5.11,83.36,473.84,0.7592,-1,-1,-1
305,42,463.30,161.65,65.65,171.37,0.8323,-1,-1,-1
305,2,85.45,0.72,186.22,469.72,0.3612,-1,-1,-1
305,1,524.87,142.20,72.57,234.19,0.7762,-1,-1,-1
306,66,227.21,132.27,54.38,177.36,0.3058,-1,-1,-1
306,64,383.83,159.18,56.56,148.65,0.7650,-1,-1,-1
306,63,270.75,161.13,37.30,147.16,0.5982,-1,-1,-1
306,59,0.52,86.09,85.43,232.33,0.3053,-1,-1,-1
306,58,348.69,188.56,40.55,125.31,0.5548,-1,-1,-1
306,56,304.53,153.62,51.82,163.88,0.6871,-1,-1,-1
306,54,577.80,0.00,61.83,480.00,0.4559,-1,-1,-1
306,42,464.56,161.43,71.44,169.42,0.8048,-1,-1,-1
306,2,3.79,0.80,242.12,466.23,0.3526,-1,-1,-1
306,1,511.88,134.17,93.74,242.99,0.8047,-1,-1,-1
307,64,385.01,158.67,65.84,148.89,0.7865,-1,-1,-1
307,63,266.37,153.22,41.88,150.22,0.4171,-1,-1,-1
307,58,341.86,187.09,46.42,127.93,0.5548,-1,-1,-1
307,56,304.93,152.78,51.92,166.18,0.7664,-1,-1,-1
307,42,466.96,164.43,61.98,169.64,0.7172,-1,-1,-1
307,18,177.16,100.11,101.05,337.55,0.6156,-1,-1,-1
307,2,0.29,0.35,214.42,477.54,0.3885,-1,-1,-1
307,1,507.72,128.08,110.92,249.66,0.8132,-1,-1,-1
308,70,468.07,168.38,29.36,122.21,0.4677,-1,-1,-1
308,64,384.32,159.01,74.31,147.98,0.8042,-1,-1,-1
308,63,274.18,179.86,32.60,111.62,0.4045,-1,-1,-1
308,58,354.63,185.62,35.44,129.52,0.7032,-1,-1,-1
308,56,307.97,151.02,51.09,168.49,0.7905,-1,-1,-1
308,42,477.37,173.74,60.25,154.14,0.3123,-1,-1,-1
308,18,150.06,58.70,137.17,416.52,0.8632,-1,-1,-1
308,1,496.56,123.40,123.08,259.13,0.8262,-1,-1,-1
309,70,467.64,169.19,33.38,121.21,0.6659,-1,-1,-1
309,64,389.29,158.38,71.02,150.75,0.8142,-1,-1,-1
309,58,363.57,185.07,36.82,128.92,0.6373,-1,-1,-1
309,56,309.19,150.86,70.17,169.53,0.8431,-1,-1,-1
309,18,115.57,57.26,179.35,422.74,0.8759,-1,-1,-1
309,2,0.16,0.72,107.36,478.31,0.5376,-1,-1,-1
309,1,490.42,118.59,136.39,282.29,0.8728,-1,-1,-1
310,70,463.92,175.58,37.97,117.76,0.6796,-1,-1,-1
310,64,394.78,159.08,61.90,153.96,0.7615,-1,-1,-1
310,59,39.72,115.99,52.40,205.48,0.5634,-1,-1,-1
310,58,363.39,186.02,54.49,131.65,0.6418,-1,-1,-1
310,56,305.27,152.36,79.64,171.79,0.8537,-1,-1,-1
310,18,105.04,85.58,187.22,394.42,0.8673,-1,-1,-1
310,1,496.58,119.47,138.20,292.82,0.8441,-1,-1,-1
311,70,459.78,177.32,38.07,116.20,0.7473,-1,-1,-1
311,64,396.42,159.30,59.95,157.65,0.7741,-1,-1,-1
311,58,364.47,187.51,56.55,133.25,0.6612,-1,-1,-1
311,56,297.71,152.84,84.73,173.80,0.8540,-1,-1,-1
311,41,0.15,153.33,43.03,155.04,0.5231,-1,-1,-1
311,18,117.48,82.36,170.12,397.64,0.8418,-1,-1,-1
311,2,38.01,72.96,111.28,370.73,0.8240,-1,-1,-1
311,1,494.44,115.24,143.98,317.56,0.8847,-1,-1,-1
312,70,453.70,177.48,36.30,116.09,0.7331,-1,-1,-1
312,64,396.70,153.77,60.84,164.03,0.7225,-1,-1,-1
312,58,362.68,189.26,55.99,134.02,0.6164,-1,-1,-1
312,56,292.74,150.86,87.25,178.31,0.8818,-1,-1,-1
312,18,114.91,62.48,166.36,415.64,0.8812,-1,-1,-1
312,2,0.00,60.78,125.26,392.41,0.8998,-1,-1,-1
312,1,489.71,105.98,144.70,333.00,0.8926,-1,-1,-1
313,70,445.98,178.12,38.14,113.79,0.7122,-1,-1,-1
313,64,397.40,156.66,59.88,162.39,0.7329,-1,-1,-1
313,63,271.95,177.32,36.51,139.08,0.3461,-1,-1,-1
313,58,358.78,188.73,53.42,137.78,0.6821,-1,-1,-1
313,56,295.31,150.06,83.25,180.71,0.8423,-1,-1,-1
313,18,108.48,68.82,168.93,409.89,0.8785,-1,-1,-1
313,2,0.00,51.39,99.34,412.50,0.8864,-1,-1,-1
313,1,483.53,95.37,144.88,348.27,0.8805,-1,-1,-1
314,70,444.12,177.38,34.83,114.22,0.6570,-1,-1,-1
314,64,399.29,155.85,59.20,164.26,0.7812,-1,-1,-1
314,59,37.60,145.40,71.65,177.35,0.3321,-1,-1,-1
314,58,364.15,185.09,47.87,140.33,0.7042,-1,-1,-1
314,56,300.77,148.92,80.82,183.42,0.8188,-1,-1,-1
314,18,108.34,66.11,171.65,413.85,0.8713,-1,-1,-1
314,2,0.09,38.54,82.94,435.62,0.8191,-1,-1,-1
314,1,479.67,85.45,149.95,362.92,0.8714,-1,-1,-1
315,64,406.38,159.73,67.21,162.45,0.7406,-1,-1,-1
315,59,5.13,149.65,84.93,181.63,0.7586,-1,-1,-1
315,58,375.83,189.79,47.70,145.21,0.6792,-1,-1,-1
315,56,314.85,152.09,63.24,187.54,0.8028,-1,-1,-1
315,18,114.37,69.31,173.64,410.69,0.8883,-1,-1,-1
315,1,479.34,78.79,159.71,394.23,0.8983,-1,-1,-1
316,64,416.28,156.78,61.75,162.06,0.7187,-1,-1,-1
316,59,19.55,145.77,65.01,179.27,0.8001,-1,-1,-1
316,58,374.44,188.70,72.70,145.27,0.8177,-1,-1,-1
316,56,318.97,146.23,67.14,192.92,0.7821,-1,-1,-1
316,41,0.00,110.70,21.73,195.00,0.4945,-1,-1,-1
316,18,118.52,64.92,178.01,415.08,0.8937,-1,-1,-1
316,1,480.75,66.86,158.62,413.14,0.9018,-1,-1,-1
317,64,427.49,156.15,58.49,167.41,0.7291,-1,-1,-1
317,59,31.40,145.69,56.00,178.24,0.8410,-1,-1,-1
317,58,386.86,188.65,77.05,148.20,0.5471,-1,-1,-1
317,56,324.16,143.78,79.64,197.20,0.8410,-1,-1,-1
317,18,124.78,65.47,178.51,413.49,0.8971,-1,-1,-1
317,1,487.99,51.67,151.95,428.33,0.9216,-1,-1,-1
318,64,435.07,156.67,58.86,166.59,0.7454,-1,-1,-1
318,59,32.85,146.12,58.85,179.31,0.8352,-1,-1,-1
318,58,397.82,185.07,73.07,151.84,0.7635,-1,-1,-1
318,56,326.64,142.00,84.14,200.43,0.8617,-1,-1,-1
318,18,129.25,67.48,184.45,412.52,0.8462,-1,-1,-1
318,1,492.12,41.16,147.81,438.84,0.9193,-1,-1,-1
319,64,443.66,149.85,59.35,171.35,0.6665,-1,-1,-1
319,59,37.47,145.74,61.53,177.00,0.8263,-1,-1,-1
319,58,407.63,183.74,71.97,151.88,0.5634,-1,-1,-1
319,56,330.81,126.11,96.08,216.44,0.8664,-1,-1,-1
319,18,137.73,71.32,178.36,406.64,0.8767,-1,-1,-1
319,1,503.43,14.80,136.39,463.16,0.9129,-1,-1,-1
320,64,459.23,145.58,59.04,175.74,0.4720,-1,-1,-1
320,59,33.62,143.14,72.57,177.18,0.8178,-1,-1,-1
320,58,421.33,172.47,63.48,162.26,0.6891,-1,-1,-1
320,56,332.88,132.39,102.88,208.76,0.8862,-1,-1,-1
320,18,149.99,74.66,176.18,404.67,0.8649,-1,-1,-1
320,1,518.57,0.00,121.17,480.00,0.8849,-1,-1,-1
321,73,152.28,119.71,57.20,191.50,0.4305,-1,-1,-1
321,59,44.79,135.36,70.51,179.67,0.8635,-1,-1,-1
321,58,459.17,171.91,39.71,161.45,0.5412,-1,-1,-1
321,56,343.60,125.28,102.75,215.60,0.8861,-1,-1,-1
321,42,547.27,51.26,92.58,426.63,0.3475,-1,-1,-1
321,18,171.37,52.96,167.83,426.56,0.8705,-1,-1,-1
322,73,144.67,111.72,69.36,196.35,0.7455,-1,-1,-1
322,64,472.13,160.35,65.12,170.61,0.6782,-1,-1,-1
322,59,58.03,129.49,65.52,177.91,0.8230,-1,-1,-1
322,58,459.49,164.76,29.25,107.19,0.5174,-1,-1,-1
322,56,356.68,116.46,102.98,219.30,0.8588,-1,-1,-1
322,40,593.69,61.22,46.21,262.09,0.7488,-1,-1,-1
322,18,184.13,44.79,169.98,435.21,0.8802,-1,-1,-1
323,77,542.69,151.25,57.80,144.66,0.5032,-1,-1,-1
323,73,141.03,103.24,79.20,217.97,0.8353,-1,-1,-1
323,64,482.40,162.52,63.33,169.23,0.5737,-1,-1,-1
323,59,74.40,125.32,59.58,176.03,0.8200,-1,-1,-1
323,58,467.50,165.09,38.34,108.59,0.7133,-1,-1,-1
323,56,385.18,113.74,93.32,225.40,0.8610,-1,-1,-1
323,18,197.67,39.66,174.54,440.34,0.9010,-1,-1,-1
324,73,136.33,97.21,84.01,223.66,0.8335,-1,-1,-1
324,64,489.64,157.44,100.92,174.25,0.7860,-1,-1,-1
324,59,79.21,122.55,59.98,176.39,0.7953,-1,-1,-1
324,58,474.56,163.12,34.62,108.30,0.6747,-1,-1,-1
324,56,403.79,108.18,81.33,229.71,0.8247,-1,-1,-1
324,18,205.17,31.73,178.98,448.27,0.9035,-1,-1,-1
325,77,568.75,165.36,38.44,149.87,0.3111,-1,-1,-1
325,73,125.53,91.65,87.17,242.37,0.8381,-1,-1,-1
325,70,380.92,143.83,52.34,175.80,0.7266,-1,-1,-1
325,64,512.31,152.75,90.15,178.31,0.7678,-1,-1,-1
325,59,67.15,122.51,76.82,176.66,0.7950,-1,-1,-1
325,56,421.67,100.30,76.45,238.24,0.8087,-1,-1,-1
325,18,216.38,32.85,180.21,447.15,0.9065,-1,-1,-1
326,79,387.42,142.35,50.30,177.69,0.6698,-1,-1,-1
326,77,584.28,165.44,37.49,148.94,0.4575,-1,-1,-1
326,74,512.79,118.38,74.94,197.35,0.4444,-1,-1,-1
326,73,116.69,89.23,90.60,248.57,0.8176,-1,-1,-1
326,64,530.76,151.10,77.21,180.28,0.6979,-1,-1,-1
326,59,66.27,124.30,85.94,178.53,0.7123,-1,-1,-1
326,56,431.81,98.29,75.45,244.23,0.8656,-1,-1,-1
326,18,216.08,36.49,183.38,443.48,0.8992,-1,-1,-1
327,79,394.18,139.82,52.87,178.39,0.7293,-1,-1,-1
327,74,515.38,113.60,85.58,200.98,0.7679,-1,-1,-1
327,73,99.68,81.41,95.96,258.99,0.8710,-1,-1,-1
327,64,563.34,144.13,67.65,184.05,0.8160,-1,-1,-1
327,59,74.01,124.11,70.03,176.19,0.6390,-1,-1,-1
327,56,433.86,94.04,87.01,248.47,0.8880,-1,-1,-1
327,41,0.11,123.88,29.81,161.67,0.7699,-1,-1,-1
327,18,219.49,37.80,187.08,440.31,0.8833,-1,-1,-1
328,79,401.63,138.96,48.52,132.25,0.3027,-1,-1,-1
328,74,520.25,111.13,89.24,212.42,0.4245,-1,-1,-1
328,73,89.13,78.30,92.13,277.97,0.7857,-1,-1,-1
328,64,568.75,143.67,71.03,191.36,0.7823,-1,-1,-1
328,58,513.12,137.14,46.18,158.30,0.4091,-1,-1,-1
328,56,429.68,93.99,101.47,250.54,0.8787,-1,-1,-1
328,41,0.06,125.60,32.22,159.03,0.7584,-1,-1,-1
328,18,208.80,41.19,206.29,434.77,0.8397,-1,-1,-1
329,79,407.66,137.47,45.98,138.73,0.4215,-1,-1,-1
329,74,537.52,107.47,72.81,208.52,0.5163,-1,-1,-1
329,73,53.19,67.73,111.74,291.84,0.8753,-1,-1,-1
329,64,564.47,146.06,75.32,189.20,0.8078,-1,-1,-1
329,58,511.78,138.02,54.31,155.47,0.4948,-1,-1,-1
329,56,424.05,92.61,107.09,254.10,0.8939,-1,-1,-1
329,41,0.26,125.05,46.59,157.63,0.7696,-1,-1,-1
329,18,223.59,40.04,193.65,439.96,0.8236,-1,-1,-1
330,79,410.39,140.27,47.73,151.42,0.5149,-1,-1,-1
330,74,552.97,109.08,58.87,217.28,0.5736,-1,-1,-1
330,73,44.08,62.02,107.85,307.39,0.8384,-1,-1,-1
330,64,559.80,149.97,80.13,190.30,0.7781,-1,-1,-1
330,58,503.67,138.23,60.49,161.22,0.6632,-1,-1,-1
330,56,421.37,94.29,106.33,259.52,0.8872,-1,-1,-1
330,41,0.11,130.86,47.60,156.14,0.6370,-1,-1,-1
330,18,241.95,34.98,180.00,445.02,0.8508,-1,-1,-1
331,79,391.90,142.22,73.38,191.90,0.6652,-1,-1,-1
331,74,562.07,110.76,56.99,227.99,0.7403,-1,-1,-1
331,73,22.55,54.07,114.98,319.62,0.8644,-1,-1,-1
331,58,498.71,138.46,62.75,162.06,0.5725,-1,-1,-1
331,56,427.21,94.72,101.36,263.25,0.8693,-1,-1,-1
331,41,0.16,132.18,46.64,158.17,0.6218,-1,-1,-1
331,18,241.62,32.74,182.00,447.26,0.8659,-1,-1,-1
332,79,412.36,136.50,56.33,198.25,0.6840,-1,-1,-1
332,74,560.65,106.99,72.73,218.52,0.7998,-1,-1,-1
332,73,3.98,41.35,110.11,339.26,0.8850,-1,-1,-1
332,56,446.58,88.81,95.42,264.90,0.8648,-1,-1,-1
332,18,240.47,27.44,184.91,452.42,0.9127,-1,-1,-1
333,79,423.08,131.76,52.95,206.36,0.8000,-1,-1,-1
333,74,559.43,108.96,80.42,226.26,0.8702,-1,-1,-1
333,73,0.00,34.12,99.56,351.77,0.9165,-1,-1,-1
333,56,456.12,88.04,85.75,265.16,0.8396,-1,-1,-1
333,18,243.45,25.37,181.99,454.63,0.8931,-1,-1,-1
334,79,418.60,130.09,60.89,211.63,0.8472,-1,-1,-1
334,74,552.52,108.81,87.34,222.04,0.9007,-1,-1,-1
334,73,0.21,23.89,67.16,367.76,0.8868,-1,-1,-1
334,56,462.37,83.29,92.61,271.37,0.8788,-1,-1,-1
334,18,240.43,29.78,180.92,450.22,0.8956,-1,-1,-1
335,82,28.34,121.22,71.05,181.37,0.7377,-1,-1,-1
335,79,416.20,132.57,57.50,213.15,0.6969,-1,-1,-1
335,74,548.92,110.91,90.95,220.61,0.8955,-1,-1,-1
335,73,0.13,45.60,49.10,355.02,0.8329,-1,-1,-1
335,56,463.76,84.73,90.52,271.63,0.8359,-1,-1,-1
335,18,240.26,29.46,179.69,447.80,0.9060,-1,-1,-1
336,82,26.68,115.78,61.71,178.22,0.7519,-1,-1,-1
336,79,410.43,128.51,81.03,219.24,0.6550,-1,-1,-1
336,74,552.84,104.39,86.99,225.66,0.8826,-1,-1,-1
336,56,464.28,77.90,100.58,273.63,0.8486,-1,-1,-1
336,41,0.00,121.09,39.75,174.03,0.3881,-1,-1,-1
336,18,240.63,22.77,178.09,454.22,0.9050,-1,-1,-1
337,82,28.85,110.83,56.25,174.95,0.8423,-1,-1,-1
337,79,410.46,120.06,94.09,229.29,0.7625,-1,-1,-1
337,74,572.27,97.30,67.60,223.49,0.8724,-1,-1,-1
337,56,464.86,71.66,114.64,273.95,0.8441,-1,-1,-1
337,18,240.37,13.02,182.13,466.98,0.9130,-1,-1,-1
338,82,25.14,113.49,62.86,179.41,0.8275,-1,-1,-1
338,79,425.57,116.55,70.64,226.37,0.7689,-1,-1,-1
338,74,594.76,97.03,45.17,223.13,0.8011,-1,-1,-1
338,56,469.02,69.32,114.36,284.67,0.8406,-1,-1,-1
338,41,0.12,165.08,35.81,125.41,0.6240,-1,-1,-1
338,18,240.78,19.96,186.34,459.32,0.9028,-1,-1,-1
339,82,23.68,113.33,63.53,181.45,0.8276,-1,-1,-1
339,79,432.33,115.68,71.47,221.54,0.7679,-1,-1,-1
339,74,595.37,94.31,44.63,229.67,0.8486,-1,-1,-1
339,56,465.61,68.88,118.21,289.05,0.8681,-1,-1,-1
339,41,0.00,154.82,26.68,136.54,0.4016,-1,-1,-1
339,18,240.60,17.04,186.85,462.96,0.9062,-1,-1,-1
340,89,188.19,198.20,15.94,40.74,0.4480,-1,-1,-1
340,82,13.73,113.29,94.98,182.48,0.8413,-1,-1,-1
340,79,460.26,116.85,53.93,213.68,0.7128,-1,-1,-1
340,74,603.28,94.68,36.45,229.85,0.8176,-1,-1,-1
340,56,467.54,67.86,130.28,289.54,0.8770,-1,-1,-1
340,41,0.11,114.95,22.86,174.58,0.5375,-1,-1,-1
340,18,241.99,12.43,191.90,467.57,0.8865,-1,-1,-1
341,90,433.90,108.18,53.53,210.46,0.7800,-1,-1,-1
341,82,2.49,117.30,112.57,181.94,0.8640,-1,-1,-1
341,79,475.77,120.49,53.74,224.52,0.7189,-1,-1,-1
341,74,610.20,120.31,29.66,208.50,0.6629,-1,-1,-1
341,56,496.16,65.83,118.45,294.94,0.8619,-1,-1,-1
341,41,0.04,115.48,27.70,173.78,0.6963,-1,-1,-1
341,18,250.40,14.97,185.54,465.03,0.8715,-1,-1,-1
342,93,228.56,170.29,35.66,86.66,0.6958,-1,-1,-1
342,90,432.64,104.26,65.64,218.32,0.7181,-1,-1,-1
342,82,0.02,117.05,113.44,181.62,0.8865,-1,-1,-1
342,79,486.52,112.92,60.79,236.65,0.8003,-1,-1,-1
342,74,612.77,105.50,27.00,224.51,0.4794,-1,-1,-1
342,56,516.75,60.16,114.37,299.87,0.8155,-1,-1,-1
342,41,0.00,113.60,36.69,177.54,0.7069,-1,-1,-1
342,18,252.09,14.14,194.46,465.86,0.8404,-1,-1,-1
343,93,222.93,173.51,38.27,88.89,0.7601,-1,-1,-1
343,90,453.29,104.04,57.58,219.86,0.7998,-1,-1,-1
343,82,24.91,119.87,87.61,173.89,0.8432,-1,-1,-1
343,79,497.02,117.44,72.16,239.90,0.7783,-1,-1,-1
343,56,546.28,59.83,93.32,308.36,0.8511,-1,-1,-1
343,41,0.28,119.68,51.56,182.11,0.7694,-1,-1,-1
343,18,248.69,17.01,215.81,462.99,0.8246,-1,-1,-1
344,93,219.72,172.88,37.09,90.52,0.7698,-1,-1,-1
344,90,459.95,103.72,57.08,228.98,0.7392,-1,-1,-1
344,89,187.07,202.17,15.31,41.34,0.3155,-1,-1,-1
344,82,36.28,119.92,73.58,177.73,0.8142,-1,-1,-1
344,79,500.15,120.87,80.83,238.67,0.8536,-1,-1,-1
344,56,557.57,58.73,82.25,316.32,0.8875,-1,-1,-1
344,41,0.19,121.82,56.05,177.74,0.7614,-1,-1,-1
344,18,258.16,14.94,214.23,465.06,0.8386,-1,-1,-1
345,93,207.86,169.72,45.54,94.44,0.7461,-1,-1,-1
345,90,466.38,97.94,49.70,235.02,0.4728,-1,-1,-1
345,89,186.96,200.05,16.21,41.51,0.3221,-1,-1,-1
345,82,61.00,115.70,51.51,180.49,0.8049,-1,-1,-1
345,79,514.46,117.48,80.28,241.94,0.8285,-1,-1,-1
345,56,575.20,55.72,64.70,321.23,0.8783,-1,-1,-1
345,41,0.06,122.96,68.68,171.58,0.8403,-1,-1,-1
345,18,273.69,4.86,215.74,473.26,0.8090,-1,-1,-1
346,93,208.42,176.16,47.87,95.62,0.7929,-1,-1,-1
346,90,461.93,103.77,55.95,245.54,0.4931,-1,-1,-1
346,82,73.52,125.24,50.06,179.61,0.7772,-1,-1,-1
346,79,543.32,116.03,83.97,255.73,0.7942,-1,-1,-1
346,56,595.87,58.92,43.87,329.51,0.7634,-1,-1,-1
346,41,0.53,132.59,77.16,170.37,0.8444,-1,-1,-1
346,18,298.70,5.18,196.94,474.82,0.7970,-1,-1,-1
347,93,214.23,176.24,44.44,96.58,0.7569,-1,-1,-1
347,90,489.93,96.12,57.33,247.15,0.4438,-1,-1,-1
347,82,84.68,128.93,62.90,177.41,0.8375,-1,-1,-1
347,79,570.73,113.17,69.15,264.59,0.8129,-1,-1,-1
347,41,9.10,130.76,76.81,174.85,0.8244,-1,-1,-1
347,18,304.64,1.49,206.74,478.51,0.8328,-1,-1,-1
348,93,214.66,170.74,40.72,99.90,0.6573,-1,-1,-1
348,90,491.44,86.13,83.93,263.77,0.3041,-1,-1,-1
348,82,84.65,128.64,77.67,173.52,0.8689,-1,-1,-1
348,79,583.41,107.21,56.49,258.60,0.8473,-1,-1,-1
348,41,26.83,126.24,63.10,174.16,0.7701,-1,-1,-1
348,18,313.37,1.38,204.46,478.62,0.7771,-1,-1,-1
349,93,207.67,170.77,43.65,102.10,0.5483,-1,-1,-1
349,90,500.42,82.94,63.71,279.28,0.5497,-1,-1,-1
349,82,85.73,133.20,85.00,169.19,0.8358,-1,-1,-1
349,79,597.48,112.94,42.50,258.52,0.7199,-1,-1,-1
349,59,50.59,128.54,54.93,174.71,0.7850,-1,-1,-1
349,41,25.73,158.58,34.63,118.52,0.5410,-1,-1,-1
349,18,317.64,1.75,208.75,476.54,0.8068,-1,-1,-1
350,93,203.63,170.21,43.47,104.09,0.6744,-1,-1,-1
350,90,508.32,78.62,57.72,300.34,0.7984,-1,-1,-1
350,82,85.82,131.00,84.88,174.33,0.8513,-1,-1,-1
350,79,607.74,134.48,32.26,239.29,0.6292,-1,-1,-1
350,59,52.87,130.37,54.75,170.78,0.7859,-1,-1,-1
350,41,25.84,158.52,36.06,117.56,0.5308,-1,-1,-1
350,18,319.12,1.16,207.68,478.84,0.8556,-1,-1,-1
351,93,198.48,167.83,45.17,103.33,0.6919,-1,-1,-1
351,90,512.75,62.73,66.64,329.62,0.7698,-1,-1,-1
351,82,119.09,127.02,52.52,170.44,0.8050,-1,-1,-1
351,77,565.55,154.64,54.96,103.38,0.4168,-1,-1,-1
351,59,51.41,128.60,84.41,170.02,0.8459,-1,-1,-1
351,41,23.25,154.10,42.78,120.12,0.5901,-1,-1,-1
351,18,321.04,1.20,211.65,478.80,0.8400,-1,-1,-1
352,93,194.38,165.21,46.25,107.87,0.7722,-1,-1,-1
352,90,510.34,59.11,90.81,346.36,0.5610,-1,-1,-1
352,82,133.23,125.20,50.85,170.40,0.8237,-1,-1,-1
352,73,0.00,108.14,47.17,244.06,0.4305,-1,-1,-1
352,59,52.47,130.05,99.46,165.58,0.8871,-1,-1,-1
352,41,25.57,151.35,47.47,120.80,0.3498,-1,-1,-1
352,18,324.44,1.31,196.57,476.78,0.8305,-1,-1,-1
353,93,196.51,160.32,42.96,109.47,0.5699,-1,-1,-1
353,90,515.18,49.06,105.53,370.66,0.8687,-1,-1,-1
353,82,144.10,120.96,54.43,171.86,0.8178,-1,-1,-1
353,73,0.15,87.72,34.59,257.82,0.7840,-1,-1,-1
353,59,57.81,130.90,92.97,161.97,0.8761,-1,-1,-1
353,41,27.54,144.25,42.87,124.67,0.3277,-1,-1,-1
353,18,328.86,1.02,204.26,478.87,0.8404,-1,-1,-1
354,95,530.42,56.96,40.05,71.18,0.5133,-1,-1,-1
354,93,197.36,164.76,37.72,105.98,0.6843,-1,-1,-1
354,90,524.68,43.50,114.13,384.88,0.9040,-1,-1,-1
354,82,151.59,126.41,62.84,171.95,0.8321,-1,-1,-1
354,73,0.27,88.41,43.60,263.77,0.7611,-1,-1,-1
354,59,66.09,133.77,87.32,163.34,0.8426,-1,-1,-1
354,18,329.53,1.34,211.72,477.96,0.8395,-1,-1,-1
355,95,537.32,47.57,47.62,110.78,0.5613,-1,-1,-1
355,90,548.76,32.84,91.08,406.53,0.8924,-1,-1,-1
355,82,151.92,134.82,87.98,166.50,0.8619,-1,-1,-1
355,73,0.11,70.75,70.90,298.98,0.8493,-1,-1,-1
355,59,96.58,133.73,73.98,163.27,0.8369,-1,-1,-1
355,18,327.44,0.73,224.79,476.27,0.7051,-1,-1,-1
356,90,558.51,13.86,81.34,421.93,0.8951,-1,-1,-1
356,82,148.51,130.41,90.10,166.06,0.8627,-1,-1,-1
356,73,0.05,42.91,78.08,317.65,0.8704,-1,-1,-1
356,59,112.98,127.37,59.34,163.93,0.7899,-1,-1,-1
356,18,326.95,0.59,235.52,471.04,0.6624,-1,-1,-1
357,90,575.69,11.48,64.21,468.52,0.7956,-1,-1,-1
357,82,157.49,125.95,77.86,167.36,0.8381,-1,-1,-1
357,73,0.00,39.35,104.46,309.43,0.9116,-1,-1,-1
357,59,125.50,125.96,55.28,161.18,0.7952,-1,-1,-1
357,18,325.44,0.60,234.91,479.40,0.7514,-1,-1,-1
358,96,534.89,20.38,79.63,375.34,0.8243,-1,-1,-1
358,90,585.31,64.41,54.43,382.06,0.7906,-1,-1,-1
358,82,172.25,130.29,61.03,164.95,0.7144,-1,-1,-1
358,73,0.13,45.25,107.43,307.44,0.9061,-1,-1,-1
358,59,126.07,132.30,60.08,162.18,0.8413,-1,-1,-1
358,18,327.83,0.85,237.43,479.15,0.7975,-1,-1,-1
359,96,532.39,42.72,82.61,388.06,0.8600,-1,-1,-1
359,93,186.98,153.89,46.31,164.29,0.7842,-1,-1,-1
359,90,594.67,87.61,45.10,370.67,0.7896,-1,-1,-1
359,73,0.02,79.07,98.79,303.98,0.9116,-1,-1,-1
359,59,117.52,160.04,75.97,157.75,0.8437,-1,-1,-1
359,18,329.07,16.80,232.46,459.62,0.8331,-1,-1,-1
360,96,535.65,42.06,98.89,405.99,0.8534,-1,-1,-1
360,93,193.39,161.06,42.18,165.31,0.8012,-1,-1,-1
360,74,614.05,106.74,25.72,211.48,0.3694,-1,-1,-1
360,73,0.02,85.26,94.17,306.81,0.9074,-1,-1,-1
360,59,117.49,162.29,75.93,164.29,0.8402,-1,-1,-1
360,18,332.06,28.34,230.25,449.04,0.8130,-1,-1,-1
361,96,526.96,21.24,112.84,422.45,0.8874,-1,-1,-1
361,93,188.83,157.58,47.86,164.83,0.8308,-1,-1,-1
361,73,0.07,75.05,87.04,315.03,0.9181,-1,-1,-1
361,59,116.59,161.05,69.59,160.78,0.8033,-1,-1,-1
361,18,334.56,19.01,224.89,456.75,0.8064,-1,-1,-1
362,96,526.35,0.00,113.55,443.79,0.8871,-1,-1,-1
362,93,181.20,154.30,55.28,162.59,0.8651,-1,-1,-1
362,73,0.25,65.89,89.84,321.38,0.8995,-1,-1,-1
362,59,135.18,154.08,48.27,155.47,0.7197,-1,-1,-1
362,18,335.23,11.81,222.39,465.98,0.8219,-1,-1,-1
363,97,97.10,174.20,48.33,135.17,0.7430,-1,-1,-1
363,96,534.05,0.00,105.79,453.51,0.8737,-1,-1,-1
363,93,178.95,157.21,62.08,162.63,0.8107,-1,-1,-1
363,73,0.08,67.46,97.92,325.61,0.8985,-1,-1,-1
363,59,139.44,154.66,47.24,156.06,0.7852,-1,-1,-1
363,18,340.86,12.67,220.07,463.58,0.8705,-1,-1,-1
364,97,93.55,180.01,46.52,138.20,0.7118,-1,-1,-1
364,96,546.82,2.13,93.02,477.87,0.8256,-1,-1,-1
364,93,183.08,164.09,58.93,164.01,0.8288,-1,-1,-1
364,73,0.00,76.46,104.29,327.32,0.8801,-1,-1,-1
364,59,146.61,163.07,46.91,157.46,0.8069,-1,-1,-1
364,18,353.44,18.31,206.40,458.49,0.8309,-1,-1,-1
365,97,81.33,178.21,50.54,145.65,0.3858,-1,-1,-1
365,96,548.54,37.58,91.29,441.37,0.8249,-1,-1,-1
365,93,192.80,168.80,48.70,160.52,0.8372,-1,-1,-1
365,73,0.05,84.83,103.33,323.12,0.8847,-1,-1,-1
365,59,142.63,168.74,53.43,157.41,0.8376,-1,-1,-1
365,18,352.32,21.50,202.69,458.50,0.8641,-1,-1,-1
366,96,570.69,29.77,69.17,446.00,0.8545,-1,-1,-1
366,93,193.29,155.02,48.48,160.10,0.8536,-1,-1,-1
366,73,0.06,72.49,101.97,321.11,0.8833,-1,-1,-1
366,59,129.62,160.59,83.90,153.70,0.8548,-1,-1,-1
366,18,350.67,17.59,199.76,462.41,0.8087,-1,-1,-1
367,96,595.56,37.37,44.23,441.54,0.4221,-1,-1,-1
367,93,201.46,147.61,49.64,158.96,0.8118,-1,-1,-1
367,74,602.13,33.89,37.80,260.92,0.6346,-1,-1,-1
367,73,0.00,63.41,113.49,320.70,0.6886,-1,-1,-1
367,59,132.36,152.09,76.16,151.65,0.8683,-1,-1,-1
367,18,357.74,12.71,202.28,467.29,0.7836,-1,-1,-1
368,93,212.97,147.31,55.13,161.37,0.8370,-1,-1,-1
368,73,0.00,65.92,122.26,323.01,0.9084,-1,-1,-1
368,59,142.63,154.97,72.45,151.25,0.8735,-1,-1,-1
368,18,369.54,14.20,206.88,461.53,0.7974,-1,-1,-1
369,93,222.54,156.30,66.76,159.80,0.8794,-1,-1,-1
369,73,0.00,77.20,135.28,309.85,0.9081,-1,-1,-1
369,59,161.14,159.99,67.51,153.06,0.8358,-1,-1,-1
369,18,382.86,14.89,208.30,465.11,0.7993,-1,-1,-1
370,93,220.00,162.03,67.89,157.15,0.8731,-1,-1,-1
370,73,0.00,77.56,135.33,305.30,0.9045,-1,-1,-1
370,59,175.75,161.69,57.26,149.53,0.8048,-1,-1,-1
370,18,413.97,11.01,182.87,468.99,0.7041,-1,-1,-1
371,93,221.51,159.95,65.86,157.42,0.8602,-1,-1,-1
371,89,176.51,219.04,18.60,50.53,0.5303,-1,-1,-1
371,73,0.00,74.74,135.04,308.12,0.8934,-1,-1,-1
371,59,188.15,156.80,49.87,153.40,0.8102,-1,-1,-1
371,18,377.37,6.83,232.87,472.49,0.7237,-1,-1,-1
372,99,0.05,161.10,41.78,213.69,0.4380,-1,-1,-1
372,93,231.00,159.12,61.58,155.25,0.8309,-1,-1,-1
372,73,7.99,73.55,132.04,307.66,0.8884,-1,-1,-1
372,59,195.08,158.61,50.71,151.40,0.8386,-1,-1,-1
372,18,391.76,0.50,239.25,474.29,0.7741,-1,-1,-1
373,99,0.18,110.67,38.18,269.05,0.5746,-1,-1,-1
373,93,249.93,156.94,55.45,157.79,0.8100,-1,-1,-1
373,89,182.73,220.01,19.90,47.81,0.4382,-1,-1,-1
373,73,21.45,79.75,131.17,307.82,0.8768,-1,-1,-1
373,59,206.04,159.20,54.95,150.63,0.7866,-1,-1,-1
373,18,389.67,0.45,249.72,477.74,0.7729,-1,-1,-1
374,99,0.11,105.81,48.04,275.64,0.8111,-1,-1,-1
374,93,267.28,158.36,45.24,157.50,0.8149,-1,-1,-1
374,89,186.96,220.83,20.30,49.39,0.6455,-1,-1,-1
374,73,26.98,85.16,133.17,310.79,0.9135,-1,-1,-1
374,59,212.24,165.22,60.26,146.90,0.8292,-1,-1,-1
374,18,395.96,0.60,243.81,479.40,0.8051,-1,-1,-1
375,99,0.06,102.35,51.09,281.00,0.8409,-1,-1,-1
375,93,273.44,157.57,44.92,157.50,0.8191,-1,-1,-1
375,89,187.85,221.10,17.78,47.63,0.4489,-1,-1,-1
375,73,29.94,79.59,127.68,319.35,0.9087,-1,-1,-1
375,59,214.54,164.42,60.33,146.96,0.8252,-1,-1,-1
375,18,416.69,0.37,222.99,479.63,0.8331,-1,-1,-1
376,99,0.18,99.96,60.41,281.17,0.8470,-1,-1,-1
376,93,277.80,159.62,45.34,154.14,0.8111,-1,-1,-1
376,89,187.44,218.70,18.73,48.53,0.4901,-1,-1,-1
376,73,34.63,79.85,130.07,312.51,0.8994,-1,-1,-1
376,59,221.69,162.29,55.13,149.58,0.8277,-1,-1,-1
376,18,427.32,0.78,212.46,479.22,0.8703,-1,-1,-1
377,101,445.80,192.56,40.79,89.79,0.6947,-1,-1,-1
377,99,0.23,96.90,65.47,289.52,0.8691,-1,-1,-1
377,93,279.28,161.03,47.78,153.89,0.8219,-1,-1,-1
377,89,185.87,217.27,20.25,49.73,0.5295,-1,-1,-1
377,73,35.59,73.13,137.01,314.87,0.9036,-1,-1,-1
377,59,229.64,159.50,48.24,145.61,0.8411,-1,-1,-1
377,18,454.34,18.38,185.14,460.62,0.8272,-1,-1,-1
378,101,447.99,193.08,39.71,91.49,0.7467,-1,-1,-1
378,99,0.20,96.39,66.77,290.71,0.8417,-1,-1,-1
378,93,281.63,159.68,48.50,156.01,0.7886,-1,-1,-1
378,89,186.78,216.89,18.89,48.86,0.4005,-1,-1,-1
378,73,44.10,72.54,131.06,305.47,0.9042,-1,-1,-1
378,59,234.20,159.13,45.17,147.72,0.8087,-1,-1,-1
378,18,480.30,26.53,159.26,451.32,0.7824,-1,-1,-1
379,101,446.73,191.31,41.60,88.45,0.7357,-1,-1,-1
379,99,0.20,95.66,55.33,276.48,0.8316,-1,-1,-1
379,93,288.04,155.47,47.38,154.69,0.8250,-1,-1,-1
379,73,44.42,70.33,129.18,311.49,0.9090,-1,-1,-1
379,59,237.79,158.38,44.24,147.87,0.7580,-1,-1,-1
379,18,505.17,40.97,134.69,439.03,0.8233,-1,-1,-1
380,101,444.67,193.07,40.98,91.71,0.7602,-1,-1,-1
380,99,0.22,100.62,55.35,278.96,0.8307,-1,-1,-1
380,93,292.35,158.95,45.22,153.50,0.8535,-1,-1,-1
380,73,41.14,72.09,129.34,318.45,0.9091,-1,-1,-1
380,59,238.19,161.83,53.84,147.97,0.7780,-1,-1,-1
380,18,532.33,54.75,107.67,423.97,0.7979,-1,-1,-1
381,102,508.97,164.66,65.79,168.46,0.7993,-1,-1,-1
381,101,443.00,195.91,42.09,91.72,0.6528,-1,-1,-1
381,99,0.09,111.79,49.33,271.46,0.8099,-1,-1,-1
381,93,293.38,161.66,46.16,155.30,0.8392,-1,-1,-1
381,73,37.74,75.63,126.62,324.68,0.9009,-1,-1,-1
381,59,234.69,169.50,59.59,144.82,0.8035,-1,-1,-1
381,18,552.42,79.34,87.10,399.30,0.8513,-1,-1,-1
382,102,508.70,164.01,77.34,172.78,0.8207,-1,-1,-1
382,101,448.18,195.14,37.78,90.27,0.5545,-1,-1,-1
382,99,0.08,125.03,40.16,208.73,0.7746,-1,-1,-1
382,93,292.17,159.33,52.47,157.37,0.8303,-1,-1,-1
382,73,33.39,75.60,123.22,331.56,0.8928,-1,-1,-1
382,59,231.37,170.03,58.75,144.12,0.7874,-1,-1,-1
382,18,574.59,119.33,65.26,358.33,0.8172,-1,-1,-1
383,104,441.07,203.88,20.92,79.93,0.3228,-1,-1,-1
383,102,503.51,163.27,89.16,179.93,0.8431,-1,-1,-1
383,101,442.74,200.84,36.30,86.14,0.5161,-1,-1,-1
383,99,0.00,137.47,37.85,198.75,0.7273,-1,-1,-1
383,93,289.68,161.35,58.63,160.09,0.8609,-1,-1,-1
383,90,592.48,232.81,47.40,245.85,0.6740,-1,-1,-1
383,73,21.74,75.73,125.31,337.98,0.9024,-1,-1,-1
383,59,228.10,171.94,58.94,145.13,0.8325,-1,-1,-1
384,102,509.43,152.60,82.58,186.73,0.8692,-1,-1,-1
384,101,433.26,196.23,43.47,88.24,0.5956,-1,-1,-1
384,99,0.14,177.88,24.86,143.45,0.5623,-1,-1,-1
384,93,283.81,161.57,56.10,157.93,0.8819,-1,-1,-1
384,73,5.07,72.96,126.85,335.19,0.8993,-1,-1,-1
384,59,230.19,166.09,58.40,145.12,0.8165,-1,-1,-1
385,102,512.42,148.16,78.74,193.13,0.8484,-1,-1,-1
385,101,432.33,194.36,42.51,86.57,0.7244,-1,-1,-1
385,93,283.13,160.23,55.43,157.82,0.8696,-1,-1,-1
385,73,0.00,66.63,126.62,333.60,0.9165,-1,-1,-1
385,59,235.92,162.35,51.36,146.42,0.8234,-1,-1,-1
386,102,524.56,143.41,57.27,206.66,0.8515,-1,-1,-1
386,101,428.24,191.24,43.37,86.96,0.6966,-1,-1,-1
386,93,284.83,156.89,53.53,158.11,0.8677,-1,-1,-1
386,73,0.00,62.33,121.10,337.89,0.9177,-1,-1,-1
386,59,238.72,159.24,50.23,150.12,0.8107,-1,-1,-1
387,102,523.23,137.16,68.75,221.65,0.8724,-1,-1,-1
387,101,421.54,190.83,41.76,87.18,0.6857,-1,-1,-1
387,93,288.36,153.02,46.92,159.27,0.8398,-1,-1,-1
387,73,0.05,57.60,118.05,350.28,0.9154,-1,-1,-1
387,59,234.90,159.57,54.25,149.05,0.8196,-1,-1,-1
388,105,381.88,219.98,13.34,31.37,0.3617,-1,-1,-1
388,102,521.69,135.96,70.10,230.48,0.8617,-1,-1,-1
388,101,417.87,190.62,39.90,89.92,0.5974,-1,-1,-1
388,93,288.62,155.10,44.25,160.33,0.8040,-1,-1,-1
388,73,0.10,57.07,111.38,358.49,0.9080,-1,-1,-1
388,59,234.44,164.00,51.72,146.90,0.8594,-1,-1,-1
389,104,427.26,197.25,24.34,87.48,0.4457,-1,-1,-1
389,102,522.94,136.56,73.16,243.97,0.8784,-1,-1,-1
389,101,412.49,198.74,23.53,84.19,0.3862,-1,-1,-1
389,93,284.43,163.28,45.43,159.63,0.7678,-1,-1,-1
389,73,0.05,59.38,106.01,358.00,0.9008,-1,-1,-1
389,59,228.27,171.57,52.68,144.21,0.8679,-1,-1,-1
390,102,519.11,125.69,75.92,253.53,0.8744,-1,-1,-1
390,101,404.05,194.76,38.93,85.43,0.6972,-1,-1,-1
390,93,275.99,163.17,51.90,154.37,0.8280,-1,-1,-1
390,73,0.03,58.70,95.35,341.34,0.8813,-1,-1,-1
390,59,222.18,167.32,54.17,149.38,0.8406,-1,-1,-1
391,102,505.41,114.43,99.26,266.77,0.8817,-1,-1,-1
391,101,395.80,192.10,35.78,84.14,0.6724,-1,-1,-1
391,93,268.13,162.77,48.65,153.86,0.7901,-1,-1,-1
391,73,0.28,93.86,78.37,311.18,0.8842,-1,-1,-1
391,59,215.70,164.02,49.51,143.43,0.8556,-1,-1,-1
392,102,498.64,107.67,120.95,275.58,0.8902,-1,-1,-1
392,101,388.60,192.30,36.78,78.52,0.7529,-1,-1,-1
392,93,264.01,157.12,50.51,158.22,0.7477,-1,-1,-1
392,73,0.04,96.53,65.13,312.32,0.8573,-1,-1,-1
392,59,213.61,160.94,47.26,145.73,0.8308,-1,-1,-1
393,102,489.64,106.93,150.19,302.36,0.9024,-1,-1,-1
393,101,382.69,196.57,37.17,82.65,0.7259,-1,-1,-1
393,93,259.11,163.45,52.80,153.16,0.8069,-1,-1,-1
393,73,0.29,103.09,51.90,310.53,0.7830,-1,-1,-1
393,59,209.88,164.19,46.16,149.90,0.8187,-1,-1,-1
394,112,342.48,221.03,12.52,33.42,0.3723,-1,-1,-1
394,102,492.45,103.29,147.53,313.34,0.9113,-1,-1,-1
394,101,383.17,195.83,37.63,83.38,0.7382,-1,-1,-1
394,93,260.80,161.71,51.11,154.47,0.7967,-1,-1,-1
394,73,0.25,104.07,66.02,313.18,0.6986,-1,-1,-1
394,59,211.84,165.14,46.09,150.28,0.8239,-1,-1,-1
395,111,83.00,221.83,19.16,61.07,0.4354,-1,-1,-1
395,102,486.88,93.59,152.99,336.38,0.9142,-1,-1,-1
395,101,377.97,193.08,37.05,84.06,0.7641,-1,-1,-1
395,99,0.23,103.75,36.01,225.71,0.6575,-1,-1,-1
395,93,255.19,158.85,51.19,154.98,0.8398,-1,-1,-1
395,59,207.56,161.80,52.39,149.88,0.8532,-1,-1,-1
396,102,487.84,87.27,152.04,362.08,0.9193,-1,-1,-1
396,101,373.39,197.22,35.50,82.45,0.7302,-1,-1,-1
396,99,0.02,110.11,25.49,223.37,0.6887,-1,-1,-1
396,93,253.71,161.06,47.99,155.66,0.8373,-1,-1,-1
396,59,202.96,166.52,57.00,149.65,0.8394,-1,-1,-1
397,102,493.18,76.40,146.66,387.56,0.9147,-1,-1,-1
397,101,370.81,200.28,31.60,80.41,0.4874,-1,-1,-1
397,93,254.12,165.33,47.69,154.96,0.8377,-1,-1,-1
397,59,198.83,169.65,54.46,147.29,0.8517,-1,-1,-1
398,114,305.90,224.21,13.14,32.34,0.3172,-1,-1,-1
398,102,511.97,60.80,127.88,411.41,0.8970,-1,-1,-1
398,101,369.61,202.23,32.69,80.23,0.5846,-1,-1,-1
398,93,254.03,169.17,46.73,154.40,0.8324,-1,-1,-1
398,59,199.18,173.06,51.70,146.77,0.8325,-1,-1,-1
399,115,321.95,220.50,14.76,34.95,0.3618,-1,-1,-1
399,102,522.69,38.96,117.31,440.36,0.8849,-1,-1,-1
399,101,368.37,196.30,35.75,83.85,0.5747,-1,-1,-1
399,93,252.72,166.12,49.41,155.31,0.8187,-1,-1,-1
399,59,200.19,169.71,51.52,147.25,0.8106,-1,-1,-1
400,115,316.50,218.08,13.52,35.50,0.3485,-1,-1,-1
400,102,540.00,24.00,99.83,456.00,0.8497,-1,-1,-1
400,101,364.30,195.12,32.71,84.14,0.7023,-1,-1,-1
400,93,250.63,164.60,48.89,152.31,0.8584,-1,-1,-1
400,59,205.64,164.44,44.50,147.63,0.8165,-1,-1,-1
401,102,564.14,26.78,75.63,453.22,0.8554,-1,-1,-1
401,101,359.53,198.70,32.55,81.14,0.4779,-1,-1,-1
401,93,248.77,164.27,48.65,150.17,0.8304,-1,-1,-1
401,59,199.78,163.69,51.64,147.33,0.8370,-1,-1,-1
402,102,584.47,80.55,55.39,399.45,0.8287,-1,-1,-1
402,93,246.05,160.65,45.48,149.42,0.8265,-1,-1,-1
402,59,196.68,160.93,50.19,148.48,0.8397,-1,-1,-1
403,102,599.08,102.97,40.74,375.29,0.4065,-1,-1,-1
403,101,352.08,193.70,34.47,84.84,0.4314,-1,-1,-1
403,93,244.19,167.28,50.47,148.67,0.8472,-1,-1,-1
403,59,197.19,165.79,49.86,147.82,0.8566,-1,-1,-1
404,101,350.59,193.98,34.73,81.93,0.5319,-1,-1,-1
404,93,243.73,166.89,51.89,149.47,0.8153,-1,-1,-1
404,59,197.59,168.02,48.52,145.20,0.8521,-1,-1,-1
405,114,300.60,216.19,14.14,34.07,0.3747,-1,-1,-1
405,101,348.42,193.38,31.94,79.40,0.5736,-1,-1,-1
405,93,243.86,165.11,51.87,148.28,0.8255,-1,-1,-1
405,59,195.00,167.73,51.76,143.05,0.8551,-1,-1,-1
406,101,347.40,191.81,32.88,82.17,0.6697,-1,-1,-1
406,93,244.01,164.81,48.99,144.64,0.8270,-1,-1,-1
406,59,194.55,166.09,52.46,139.98,0.8373,-1,-1,-1
407,101,347.23,192.26,31.51,78.94,0.6991,-1,-1,-1
407,93,248.91,160.46,46.70,144.04,0.8037,-1,-1,-1
407,59,195.50,159.76,50.64,143.21,0.8290,-1,-1,-1
408,101,345.71,191.18,32.55,78.31,0.7891,-1,-1,-1
408,93,249.95,158.76,45.87,144.55,0.8272,-1,-1,-1
408,59,197.72,155.21,46.08,147.44,0.8224,-1,-1,-1
409,101,345.34,187.84,33.25,79.83,0.7920,-1,-1,-1
409,93,248.86,157.77,46.10,143.87,0.8138,-1,-1,-1
409,59,196.12,156.41,45.64,144.78,0.8379,-1,-1,-1
410,101,339.50,184.55,34.81,80.67,0.5620,-1,-1,-1
410,93,246.77,157.60,47.19,145.71,0.8264,-1,-1,-1
410,59,191.54,159.16,48.82,142.30,0.8355,-1,-1,-1
411,101,334.96,189.49,34.18,74.95,0.3805,-1,-1,-1
411,93,242.63,158.44,45.19,145.59,0.8174,-1,-1,-1
411,59,183.55,159.32,52.22,139.60,0.8485,-1,-1,-1
412,101,328.23,188.97,33.00,77.46,0.6981,-1,-1,-1
412,93,238.39,162.21,45.57,142.21,0.8007,-1,-1,-1
412,59,183.92,162.85,43.83,140.26,0.8240,-1,-1,-1
413,101,325.39,187.38,34.19,76.78,0.5351,-1,-1,-1
413,93,235.85,159.64,47.87,142.59,0.7736,-1,-1,-1
413,59,182.95,162.13,44.35,139.80,0.8216,-1,-1,-1
414,101,317.88,188.55,36.71,76.84,0.6141,-1,-1,-1
414,93,233.65,162.79,46.31,139.56,0.7851,-1,-1,-1
414,90,566.13,193.06,73.73,237.88,0.6422,-1,-1,-1
414,59,178.82,161.09,48.32,140.07,0.8274,-1,-1,-1
415,101,312.21,191.80,32.98,74.01,0.4626,-1,-1,-1
415,93,227.79,159.95,45.55,140.66,0.8077,-1,-1,-1
415,90,546.50,132.99,93.50,283.53,0.8508,-1,-1,-1
415,59,173.16,160.01,48.46,140.27,0.8280,-1,-1,-1
416,101,304.47,195.26,28.10,72.52,0.3441,-1,-1,-1
416,93,221.60,164.98,46.08,139.25,0.7813,-1,-1,-1
416,90,543.94,93.06,96.06,334.69,0.8903,-1,-1,-1
416,59,169.93,161.93,50.53,138.92,0.8229,-1,-1,-1
417,101,300.74,193.15,31.40,77.58,0.6708,-1,-1,-1
417,93,218.64,169.91,42.84,137.57,0.7352,-1,-1,-1
417,90,544.54,41.38,95.38,393.55,0.8591,-1,-1,-1
417,59,168.70,163.94,48.99,140.48,0.8351,-1,-1,-1
418,101,297.09,193.79,31.14,72.75,0.6020,-1,-1,-1
418,93,210.68,167.75,51.68,135.60,0.8224,-1,-1,-1
418,90,543.89,28.44,95.94,406.96,0.8707,-1,-1,-1
418,59,166.64,163.73,48.16,137.26,0.8472,-1,-1,-1
419,101,294.70,191.90,31.87,75.59,0.7496,-1,-1,-1
419,93,209.43,169.38,49.69,135.22,0.8024,-1,-1,-1
419,90,526.17,26.10,113.56,411.70,0.8963,-1,-1,-1
419,59,164.05,166.98,49.90,135.41,0.8383,-1,-1,-1
420,101,288.25,193.72,32.61,70.57,0.7503,-1,-1,-1
420,93,208.64,169.04,44.79,133.16,0.7921,-1,-1,-1
420,90,494.03,23.20,145.83,423.13,0.9185,-1,-1,-1
420,59,160.17,166.84,49.51,135.51,0.8042,-1,-1,-1
421,101,280.69,191.50,32.44,74.09,0.8138,-1,-1,-1
421,93,203.24,167.35,42.85,129.18,0.7577,-1,-1,-1
421,90,472.87,28.83,166.76,420.26,0.9189,-1,-1,-1
421,59,153.56,167.08,47.39,129.64,0.8403,-1,-1,-1
422,101,277.90,189.95,30.89,74.73,0.7365,-1,-1,-1
422,93,199.29,163.36,42.88,132.69,0.7862,-1,-1,-1
422,90,465.12,32.44,174.28,416.73,0.9190,-1,-1,-1
422,59,151.59,163.68,46.67,131.25,0.8326,-1,-1,-1
423,101,271.89,190.02,30.97,71.81,0.6322,-1,-1,-1
423,93,195.71,159.36,42.51,132.13,0.7962,-1,-1,-1
423,90,456.68,36.76,175.59,416.22,0.9169,-1,-1,-1
423,59,146.72,159.76,46.73,134.18,0.8230,-1,-1,-1
424,101,266.60,187.53,29.91,74.86,0.7527,-1,-1,-1
424,93,193.49,161.49,40.36,131.87,0.7997,-1,-1,-1
424,90,442.88,44.33,179.88,409.51,0.8873,-1,-1,-1
424,59,141.95,159.75,45.22,135.29,0.8042,-1,-1,-1
425,101,259.39,185.93,30.14,73.20,0.7065,-1,-1,-1
425,93,185.92,159.83,40.91,132.70,0.7891,-1,-1,-1
425,90,428.16,46.59,182.32,400.94,0.8981,-1,-1,-1
425,59,135.26,161.00,46.40,131.63,0.8082,-1,-1,-1
426,101,254.80,183.59,28.54,73.39,0.6919,-1,-1,-1
426,93,182.85,159.71,39.15,130.19,0.7940,-1,-1,-1
426,90,419.14,47.65,185.79,397.97,0.8713,-1,-1,-1
426,59,129.90,158.64,49.19,132.13,0.7797,-1,-1,-1
427,102,589.02,76.82,50.86,300.86,0.6231,-1,-1,-1
427,101,249.18,178.57,27.93,76.00,0.7293,-1,-1,-1
427,93,177.32,157.01,44.41,130.34,0.7679,-1,-1,-1
427,90,409.37,45.51,156.96,392.74,0.8805,-1,-1,-1
427,59,124.59,158.60,50.14,129.58,0.7880,-1,-1,-1
428,102,559.20,0.00,80.66,476.94,0.8489,-1,-1,-1
428,101,240.86,179.44,29.38,73.38,0.6693,-1,-1,-1
428,93,174.00,152.20,42.21,130.30,0.7952,-1,-1,-1
428,90,406.45,42.71,131.21,376.60,0.9019,-1,-1,-1
428,59,118.93,157.60,51.86,128.74,0.8163,-1,-1,-1
429,102,470.76,1.32,169.24,478.09,0.8365,-1,-1,-1
429,101,235.01,179.37,28.27,74.56,0.7574,-1,-1,-1
429,93,170.99,152.44,42.98,129.64,0.7994,-1,-1,-1
429,90,400.03,45.36,114.58,355.68,0.9054,-1,-1,-1
429,59,116.69,156.02,48.83,127.59,0.7954,-1,-1,-1
430,102,403.13,0.00,236.47,479.33,0.8965,-1,-1,-1
430,101,229.00,182.13,27.27,71.55,0.5709,-1,-1,-1
430,93,165.85,153.55,41.87,128.04,0.7857,-1,-1,-1
430,90,366.40,50.13,128.91,351.17,0.8954,-1,-1,-1
430,59,111.70,154.10,50.55,127.56,0.8179,-1,-1,-1
431,102,385.86,0.00,253.62,480.00,0.8794,-1,-1,-1
431,101,223.07,178.80,30.65,72.52,0.7439,-1,-1,-1
431,93,163.69,153.76,44.40,125.84,0.7834,-1,-1,-1
431,90,343.80,52.11,140.84,345.76,0.8956,-1,-1,-1
431,59,108.51,151.71,51.65,127.22,0.7934,-1,-1,-1
432,120,0.17,117.93,62.39,209.68,0.6870,-1,-1,-1
432,102,414.74,0.00,225.26,477.52,0.8882,-1,-1,-1
432,101,221.45,174.15,29.99,76.90,0.7563,-1,-1,-1
432,93,161.26,156.36,40.86,122.34,0.6763,-1,-1,-1
432,90,337.05,54.65,124.11,315.03,0.8706,-1,-1,-1
432,59,108.10,151.92,51.21,125.66,0.8176,-1,-1,-1
433,120,0.17,99.40,71.81,260.86,0.6652,-1,-1,-1
433,102,411.82,0.00,228.18,479.50,0.8542,-1,-1,-1
433,101,218.28,176.50,30.61,73.94,0.8188,-1,-1,-1
433,93,156.79,154.26,42.28,124.36,0.7057,-1,-1,-1
433,90,336.28,56.60,104.23,314.92,0.8564,-1,-1,-1
433,59,106.20,154.18,50.90,124.48,0.8294,-1,-1,-1
434,120,0.16,59.09,76.06,303.94,0.6243,-1,-1,-1
434,102,384.77,0.37,183.15,479.63,0.7953,-1,-1,-1
434,101,212.30,173.26,31.05,76.96,0.7612,-1,-1,-1
434,93,155.26,153.79,40.85,123.72,0.7953,-1,-1,-1
434,90,330.53,58.54,86.69,314.85,0.7949,-1,-1,-1
434,59,100.05,156.63,50.03,122.19,0.8359,-1,-1,-1
435,121,594.94,103.78,44.92,290.79,0.6178,-1,-1,-1
435,120,0.19,56.33,77.73,306.72,0.5672,-1,-1,-1
435,102,345.24,0.00,167.89,479.19,0.8554,-1,-1,-1
435,101,209.42,176.88,30.51,72.61,0.6603,-1,-1,-1
435,93,151.93,152.30,40.68,120.61,0.7766,-1,-1,-1
435,90,313.67,97.85,67.61,277.05,0.7107,-1,-1,-1
435,59,96.66,153.67,51.81,123.68,0.8353,-1,-1,-1
436,121,579.86,103.52,60.00,293.52,0.7721,-1,-1,-1
436,102,300.06,0.47,188.16,479.53,0.8961,-1,-1,-1
436,101,205.53,173.77,28.81,73.11,0.6915,-1,-1,-1
436,93,149.67,147.95,41.44,121.74,0.7939,-1,-1,-1
436,59,91.64,151.31,48.14,122.50,0.8043,-1,-1,-1
437,121,602.23,88.86,37.68,309.45,0.7320,-1,-1,-1
437,120,0.24,64.95,76.31,269.54,0.3908,-1,-1,-1
437,102,247.39,0.00,227.25,478.86,0.9259,-1,-1,-1
437,101,204.04,171.82,28.31,75.69,0.7497,-1,-1,-1
437,93,148.41,150.19,42.38,120.38,0.7412,-1,-1,-1
437,59,88.99,149.43,46.80,122.16,0.8180,-1,-1,-1
438,121,552.07,68.46,87.86,332.58,0.8624,-1,-1,-1
438,120,0.06,75.85,74.45,269.14,0.5809,-1,-1,-1
438,102,198.43,0.00,277.44,479.95,0.9043,-1,-1,-1
438,101,202.56,168.47,25.45,78.66,0.6455,-1,-1,-1
438,93,145.47,149.71,42.95,120.17,0.7584,-1,-1,-1
438,59,84.53,152.49,46.83,118.31,0.8288,-1,-1,-1
439,123,384.80,135.36,49.76,180.19,0.6430,-1,-1,-1
439,121,528.84,77.38,111.03,325.04,0.8993,-1,-1,-1
439,120,0.23,75.72,71.07,296.03,0.3908,-1,-1,-1
439,102,182.12,1.63,276.64,478.37,0.8630,-1,-1,-1
439,93,143.00,149.29,38.32,119.09,0.8134,-1,-1,-1
439,59,82.14,148.06,46.79,121.84,0.8398,-1,-1,-1
440,123,370.68,135.97,55.50,178.89,0.7038,-1,-1,-1
440,121,521.75,77.66,118.20,330.51,0.9120,-1,-1,-1
440,120,0.00,54.17,70.64,352.82,0.6911,-1,-1,-1
440,102,84.50,0.00,334.77,480.00,0.8434,-1,-1,-1
440,90,309.84,59.02,80.82,207.35,0.7656,-1,-1,-1
440,59,78.84,145.88,44.26,93.08,0.4032,-1,-1,-1
441,123,369.40,137.99,52.93,178.45,0.7123,-1,-1,-1
441,121,526.90,80.66,112.94,330.83,0.8889,-1,-1,-1
441,102,0.90,0.76,287.69,478.15,0.8619,-1,-1,-1
441,90,277.34,65.82,113.06,337.21,0.7950,-1,-1,-1
442,123,366.94,137.22,50.52,178.19,0.7610,-1,-1,-1
442,121,534.39,79.63,96.62,317.79,0.8631,-1,-1,-1
442,102,0.76,1.06,247.40,477.72,0.7017,-1,-1,-1
442,90,258.09,66.92,126.26,331.90,0.8811,-1,-1,-1
443,124,608.60,83.76,31.20,221.85,0.4598,-1,-1,-1
443,123,365.32,132.99,47.04,178.15,0.7381,-1,-1,-1
443,121,522.42,76.21,99.84,309.95,0.7490,-1,-1,-1
443,102,0.54,2.20,205.96,474.54,0.7438,-1,-1,-1
443,90,255.18,62.53,122.64,333.35,0.8875,-1,-1,-1
444,126,551.39,79.90,88.49,315.95,0.7334,-1,-1,-1
444,123,359.00,135.65,47.99,180.17,0.7317,-1,-1,-1
444,121,497.17,81.37,111.42,302.22,0.6004,-1,-1,-1
444,101,187.58,178.57,29.79,70.00,0.7552,-1,-1,-1
444,93,145.74,155.22,36.41,118.50,0.7471,-1,-1,-1
444,90,249.56,64.96,120.44,321.66,0.8924,-1,-1,-1
445,124,591.27,87.90,48.52,259.38,0.6839,-1,-1,-1
445,123,357.86,138.78,50.47,179.20,0.7980,-1,-1,-1
445,121,532.32,82.11,80.36,318.80,0.5225,-1,-1,-1
445,101,189.53,179.10,29.84,71.00,0.7035,-1,-1,-1
445,93,143.63,157.49,39.83,115.68,0.7749,-1,-1,-1
445,90,249.43,62.56,115.88,317.32,0.8937,-1,-1,-1
446,127,94.53,153.56,45.53,118.15,0.8077,-1,-1,-1
446,124,582.70,75.48,57.11,293.45,0.8483,-1,-1,-1
446,123,343.69,139.71,62.99,177.96,0.7749,-1,-1,-1
446,121,463.86,82.88,159.18,315.52,0.8932,-1,-1,-1
446,120,0.14,3.62,99.63,288.82,0.7677,-1,-1,-1
446,101,193.36,177.71,29.24,71.87,0.6203,-1,-1,-1
446,93,147.38,157.81,41.11,114.21,0.7495,-1,-1,-1
446,90,246.81,60.37,109.68,319.00,0.8979,-1,-1,-1
447,127,96.97,155.57,48.05,119.10,0.7881,-1,-1,-1
447,124,575.57,81.09,64.29,290.87,0.8191,-1,-1,-1
447,123,341.37,143.44,65.36,179.28,0.7894,-1,-1,-1
447,121,470.02,86.28,159.18,316.23,0.8470,-1,-1,-1
447,120,0.17,0.56,103.37,314.19,0.7403,-1,-1,-1
447,101,193.94,181.53,30.51,70.22,0.5506,-1,-1,-1
447,93,147.61,160.74,42.60,113.84,0.7085,-1,-1,-1
447,90,238.94,61.42,111.71,327.47,0.8948,-1,-1,-1
448,127,98.61,152.20,47.78,117.61,0.8173,-1,-1,-1
448,124,574.18,82.78,65.69,293.56,0.8026,-1,-1,-1
448,123,343.68,141.00,61.76,180.77,0.7879,-1,-1,-1
448,121,473.96,83.95,128.01,312.57,0.8570,-1,-1,-1
448,120,0.06,0.00,106.97,480.00,0.8845,-1,-1,-1
448,101,192.75,181.17,32.97,68.94,0.5860,-1,-1,-1
448,93,147.96,157.35,41.60,113.91,0.7693,-1,-1,-1
448,90,236.79,60.72,107.72,330.91,0.8920,-1,-1,-1
449,127,103.82,157.65,46.11,113.29,0.8283,-1,-1,-1
449,124,550.50,87.79,89.20,295.86,0.5436,-1,-1,-1
449,123,344.02,142.12,61.58,178.95,0.7879,-1,-1,-1
449,121,485.74,84.38,96.51,304.70,0.8424,-1,-1,-1
449,120,0.00,0.00,111.98,476.57,0.8934,-1,-1,-1
449,101,197.15,182.69,32.61,69.65,0.6078,-1,-1,-1
449,93,150.67,158.29,37.58,112.81,0.7931,-1,-1,-1
449,90,241.17,66.00,101.47,330.62,0.8941,-1,-1,-1
450,127,114.25,158.90,45.14,113.80,0.7857,-1,-1,-1
450,124,548.02,86.81,91.83,272.35,0.5572,-1,-1,-1
450,123,355.62,138.97,56.64,177.08,0.8354,-1,-1,-1
450,121,499.42,82.15,98.92,314.66,0.8298,-1,-1,-1
450,120,0.00,0.32,122.10,477.96,0.8712,-1,-1,-1
450,101,205.69,182.49,32.01,70.35,0.6941,-1,-1,-1
450,93,160.13,158.18,37.34,112.57,0.8061,-1,-1,-1
450,90,243.34,66.78,102.05,327.66,0.8901,-1,-1,-1
451,127,121.14,160.15,43.31,113.17,0.8023,-1,-1,-1
451,124,554.91,88.74,84.95,278.89,0.6901,-1,-1,-1
451,123,359.47,139.47,58.18,178.55,0.8255,-1,-1,-1
451,121,489.03,85.21,111.94,317.68,0.8499,-1,-1,-1
451,120,0.00,4.39,130.33,474.08,0.9075,-1,-1,-1
451,101,209.32,183.53,30.74,69.50,0.5818,-1,-1,-1
451,93,165.67,160.74,39.16,111.65,0.7899,-1,-1,-1
451,90,233.81,65.58,116.55,329.96,0.8778,-1,-1,-1
452,127,131.38,158.78,42.21,112.66,0.8057,-1,-1,-1
452,124,579.12,85.53,60.78,275.12,0.6921,-1,-1,-1
452,123,358.82,138.64,61.41,181.27,0.7613,-1,-1,-1
452,121,476.99,87.55,134.01,320.83,0.8442,-1,-1,-1
452,120,0.00,5.20,137.37,472.14,0.9111,-1,-1,-1
452,93,174.78,160.78,36.44,112.45,0.8048,-1,-1,-1
452,90,223.87,61.59,125.23,324.03,0.8976,-1,-1,-1
453,127,139.09,156.72,41.38,111.90,0.8193,-1,-1,-1
453,124,581.70,77.57,58.21,299.12,0.7389,-1,-1,-1
453,123,361.03,138.09,71.60,180.98,0.7732,-1,-1,-1
453,121,486.21,83.96,132.14,325.90,0.8522,-1,-1,-1
453,120,0.00,2.46,149.46,473.75,0.9063,-1,-1,-1
453,93,182.81,160.15,34.52,110.83,0.7900,-1,-1,-1
453,90,232.20,54.12,124.54,327.55,0.8821,-1,-1,-1
454,127,151.19,159.27,37.59,114.34,0.7883,-1,-1,-1
454,124,588.72,81.78,50.92,302.97,0.7580,-1,-1,-1
454,123,371.52,144.16,71.23,181.59,0.8145,-1,-1,-1
454,121,503.19,84.67,116.08,330.35,0.8654,-1,-1,-1
454,120,0.15,4.22,159.42,471.98,0.9141,-1,-1,-1
454,93,192.41,163.80,35.16,111.96,0.8000,-1,-1,-1
454,90,241.36,59.30,126.21,332.20,0.9030,-1,-1,-1
455,127,160.06,159.81,37.45,110.11,0.8078,-1,-1,-1
455,124,571.01,80.83,68.88,309.75,0.7524,-1,-1,-1
455,123,378.11,139.76,69.70,183.76,0.8280,-1,-1,-1
455,121,505.29,77.24,103.58,317.47,0.8731,-1,-1,-1
455,120,0.32,0.00,170.70,477.19,0.8869,-1,-1,-1
455,93,198.02,161.76,39.26,110.53,0.7637,-1,-1,-1
455,90,255.49,58.51,119.18,340.76,0.8962,-1,-1,-1
456,127,168.90,162.28,32.69,107.39,0.6907,-1,-1,-1
456,124,585.63,83.93,54.13,283.52,0.7747,-1,-1,-1
456,123,381.46,140.18,67.79,186.69,0.7731,-1,-1,-1
456,121,504.14,79.66,102.94,320.04,0.8723,-1,-1,-1
456,120,0.00,1.33,179.60,473.62,0.8859,-1,-1,-1
456,93,205.24,161.55,38.09,111.22,0.7779,-1,-1,-1
456,90,260.14,62.18,118.13,342.88,0.8837,-1,-1,-1
457,127,178.66,166.61,34.27,106.12,0.7369,-1,-1,-1
457,124,602.21,87.54,37.62,290.55,0.7487,-1,-1,-1
457,123,389.12,141.07,63.21,184.11,0.7401,-1,-1,-1
457,121,480.71,85.85,131.81,327.70,0.8824,-1,-1,-1
457,120,2.09,6.32,191.35,466.46,0.8835,-1,-1,-1
457,93,213.85,163.64,36.73,110.78,0.7628,-1,-1,-1
457,90,267.18,65.71,120.32,350.45,0.8820,-1,-1,-1
458,127,188.18,163.60,31.53,104.65,0.5367,-1,-1,-1
458,124,607.07,79.38,32.70,302.32,0.7274,-1,-1,-1
458,123,393.48,137.34,59.78,185.01,0.8172,-1,-1,-1
458,121,474.98,84.74,149.15,331.37,0.8930,-1,-1,-1
458,120,16.50,3.28,188.89,470.99,0.8728,-1,-1,-1
458,93,224.35,161.59,33.68,110.24,0.7654,-1,-1,-1
458,90,273.41,62.39,120.06,350.16,0.8836,-1,-1,-1
459,124,602.94,85.23,36.99,289.27,0.6146,-1,-1,-1
459,123,401.54,143.86,59.89,188.13,0.7878,-1,-1,-1
459,121,487.99,89.95,151.77,335.97,0.8957,-1,-1,-1
459,120,39.34,4.56,186.96,472.93,0.8384,-1,-1,-1
459,93,232.66,168.86,31.50,109.52,0.7598,-1,-1,-1
459,90,274.77,67.25,124.52,357.30,0.8803,-1,-1,-1
460,124,605.55,79.04,34.35,305.39,0.6390,-1,-1,-1
460,123,401.05,143.89,61.28,189.47,0.7968,-1,-1,-1
460,121,494.81,87.51,144.22,341.82,0.8785,-1,-1,-1
460,120,38.82,2.18,193.28,477.82,0.8570,-1,-1,-1
460,93,234.30,167.56,31.70,109.64,0.7274,-1,-1,-1
460,90,273.30,64.70,130.33,356.35,0.8956,-1,-1,-1
461,124,600.35,79.08,39.37,305.48,0.6704,-1,-1,-1
461,123,405.73,142.55,57.97,192.15,0.8031,-1,-1,-1
461,121,513.16,80.85,101.69,322.56,0.8676,-1,-1,-1
461,120,50.41,0.00,190.65,479.81,0.8819,-1,-1,-1
461,93,241.04,165.38,31.31,110.13,0.7185,-1,-1,-1
461,90,277.40,55.98,130.38,345.87,0.9052,-1,-1,-1
462,124,588.73,81.44,51.00,297.12,0.7028,-1,-1,-1
462,123,404.02,144.00,62.50,193.08,0.8331,-1,-1,-1
462,121,514.73,80.92,101.61,330.67,0.8476,-1,-1,-1
462,120,53.10,0.00,189.27,475.17,0.8681,-1,-1,-1
462,93,241.56,165.49,36.89,111.85,0.7217,-1,-1,-1
462,90,280.20,56.27,125.78,345.38,0.8935,-1,-1,-1
463,124,584.87,88.79,54.87,295.23,0.6669,-1,-1,-1
463,123,409.15,146.80,53.19,196.32,0.8211,-1,-1,-1
463,121,503.84,89.47,123.80,336.29,0.8841,-1,-1,-1
463,120,52.59,3.26,194.33,476.74,0.8517,-1,-1,-1
463,93,242.81,166.03,34.29,112.28,0.7096,-1,-1,-1
463,90,280.91,60.04,120.31,352.23,0.8943,-1,-1,-1
464,127,242.18,169.33,33.09,108.32,0.7385,-1,-1,-1
464,124,589.82,88.85,50.05,296.82,0.7476,-1,-1,-1
464,123,407.44,145.46,54.81,193.09,0.7831,-1,-1,-1
464,121,482.78,89.48,144.63,338.70,0.8728,-1,-1,-1
464,120,49.52,0.00,195.57,480.00,0.8767,-1,-1,-1
464,90,282.64,58.19,111.85,358.45,0.8840,-1,-1,-1
465,127,240.10,169.76,34.90,105.51,0.7139,-1,-1,-1
465,124,591.99,85.74,47.84,308.62,0.7925,-1,-1,-1
465,123,407.47,141.86,55.60,190.12,0.7478,-1,-1,-1
465,121,476.77,90.56,144.40,337.13,0.8836,-1,-1,-1
465,120,47.58,0.00,195.77,480.00,0.8873,-1,-1,-1
465,90,283.77,55.96,105.14,362.82,0.8801,-1,-1,-1
466,127,242.05,164.87,34.36,112.04,0.6960,-1,-1,-1
466,124,596.42,84.46,43.48,310.76,0.8246,-1,-1,-1
466,123,406.39,141.23,55.86,191.35,0.7611,-1,-1,-1
466,121,480.86,89.68,129.70,339.93,0.8833,-1,-1,-1
466,120,46.94,0.00,195.86,480.00,0.8537,-1,-1,-1
466,90,279.87,57.64,104.70,362.29,0.8848,-1,-1,-1
467,127,243.07,168.37,35.59,108.42,0.6918,-1,-1,-1
467,124,587.34,83.00,52.58,316.67,0.8733,-1,-1,-1
467,123,396.98,141.65,67.78,192.99,0.7694,-1,-1,-1
467,121,482.36,85.88,107.62,327.21,0.8818,-1,-1,-1
467,120,45.98,0.00,199.18,480.00,0.8860,-1,-1,-1
467,90,271.29,59.25,112.36,364.60,0.8931,-1,-1,-1
468,127,237.28,167.81,36.03,105.95,0.5255,-1,-1,-1
468,124,570.03,81.64,69.84,320.22,0.8730,-1,-1,-1
468,123,402.36,141.63,62.60,192.07,0.7427,-1,-1,-1
468,121,468.96,81.03,105.70,321.19,0.8663,-1,-1,-1
468,120,42.75,0.59,200.04,479.41,0.8911,-1,-1,-1
468,90,266.90,51.86,115.06,372.20,0.8778,-1,-1,-1
469,124,557.11,83.99,82.72,318.76,0.8594,-1,-1,-1
469,123,401.11,139.72,60.85,192.98,0.7111,-1,-1,-1
469,121,440.12,81.70,127.98,328.85,0.8497,-1,-1,-1
469,120,40.16,0.19,204.45,471.73,0.8560,-1,-1,-1
469,90,254.83,43.53,126.84,361.75,0.8724,-1,-1,-1
470,124,550.62,82.65,89.22,299.92,0.8733,-1,-1,-1
470,123,400.73,139.87,62.49,187.32,0.7671,-1,-1,-1
470,121,429.87,86.16,133.80,331.23,0.8918,-1,-1,-1
470,120,40.75,0.00,210.66,480.00,0.8563,-1,-1,-1
470,90,252.95,42.02,134.77,363.81,0.8751,-1,-1,-1
471,124,549.31,78.29,90.54,307.07,0.7536,-1,-1,-1
471,123,401.47,136.98,62.63,191.65,0.5924,-1,-1,-1
471,121,435.72,87.77,132.09,329.96,0.8880,-1,-1,-1
471,120,46.42,0.07,211.34,479.93,0.8749,-1,-1,-1
471,90,255.61,40.37,139.64,365.20,0.8792,-1,-1,-1
472,124,559.61,73.51,80.22,320.16,0.8590,-1,-1,-1
472,123,400.14,132.84,65.70,194.10,0.6263,-1,-1,-1
472,121,440.04,83.05,124.81,332.64,0.8809,-1,-1,-1
472,120,52.30,0.25,211.49,479.75,0.8801,-1,-1,-1
472,90,258.60,35.70,139.16,371.14,0.8852,-1,-1,-1
473,124,572.25,71.21,67.65,324.04,0.8809,-1,-1,-1
473,123,403.43,129.88,59.72,195.01,0.6297,-1,-1,-1
473,121,443.70,77.31,110.73,325.04,0.8927,-1,-1,-1
473,120,57.40,0.50,217.61,474.92,0.8505,-1,-1,-1
473,90,264.88,33.50,127.13,385.19,0.8721,-1,-1,-1
474,124,543.18,71.53,96.70,321.11,0.8477,-1,-1,-1
474,123,406.89,131.35,55.52,196.02,0.7490,-1,-1,-1
474,121,447.71,75.70,104.29,321.09,0.8471,-1,-1,-1
474,120,66.47,0.56,219.17,479.44,0.8410,-1,-1,-1
474,90,273.68,34.17,119.81,387.13,0.8807,-1,-1,-1
475,124,525.14,73.80,114.70,296.28,0.9070,-1,-1,-1
475,123,413.35,130.19,55.00,198.31,0.3903,-1,-1,-1
475,121,452.22,74.08,109.27,330.43,0.8482,-1,-1,-1
475,120,73.04,0.35,218.49,475.05,0.8606,-1,-1,-1
475,90,278.35,36.77,119.21,388.91,0.8838,-1,-1,-1
476,124,530.44,74.01,109.56,300.71,0.9005,-1,-1,-1
476,121,453.02,78.63,116.63,331.41,0.8854,-1,-1,-1
476,120,75.92,1.60,218.68,474.09,0.8773,-1,-1,-1
476,90,282.72,40.78,119.62,389.27,0.8851,-1,-1,-1
477,124,534.10,71.99,105.89,307.87,0.9026,-1,-1,-1
477,121,448.78,82.28,120.61,334.60,0.7887,-1,-1,-1
477,120,78.52,0.76,218.40,463.45,0.7765,-1,-1,-1
477,90,281.36,39.55,122.88,392.21,0.8945,-1,-1,-1
478,124,537.95,71.92,102.05,311.54,0.8895,-1,-1,-1
478,121,445.40,79.11,118.95,340.08,0.8137,-1,-1,-1
478,120,71.17,0.27,224.75,466.36,0.7867,-1,-1,-1
478,90,281.84,34.69,121.77,389.27,0.8981,-1,-1,-1
479,124,542.65,74.70,97.25,323.79,0.9092,-1,-1,-1
479,121,443.42,86.13,114.10,330.40,0.8519,-1,-1,-1
479,120,69.94,0.16,228.83,479.84,0.8127,-1,-1,-1
479,90,278.47,38.79,122.25,371.58,0.8945,-1,-1,-1
480,129,0.04,115.95,31.87,279.03,0.3319,-1,-1,-1
480,124,549.27,76.16,88.09,329.19,0.8308,-1,-1,-1
480,123,395.07,138.71,64.70,192.74,0.4789,-1,-1,-1
480,121,441.05,86.45,115.32,319.38,0.8707,-1,-1,-1
480,120,72.69,0.00,222.90,477.46,0.8428,-1,-1,-1
480,90,275.07,39.30,122.79,383.86,0.8866,-1,-1,-1
481,124,535.07,73.20,98.49,335.17,0.8480,-1,-1,-1
481,121,434.16,82.61,107.76,318.19,0.8625,-1,-1,-1
481,120,65.36,0.44,228.58,473.87,0.8036,-1,-1,-1
481,90,272.66,33.60,116.28,390.22,0.8836,-1,-1,-1
482,129,0.35,118.06,41.46,163.08,0.3427,-1,-1,-1
482,124,514.78,76.35,119.47,338.46,0.8404,-1,-1,-1
482,121,413.35,83.56,116.06,322.91,0.8689,-1,-1,-1
482,120,55.47,1.00,234.78,465.80,0.7515,-1,-1,-1
482,90,265.80,34.37,110.96,395.10,0.8883,-1,-1,-1
483,124,509.53,84.70,115.61,334.16,0.8816,-1,-1,-1
483,121,397.08,92.13,122.03,327.03,0.8719,-1,-1,-1
483,120,47.60,2.90,240.48,473.28,0.7819,-1,-1,-1
483,90,261.06,42.72,104.69,394.62,0.8769,-1,-1,-1
484,124,510.78,85.56,109.61,334.76,0.8762,-1,-1,-1
484,121,383.27,93.97,128.55,330.19,0.8437,-1,-1,-1
484,120,37.63,7.28,244.46,472.72,0.6553,-1,-1,-1
484,90,254.56,48.36,102.62,391.07,0.8589,-1,-1,-1
485,124,510.36,85.10,94.17,323.92,0.8381,-1,-1,-1
485,121,394.60,91.58,115.15,332.73,0.8091,-1,-1,-1
485,120,32.21,1.12,249.10,478.88,0.7364,-1,-1,-1
485,90,250.20,49.15,100.96,396.40,0.8413,-1,-1,-1
486,124,503.55,83.35,85.84,318.42,0.8732,-1,-1,-1
486,121,399.30,89.11,99.24,322.89,0.8709,-1,-1,-1
486,120,26.63,0.12,253.14,479.88,0.7843,-1,-1,-1
486,90,245.06,41.48,102.53,390.01,0.8828,-1,-1,-1
487,124,489.28,85.93,91.64,327.27,0.8849,-1,-1,-1
487,121,393.69,90.14,97.93,322.42,0.8712,-1,-1,-1
487,120,23.49,0.61,257.79,479.39,0.8445,-1,-1,-1
487,90,241.33,38.71,102.65,390.08,0.8848,-1,-1,-1
488,124,458.86,88.63,120.72,332.82,0.8516,-1,-1,-1
488,121,390.69,93.35,102.04,326.70,0.8519,-1,-1,-1
488,120,27.83,1.07,258.68,478.93,0.8166,-1,-1,-1
488,90,243.84,37.74,98.58,382.99,0.8605,-1,-1,-1
489,130,556.03,86.87,83.62,147.34,0.3872,-1,-1,-1
489,124,451.46,88.27,133.45,335.40,0.8952,-1,-1,-1
489,121,390.64,95.10,102.58,331.27,0.7844,-1,-1,-1
489,120,17.44,0.54,267.39,479.46,0.6874,-1,-1,-1
489,90,245.14,35.96,91.21,376.73,0.8672,-1,-1,-1
490,130,558.83,83.01,80.98,218.14,0.3301,-1,-1,-1
490,124,456.04,91.62,133.70,331.44,0.8814,-1,-1,-1
490,121,382.89,97.09,107.90,329.35,0.8305,-1,-1,-1
490,120,3.65,0.97,277.14,479.03,0.6204,-1,-1,-1
490,90,249.58,36.97,78.79,343.60,0.6453,-1,-1,-1
491,124,460.48,94.47,117.77,323.26,0.8675,-1,-1,-1
491,121,376.09,98.53,112.85,335.71,0.8504,-1,-1,-1
491,120,0.53,0.32,282.61,477.44,0.8245,-1,-1,-1
491,90,251.42,41.65,74.65,322.20,0.8144,-1,-1,-1
492,124,466.28,89.70,99.57,317.56,0.8151,-1,-1,-1
492,121,377.15,95.11,105.82,327.37,0.8688,-1,-1,-1
492,120,0.44,0.19,276.81,476.75,0.7387,-1,-1,-1
492,90,249.69,40.48,75.38,295.62,0.8185,-1,-1,-1
493,124,469.93,88.47,100.77,327.56,0.8352,-1,-1,-1
493,121,376.97,93.07,99.91,319.17,0.8681,-1,-1,-1
493,120,0.62,0.59,276.95,476.75,0.7247,-1,-1,-1
493,90,244.81,41.62,81.15,285.05,0.8092,-1,-1,-1
494,124,468.32,90.96,94.41,332.75,0.7733,-1,-1,-1
494,121,373.70,95.20,100.75,323.26,0.8323,-1,-1,-1
494,120,0.94,0.21,279.60,478.99,0.7534,-1,-1,-1
494,90,240.58,41.86,88.90,339.61,0.8514,-1,-1,-1
495,124,462.47,89.05,97.20,337.88,0.8357,-1,-1,-1
495,121,363.63,91.20,112.26,330.57,0.8764,-1,-1,-1
495,120,0.19,0.26,273.32,478.85,0.3715,-1,-1,-1
495,90,230.63,29.32,102.59,356.89,0.8552,-1,-1,-1
496,131,343.87,136.42,57.43,211.47,0.5613,-1,-1,-1
496,124,463.95,90.72,97.90,338.17,0.8446,-1,-1,-1
496,121,365.54,93.64,110.42,334.28,0.8892,-1,-1,-1
496,120,0.03,0.10,275.13,479.90,0.4381,-1,-1,-1
496,90,230.00,28.31,106.73,355.84,0.8535,-1,-1,-1
497,131,345.67,137.56,54.60,205.92,0.6554,-1,-1,-1
497,124,465.12,89.79,104.06,341.25,0.8034,-1,-1,-1
497,121,371.89,94.05,103.05,338.92,0.8470,-1,-1,-1
497,120,0.15,0.35,274.00,477.86,0.4713,-1,-1,-1
497,90,229.56,27.53,108.12,349.33,0.8474,-1,-1,-1
498,131,337.98,139.62,62.73,202.94,0.6499,-1,-1,-1
498,130,561.38,75.65,78.42,240.84,0.3463,-1,-1,-1
498,124,468.86,89.14,93.56,335.82,0.7975,-1,-1,-1
498,121,380.91,93.98,92.10,338.01,0.8278,-1,-1,-1
498,120,0.00,0.25,275.56,479.74,0.6800,-1,-1,-1
498,90,229.51,26.46,103.71,355.37,0.8123,-1,-1,-1
499,131,340.38,141.65,60.86,198.88,0.5441,-1,-1,-1
499,124,471.37,83.80,96.89,325.43,0.7748,-1,-1,-1
499,121,380.40,88.64,94.37,332.80,0.8409,-1,-1,-1
499,120,0.08,0.00,280.44,480.00,0.6283,-1,-1,-1
499,90,231.91,24.70,97.51,317.16,0.8392,-1,-1,-1
500,131,343.65,136.40,56.47,208.28,0.6923,-1,-1,-1
500,124,472.10,84.18,85.66,329.44,0.7336,-1,-1,-1
500,121,381.70,89.53,100.38,323.58,0.8535,-1,-1,-1
500,120,0.00,0.18,281.99,477.48,0.5899,-1,-1,-1
500,90,235.39,29.10,89.71,321.42,0.8270,-1,-1,-1
501,131,351.93,136.42,50.96,210.04,0.6529,-1,-1,-1
501,124,461.63,82.38,103.04,337.10,0.7663,-1,-1,-1
501,121,385.73,88.81,104.65,329.48,0.7834,-1,-1,-1
501,120,0.24,0.11,290.78,474.61,0.7238,-1,-1,-1
501,90,241.85,30.06,82.11,321.25,0.7994,-1,-1,-1
502,131,349.02,134.64,66.29,215.72,0.6761,-1,-1,-1
502,124,456.62,84.70,134.07,345.19,0.6848,-1,-1,-1
502,121,389.23,89.26,109.51,338.29,0.7962,-1,-1,-1
502,120,5.66,0.05,293.96,479.95,0.7813,-1,-1,-1
502,90,244.85,29.68,76.55,317.95,0.6737,-1,-1,-1
503,124,466.83,81.93,128.41,341.45,0.8679,-1,-1,-1
503,121,392.12,87.70,111.20,340.13,0.8465,-1,-1,-1
503,120,13.08,0.89,300.93,479.07,0.5553,-1,-1,-1
504,131,341.18,125.78,68.00,221.59,0.4454,-1,-1,-1
504,124,475.72,77.43,120.88,343.94,0.8774,-1,-1,-1
504,121,392.92,84.96,109.69,339.25,0.8560,-1,-1,-1
504,120,0.13,0.52,315.04,479.48,0.6563,-1,-1,-1
505,131,338.03,129.56,74.17,224.15,0.5842,-1,-1,-1
505,124,482.39,77.64,113.44,334.72,0.8636,-1,-1,-1
505,121,394.84,85.36,100.69,334.64,0.8393,-1,-1,-1
505,120,11.73,1.51,320.24,478.49,0.5058,-1,-1,-1
506,131,352.70,128.43,54.45,217.48,0.6640,-1,-1,-1
506,124,485.89,73.88,111.61,331.40,0.8744,-1,-1,-1
506,121,389.96,80.71,98.14,320.04,0.8596,-1,-1,-1
506,120,15.61,1.58,318.99,472.54,0.5638,-1,-1,-1
507,131,337.70,131.03,66.44,217.15,0.6454,-1,-1,-1
507,124,484.82,76.83,112.87,338.85,0.8492,-1,-1,-1
507,121,387.23,83.32,98.37,321.24,0.8243,-1,-1,-1
507,120,41.40,0.40,299.45,478.16,0.6291,-1,-1,-1
508,131,341.85,128.12,63.19,213.11,0.7143,-1,-1,-1
508,129,0.99,94.67,80.28,201.17,0.5062,-1,-1,-1
508,124,486.24,77.84,111.32,341.04,0.8543,-1,-1,-1
508,121,377.22,82.81,110.46,328.74,0.8267,-1,-1,-1
508,120,63.51,0.33,282.56,472.67,0.6250,-1,-1,-1
509,131,344.99,123.17,60.40,213.17,0.6590,-1,-1,-1
509,129,0.00,95.39,88.80,224.25,0.5978,-1,-1,-1
509,124,487.26,75.58,104.83,344.18,0.8492,-1,-1,-1
509,121,366.09,79.95,122.10,331.61,0.8552,-1,-1,-1
509,120,74.22,0.86,275.59,471.85,0.6198,-1,-1,-1
510,131,352.36,128.19,54.28,210.68,0.5703,-1,-1,-1
510,129,0.49,77.46,106.36,258.44,0.7462,-1,-1,-1
510,124,490.28,80.76,108.63,340.13,0.8125,-1,-1,-1
510,121,370.39,84.84,116.65,337.02,0.8440,-1,-1,-1
510,120,90.26,0.27,271.37,475.50,0.3892,-1,-1,-1
511,131,366.34,126.85,45.04,214.62,0.3318,-1,-1,-1
511,129,3.35,62.67,126.22,284.54,0.6788,-1,-1,-1
511,124,495.30,77.99,99.37,343.11,0.7719,-1,-1,-1
511,123,380.22,116.76,43.76,291.24,0.3767,-1,-1,-1
511,121,383.97,83.85,101.86,337.24,0.8349,-1,-1,-1
511,120,107.99,1.38,205.81,476.44,0.3710,-1,-1,-1
511,90,183.28,0.00,198.76,478.26,0.3488,-1,-1,-1
512,129,25.01,66.72,123.13,288.19,0.7096,-1,-1,-1
512,124,502.64,81.65,94.62,330.05,0.7601,-1,-1,-1
512,121,389.33,86.12,99.86,338.00,0.8622,-1,-1,-1
512,120,124.39,1.38,271.56,478.06,0.5874,-1,-1,-1
513,132,8.88,120.29,80.40,234.22,0.8405,-1,-1,-1
513,129,70.64,71.70,99.92,326.06,0.8415,-1,-1,-1
513,124,506.36,83.92,88.27,331.48,0.8383,-1,-1,-1
513,121,405.64,91.16,89.26,320.35,0.8336,-1,-1,-1
513,120,154.91,1.26,271.79,470.94,0.6851,-1,-1,-1
514,132,3.08,114.89,82.13,238.82,0.8450,-1,-1,-1
514,129,83.79,68.75,94.01,329.56,0.8855,-1,-1,-1
514,124,502.84,79.93,94.44,335.55,0.8375,-1,-1,-1
514,121,415.42,87.84,79.15,315.55,0.8662,-1,-1,-1
514,120,158.90,1.05,275.29,470.66,0.5515,-1,-1,-1
515,132,0.94,107.66,70.74,255.72,0.8529,-1,-1,-1
515,129,92.98,75.28,109.26,328.44,0.8878,-1,-1,-1
515,124,483.91,85.90,115.49,339.42,0.8414,-1,-1,-1
515,121,430.28,93.98,65.43,189.80,0.8156,-1,-1,-1
515,120,187.03,0.53,270.63,472.59,0.7156,-1,-1,-1
516,132,0.00,103.27,61.36,269.70,0.8548,-1,-1,-1
516,129,94.24,78.97,118.12,329.25,0.8786,-1,-1,-1
516,124,482.59,88.85,132.33,344.27,0.8218,-1,-1,-1
516,120,219.93,0.34,265.34,475.54,0.7073,-1,-1,-1
517,133,191.20,78.16,78.69,303.14,0.5599,-1,-1,-1
517,132,0.29,99.06,53.53,265.64,0.8607,-1,-1,-1
517,129,96.63,86.71,111.34,322.07,0.8725,-1,-1,-1
517,124,497.92,89.56,127.58,343.05,0.8859,-1,-1,-1
517,120,243.18,0.69,273.77,470.85,0.7442,-1,-1,-1
518,133,186.39,29.40,113.23,363.57,0.8533,-1,-1,-1
518,132,0.12,93.16,43.04,275.12,0.7934,-1,-1,-1
518,129,96.42,86.85,114.60,320.82,0.8742,-1,-1,-1
518,124,514.51,94.64,108.85,338.74,0.8425,-1,-1,-1
518,120,260.60,0.99,280.83,475.40,0.7540,-1,-1,-1
519,133,180.70,26.02,121.43,401.25,0.8750,-1,-1,-1
519,129,111.38,80.65,98.86,305.09,0.8668,-1,-1,-1
519,120,276.04,0.71,299.14,477.78,0.7190,-1,-1,-1
520,133,181.35,21.19,136.69,444.19,0.8774,-1,-1,-1
520,129,127.50,76.19,85.73,310.97,0.8339,-1,-1,-1
520,120,290.90,0.51,306.26,477.89,0.8222,-1,-1,-1
521,133,180.66,16.92,152.23,440.46,0.8792,-1,-1,-1
521,129,113.13,81.86,106.82,308.21,0.8425,-1,-1,-1
521,120,325.58,0.57,313.81,474.35,0.8638,-1,-1,-1
522,133,187.99,18.73,153.72,442.57,0.8875,-1,-1,-1
522,129,112.18,88.15,109.43,311.25,0.8237,-1,-1,-1
522,120,348.07,0.63,290.39,473.05,0.7785,-1,-1,-1
523,133,192.45,16.13,149.38,451.08,0.8998,-1,-1,-1
523,129,108.64,90.65,110.97,310.31,0.7711,-1,-1,-1
523,120,361.51,0.74,277.92,476.30,0.8150,-1,-1,-1
524,133,194.09,11.62,148.28,461.94,0.8947,-1,-1,-1
524,129,107.30,83.47,113.83,307.26,0.8325,-1,-1,-1
524,120,374.34,1.02,265.13,475.99,0.8006,-1,-1,-1
525,133,204.00,16.53,147.40,463.47,0.8894,-1,-1,-1
525,129,114.77,83.81,111.44,296.14,0.8325,-1,-1,-1
525,120,391.34,0.18,248.26,479.82,0.8934,-1,-1,-1
526,133,209.32,16.07,152.54,463.93,0.8739,-1,-1,-1
526,129,137.37,77.91,96.43,286.74,0.8529,-1,-1,-1
526,120,405.12,0.78,234.67,479.22,0.8941,-1,-1,-1
527,133,203.97,13.23,160.69,466.77,0.8661,-1,-1,-1
527,129,146.14,75.06,87.44,293.92,0.8489,-1,-1,-1
527,120,416.26,0.00,223.67,480.00,0.8697,-1,-1,-1
528,133,200.03,22.37,172.26,457.35,0.8604,-1,-1,-1
528,131,392.05,97.59,71.10,317.14,0.6934,-1,-1,-1
528,129,162.42,89.54,76.72,293.50,0.8613,-1,-1,-1
528,120,437.08,0.00,202.92,480.00,0.9062,-1,-1,-1
529,135,126.17,163.67,47.76,146.54,0.7924,-1,-1,-1
529,133,204.00,26.92,170.85,451.80,0.8829,-1,-1,-1
529,131,382.38,106.37,87.95,315.70,0.8118,-1,-1,-1
529,129,161.95,98.26,79.83,289.28,0.8438,-1,-1,-1
529,120,449.02,0.47,190.79,476.29,0.8935,-1,-1,-1
530,135,119.37,160.69,47.75,152.25,0.7848,-1,-1,-1
530,133,213.13,27.34,167.53,438.16,0.8750,-1,-1,-1
530,131,384.86,109.97,93.23,317.77,0.7382,-1,-1,-1
530,129,158.39,101.72,87.75,285.91,0.8630,-1,-1,-1
530,120,468.59,0.38,171.18,478.18,0.9025,-1,-1,-1
531,135,111.45,159.65,55.12,157.75,0.8115,-1,-1,-1
531,133,219.41,28.28,161.97,448.70,0.8791,-1,-1,-1
531,131,385.54,112.30,96.76,323.04,0.8240,-1,-1,-1
531,129,155.58,103.45,92.96,287.54,0.8511,-1,-1,-1
531,120,475.53,0.23,164.19,479.13,0.8964,-1,-1,-1
532,135,93.11,158.60,64.98,164.80,0.7519,-1,-1,-1
532,131,377.72,104.78,98.41,321.80,0.8402,-1,-1,-1
532,129,165.33,100.76,84.80,275.09,0.8406,-1,-1,-1
532,120,485.45,1.05,154.30,478.00,0.8852,-1,-1,-1
532,90,226.22,27.19,147.36,452.81,0.8936,-1,-1,-1
533,136,464.66,92.26,50.77,269.17,0.5637,-1,-1,-1
533,135,74.11,153.86,74.23,169.08,0.7949,-1,-1,-1
533,131,370.93,97.54,97.83,310.57,0.8438,-1,-1,-1
533,129,172.13,93.11,74.03,277.77,0.7979,-1,-1,-1
533,120,482.49,0.42,157.19,478.61,0.8890,-1,-1,-1
533,90,219.43,22.11,144.39,457.89,0.8799,-1,-1,-1
534,136,452.91,88.19,63.18,301.39,0.7802,-1,-1,-1
534,135,55.41,146.11,66.67,181.33,0.7983,-1,-1,-1
534,131,357.68,94.51,96.48,314.14,0.7877,-1,-1,-1
534,129,148.75,88.37,88.58,282.71,0.7948,-1,-1,-1
534,120,485.82,1.78,153.97,476.75,0.8881,-1,-1,-1
534,90,202.71,23.07,143.93,455.75,0.8854,-1,-1,-1
535,136,448.20,89.04,70.33,323.97,0.8450,-1,-1,-1
535,135,41.76,138.08,68.57,191.94,0.7868,-1,-1,-1
535,134,137.58,89.77,93.50,294.48,0.5139,-1,-1,-1
535,131,338.43,95.58,107.36,318.73,0.7805,-1,-1,-1
535,129,181.61,88.24,53.52,288.92,0.3155,-1,-1,-1
535,120,492.33,2.14,147.54,474.59,0.8779,-1,-1,-1
535,90,190.20,23.27,150.55,456.67,0.8782,-1,-1,-1
536,136,444.82,88.79,77.78,315.40,0.8429,-1,-1,-1
536,135,29.67,131.22,75.40,201.22,0.7967,-1,-1,-1
536,134,137.16,126.93,80.57,159.78,0.5164,-1,-1,-1
536,131,322.89,96.72,120.12,323.65,0.8517,-1,-1,-1
536,120,499.05,0.47,140.83,477.87,0.8810,-1,-1,-1
536,90,194.11,17.59,146.06,456.99,0.8794,-1,-1,-1
537,136,441.57,84.37,85.27,316.44,0.8732,-1,-1,-1
537,135,9.93,117.63,83.91,211.59,0.8025,-1,-1,-1
537,134,134.65,120.93,78.68,169.46,0.4647,-1,-1,-1
537,131,318.26,92.50,121.96,331.22,0.8492,-1,-1,-1
537,120,504.78,7.66,135.07,471.25,0.8824,-1,-1,-1
537,90,193.01,4.21,149.61,457.03,0.8817,-1,-1,-1
538,138,124.04,144.84,38.35,141.61,0.6653,-1,-1,-1
538,136,439.42,85.33,91.15,336.10,0.8512,-1,-1,-1
538,135,6.39,117.17,83.56,223.75,0.8457,-1,-1,-1
538,134,132.94,126.09,75.22,163.28,0.5862,-1,-1,-1
538,131,328.75,90.92,108.13,334.49,0.8010,-1,-1,-1
538,120,510.91,1.32,128.83,478.17,0.8790,-1,-1,-1
538,90,195.05,2.04,154.54,453.64,0.8947,-1,-1,-1
539,139,409.05,126.46,50.54,222.53,0.7755,-1,-1,-1
539,138,120.81,139.78,47.21,146.59,0.7933,-1,-1,-1
539,136,448.42,83.59,92.28,321.07,0.8492,-1,-1,-1
539,135,0.03,112.70,86.52,237.59,0.8774,-1,-1,-1
539,134,153.67,121.82,58.68,166.05,0.6058,-1,-1,-1
539,131,337.38,87.57,98.58,327.89,0.8634,-1,-1,-1
539,120,531.65,1.97,108.17,474.39,0.8621,-1,-1,-1
539,90,197.79,1.67,162.03,467.82,0.8856,-1,-1,-1
540,139,412.46,128.14,51.46,222.17,0.7294,-1,-1,-1
540,138,121.48,138.41,53.87,152.19,0.7815,-1,-1,-1
540,136,451.40,77.89,99.72,337.96,0.8350,-1,-1,-1
540,135,0.00,115.36,88.08,246.48,0.8681,-1,-1,-1
540,134,170.21,120.90,65.62,242.80,0.7548,-1,-1,-1
540,131,343.86,88.73,94.34,323.49,0.8687,-1,-1,-1
540,120,541.69,6.86,98.20,465.52,0.8121,-1,-1,-1
540,90,203.90,1.07,161.15,476.40,0.8778,-1,-1,-1
541,139,422.95,125.62,48.84,234.92,0.6712,-1,-1,-1
541,138,116.78,139.79,63.44,155.72,0.8573,-1,-1,-1
541,136,456.61,73.41,113.36,344.79,0.7466,-1,-1,-1
541,135,0.01,108.71,79.24,264.92,0.8600,-1,-1,-1
541,134,190.10,124.64,55.30,247.19,0.7326,-1,-1,-1
541,131,352.31,83.27,92.76,337.05,0.8386,-1,-1,-1
541,120,562.42,25.44,77.41,403.16,0.7547,-1,-1,-1
541,90,215.97,0.90,159.35,472.08,0.8654,-1,-1,-1
542,138,106.90,139.33,73.81,161.74,0.8664,-1,-1,-1
542,136,445.80,71.33,123.29,354.19,0.6213,-1,-1,-1
542,135,0.14,97.58,71.91,282.73,0.8438,-1,-1,-1
542,134,207.59,122.32,44.50,251.04,0.4875,-1,-1,-1
542,131,361.92,83.97,88.95,339.98,0.7931,-1,-1,-1
542,129,189.85,127.39,47.18,174.22,0.3921,-1,-1,-1
542,120,590.64,46.14,49.17,379.94,0.4950,-1,-1,-1
542,90,229.92,2.30,153.52,472.42,0.8767,-1,-1,-1
543,139,431.00,124.60,51.32,281.16,0.3387,-1,-1,-1
543,138,102.01,143.49,77.17,161.67,0.8754,-1,-1,-1
543,136,438.53,76.26,123.59,361.60,0.8109,-1,-1,-1
543,135,0.19,91.04,71.67,294.26,0.8644,-1,-1,-1
543,134,213.47,123.42,44.21,257.11,0.5255,-1,-1,-1
543,131,368.54,90.94,85.48,342.78,0.6888,-1,-1,-1
543,129,185.41,152.61,38.75,145.28,0.5622,-1,-1,-1
543,90,235.77,8.23,158.72,469.27,0.8475,-1,-1,-1
544,138,98.65,135.92,79.24,168.88,0.8782,-1,-1,-1
544,136,446.54,76.28,131.89,366.31,0.8226,-1,-1,-1
544,135,0.28,85.36,55.47,301.84,0.8031,-1,-1,-1
544,134,218.77,131.86,45.48,245.33,0.6383,-1,-1,-1
544,131,386.95,89.42,73.20,314.94,0.5153,-1,-1,-1
544,129,183.32,146.30,50.06,151.39,0.7644,-1,-1,-1
544,90,243.58,3.40,159.19,476.60,0.8635,-1,-1,-1
545,139,441.73,117.00,36.92,243.14,0.3109,-1,-1,-1
545,138,102.00,134.35,78.84,170.93,0.8727,-1,-1,-1
545,136,456.59,74.72,128.75,370.59,0.8013,-1,-1,-1
545,135,0.15,112.33,61.69,275.76,0.7934,-1,-1,-1
545,134,226.56,144.13,43.58,231.74,0.3899,-1,-1,-1
545,131,397.58,89.09,67.37,345.52,0.5132,-1,-1,-1
545,129,185.52,148.75,52.22,151.31,0.7134,-1,-1,-1
545,90,243.62,0.64,168.16,479.09,0.8553,-1,-1,-1
546,138,106.35,129.96,77.78,176.71,0.8601,-1,-1,-1
546,136,473.96,71.25,118.94,371.77,0.7838,-1,-1,-1
546,135,0.12,120.20,52.97,275.10,0.7621,-1,-1,-1
546,131,375.82,83.87,97.68,352.27,0.5798,-1,-1,-1
546,129,193.19,149.10,51.67,153.35,0.7580,-1,-1,-1
546,90,253.48,0.40,174.25,478.17,0.8984,-1,-1,-1
547,138,112.82,121.13,66.65,185.08,0.7894,-1,-1,-1
547,136,488.88,66.56,118.97,363.10,0.7383,-1,-1,-1
547,135,0.13,126.27,31.68,267.32,0.5028,-1,-1,-1
547,131,393.70,81.77,88.88,340.37,0.6855,-1,-1,-1
547,129,192.45,141.70,55.66,160.85,0.8173,-1,-1,-1
547,90,247.54,0.79,192.54,479.21,0.8883,-1,-1,-1
548,138,117.56,120.98,62.58,188.25,0.8157,-1,-1,-1
548,136,505.50,64.56,117.26,375.94,0.7097,-1,-1,-1
548,131,402.93,82.42,82.72,349.24,0.5369,-1,-1,-1
548,129,195.06,138.20,62.36,166.50,0.8395,-1,-1,-1
548,90,248.70,0.00,196.88,471.12,0.8813,-1,-1,-1
549,142,480.06,122.80,49.74,244.86,0.6846,-1,-1,-1
549,138,117.35,118.38,65.12,192.67,0.8223,-1,-1,-1
549,136,515.34,62.90,123.47,387.72,0.7681,-1,-1,-1
549,131,430.19,89.31,61.66,330.10,0.4073,-1,-1,-1
549,129,194.14,134.85,64.23,171.17,0.8261,-1,-1,-1
549,90,252.46,0.46,194.92,470.61,0.8594,-1,-1,-1
550,142,485.17,111.10,57.47,248.94,0.7895,-1,-1,-1
550,138,106.72,103.93,71.44,202.12,0.7350,-1,-1,-1
550,136,528.56,48.55,111.14,399.98,0.8855,-1,-1,-1
550,131,405.81,63.77,83.01,370.19,0.3745,-1,-1,-1
550,129,195.71,117.19,63.17,178.03,0.8325,-1,-1,-1
550,90,259.80,0.16,190.48,479.70,0.7733,-1,-1,-1
551,142,487.96,108.37,63.54,250.78,0.7484,-1,-1,-1
551,138,93.19,97.63,79.39,209.14,0.8372,-1,-1,-1
551,136,533.83,44.23,105.99,406.29,0.9018,-1,-1,-1
551,134,255.91,123.06,55.32,210.42,0.3583,-1,-1,-1
551,131,408.29,71.08,81.24,365.99,0.5849,-1,-1,-1
551,129,194.16,112.47,62.79,182.27,0.8255,-1,-1,-1
551,90,266.42,0.42,178.80,478.11,0.7984,-1,-1,-1
552,142,493.17,115.75,58.59,248.99,0.8078,-1,-1,-1
552,138,77.46,102.59,84.82,217.78,0.8669,-1,-1,-1
552,136,539.71,50.04,100.16,406.96,0.8940,-1,-1,-1
552,134,258.51,128.01,50.43,205.81,0.3711,-1,-1,-1
552,131,420.01,66.95,61.98,243.07,0.6492,-1,-1,-1
552,129,180.30,114.97,75.95,193.75,0.8695,-1,-1,-1
552,90,262.52,0.00,214.59,458.40,0.7678,-1,-1,-1
553,142,495.06,117.91,61.02,249.13,0.8038,-1,-1,-1
553,138,71.00,100.32,82.49,226.76,0.8717,-1,-1,-1
553,136,544.71,52.59,95.14,408.44,0.8767,-1,-1,-1
553,131,411.12,68.16,68.88,247.04,0.6963,-1,-1,-1
553,129,169.14,117.98,81.80,196.11,0.8716,-1,-1,-1
553,90,252.91,7.68,210.68,472.32,0.8596,-1,-1,-1
554,142,501.73,119.03,62.02,247.92,0.7679,-1,-1,-1
554,138,65.09,96.88,79.28,235.27,0.8522,-1,-1,-1
554,136,550.93,51.83,88.91,400.77,0.8936,-1,-1,-1
554,131,428.51,116.86,49.21,210.29,0.3890,-1,-1,-1
554,129,167.45,117.13,81.75,204.96,0.8604,-1,-1,-1
554,90,246.84,0.32,192.28,479.68,0.8953,-1,-1,-1
555,142,507.62,112.39,66.45,247.45,0.7635,-1,-1,-1
555,138,62.39,90.44,69.92,242.01,0.8390,-1,-1,-1
555,136,559.64,46.44,80.21,397.16,0.8912,-1,-1,-1
555,131,406.73,113.74,66.03,247.71,0.6298,-1,-1,-1
555,129,168.53,110.22,75.80,215.15,0.8782,-1,-1,-1
555,90,260.16,0.48,186.10,479.52,0.9125,-1,-1,-1
556,142,509.25,115.60,70.69,249.12,0.7722,-1,-1,-1
556,138,48.24,90.11,78.19,247.76,0.8331,-1,-1,-1
556,136,564.87,47.83,74.96,399.46,0.8629,-1,-1,-1
556,131,413.24,115.15,66.44,252.60,0.6952,-1,-1,-1
556,129,165.95,111.42,75.33,220.81,0.8762,-1,-1,-1
556,90,252.62,1.52,193.38,478.48,0.9082,-1,-1,-1
557,142,517.36,130.06,64.01,243.28,0.8215,-1,-1,-1
557,138,20.82,91.31,92.67,258.93,0.8681,-1,-1,-1
557,136,550.56,61.47,89.28,387.56,0.8320,-1,-1,-1
557,131,420.37,120.84,78.35,284.71,0.7216,-1,-1,-1
557,129,156.73,111.10,78.12,232.83,0.8788,-1,-1,-1
557,90,261.46,3.86,189.06,476.06,0.9202,-1,-1,-1
558,142,520.80,130.40,60.74,231.50,0.8128,-1,-1,-1
558,138,0.19,83.24,102.62,268.42,0.8952,-1,-1,-1
558,136,546.93,60.64,92.88,377.21,0.8453,-1,-1,-1
558,131,419.28,115.77,90.97,292.71,0.8157,-1,-1,-1
558,129,152.21,106.43,80.04,237.56,0.8721,-1,-1,-1
558,90,262.04,2.91,188.12,474.96,0.9082,-1,-1,-1
559,142,532.82,116.47,62.14,250.91,0.7422,-1,-1,-1
559,138,0.00,78.87,96.16,272.81,0.9036,-1,-1,-1
559,136,556.65,49.71,83.24,370.20,0.8579,-1,-1,-1
559,131,429.28,101.03,109.48,320.32,0.8191,-1,-1,-1
559,129,149.69,94.90,87.16,245.71,0.8668,-1,-1,-1
559,90,271.49,0.87,184.78,473.83,0.9217,-1,-1,-1
560,142,537.89,113.11,57.99,242.50,0.7395,-1,-1,-1
560,138,0.00,76.74,90.62,280.98,0.9214,-1,-1,-1
560,136,574.43,44.15,65.47,378.64,0.8585,-1,-1,-1
560,131,445.54,88.78,104.51,341.72,0.8009,-1,-1,-1
560,129,144.36,89.22,91.65,262.28,0.8780,-1,-1,-1
560,90,271.75,0.00,184.46,478.49,0.9136,-1,-1,-1
561,142,546.23,110.60,42.26,246.21,0.5998,-1,-1,-1
561,138,0.00,67.62,74.82,287.28,0.8848,-1,-1,-1
561,136,572.29,39.55,67.59,388.45,0.8867,-1,-1,-1
561,131,447.85,68.30,110.36,367.11,0.6588,-1,-1,-1
561,129,125.45,78.04,96.91,281.09,0.8096,-1,-1,-1
561,90,253.11,1.65,197.88,478.35,0.8990,-1,-1,-1
562,139,406.61,79.52,62.23,261.21,0.5424,-1,-1,-1
562,138,0.00,89.33,58.11,263.32,0.8560,-1,-1,-1
562,136,567.23,34.65,72.62,398.38,0.9048,-1,-1,-1
562,131,455.86,54.57,113.66,380.45,0.7990,-1,-1,-1
562,129,110.97,71.82,99.89,288.78,0.8753,-1,-1,-1
562,90,242.80,0.82,204.11,478.13,0.8986,-1,-1,-1
563,139,410.33,80.58,73.50,271.33,0.6226,-1,-1,-1
563,138,0.00,106.86,31.69,250.71,0.5157,-1,-1,-1
563,136,578.23,41.14,61.63,406.50,0.8314,-1,-1,-1
563,131,473.69,42.84,129.37,430.90,0.6250,-1,-1,-1
563,129,96.00,63.85,107.56,317.66,0.8176,-1,-1,-1
563,90,234.12,2.37,217.47,477.63,0.9244,-1,-1,-1
564,139,412.80,79.02,73.59,280.26,0.7100,-1,-1,-1
564,136,582.42,41.20,57.28,410.62,0.6634,-1,-1,-1
564,131,516.46,37.55,111.21,434.61,0.5517,-1,-1,-1
564,129,85.61,57.24,117.06,331.52,0.8688,-1,-1,-1
564,120,585.49,42.66,54.30,207.61,0.5320,-1,-1,-1
564,90,232.32,1.71,216.94,478.29,0.9037,-1,-1,-1
565,143,0.05,174.85,15.16,76.40,0.3715,-1,-1,-1
565,139,413.52,73.80,83.86,299.53,0.7920,-1,-1,-1
565,131,480.46,25.41,159.54,454.24,0.8275,-1,-1,-1
565,129,73.60,47.63,116.56,352.10,0.8586,-1,-1,-1
565,90,233.69,0.80,214.02,477.52,0.9221,-1,-1,-1
566,139,421.04,63.30,82.47,318.10,0.8403,-1,-1,-1
566,131,501.42,79.62,138.51,400.38,0.5170,-1,-1,-1
566,129,58.12,37.91,126.75,367.64,0.8918,-1,-1,-1
566,90,231.64,0.77,211.64,478.68,0.9175,-1,-1,-1
567,139,424.33,52.56,90.37,337.36,0.8585,-1,-1,-1
567,131,530.18,75.17,109.56,403.97,0.8254,-1,-1,-1
567,129,39.87,23.14,133.85,392.77,0.9007,-1,-1,-1
567,90,231.45,0.92,203.70,474.36,0.9194,-1,-1,-1
568,143,0.03,181.01,13.22,74.83,0.3829,-1,-1,-1
568,139,424.21,43.13,106.26,357.95,0.8648,-1,-1,-1
568,131,538.95,58.85,100.92,419.36,0.6952,-1,-1,-1
568,129,21.66,14.12,144.10,410.47,0.9121,-1,-1,-1
568,90,228.94,0.71,201.83,471.02,0.9186,-1,-1,-1
569,139,417.19,24.36,129.34,383.03,0.8650,-1,-1,-1
569,131,567.72,51.98,72.21,428.02,0.4813,-1,-1,-1
569,129,0.00,0.01,149.70,447.55,0.9100,-1,-1,-1
569,90,219.77,0.49,202.99,475.61,0.9236,-1,-1,-1
570,139,425.73,11.12,131.47,403.14,0.8621,-1,-1,-1
570,131,562.52,46.44,77.33,371.64,0.6272,-1,-1,-1
570,129,0.00,0.57,140.07,432.29,0.9158,-1,-1,-1
570,90,210.87,0.47,209.23,476.41,0.9178,-1,-1,-1
571,139,433.82,1.10,141.96,430.20,0.8686,-1,-1,-1
571,131,565.42,53.80,74.58,366.13,0.8799,-1,-1,-1
571,129,0.00,0.00,122.64,446.11,0.8978,-1,-1,-1
571,90,191.18,0.00,229.93,477.65,0.9079,-1,-1,-1
572,139,440.73,0.33,151.27,448.83,0.8796,-1,-1,-1
572,131,571.22,61.20,68.65,310.91,0.7346,-1,-1,-1
572,129,0.20,1.20,109.21,455.48,0.8826,-1,-1,-1
572,90,182.89,0.00,236.52,476.52,0.9157,-1,-1,-1
573,142,591.66,71.88,48.17,317.84,0.4263,-1,-1,-1
573,139,443.93,0.82,178.06,478.11,0.8488,-1,-1,-1
573,129,0.22,18.33,95.44,454.70,0.8324,-1,-1,-1
573,90,178.76,0.03,243.55,478.96,0.9161,-1,-1,-1
574,139,457.05,0.10,178.71,479.90,0.9044,-1,-1,-1
574,90,181.15,0.00,250.07,478.01,0.9134,-1,-1,-1
575,139,466.67,0.52,173.03,478.56,0.9146,-1,-1,-1
575,90,191.92,0.00,244.66,477.16,0.9049,-1,-1,-1
576,139,481.25,0.62,158.51,479.38,0.9070,-1,-1,-1
576,90,201.04,0.00,242.52,479.73,0.9184,-1,-1,-1
577,139,495.40,0.86,144.57,477.09,0.8957,-1,-1,-1
577,90,207.32,0.00,242.79,480.00,0.9226,-1,-1,-1
578,139,519.65,1.25,120.19,478.75,0.7294,-1,-1,-1
578,90,215.86,0.24,239.49,479.76,0.9245,-1,-1,-1
579,139,501.09,220.36,125.84,190.88,0.5020,-1,-1,-1
579,90,224.67,0.27,234.98,479.73,0.9073,-1,-1,-1
580,139,501.06,65.08,126.84,348.82,0.8443,-1,-1,-1
580,90,235.81,0.43,231.39,476.10,0.9165,-1,-1,-1
581,144,216.16,147.94,47.67,135.61,0.7866,-1,-1,-1
581,139,505.75,68.57,84.92,327.83,0.7152,-1,-1,-1
581,131,568.58,110.26,71.12,268.40,0.5687,-1,-1,-1
581,90,253.87,0.06,234.00,478.83,0.9243,-1,-1,-1
582,144,210.65,150.21,54.72,136.84,0.8263,-1,-1,-1
582,139,497.77,70.28,85.78,325.56,0.6038,-1,-1,-1
582,90,257.43,0.20,238.12,476.13,0.9218,-1,-1,-1
583,144,205.88,160.06,59.34,138.37,0.7324,-1,-1,-1
583,139,499.14,81.58,77.43,322.07,0.6858,-1,-1,-1
583,138,0.16,189.45,48.22,189.66,0.3299,-1,-1,-1
583,131,529.82,115.17,110.07,292.82,0.6704,-1,-1,-1
583,90,261.56,0.00,253.32,477.57,0.9171,-1,-1,-1
584,144,203.73,159.42,58.68,143.48,0.7195,-1,-1,-1
584,131,508.42,97.52,120.50,319.59,0.5040,-1,-1,-1
584,129,0.39,0.00,92.77,429.49,0.3712,-1,-1,-1
584,90,265.76,0.00,270.76,476.79,0.9155,-1,-1,-1
585,145,544.87,117.96,61.53,236.62,0.4533,-1,-1,-1
585,144,201.25,149.28,55.89,151.24,0.7365,-1,-1,-1
585,129,0.23,0.03,111.98,473.49,0.6185,-1,-1,-1
585,90,271.26,0.20,280.34,474.57,0.9072,-1,-1,-1
586,145,534.14,121.00,69.80,259.36,0.7513,-1,-1,-1
586,144,197.59,144.20,59.35,161.48,0.8084,-1,-1,-1
586,139,457.14,94.19,127.35,320.11,0.3592,-1,-1,-1
586,138,0.43,152.84,62.45,326.15,0.3182,-1,-1,-1
586,129,0.24,0.00,116.81,475.21,0.5795,-1,-1,-1
586,90,275.48,0.00,277.08,472.95,0.9011,-1,-1,-1
587,145,521.92,117.61,69.49,255.66,0.6567,-1,-1,-1
587,144,187.90,142.80,61.12,160.69,0.8182,-1,-1,-1
587,139,458.24,137.98,95.97,259.57,0.5201,-1,-1,-1
587,129,0.40,0.00,110.42,477.26,0.6820,-1,-1,-1
587,90,277.14,0.00,260.50,471.68,0.9128,-1,-1,-1
588,145,514.82,123.99,71.36,250.91,0.7253,-1,-1,-1
588,144,180.25,146.09,59.69,164.25,0.8343,-1,-1,-1
588,139,456.24,177.12,72.97,214.99,0.5843,-1,-1,-1
588,129,0.44,0.00,103.36,478.10,0.6458,-1,-1,-1
588,90,274.14,0.00,251.51,480.00,0.9158,-1,-1,-1
589,145,470.98,128.65,95.20,244.04,0.6397,-1,-1,-1
589,144,154.30,143.82,64.67,172.52,0.7227,-1,-1,-1
589,129,0.67,0.91,96.22,476.28,0.6294,-1,-1,-1
589,90,245.45,0.00,253.18,479.73,0.9051,-1,-1,-1
590,145,458.96,125.66,97.71,245.49,0.7960,-1,-1,-1
590,144,141.12,140.23,69.43,178.53,0.8217,-1,-1,-1
590,138,0.15,3.29,40.44,473.54,0.3497,-1,-1,-1
590,129,0.69,2.03,99.11,469.39,0.3419,-1,-1,-1
590,90,232.46,0.00,256.62,478.08,0.8835,-1,-1,-1
591,145,447.53,122.77,90.81,244.16,0.6496,-1,-1,-1
591,144,124.12,140.29,66.59,183.33,0.8124,-1,-1,-1
591,129,0.28,0.00,115.57,471.17,0.6630,-1,-1,-1
591,90,202.65,0.01,267.45,479.37,0.8732,-1,-1,-1
592,145,404.60,125.89,108.13,261.15,0.7554,-1,-1,-1
592,144,104.82,143.78,72.91,196.13,0.8584,-1,-1,-1
592,138,0.04,1.26,73.09,375.31,0.7702,-1,-1,-1
592,90,186.96,0.00,261.50,478.32,0.8745,-1,-1,-1
593,145,376.20,122.92,97.87,253.83,0.3695,-1,-1,-1
593,144,84.08,131.30,76.62,208.98,0.8118,-1,-1,-1
593,129,0.21,12.67,107.23,466.92,0.4020,-1,-1,-1
593,90,193.75,0.00,252.47,479.68,0.8939,-1,-1,-1
594,144,72.68,123.61,77.47,214.82,0.8333,-1,-1,-1
594,129,0.08,28.84,96.15,449.57,0.5645,-1,-1,-1
594,90,192.62,0.43,246.31,478.64,0.8991,-1,-1,-1
595,145,404.90,125.50,68.84,240.27,0.4691,-1,-1,-1
595,144,43.31,118.17,92.69,230.42,0.7866,-1,-1,-1
595,90,193.59,0.32,240.86,479.68,0.9078,-1,-1,-1
596,145,369.64,125.63,81.10,261.07,0.5818,-1,-1,-1
596,144,35.54,110.13,91.36,238.19,0.8217,-1,-1,-1
596,138,0.39,39.60,45.19,312.22,0.4026,-1,-1,-1
596,90,192.06,0.25,234.24,479.75,0.9079,-1,-1,-1
597,146,170.50,152.87,42.04,147.05,0.7696,-1,-1,-1
597,145,359.98,138.71,85.21,243.13,0.3719,-1,-1,-1
597,144,27.48,105.06,87.92,246.24,0.7980,-1,-1,-1
597,138,0.21,57.29,37.29,297.19,0.5667,-1,-1,-1
597,90,197.62,0.01,221.98,478.39,0.9005,-1,-1,-1
598,147,611.59,224.44,28.18,116.41,0.4748,-1,-1,-1
598,146,156.19,154.47,56.20,149.71,0.7756,-1,-1,-1
598,144,15.18,105.94,86.08,251.94,0.7670,-1,-1,-1
598,138,0.39,122.03,34.83,233.15,0.4544,-1,-1,-1
598,90,200.80,0.00,218.21,478.02,0.9108,-1,-1,-1
599,147,605.22,193.75,34.57,147.61,0.6154,-1,-1,-1
599,146,149.24,152.14,60.36,152.65,0.8052,-1,-1,-1
599,145,372.54,139.17,55.16,230.17,0.4030,-1,-1,-1
599,144,0.20,100.69,92.19,281.55,0.8243,-1,-1,-1
599,90,198.63,0.00,225.46,477.10,0.9032,-1,-1,-1
600,147,596.72,143.05,43.17,208.32,0.6042,-1,-1,-1
600,146,145.66,153.44,60.83,159.78,0.8117,-1,-1,-1
600,144,0.23,95.84,70.76,274.78,0.8680,-1,-1,-1
600,90,200.05,1.00,235.27,475.15,0.9121,-1,-1,-1
601,147,594.75,131.53,45.14,224.67,0.5690,-1,-1,-1
601,146,140.42,153.18,61.95,163.75,0.8205,-1,-1,-1
601,144,0.15,134.51,54.75,238.27,0.4191,-1,-1,-1
601,90,196.18,0.59,239.70,479.26,0.9208,-1,-1,-1
602,147,590.61,114.53,49.22,244.43,0.5302,-1,-1,-1
602,146,139.51,150.68,58.52,167.54,0.8201,-1,-1,-1
602,90,190.70,0.00,246.85,480.00,0.9112,-1,-1,-1
603,147,588.61,109.22,51.28,254.73,0.5831,-1,-1,-1
603,146,131.82,152.23,63.21,173.38,0.8623,-1,-1,-1
603,138,0.22,190.68,33.23,276.08,0.3070,-1,-1,-1
603,90,191.96,0.18,238.62,479.82,0.9084,-1,-1,-1
604,147,582.45,105.92,57.43,371.18,0.4695,-1,-1,-1
604,146,130.55,147.47,68.80,179.01,0.8127,-1,-1,-1
604,145,368.25,179.20,64.28,192.52,0.3793,-1,-1,-1
604,138,0.23,222.69,50.71,212.37,0.6250,-1,-1,-1
604,90,192.79,0.00,231.52,480.00,0.9058,-1,-1,-1
605,149,198.19,161.45,47.70,211.86,0.3343,-1,-1,-1
605,147,586.68,98.83,53.30,254.69,0.5186,-1,-1,-1
605,146,128.90,143.78,68.12,183.31,0.8075,-1,-1,-1
605,145,372.75,185.25,53.36,185.31,0.3239,-1,-1,-1
605,138,0.15,216.88,63.75,201.46,0.4961,-1,-1,-1
605,90,197.78,0.00,217.33,479.32,0.9086,-1,-1,-1
606,147,592.06,98.49,47.89,380.01,0.4631,-1,-1,-1
606,146,125.17,139.66,70.06,184.72,0.8113,-1,-1,-1
606,138,0.12,215.67,68.61,264.33,0.4060,-1,-1,-1
606,90,200.85,0.00,210.36,478.43,0.9110,-1,-1,-1
607,146,115.38,132.74,77.94,195.74,0.8302,-1,-1,-1
607,138,0.24,194.26,69.10,222.53,0.4394,-1,-1,-1
607,90,196.95,1.13,211.22,478.87,0.9040,-1,-1,-1
608,149,191.35,155.30,57.82,225.58,0.3296,-1,-1,-1
608,146,95.81,131.31,92.60,203.35,0.8436,-1,-1,-1
608,144,0.28,171.09,40.47,172.10,0.4894,-1,-1,-1
608,90,193.37,0.00,215.10,480.00,0.9087,-1,-1,-1
609,149,196.30,142.85,55.21,235.89,0.5583,-1,-1,-1
609,146,93.04,124.84,95.08,213.08,0.8683,-1,-1,-1
609,90,199.12,0.26,221.97,479.74,0.9004,-1,-1,-1
610,146,93.90,122.94,84.73,221.49,0.8499,-1,-1,-1
610,90,208.81,0.00,221.65,480.00,0.7995,-1,-1,-1
611,149,196.26,148.02,59.85,237.81,0.6508,-1,-1,-1
611,146,92.49,124.42,82.03,227.71,0.8526,-1,-1,-1
611,138,0.00,21.32,68.24,444.84,0.3104,-1,-1,-1
611,90,225.74,0.00,211.97,480.00,0.8658,-1,-1,-1
612,150,161.07,167.68,38.07,122.43,0.7492,-1,-1,-1
612,149,191.30,138.97,71.76,245.40,0.4076,-1,-1,-1
612,146,78.40,115.54,85.79,239.73,0.8632,-1,-1,-1
612,138,0.00,16.88,71.20,307.14,0.5226,-1,-1,-1
612,90,230.15,0.00,222.15,480.00,0.8848,-1,-1,-1
613,150,152.33,162.25,44.64,124.94,0.7297,-1,-1,-1
613,149,184.51,136.58,85.93,231.93,0.5142,-1,-1,-1
613,146,55.60,107.70,100.99,244.60,0.8603,-1,-1,-1
613,138,0.13,19.90,75.56,304.12,0.7612,-1,-1,-1
613,90,229.25,0.00,231.08,480.00,0.8774,-1,-1,-1
614,150,139.29,158.11,48.90,131.09,0.7536,-1,-1,-1
614,149,173.58,106.09,90.97,260.87,0.8665,-1,-1,-1
614,146,48.32,98.78,92.91,267.44,0.8847,-1,-1,-1
614,138,0.00,29.98,74.68,308.29,0.7068,-1,-1,-1
614,90,246.87,0.00,228.15,477.98,0.8818,-1,-1,-1
615,150,135.58,157.22,49.72,132.93,0.7920,-1,-1,-1
615,149,180.70,106.44,83.92,265.01,0.8632,-1,-1,-1
615,146,48.84,95.04,87.40,274.24,0.8383,-1,-1,-1
615,138,0.19,20.95,71.65,387.22,0.7938,-1,-1,-1
615,90,260.37,0.07,219.69,478.00,0.8894,-1,-1,-1
616,150,128.76,151.75,53.53,139.04,0.8218,-1,-1,-1
616,149,186.41,107.50,78.47,269.79,0.8399,-1,-1,-1
616,146,51.37,89.34,75.48,266.51,0.7538,-1,-1,-1
616,138,0.20,7.20,78.86,445.26,0.6313,-1,-1,-1
616,90,273.78,0.00,222.56,480.00,0.8925,-1,-1,-1
617,151,249.89,130.52,31.17,170.34,0.3036,-1,-1,-1
617,150,126.21,144.68,55.86,143.10,0.7974,-1,-1,-1
617,149,184.30,101.77,79.52,270.60,0.8540,-1,-1,-1
617,146,45.09,76.70,75.02,203.20,0.6217,-1,-1,-1
617,144,0.33,143.94,54.83,315.92,0.3949,-1,-1,-1
617,138,0.18,1.87,86.84,456.88,0.4683,-1,-1,-1
617,90,278.02,0.00,225.75,479.33,0.8881,-1,-1,-1
618,152,265.10,95.82,50.37,255.66,0.7248,-1,-1,-1
618,151,239.43,126.51,41.24,161.18,0.3299,-1,-1,-1
618,150,108.16,138.87,66.71,150.01,0.7919,-1,-1,-1
618,149,178.71,97.48,75.70,272.30,0.8549,-1,-1,-1
618,146,35.82,56.42,64.53,166.36,0.3176,-1,-1,-1
618,138,0.08,0.00,91.44,479.00,0.8149,-1,-1,-1
618,90,275.36,0.00,229.45,478.94,0.8937,-1,-1,-1
619,152,259.41,93.34,58.50,262.39,0.7926,-1,-1,-1
619,151,233.80,123.59,41.80,175.02,0.5727,-1,-1,-1
619,150,102.23,137.02,53.43,151.39,0.8066,-1,-1,-1
619,149,170.49,96.58,75.09,267.71,0.8632,-1,-1,-1
619,138,0.28,0.17,96.69,477.62,0.8444,-1,-1,-1
619,90,272.61,0.00,230.68,480.00,0.9011,-1,-1,-1
620,152,257.71,91.76,64.50,267.11,0.8101,-1,-1,-1
620,151,233.49,125.07,42.04,175.35,0.6490,-1,-1,-1
620,150,92.85,136.17,61.60,157.72,0.8079,-1,-1,-1
620,149,168.53,94.87,72.08,262.35,0.8334,-1,-1,-1
620,138,0.27,1.51,103.85,474.35,0.8453,-1,-1,-1
620,90,273.26,0.00,226.90,480.00,0.8565,-1,-1,-1
621,152,259.27,102.36,66.61,262.70,0.8150,-1,-1,-1
621,151,238.05,134.53,38.90,175.96,0.7010,-1,-1,-1
621,150,92.77,141.20,63.20,161.82,0.7956,-1,-1,-1
621,149,171.17,104.59,70.85,264.94,0.7976,-1,-1,-1
621,138,0.07,2.59,103.27,477.35,0.8804,-1,-1,-1
621,90,293.49,0.27,200.91,477.39,0.8909,-1,-1,-1
622,152,265.19,112.09,60.67,267.78,0.8253,-1,-1,-1
622,151,242.74,144.36,34.06,168.30,0.6814,-1,-1,-1
622,150,93.32,143.80,61.18,161.82,0.8021,-1,-1,-1
622,149,175.41,112.90,70.63,266.23,0.8546,-1,-1,-1
622,138,0.06,0.00,117.50,480.00,0.8904,-1,-1,-1
622,90,310.54,0.46,187.88,479.54,0.9047,-1,-1,-1
623,152,263.71,119.01,60.83,265.30,0.8259,-1,-1,-1
623,151,240.68,152.06,31.92,165.08,0.7133,-1,-1,-1
623,150,94.12,142.81,53.79,144.29,0.7317,-1,-1,-1
623,149,172.36,118.70,72.43,267.17,0.8562,-1,-1,-1
623,138,0.21,2.83,122.06,475.54,0.8240,-1,-1,-1
623,90,310.37,0.62,185.92,479.38,0.9139,-1,-1,-1
624,152,258.47,119.92,68.61,263.59,0.8272,-1,-1,-1
624,151,239.54,155.68,29.85,165.35,0.5106,-1,-1,-1
624,150,87.27,120.40,50.05,145.82,0.4276,-1,-1,-1
624,149,167.54,122.74,77.45,266.06,0.8213,-1,-1,-1
624,138,0.00,0.68,117.73,479.32,0.6558,-1,-1,-1
624,90,306.35,0.00,186.22,478.73,0.9197,-1,-1,-1
625,152,247.07,116.33,79.56,252.54,0.8592,-1,-1,-1
625,149,164.82,116.94,83.95,267.83,0.7985,-1,-1,-1
625,129,0.00,74.03,87.68,404.40,0.6971,-1,-1,-1
625,90,306.67,0.00,188.03,479.69,0.9171,-1,-1,-1
626,152,251.80,110.38,74.91,252.63,0.8529,-1,-1,-1
626,149,157.21,113.68,99.62,266.42,0.8228,-1,-1,-1
626,129,0.31,74.40,93.75,403.83,0.6195,-1,-1,-1
626,90,308.20,0.00,198.17,479.07,0.9133,-1,-1,-1
627,152,256.65,105.42,69.59,257.46,0.8541,-1,-1,-1
627,149,177.17,106.03,79.37,258.51,0.7844,-1,-1,-1
627,138,0.21,0.71,143.71,479.29,0.6240,-1,-1,-1
627,90,311.26,0.00,212.65,478.78,0.9044,-1,-1,-1
628,152,258.30,103.07,74.64,259.69,0.8704,-1,-1,-1
628,149,177.46,99.10,82.24,261.32,0.8364,-1,-1,-1
628,138,0.41,1.08,153.41,478.92,0.6086,-1,-1,-1
628,90,318.78,0.00,229.71,479.33,0.9194,-1,-1,-1
629,152,267.83,112.32,75.82,257.33,0.8297,-1,-1,-1
629,149,187.99,107.23,80.48,262.70,0.8099,-1,-1,-1
629,138,0.41,1.75,165.46,478.13,0.6202,-1,-1,-1
629,90,329.58,0.00,253.94,477.49,0.8933,-1,-1,-1
630,153,161.91,132.72,53.78,183.89,0.7470,-1,-1,-1
630,152,276.56,114.32,74.04,257.19,0.8096,-1,-1,-1
630,149,190.22,114.07,90.28,261.76,0.7738,-1,-1,-1
630,138,0.08,1.35,179.25,477.59,0.8123,-1,-1,-1
630,90,342.82,0.00,268.67,480.00,0.8930,-1,-1,-1
631,153,167.01,129.88,58.29,192.94,0.7460,-1,-1,-1
631,152,286.55,114.11,76.79,253.63,0.8255,-1,-1,-1
631,149,216.97,116.21,70.19,262.01,0.8264,-1,-1,-1
631,138,0.74,0.29,194.49,477.09,0.8905,-1,-1,-1
631,90,354.54,0.00,271.40,475.55,0.8940,-1,-1,-1
632,153,174.95,132.07,51.88,130.26,0.4535,-1,-1,-1
632,152,290.56,116.60,75.92,243.36,0.8495,-1,-1,-1
632,149,223.62,118.87,64.42,260.50,0.8480,-1,-1,-1
632,138,1.83,0.76,196.60,478.69,0.8935,-1,-1,-1
632,90,366.53,0.00,262.63,477.61,0.9166,-1,-1,-1
633,153,177.04,130.13,51.22,246.52,0.5306,-1,-1,-1
633,152,299.04,114.60,73.74,247.02,0.8504,-1,-1,-1
633,149,230.72,116.95,62.90,253.26,0.8410,-1,-1,-1
633,144,0.28,92.10,46.84,254.43,0.6204,-1,-1,-1
633,138,22.28,0.41,188.18,479.59,0.8633,-1,-1,-1
633,90,384.89,0.00,254.63,480.00,0.9047,-1,-1,-1
634,152,307.67,113.48,71.22,248.38,0.8355,-1,-1,-1
634,149,235.54,111.98,65.34,253.02,0.8294,-1,-1,-1
634,144,0.30,65.55,56.03,315.01,0.7633,-1,-1,-1
634,138,34.26,0.00,167.90,480.00,0.7759,-1,-1,-1
634,90,401.92,0.00,237.47,476.44,0.9107,-1,-1,-1
635,152,315.90,116.55,72.18,248.16,0.8467,-1,-1,-1
635,149,242.63,114.13,63.87,249.30,0.8129,-1,-1,-1
635,138,37.63,0.59,197.61,479.41,0.8728,-1,-1,-1
635,90,417.64,0.00,221.54,480.00,0.9113,-1,-1,-1
636,154,289.42,140.92,39.36,167.31,0.4230,-1,-1,-1
636,152,314.75,115.84,71.27,244.62,0.8229,-1,-1,-1
636,149,235.29,117.10,69.97,247.03,0.7760,-1,-1,-1
636,138,36.50,1.43,207.93,477.53,0.8502,-1,-1,-1
636,90,417.84,0.00,221.98,479.05,0.9128,-1,-1,-1
637,154,291.50,140.54,36.52,166.88,0.5516,-1,-1,-1
637,152,314.28,115.72,69.43,239.95,0.8091,-1,-1,-1
637,149,244.19,118.96,60.63,240.50,0.7585,-1,-1,-1
637,138,49.18,0.39,196.55,479.61,0.8327,-1,-1,-1
637,90,419.49,0.88,220.26,479.12,0.9243,-1,-1,-1
638,152,312.67,113.81,70.29,232.70,0.8094,-1,-1,-1
638,149,248.27,117.79,59.07,229.17,0.8277,-1,-1,-1
638,138,61.75,0.00,190.72,480.00,0.8365,-1,-1,-1
638,90,417.69,1.00,221.94,478.97,0.9152,-1,-1,-1
639,154,291.61,138.00,37.26,158.96,0.3391,-1,-1,-1
639,152,309.61,111.85,73.21,236.93,0.8496,-1,-1,-1
639,149,248.51,114.19,57.37,231.98,0.8172,-1,-1,-1
639,138,65.76,0.72,181.92,479.28,0.7917,-1,-1,-1
639,90,404.42,0.67,235.36,478.30,0.8978,-1,-1,-1
640,152,302.96,113.43,78.02,237.94,0.8379,-1,-1,-1
640,149,242.93,112.92,60.81,236.10,0.8113,-1,-1,-1
640,138,19.32,0.98,224.53,479.02,0.8316,-1,-1,-1
640,90,404.79,0.97,234.88,479.03,0.8852,-1,-1,-1
641,152,297.48,118.44,75.11,236.55,0.8268,-1,-1,-1
641,149,237.64,118.78,61.65,237.79,0.7443,-1,-1,-1
641,138,22.89,0.59,219.50,478.92,0.8211,-1,-1,-1
641,129,1.02,61.69,123.16,346.38,0.7211,-1,-1,-1
641,90,414.46,0.25,225.17,478.01,0.9249,-1,-1,-1
642,152,294.41,120.86,75.85,234.96,0.8351,-1,-1,-1
642,149,237.40,122.65,60.18,239.82,0.7454,-1,-1,-1
642,144,0.15,75.27,32.28,341.30,0.4756,-1,-1,-1
642,138,20.62,0.00,219.38,477.35,0.8588,-1,-1,-1
642,129,10.32,46.36,89.93,333.94,0.5940,-1,-1,-1
642,90,406.11,0.31,231.69,479.69,0.9188,-1,-1,-1
643,152,294.38,120.10,74.25,233.52,0.8121,-1,-1,-1
643,149,234.29,122.78,61.22,237.35,0.7141,-1,-1,-1
643,138,33.11,2.88,203.26,477.12,0.7262,-1,-1,-1
643,129,0.18,29.10,80.88,377.93,0.7636,-1,-1,-1
643,90,402.07,0.31,233.79,478.81,0.9265,-1,-1,-1
644,155,275.57,150.18,28.33,154.35,0.4359,-1,-1,-1
644,152,293.48,123.11,71.66,227.00,0.8342,-1,-1,-1
644,149,216.88,127.03,71.44,234.77,0.6475,-1,-1,-1
644,138,17.95,6.62,211.51,472.57,0.9028,-1,-1,-1
644,129,0.29,34.75,53.69,252.26,0.6066,-1,-1,-1
644,90,398.12,0.34,237.33,477.18,0.9290,-1,-1,-1
645,155,270.39,145.18,30.17,160.32,0.5122,-1,-1,-1
645,152,288.67,119.92,69.46,231.67,0.8561,-1,-1,-1
645,149,222.23,125.79,57.88,228.47,0.7900,-1,-1,-1
645,144,0.06,96.92,26.59,178.06,0.3138,-1,-1,-1
645,138,42.63,0.33,181.48,479.67,0.8686,-1,-1,-1
645,90,394.15,0.15,244.87,476.99,0.9311,-1,-1,-1
646,155,264.94,145.10,27.31,112.26,0.5347,-1,-1,-1
646,152,284.51,122.17,66.19,230.79,0.7913,-1,-1,-1
646,149,221.04,124.45,54.84,208.44,0.7904,-1,-1,-1
646,138,63.96,0.00,159.01,480.00,0.8938,-1,-1,-1
646,90,388.98,0.10,250.36,474.87,0.9146,-1,-1,-1
647,155,255.31,149.74,33.50,156.12,0.6767,-1,-1,-1
647,152,280.64,125.59,66.32,230.51,0.7967,-1,-1,-1
647,149,219.17,125.68,52.26,191.63,0.8154,-1,-1,-1
647,138,66.75,0.00,155.98,479.65,0.8976,-1,-1,-1
647,90,387.46,0.53,251.88,475.89,0.9191,-1,-1,-1
648,155,255.05,151.52,33.73,152.18,0.6555,-1,-1,-1
648,152,280.08,129.59,65.71,228.28,0.7822,-1,-1,-1
648,149,218.08,130.31,50.99,194.59,0.7351,-1,-1,-1
648,138,66.83,0.42,155.28,479.58,0.9028,-1,-1,-1
648,90,389.42,0.47,250.11,475.38,0.9145,-1,-1,-1
649,155,255.32,155.29,32.41,148.90,0.6812,-1,-1,-1
649,152,278.79,132.57,66.11,226.91,0.7800,-1,-1,-1
649,149,217.42,138.18,51.92,205.26,0.7171,-1,-1,-1
649,138,63.07,2.81,157.49,477.19,0.8980,-1,-1,-1
649,90,389.69,0.64,249.69,477.55,0.9204,-1,-1,-1
650,152,274.60,130.48,70.14,221.53,0.7992,-1,-1,-1
650,149,215.45,138.69,54.20,204.77,0.8068,-1,-1,-1
650,138,58.65,6.43,161.28,473.57,0.8957,-1,-1,-1
650,90,389.82,0.27,249.41,476.83,0.9207,-1,-1,-1
651,152,259.11,121.75,76.64,219.61,0.8028,-1,-1,-1
651,149,206.70,124.64,55.98,220.25,0.7678,-1,-1,-1
651,138,36.92,0.00,173.72,479.68,0.8886,-1,-1,-1
651,90,388.64,0.00,250.63,479.62,0.8970,-1,-1,-1
652,152,258.15,127.10,75.18,221.59,0.8353,-1,-1,-1
652,149,204.29,128.26,58.53,220.88,0.8173,-1,-1,-1
652,138,38.41,1.34,172.43,476.88,0.8966,-1,-1,-1
652,90,391.80,0.00,247.46,475.98,0.9024,-1,-1,-1
653,152,259.52,135.17,71.49,223.25,0.8489,-1,-1,-1
653,149,204.24,135.53,57.70,221.30,0.8145,-1,-1,-1
653,138,39.59,5.22,173.52,474.78,0.8761,-1,-1,-1
653,90,394.76,0.65,243.79,479.08,0.8967,-1,-1,-1
654,152,260.22,130.59,69.52,223.17,0.8314,-1,-1,-1
654,149,201.70,132.56,57.58,220.93,0.7884,-1,-1,-1
654,138,32.87,0.00,180.06,480.00,0.8887,-1,-1,-1
654,90,393.93,0.07,244.75,479.02,0.9117,-1,-1,-1
655,152,263.51,131.52,68.82,222.88,0.8482,-1,-1,-1
655,149,192.88,134.62,68.10,220.28,0.8413,-1,-1,-1
655,138,19.60,0.00,196.40,480.00,0.8750,-1,-1,-1
655,90,392.00,0.00,243.88,479.19,0.9174,-1,-1,-1
656,152,266.70,129.91,66.28,219.70,0.8448,-1,-1,-1
656,149,203.85,134.16,55.81,220.19,0.7752,-1,-1,-1
656,138,10.23,0.67,208.63,479.33,0.8913,-1,-1,-1
656,90,388.32,0.04,247.27,479.96,0.8977,-1,-1,-1
657,152,271.94,120.58,69.32,213.71,0.8606,-1,-1,-1
657,149,212.22,124.80,52.10,211.10,0.7780,-1,-1,-1
657,138,15.47,5.51,207.28,471.49,0.9124,-1,-1,-1
657,90,372.42,0.53,265.07,477.48,0.8913,-1,-1,-1
658,152,275.99,119.28,68.82,213.67,0.8460,-1,-1,-1
658,149,218.00,125.37,51.85,207.55,0.8042,-1,-1,-1
658,138,29.62,9.56,196.19,467.11,0.8966,-1,-1,-1
658,90,380.95,0.75,254.66,477.00,0.8928,-1,-1,-1
659,152,281.03,120.03,68.34,215.62,0.8334,-1,-1,-1
659,149,218.56,127.69,56.70,197.15,0.7766,-1,-1,-1
659,138,61.39,8.86,164.85,471.14,0.9092,-1,-1,-1
659,90,385.53,0.24,239.37,479.58,0.9049,-1,-1,-1
660,152,275.71,130.53,68.85,213.23,0.8413,-1,-1,-1
660,149,209.48,135.72,60.56,192.07,0.7544,-1,-1,-1
660,138,79.16,9.14,142.57,470.86,0.8865,-1,-1,-1
660,90,389.74,0.19,235.76,479.23,0.8985,-1,-1,-1
661,152,274.87,131.85,69.10,207.98,0.8182,-1,-1,-1
661,149,208.85,137.83,61.45,191.12,0.6222,-1,-1,-1
661,138,86.01,4.17,139.30,474.15,0.8859,-1,-1,-1
661,90,391.32,0.09,239.24,475.97,0.9184,-1,-1,-1
662,157,43.60,136.54,56.96,198.25,0.6838,-1,-1,-1
662,152,274.15,131.44,66.66,213.31,0.8508,-1,-1,-1
662,149,217.92,138.61,54.97,161.33,0.4961,-1,-1,-1
662,138,88.38,2.68,137.54,477.32,0.8764,-1,-1,-1
662,90,388.14,0.00,250.68,479.04,0.8989,-1,-1,-1
663,157,35.30,128.61,69.88,214.00,0.7917,-1,-1,-1
663,152,274.55,130.77,67.01,205.59,0.8584,-1,-1,-1
663,149,224.45,137.11,51.37,158.71,0.5903,-1,-1,-1
663,138,89.48,4.65,145.61,475.17,0.8680,-1,-1,-1
663,90,390.77,0.24,248.51,475.22,0.8745,-1,-1,-1
664,157,2.59,124.64,99.85,219.61,0.7868,-1,-1,-1
664,152,274.17,131.03,68.21,204.14,0.8643,-1,-1,-1
664,149,223.95,135.49,52.00,157.49,0.6920,-1,-1,-1
664,138,89.55,9.48,139.87,438.45,0.8858,-1,-1,-1
664,90,392.08,0.35,247.39,474.91,0.9132,-1,-1,-1
665,157,5.93,112.89,85.29,232.90,0.8365,-1,-1,-1
665,156,82.41,151.91,32.82,185.17,0.4250,-1,-1,-1
665,152,276.98,129.41,69.73,203.62,0.8239,-1,-1,-1
665,149,225.89,132.26,52.02,163.05,0.8042,-1,-1,-1
665,138,93.94,15.47,137.99,464.53,0.8705,-1,-1,-1
665,90,402.38,0.08,237.51,479.92,0.9057,-1,-1,-1
666,157,2.63,105.75,83.61,240.02,0.8895,-1,-1,-1
666,156,80.52,155.53,35.42,182.61,0.4294,-1,-1,-1
666,152,278.27,126.75,67.24,207.06,0.8209,-1,-1,-1
666,149,227.06,131.47,52.25,164.54,0.8193,-1,-1,-1
666,138,96.73,13.58,137.73,464.69,0.8391,-1,-1,-1
666,90,415.35,0.59,224.59,477.83,0.8782,-1,-1,-1
667,157,0.12,97.07,82.58,250.39,0.8918,-1,-1,-1
667,156,76.28,94.95,47.78,243.27,0.6753,-1,-1,-1
667,152,279.64,127.89,67.20,207.06,0.8009,-1,-1,-1
667,149,234.36,133.27,45.53,160.18,0.7240,-1,-1,-1
667,138,99.45,11.74,133.78,467.91,0.8722,-1,-1,-1
667,90,432.49,0.54,207.47,478.74,0.8949,-1,-1,-1
668,158,388.42,107.03,80.49,262.14,0.4136,-1,-1,-1
668,157,0.23,96.33,75.83,259.47,0.8745,-1,-1,-1
668,156,70.11,95.84,51.33,258.49,0.7958,-1,-1,-1
668,152,284.08,131.24,66.73,204.36,0.8484,-1,-1,-1
668,149,235.80,136.69,49.65,167.07,0.7604,-1,-1,-1
668,138,110.56,11.56,133.84,468.08,0.8670,-1,-1,-1
668,90,449.41,0.77,190.23,479.23,0.9091,-1,-1,-1
669,158,381.33,100.39,99.94,271.04,0.7863,-1,-1,-1
669,157,0.20,89.58,64.30,264.70,0.8561,-1,-1,-1
669,156,60.37,89.22,60.41,268.96,0.7845,-1,-1,-1
669,152,288.06,125.05,65.15,196.95,0.8841,-1,-1,-1
669,149,233.27,131.14,55.67,157.58,0.5293,-1,-1,-1
669,138,92.61,4.19,154.13,453.12,0.8752,-1,-1,-1
669,90,457.91,0.75,181.69,479.24,0.9209,-1,-1,-1
670,158,403.14,103.59,86.30,262.95,0.8375,-1,-1,-1
670,157,0.20,92.57,53.21,266.16,0.8521,-1,-1,-1
670,156,49.18,83.77,71.89,287.05,0.6819,-1,-1,-1
670,152,290.12,123.85,65.13,198.34,0.8688,-1,-1,-1
670,149,234.35,128.90,56.83,191.11,0.7521,-1,-1,-1
670,138,86.82,6.91,165.18,459.31,0.8684,-1,-1,-1
670,90,461.77,1.09,177.85,478.91,0.9158,-1,-1,-1
671,158,392.41,113.79,94.80,267.08,0.7815,-1,-1,-1
671,157,0.08,120.38,45.16,248.40,0.8168,-1,-1,-1
671,156,37.47,85.15,83.17,307.40,0.7929,-1,-1,-1
671,152,290.31,131.66,66.59,198.95,0.8549,-1,-1,-1
671,149,244.13,136.77,46.63,192.32,0.7360,-1,-1,-1
671,138,73.03,19.57,181.55,454.24,0.8389,-1,-1,-1
671,90,465.02,1.38,174.69,477.10,0.9126,-1,-1,-1
672,158,399.74,126.72,85.09,271.10,0.8367,-1,-1,-1
672,157,0.00,129.71,25.52,259.69,0.6564,-1,-1,-1
672,156,20.69,84.12,98.35,329.75,0.8463,-1,-1,-1
672,152,291.37,142.66,64.00,201.25,0.8583,-1,-1,-1
672,149,250.53,149.08,40.54,184.97,0.7242,-1,-1,-1
672,138,100.83,40.56,153.91,438.41,0.7671,-1,-1,-1
672,90,467.06,1.12,172.61,478.16,0.8931,-1,-1,-1
673,158,403.77,111.43,89.13,275.28,0.8542,-1,-1,-1
673,156,0.56,58.56,117.14,352.11,0.8679,-1,-1,-1
673,152,295.21,134.28,63.13,198.21,0.8404,-1,-1,-1
673,149,253.88,140.62,41.96,179.31,0.7724,-1,-1,-1
673,138,111.97,30.58,141.56,449.21,0.8711,-1,-1,-1
673,90,460.50,0.00,179.11,480.00,0.8640,-1,-1,-1
674,158,400.00,102.77,82.33,270.51,0.8357,-1,-1,-1
674,156,0.04,38.53,112.73,374.68,0.8913,-1,-1,-1
674,152,292.69,127.60,59.02,197.65,0.8566,-1,-1,-1
674,149,248.89,135.02,46.20,183.04,0.7830,-1,-1,-1
674,138,86.11,23.78,158.90,456.22,0.7767,-1,-1,-1
674,90,461.46,1.40,178.28,478.60,0.8837,-1,-1,-1
675,158,393.40,108.95,81.35,265.59,0.8354,-1,-1,-1
675,156,0.03,29.53,89.46,394.56,0.8869,-1,-1,-1
675,152,287.90,135.94,57.70,187.62,0.8596,-1,-1,-1
675,149,231.23,138.81,60.39,183.81,0.6274,-1,-1,-1
675,138,96.87,21.75,139.44,458.25,0.8821,-1,-1,-1
675,90,484.38,0.93,155.24,479.07,0.9053,-1,-1,-1
676,158,382.98,116.02,89.35,264.71,0.7587,-1,-1,-1
676,156,0.09,19.70,71.04,411.08,0.8587,-1,-1,-1
676,152,282.93,138.90,57.48,189.50,0.8508,-1,-1,-1
676,149,239.82,141.59,45.36,188.78,0.8134,-1,-1,-1
676,138,96.70,23.07,140.53,447.03,0.8958,-1,-1,-1
676,90,475.53,1.64,164.04,478.36,0.8278,-1,-1,-1
677,158,388.19,115.93,86.75,269.97,0.7802,-1,-1,-1
677,156,0.14,27.70,51.33,408.04,0.7165,-1,-1,-1
677,152,284.96,138.83,58.81,189.93,0.8243,-1,-1,-1
677,149,241.93,140.33,45.59,186.87,0.8189,-1,-1,-1
677,138,95.21,19.13,147.54,449.33,0.8886,-1,-1,-1
677,90,476.36,1.03,163.27,478.58,0.8987,-1,-1,-1
678,158,386.50,113.24,87.29,274.92,0.8410,-1,-1,-1
678,157,0.00,134.06,45.41,152.05,0.3411,-1,-1,-1
678,152,281.04,136.83,60.50,191.90,0.8528,-1,-1,-1
678,149,240.02,139.92,43.52,182.14,0.8255,-1,-1,-1
678,138,105.14,17.09,134.58,457.88,0.8653,-1,-1,-1
678,90,472.52,0.76,167.15,477.21,0.9061,-1,-1,-1
679,159,80.68,161.91,44.29,159.84,0.5563,-1,-1,-1
679,158,381.80,118.64,93.51,275.40,0.7719,-1,-1,-1
679,152,281.14,142.05,59.43,192.40,0.8564,-1,-1,-1
679,149,238.56,148.07,44.36,197.08,0.7141,-1,-1,-1
679,138,107.25,29.10,128.87,450.90,0.8282,-1,-1,-1
679,90,468.49,0.75,171.00,479.25,0.8953,-1,-1,-1
680,159,74.18,156.54,52.12,171.07,0.5969,-1,-1,-1
680,158,379.56,120.69,94.39,278.65,0.7584,-1,-1,-1
680,152,280.19,144.49,59.60,192.98,0.8630,-1,-1,-1
680,149,237.99,152.01,45.62,185.62,0.7465,-1,-1,-1
680,138,104.67,38.96,132.60,417.75,0.8176,-1,-1,-1
680,90,467.62,0.97,172.01,479.03,0.9086,-1,-1,-1
681,159,61.04,133.27,58.36,195.88,0.7466,-1,-1,-1
681,158,375.57,117.51,92.03,280.27,0.8328,-1,-1,-1
681,157,5.39,180.91,69.29,124.31,0.3485,-1,-1,-1
681,152,276.05,142.74,61.47,186.87,0.8541,-1,-1,-1
681,149,235.32,149.93,44.84,176.86,0.7858,-1,-1,-1
681,138,103.52,42.00,133.58,424.50,0.7966,-1,-1,-1
681,90,468.21,1.09,171.34,478.91,0.9140,-1,-1,-1
682,159,47.51,127.50,70.81,214.68,0.7843,-1,-1,-1
682,158,371.50,113.70,90.97,272.91,0.8198,-1,-1,-1
682,152,276.08,140.14,59.10,188.37,0.8667,-1,-1,-1
682,149,230.38,146.19,46.89,181.34,0.7968,-1,-1,-1
682,138,98.71,33.80,140.79,446.20,0.8532,-1,-1,-1
682,90,474.67,0.95,165.01,478.32,0.9115,-1,-1,-1
683,159,45.16,125.39,67.01,226.11,0.7949,-1,-1,-1
683,158,348.85,113.05,103.74,273.90,0.6916,-1,-1,-1
683,152,275.73,140.95,58.21,185.38,0.8635,-1,-1,-1
683,149,235.61,146.50,40.65,181.37,0.7649,-1,-1,-1
683,138,96.91,35.86,144.36,443.84,0.8583,-1,-1,-1
683,90,481.97,1.11,157.68,476.90,0.9111,-1,-1,-1
684,159,32.18,112.44,80.08,242.22,0.7716,-1,-1,-1
684,158,351.97,108.29,99.13,282.54,0.7304,-1,-1,-1
684,152,270.70,137.85,61.73,189.56,0.8639,-1,-1,-1
684,149,226.86,143.32,47.26,185.22,0.6557,-1,-1,-1
684,138,93.57,25.64,143.28,437.00,0.8658,-1,-1,-1
684,90,490.18,0.88,149.43,479.12,0.9155,-1,-1,-1
685,159,14.57,106.60,93.19,251.66,0.5754,-1,-1,-1
685,158,349.64,111.40,103.47,280.77,0.7597,-1,-1,-1
685,152,273.08,136.59,61.31,190.03,0.8616,-1,-1,-1
685,149,210.35,141.34,64.95,203.97,0.7064,-1,-1,-1
685,138,81.91,24.03,156.77,443.98,0.8814,-1,-1,-1
685,90,495.28,1.17,144.38,478.83,0.9132,-1,-1,-1
686,159,13.81,92.24,85.81,266.18,0.7963,-1,-1,-1
686,158,357.95,111.10,92.67,284.29,0.7942,-1,-1,-1
686,152,271.00,135.71,59.46,189.46,0.8212,-1,-1,-1
686,149,220.23,142.93,53.60,193.84,0.4233,-1,-1,-1
686,138,76.14,26.24,160.83,453.76,0.8909,-1,-1,-1
686,90,495.40,1.05,144.20,478.24,0.8968,-1,-1,-1
687,159,0.00,82.23,90.09,280.52,0.8851,-1,-1,-1
687,158,361.12,108.29,89.15,289.61,0.8427,-1,-1,-1
687,152,272.15,135.83,58.68,184.19,0.8402,-1,-1,-1
687,149,234.23,143.43,40.48,141.74,0.5414,-1,-1,-1
687,138,78.17,31.90,158.96,448.10,0.8834,-1,-1,-1
687,90,496.06,0.66,143.57,479.34,0.9104,-1,-1,-1
688,159,0.01,73.49,79.95,289.39,0.8247,-1,-1,-1
688,158,357.93,103.32,93.86,287.74,0.8472,-1,-1,-1
688,152,266.66,130.66,59.19,185.09,0.7833,-1,-1,-1
688,149,229.43,138.82,37.48,139.59,0.5499,-1,-1,-1
688,138,63.50,32.57,167.35,447.43,0.8682,-1,-1,-1
688,90,491.21,0.95,148.59,478.81,0.9203,-1,-1,-1
689,161,305.48,151.80,45.26,137.93,0.6047,-1,-1,-1
689,159,0.09,69.16,69.95,292.79,0.7672,-1,-1,-1
689,158,357.96,104.83,88.91,281.18,0.8437,-1,-1,-1
689,152,264.26,132.24,59.66,185.47,0.8241,-1,-1,-1
689,149,223.62,141.32,43.51,176.09,0.7152,-1,-1,-1
689,138,88.52,33.54,139.57,446.45,0.8262,-1,-1,-1
689,90,475.85,0.00,163.76,478.83,0.8965,-1,-1,-1
690,161,307.71,151.99,48.45,139.39,0.7238,-1,-1,-1
690,159,0.08,79.62,63.51,294.31,0.6835,-1,-1,-1
690,158,357.56,102.64,84.67,278.02,0.8485,-1,-1,-1
690,152,262.09,133.60,57.12,186.44,0.8409,-1,-1,-1
690,149,219.08,140.44,45.98,179.64,0.6362,-1,-1,-1
690,138,82.15,31.67,144.77,448.33,0.8663,-1,-1,-1
690,90,441.55,0.00,198.11,479.94,0.8623,-1,-1,-1
691,161,309.08,153.58,47.10,139.68,0.8006,-1,-1,-1
691,159,0.10,90.13,51.92,181.07,0.5587,-1,-1,-1
691,158,352.66,102.29,87.65,284.05,0.8245,-1,-1,-1
691,152,260.74,137.72,59.32,187.11,0.8254,-1,-1,-1
691,149,217.41,144.46,46.43,212.47,0.4542,-1,-1,-1
691,138,105.14,30.35,126.13,442.45,0.8915,-1,-1,-1
691,90,450.76,0.00,188.93,478.79,0.8517,-1,-1,-1
692,162,52.25,134.70,61.84,183.60,0.7587,-1,-1,-1
692,161,310.86,151.85,49.69,143.40,0.7734,-1,-1,-1
692,159,0.09,88.25,39.83,201.13,0.5487,-1,-1,-1
692,158,352.86,103.59,87.06,287.30,0.8501,-1,-1,-1
692,152,259.99,141.34,59.25,184.42,0.8394,-1,-1,-1
692,149,227.13,147.13,35.00,123.12,0.4850,-1,-1,-1
692,138,109.69,29.93,124.37,434.99,0.8958,-1,-1,-1
692,90,497.05,1.69,142.82,474.86,0.8480,-1,-1,-1
693,162,40.19,128.59,70.16,192.98,0.7320,-1,-1,-1
693,161,316.69,145.08,48.54,146.79,0.6530,-1,-1,-1
693,159,0.10,110.00,39.91,201.62,0.3497,-1,-1,-1
693,158,352.10,101.21,96.97,289.72,0.7831,-1,-1,-1
693,152,262.42,131.61,59.82,186.50,0.8405,-1,-1,-1
693,149,229.65,141.76,35.10,119.30,0.3497,-1,-1,-1
693,138,115.04,23.73,126.33,448.07,0.8833,-1,-1,-1
693,90,503.17,1.01,136.48,477.70,0.8815,-1,-1,-1
694,162,19.58,125.04,82.05,196.31,0.7818,-1,-1,-1
694,161,317.95,136.41,45.26,123.93,0.4939,-1,-1,-1
694,158,349.75,95.98,93.00,291.72,0.7775,-1,-1,-1
694,152,261.35,129.02,61.88,181.07,0.8173,-1,-1,-1
694,149,226.12,137.41,37.86,138.05,0.3530,-1,-1,-1
694,138,119.86,25.24,117.43,448.22,0.8490,-1,-1,-1
694,90,423.45,1.46,216.15,474.47,0.8625,-1,-1,-1
695,164,93.58,140.49,41.75,150.04,0.7334,-1,-1,-1
695,162,10.98,120.44,79.91,210.78,0.8249,-1,-1,-1
695,161,317.81,133.66,50.68,110.77,0.4509,-1,-1,-1
695,158,337.55,94.72,98.62,292.90,0.7089,-1,-1,-1
695,152,260.89,127.19,59.63,178.10,0.8311,-1,-1,-1
695,138,123.55,27.26,132.91,452.74,0.8030,-1,-1,-1
695,90,430.89,1.06,208.95,478.94,0.8936,-1,-1,-1
696,164,93.63,144.07,42.94,154.38,0.7726,-1,-1,-1
696,162,7.28,116.23,77.75,224.36,0.8271,-1,-1,-1
696,158,342.40,98.36,91.93,289.05,0.7924,-1,-1,-1
696,152,261.11,132.95,62.87,180.02,0.7890,-1,-1,-1
696,138,117.92,40.61,142.81,439.39,0.7961,-1,-1,-1
696,90,448.03,1.29,191.57,478.71,0.8515,-1,-1,-1
697,164,92.97,142.48,42.61,158.59,0.7262,-1,-1,-1
697,162,4.68,115.32,74.11,227.40,0.8295,-1,-1,-1
697,158,344.82,96.97,87.64,280.38,0.8335,-1,-1,-1
697,152,265.53,132.91,60.15,182.80,0.8407,-1,-1,-1
697,138,124.77,40.00,139.49,440.00,0.8709,-1,-1,-1
697,90,474.91,0.90,164.77,478.74,0.9058,-1,-1,-1
698,164,85.71,139.15,44.83,160.38,0.5221,-1,-1,-1
698,162,0.05,106.46,76.26,237.79,0.8076,-1,-1,-1
698,158,329.42,92.66,99.07,284.01,0.8188,-1,-1,-1
698,152,265.67,135.06,58.61,179.52,0.8062,-1,-1,-1
698,138,141.36,33.77,126.59,432.73,0.8734,-1,-1,-1
698,90,462.74,0.77,176.95,478.15,0.9109,-1,-1,-1
699,165,102.91,169.98,51.03,186.62,0.7131,-1,-1,-1
699,164,83.00,144.41,40.58,148.03,0.5298,-1,-1,-1
699,162,0.12,108.56,72.30,242.93,0.8453,-1,-1,-1
699,158,334.45,98.33,91.64,286.97,0.8346,-1,-1,-1
699,152,268.09,141.10,53.66,179.37,0.8273,-1,-1,-1
699,138,144.78,38.26,124.71,411.47,0.8985,-1,-1,-1
699,90,458.44,0.77,181.20,479.23,0.9092,-1,-1,-1
700,165,90.23,173.68,59.51,198.46,0.6922,-1,-1,-1
700,162,0.07,110.87,63.56,261.70,0.7409,-1,-1,-1
700,158,333.30,107.11,90.64,291.20,0.8484,-1,-1,-1
700,152,274.04,147.79,49.03,173.98,0.8005,-1,-1,-1
700,138,130.94,45.73,144.55,409.80,0.8783,-1,-1,-1
700,90,455.83,1.75,183.81,478.25,0.9097,-1,-1,-1
701,166,28.53,151.48,42.30,154.84,0.6824,-1,-1,-1
701,165,76.25,157.50,62.84,212.75,0.6798,-1,-1,-1
701,162,0.00,141.17,42.37,208.70,0.3799,-1,-1,-1
701,158,326.96,101.65,91.05,292.71,0.8336,-1,-1,-1
701,152,272.49,137.83,46.48,156.07,0.7946,-1,-1,-1
701,138,129.02,35.43,151.26,422.48,0.8668,-1,-1,-1
701,90,458.75,1.04,180.89,477.17,0.9211,-1,-1,-1
702,167,112.07,125.71,49.44,213.44,0.5789,-1,-1,-1
702,166,12.88,146.28,54.99,161.27,0.7360,-1,-1,-1
702,165,63.00,156.91,63.39,220.10,0.7359,-1,-1,-1
702,158,308.11,100.54,112.30,294.96,0.7964,-1,-1,-1
702,152,268.58,137.60,47.38,154.70,0.7783,-1,-1,-1
702,138,125.92,40.72,153.53,424.65,0.8603,-1,-1,-1
702,90,449.64,1.16,190.01,475.96,0.9250,-1,-1,-1
703,167,110.74,124.71,46.98,223.66,0.5772,-1,-1,-1
703,166,3.92,148.57,58.32,156.93,0.7034,-1,-1,-1
703,165,45.89,156.47,75.96,237.42,0.8087,-1,-1,-1
703,158,317.79,102.64,91.36,292.65,0.8207,-1,-1,-1
703,152,268.50,140.34,46.10,143.97,0.7069,-1,-1,-1
703,138,120.42,49.40,159.25,428.46,0.8438,-1,-1,-1
703,90,440.26,2.82,199.72,474.87,0.9266,-1,-1,-1
704,170,383.08,114.12,67.29,219.83,0.7894,-1,-1,-1
704,167,95.10,121.56,59.94,227.00,0.7109,-1,-1,-1
704,166,0.09,150.82,54.01,162.25,0.7211,-1,-1,-1
704,165,27.81,153.36,79.82,254.02,0.7254,-1,-1,-1
704,158,316.17,101.00,84.69,286.29,0.8292,-1,-1,-1
704,152,265.16,142.96,45.92,152.70,0.6488,-1,-1,-1
704,138,120.65,52.11,155.46,424.23,0.8547,-1,-1,-1
704,90,434.82,1.20,204.75,476.93,0.9201,-1,-1,-1
705,170,382.55,110.46,62.40,219.13,0.6812,-1,-1,-1
705,167,82.33,115.00,66.69,238.00,0.7979,-1,-1,-1
705,166,0.21,174.19,41.03,138.99,0.3356,-1,-1,-1
705,165,3.23,147.55,93.63,274.26,0.8044,-1,-1,-1
705,158,311.70,96.83,87.52,280.13,0.8503,-1,-1,-1
705,152,261.23,141.60,46.93,161.38,0.6725,-1,-1,-1
705,138,130.03,47.99,141.61,428.36,0.8726,-1,-1,-1
705,90,426.25,1.00,213.41,478.38,0.9228,-1,-1,-1
706,170,378.84,101.76,56.56,233.31,0.5090,-1,-1,-1
706,167,61.38,106.61,82.45,252.94,0.8448,-1,-1,-1
706,165,0.05,141.94,79.23,289.25,0.8798,-1,-1,-1
706,158,300.37,95.81,89.28,288.62,0.8324,-1,-1,-1
706,152,257.93,140.53,44.48,122.54,0.7361,-1,-1,-1
706,138,140.27,41.38,128.46,425.88,0.8629,-1,-1,-1
706,90,414.09,1.44,225.34,477.76,0.9200,-1,-1,-1
707,170,373.99,102.38,63.16,238.92,0.6347,-1,-1,-1
707,167,37.45,103.05,98.90,269.11,0.7726,-1,-1,-1
707,165,0.34,138.02,63.58,302.80,0.8315,-1,-1,-1
707,158,297.80,98.95,87.46,290.34,0.8565,-1,-1,-1
707,152,255.52,142.16,43.53,112.10,0.6438,-1,-1,-1
707,138,136.19,40.71,130.53,407.55,0.8941,-1,-1,-1
707,90,395.71,1.25,243.92,476.90,0.8951,-1,-1,-1
708,167,10.18,97.84,111.81,276.63,0.7050,-1,-1,-1
708,165,0.06,127.71,43.69,316.01,0.7597,-1,-1,-1
708,158,288.28,100.91,90.57,293.42,0.8378,-1,-1,-1
708,152,251.92,141.29,44.08,114.77,0.6239,-1,-1,-1
708,138,131.35,35.37,128.98,414.33,0.8754,-1,-1,-1
708,90,354.21,1.37,284.05,477.34,0.8692,-1,-1,-1
709,167,0.21,90.61,107.15,349.77,0.7096,-1,-1,-1
709,158,284.35,100.41,90.59,295.54,0.8032,-1,-1,-1
709,152,249.07,139.11,45.99,123.99,0.7152,-1,-1,-1
709,138,128.51,34.93,132.14,417.72,0.8689,-1,-1,-1
709,90,376.87,0.48,254.70,479.52,0.8649,-1,-1,-1
710,167,0.00,78.60,103.16,376.86,0.6754,-1,-1,-1
710,158,277.14,96.84,97.12,297.73,0.7579,-1,-1,-1
710,152,247.82,138.61,46.22,118.11,0.7431,-1,-1,-1
710,138,126.85,38.05,132.05,429.01,0.8648,-1,-1,-1
710,90,334.01,0.31,278.32,478.02,0.8939,-1,-1,-1
711,167,0.11,58.24,97.34,323.76,0.8855,-1,-1,-1
711,158,275.20,91.40,92.37,302.42,0.7812,-1,-1,-1
711,152,246.46,138.19,40.19,117.13,0.6850,-1,-1,-1
711,138,122.44,38.55,131.79,408.58,0.8206,-1,-1,-1
711,90,310.25,0.51,284.48,479.18,0.8860,-1,-1,-1
712,167,0.20,42.73,68.66,368.08,0.7083,-1,-1,-1
712,164,35.08,127.21,57.36,207.03,0.4415,-1,-1,-1
712,158,268.99,88.02,93.65,293.36,0.8236,-1,-1,-1
712,152,243.66,142.18,40.29,112.90,0.6092,-1,-1,-1
712,138,120.49,40.88,130.95,431.82,0.8870,-1,-1,-1
712,90,298.24,0.33,288.38,476.36,0.8949,-1,-1,-1
713,167,0.11,30.49,59.82,424.11,0.7370,-1,-1,-1
713,164,27.57,97.55,62.69,235.69,0.3117,-1,-1,-1
713,158,266.95,87.15,91.65,292.52,0.8169,-1,-1,-1
713,152,244.65,141.52,36.00,109.00,0.6946,-1,-1,-1
713,138,116.41,36.77,134.91,430.80,0.9003,-1,-1,-1
713,90,337.18,0.64,259.38,475.84,0.9167,-1,-1,-1
714,164,28.28,91.40,67.21,244.99,0.5802,-1,-1,-1
714,158,267.97,89.28,94.65,295.37,0.8158,-1,-1,-1
714,152,247.79,142.05,36.38,101.91,0.7460,-1,-1,-1
714,138,109.68,35.61,143.21,419.37,0.8968,-1,-1,-1
714,90,331.88,0.47,301.87,475.33,0.9016,-1,-1,-1
715,167,0.00,82.25,69.15,253.33,0.7392,-1,-1,-1
715,164,29.29,87.39,74.50,229.03,0.7631,-1,-1,-1
715,158,272.94,89.88,94.09,298.08,0.8310,-1,-1,-1
715,152,251.05,138.97,37.04,105.24,0.6351,-1,-1,-1
715,138,106.03,32.18,151.43,400.76,0.9022,-1,-1,-1
715,90,329.92,0.57,309.10,473.02,0.9130,-1,-1,-1
716,167,0.15,65.64,71.15,273.36,0.3833,-1,-1,-1
716,164,26.01,85.85,80.91,253.82,0.8296,-1,-1,-1
716,158,274.17,92.04,96.92,309.49,0.8401,-1,-1,-1
716,152,255.67,141.96,36.38,102.92,0.6752,-1,-1,-1
716,138,101.32,34.39,159.41,404.34,0.8984,-1,-1,-1
716,90,336.47,0.27,302.52,476.17,0.8857,-1,-1,-1
717,164,8.29,80.27,99.67,266.25,0.8885,-1,-1,-1
717,158,278.56,94.45,100.03,305.46,0.8474,-1,-1,-1
717,152,260.16,142.66,39.83,101.89,0.7289,-1,-1,-1
717,138,98.92,41.98,164.25,399.92,0.8878,-1,-1,-1
717,90,350.30,0.14,288.75,477.77,0.8717,-1,-1,-1
718,164,2.55,78.95,103.66,292.01,0.8838,-1,-1,-1
718,158,288.03,97.01,97.85,307.72,0.8125,-1,-1,-1
718,152,265.43,149.20,38.80,107.12,0.7654,-1,-1,-1
718,138,97.69,51.28,169.68,411.58,0.8917,-1,-1,-1
718,90,370.65,0.52,268.32,475.76,0.8972,-1,-1,-1
719,164,0.88,76.66,112.45,295.27,0.9004,-1,-1,-1
719,158,296.17,96.45,90.74,305.14,0.5834,-1,-1,-1
719,152,272.58,150.86,36.43,108.36,0.7071,-1,-1,-1
719,138,100.90,56.61,160.79,411.29,0.8881,-1,-1,-1
719,90,381.73,0.65,257.08,475.91,0.9051,-1,-1,-1
720,172,255.47,156.74,24.18,98.06,0.4297,-1,-1,-1
720,164,3.26,72.93,111.64,311.43,0.8962,-1,-1,-1
720,158,301.11,96.05,89.60,297.64,0.8465,-1,-1,-1
720,152,276.64,149.72,36.17,117.04,0.6706,-1,-1,-1
720,138,103.33,55.16,160.68,406.00,0.8887,-1,-1,-1
720,90,387.45,0.61,251.70,477.27,0.9164,-1,-1,-1
721,172,242.59,149.08,42.61,123.63,0.5544,-1,-1,-1
721,164,0.00,56.88,110.17,338.53,0.9202,-1,-1,-1
721,158,304.99,94.71,91.32,296.38,0.8500,-1,-1,-1
721,152,282.39,147.27,37.42,105.34,0.6116,-1,-1,-1
721,138,112.56,51.06,144.92,388.23,0.8912,-1,-1,-1
721,90,394.00,0.73,245.27,477.47,0.9261,-1,-1,-1
722,172,244.44,155.14,46.15,129.94,0.5247,-1,-1,-1
722,164,0.00,49.92,108.33,349.49,0.9217,-1,-1,-1
722,158,307.22,95.42,93.78,301.19,0.8776,-1,-1,-1
722,152,288.34,148.12,33.33,99.52,0.5999,-1,-1,-1
722,138,122.10,52.00,135.91,377.09,0.9016,-1,-1,-1
722,90,399.44,0.55,240.16,477.03,0.9254,-1,-1,-1
723,172,256.19,157.79,41.39,142.58,0.6097,-1,-1,-1
723,164,0.16,44.39,108.74,363.72,0.9252,-1,-1,-1
723,158,316.07,100.03,90.50,305.32,0.6799,-1,-1,-1
723,152,294.76,153.41,32.38,99.22,0.6307,-1,-1,-1
723,138,136.72,52.94,125.29,385.36,0.8952,-1,-1,-1
723,90,395.91,0.85,243.84,479.15,0.9148,-1,-1,-1
724,172,247.74,160.89,52.16,153.25,0.5824,-1,-1,-1
724,164,0.05,37.04,107.35,375.92,0.9165,-1,-1,-1
724,158,316.77,102.36,92.42,304.07,0.8461,-1,-1,-1
724,152,298.53,154.65,31.55,101.46,0.6610,-1,-1,-1
724,138,144.04,55.54,119.42,388.66,0.8979,-1,-1,-1
724,90,391.49,1.12,248.17,478.55,0.9033,-1,-1,-1
725,175,124.84,200.68,13.09,44.01,0.5112,-1,-1,-1
725,174,140.09,197.20,15.29,46.68,0.5807,-1,-1,-1
725,173,93.28,187.42,21.57,70.07,0.5555,-1,-1,-1
725,172,260.53,156.44,43.65,154.14,0.6963,-1,-1,-1
725,164,0.04,20.21,97.99,396.09,0.9011,-1,-1,-1
725,158,314.29,99.48,97.44,305.10,0.8198,-1,-1,-1
725,152,300.97,152.02,31.25,102.67,0.4269,-1,-1,-1
725,138,149.58,56.40,114.87,394.53,0.8947,-1,-1,-1
725,90,395.80,0.86,244.00,479.14,0.8765,-1,-1,-1
726,174,146.17,197.90,13.06,48.41,0.4130,-1,-1,-1
726,173,90.84,189.40,28.01,69.02,0.7159,-1,-1,-1
726,172,264.38,155.70,42.67,151.61,0.7927,-1,-1,-1
726,164,0.09,6.74,89.52,418.85,0.8918,-1,-1,-1
726,158,319.02,98.86,90.73,303.17,0.8231,-1,-1,-1
726,152,304.92,153.11,31.92,99.83,0.5478,-1,-1,-1
726,138,157.21,62.28,107.31,396.61,0.8776,-1,-1,-1
726,90,413.56,0.41,226.31,478.54,0.9232,-1,-1,-1
727,174,146.72,196.02,12.05,47.83,0.5005,-1,-1,-1
727,173,92.89,186.77,23.89,71.12,0.6397,-1,-1,-1
727,172,266.72,152.74,41.40,151.77,0.8131,-1,-1,-1
727,164,0.20,1.38,77.73,426.48,0.8778,-1,-1,-1
727,158,318.78,93.40,89.62,299.16,0.8264,-1,-1,-1
727,152,307.15,149.59,28.58,96.78,0.5003,-1,-1,-1
727,138,160.79,60.64,105.78,394.08,0.8886,-1,-1,-1
727,90,405.60,0.26,234.09,478.59,0.9251,-1,-1,-1
728,175,124.43,197.09,16.67,46.80,0.4839,-1,-1,-1
728,174,142.33,195.65,14.53,48.42,0.5435,-1,-1,-1
728,173,90.34,187.49,22.19,70.20,0.5432,-1,-1,-1
728,172,265.85,151.88,41.53,152.12,0.8364,-1,-1,-1
728,164,0.23,36.78,57.56,397.45,0.7279,-1,-1,-1
728,158,315.61,91.87,97.81,291.31,0.8061,-1,-1,-1
728,152,305.12,148.00,29.79,88.15,0.5180,-1,-1,-1
728,138,160.23,59.13,105.59,391.22,0.8867,-1,-1,-1
728,90,392.32,0.36,246.49,477.72,0.9283,-1,-1,-1
729,175,120.53,195.34,19.07,47.90,0.4416,-1,-1,-1
729,174,139.86,195.84,14.91,46.46,0.5571,-1,-1,-1
729,173,82.39,186.10,25.15,71.22,0.5960,-1,-1,-1
729,172,265.13,152.45,42.41,150.28,0.8541,-1,-1,-1
729,158,314.97,89.70,91.51,298.74,0.8494,-1,-1,-1
729,152,305.32,148.83,26.33,83.65,0.5711,-1,-1,-1
729,138,159.53,56.13,106.52,376.84,0.8967,-1,-1,-1
729,90,383.46,0.60,255.78,475.50,0.9302,-1,-1,-1
730,175,120.80,198.21,16.06,52.03,0.3287,-1,-1,-1
730,173,85.00,192.87,21.50,71.71,0.5886,-1,-1,-1
730,172,265.56,160.95,43.10,148.96,0.8181,-1,-1,-1
730,158,314.63,100.07,92.23,301.79,0.8137,-1,-1,-1
730,152,304.94,156.55,28.49,84.67,0.4543,-1,-1,-1
730,138,159.36,62.79,107.28,365.86,0.9013,-1,-1,-1
730,90,375.25,0.52,263.86,476.82,0.9263,-1,-1,-1
731,175,122.69,205.86,15.21,48.07,0.5069,-1,-1,-1
731,173,81.84,194.20,25.79,75.78,0.6460,-1,-1,-1
731,172,268.04,165.24,40.41,145.41,0.7876,-1,-1,-1
731,158,314.80,101.82,94.18,312.15,0.8346,-1,-1,-1
731,152,306.16,161.10,32.66,83.26,0.4407,-1,-1,-1
731,138,159.32,68.06,109.94,369.08,0.9013,-1,-1,-1
731,90,372.18,0.62,267.10,476.67,0.9269,-1,-1,-1
732,175,119.57,205.51,17.26,49.78,0.5413,-1,-1,-1
732,173,75.72,194.32,27.97,77.35,0.6472,-1,-1,-1
732,172,268.70,165.60,39.85,142.76,0.7783,-1,-1,-1
732,158,314.87,110.16,94.39,308.45,0.8606,-1,-1,-1
732,152,306.55,163.21,32.85,85.71,0.4099,-1,-1,-1
732,138,151.91,73.68,117.36,374.93,0.9002,-1,-1,-1
732,90,373.46,0.49,266.04,476.42,0.9190,-1,-1,-1
733,175,112.24,203.44,23.76,54.32,0.3605,-1,-1,-1
733,173,64.82,194.38,32.53,80.83,0.6067,-1,-1,-1
733,172,265.97,165.41,40.83,141.81,0.7993,-1,-1,-1
733,158,315.84,111.54,91.05,306.50,0.8630,-1,-1,-1
733,152,311.26,164.27,29.18,90.17,0.3419,-1,-1,-1
733,138,145.39,83.47,116.60,378.27,0.8711,-1,-1,-1
733,90,382.18,0.78,257.37,477.11,0.9097,-1,-1,-1
734,173,60.72,201.83,33.09,78.51,0.6121,-1,-1,-1
734,172,265.72,170.19,41.37,134.28,0.7529,-1,-1,-1
734,158,315.89,116.71,90.22,301.53,0.8355,-1,-1,-1
734,138,137.71,90.68,117.26,378.21,0.8832,-1,-1,-1
734,90,389.51,0.69,250.22,477.62,0.9103,-1,-1,-1
735,178,240.60,160.67,33.02,124.33,0.5761,-1,-1,-1
735,173,59.25,195.07,30.52,81.17,0.6094,-1,-1,-1
735,172,265.41,165.28,42.01,140.92,0.7551,-1,-1,-1
735,158,316.41,108.45,90.12,291.38,0.8268,-1,-1,-1
735,138,129.18,84.43,121.82,374.13,0.8493,-1,-1,-1
735,90,396.19,0.42,243.28,478.25,0.9141,-1,-1,-1
736,178,239.20,157.76,31.21,109.99,0.4727,-1,-1,-1
736,173,56.59,191.48,30.43,82.33,0.5818,-1,-1,-1
736,172,264.41,165.09,41.36,141.07,0.7888,-1,-1,-1
736,158,315.65,104.00,90.41,294.99,0.8300,-1,-1,-1
736,138,151.04,78.57,106.26,361.34,0.8250,-1,-1,-1
736,90,399.73,0.40,239.26,477.60,0.8932,-1,-1,-1
737,179,109.57,137.32,53.92,185.10,0.8012,-1,-1,-1
737,178,237.21,156.73,34.24,141.69,0.3417,-1,-1,-1
737,173,46.92,189.30,31.05,84.08,0.6170,-1,-1,-1
737,172,260.73,165.79,43.09,142.73,0.7947,-1,-1,-1
737,158,314.84,105.91,89.97,297.89,0.8280,-1,-1,-1
737,138,147.49,74.38,110.15,346.42,0.8491,-1,-1,-1
737,90,401.03,0.21,238.14,475.15,0.9134,-1,-1,-1
738,179,104.68,134.10,54.34,191.65,0.7931,-1,-1,-1
738,178,236.45,154.85,34.34,146.09,0.4686,-1,-1,-1
738,173,42.53,185.87,32.17,86.06,0.7078,-1,-1,-1
738,172,258.16,164.23,45.08,144.46,0.7889,-1,-1,-1
738,158,313.08,108.66,92.35,299.26,0.8234,-1,-1,-1
738,138,144.40,73.55,110.00,351.58,0.8390,-1,-1,-1
738,90,400.23,0.74,238.93,476.22,0.9189,-1,-1,-1
739,179,92.70,131.77,61.71,196.59,0.8092,-1,-1,-1
739,178,236.09,156.49,31.10,110.51,0.5479,-1,-1,-1
739,173,36.36,184.88,30.93,87.57,0.6081,-1,-1,-1
739,172,254.53,163.05,48.76,143.54,0.7621,-1,-1,-1
739,158,309.98,111.36,92.26,301.97,0.8408,-1,-1,-1
739,138,143.49,75.94,99.20,355.81,0.8661,-1,-1,-1
739,90,397.98,0.57,241.39,476.89,0.9141,-1,-1,-1
740,179,82.97,130.73,67.39,211.81,0.8336,-1,-1,-1
740,178,237.13,157.44,30.61,134.41,0.4092,-1,-1,-1
740,173,30.54,183.50,34.19,89.68,0.7125,-1,-1,-1
740,172,255.05,162.09,54.29,144.05,0.7526,-1,-1,-1
740,158,310.45,111.91,91.10,300.88,0.8469,-1,-1,-1
740,138,142.89,83.95,104.26,357.53,0.8774,-1,-1,-1
740,90,394.60,1.08,244.98,476.81,0.9144,-1,-1,-1
741,180,0.06,190.69,18.36,77.54,0.3248,-1,-1,-1
741,179,76.08,122.71,76.74,217.71,0.8390,-1,-1,-1
741,178,236.66,153.89,30.75,138.10,0.5045,-1,-1,-1
741,173,26.28,179.75,33.76,91.10,0.6873,-1,-1,-1
741,172,255.26,160.18,52.29,144.24,0.7426,-1,-1,-1
741,158,306.31,106.18,94.08,303.61,0.8238,-1,-1,-1
741,138,143.75,85.02,101.97,357.19,0.8788,-1,-1,-1
741,90,388.72,1.07,251.07,477.74,0.8986,-1,-1,-1
742,180,0.04,183.09,18.17,75.77,0.5543,-1,-1,-1
742,179,72.41,115.26,76.81,228.50,0.8039,-1,-1,-1
742,178,235.71,152.08,32.87,137.95,0.5313,-1,-1,-1
742,173,24.02,179.23,30.25,92.53,0.6923,-1,-1,-1
742,172,260.30,161.23,46.85,142.77,0.7663,-1,-1,-1
742,158,307.85,104.84,89.24,293.06,0.8309,-1,-1,-1
742,138,142.92,88.53,102.02,346.51,0.8837,-1,-1,-1
742,90,397.57,0.89,241.79,479.11,0.9148,-1,-1,-1
743,180,0.01,187.18,15.09,68.78,0.4815,-1,-1,-1
743,179,47.13,104.68,97.18,239.76,0.6871,-1,-1,-1
743,178,236.77,152.56,31.54,137.72,0.5907,-1,-1,-1
743,173,13.89,176.17,33.48,92.21,0.6172,-1,-1,-1
743,172,259.78,161.22,47.84,142.29,0.7626,-1,-1,-1
743,158,311.27,104.88,82.01,284.54,0.8060,-1,-1,-1
743,138,138.18,85.06,107.18,348.10,0.8710,-1,-1,-1
743,90,398.21,1.07,240.10,478.93,0.9029,-1,-1,-1
744,179,42.53,97.49,93.70,253.85,0.8555,-1,-1,-1
744,178,238.36,149.52,31.63,143.19,0.5768,-1,-1,-1
744,173,9.15,173.42,35.59,97.37,0.6043,-1,-1,-1
744,172,258.47,161.93,52.83,141.67,0.7111,-1,-1,-1
744,158,306.60,103.74,87.05,292.30,0.8318,-1,-1,-1
744,138,151.93,82.49,96.20,332.78,0.8638,-1,-1,-1
744,90,389.84,0.28,238.52,478.56,0.8927,-1,-1,-1
745,181,122.19,129.41,46.44,180.40,0.7048,-1,-1,-1
745,179,15.70,94.63,114.40,265.88,0.8609,-1,-1,-1
745,178,242.27,148.85,30.79,140.90,0.6159,-1,-1,-1
745,173,7.66,171.89,34.89,133.36,0.3443,-1,-1,-1
745,172,265.53,159.09,46.60,137.98,0.6857,-1,-1,-1
745,158,308.40,99.59,93.78,299.98,0.8310,-1,-1,-1
745,138,155.86,78.89,94.28,324.87,0.8715,-1,-1,-1
745,90,400.52,0.14,229.63,477.86,0.9241,-1,-1,-1
746,181,112.93,131.05,63.12,184.74,0.8578,-1,-1,-1
746,179,0.84,91.66,114.81,289.88,0.8703,-1,-1,-1
746,178,248.70,154.16,28.79,131.83,0.5166,-1,-1,-1
746,172,269.58,158.68,50.08,139.22,0.5445,-1,-1,-1
746,158,308.12,155.46,92.46,251.79,0.7878,-1,-1,-1
746,138,160.67,82.68,97.09,329.71,0.8748,-1,-1,-1
746,90,391.25,0.41,246.51,478.62,0.9071,-1,-1,-1
747,181,112.45,126.86,63.71,191.63,0.8140,-1,-1,-1
747,179,0.05,84.92,111.63,301.22,0.8906,-1,-1,-1
747,178,251.39,153.31,27.59,126.79,0.3079,-1,-1,-1
747,172,266.66,158.07,53.70,139.84,0.6909,-1,-1,-1
747,158,311.39,107.12,93.13,301.66,0.8522,-1,-1,-1
747,138,163.32,83.55,98.24,332.03,0.8696,-1,-1,-1
747,90,390.21,0.31,248.94,477.50,0.8959,-1,-1,-1
748,181,113.03,124.02,61.30,198.87,0.8248,-1,-1,-1
748,179,0.00,75.04,92.74,316.82,0.8873,-1,-1,-1
748,178,251.63,154.13,32.20,102.93,0.4530,-1,-1,-1
748,172,270.75,160.57,52.25,140.40,0.6609,-1,-1,-1
748,158,315.55,107.67,90.14,301.17,0.8377,-1,-1,-1
748,138,164.36,88.60,102.38,335.13,0.8671,-1,-1,-1
748,90,390.99,0.32,248.71,476.77,0.9182,-1,-1,-1
749,181,107.96,121.05,65.68,209.23,0.8597,-1,-1,-1
749,179,0.02,64.33,84.02,331.66,0.8910,-1,-1,-1
749,178,251.43,155.91,39.51,139.89,0.5090,-1,-1,-1
749,172,273.58,167.01,53.01,137.76,0.6499,-1,-1,-1
749,158,318.62,108.97,93.88,298.87,0.7947,-1,-1,-1
749,138,164.14,93.90,104.77,337.67,0.8559,-1,-1,-1
749,90,393.52,0.43,245.96,477.92,0.9216,-1,-1,-1
750,181,106.37,113.77,67.50,216.50,0.8609,-1,-1,-1
750,179,0.17,47.52,77.59,368.94,0.8683,-1,-1,-1
750,178,257.53,153.14,39.60,139.66,0.6305,-1,-1,-1
750,172,281.63,164.50,53.43,139.26,0.7168,-1,-1,-1
750,158,325.85,105.77,88.64,287.54,0.8415,-1,-1,-1
750,138,170.69,92.37,104.07,328.18,0.8715,-1,-1,-1
750,90,405.19,0.84,234.49,477.02,0.9138,-1,-1,-1
751,181,101.60,105.90,81.16,222.26,0.8682,-1,-1,-1
751,179,0.17,33.29,71.15,367.88,0.7761,-1,-1,-1
751,178,263.28,146.69,42.61,143.36,0.7271,-1,-1,-1
751,172,290.55,160.09,50.49,133.26,0.7352,-1,-1,-1
751,158,335.01,97.65,87.09,290.68,0.8025,-1,-1,-1
751,138,179.15,88.10,84.46,324.23,0.8300,-1,-1,-1
751,90,414.31,0.40,225.50,477.96,0.9109,-1,-1,-1
752,181,95.36,99.18,86.96,234.82,0.8731,-1,-1,-1
752,179,0.46,6.35,79.48,396.46,0.7361,-1,-1,-1
752,178,270.15,147.03,40.78,133.25,0.6890,-1,-1,-1
752,172,295.84,160.35,52.11,126.41,0.6201,-1,-1,-1
752,158,336.50,100.69,90.56,295.31,0.8462,-1,-1,-1
752,138,185.45,85.25,100.51,304.90,0.8927,-1,-1,-1
752,90,418.40,0.83,221.12,477.46,0.9181,-1,-1,-1
753,181,90.95,94.45,90.79,246.97,0.8760,-1,-1,-1
753,179,0.00,74.83,77.44,325.22,0.4418,-1,-1,-1
753,178,274.68,150.70,39.43,127.53,0.7600,-1,-1,-1
753,172,303.66,158.89,48.27,125.22,0.4406,-1,-1,-1
753,158,339.62,102.75,93.73,297.29,0.8253,-1,-1,-1
753,138,186.89,83.03,99.86,308.98,0.8964,-1,-1,-1
753,90,411.53,0.79,228.26,478.15,0.9175,-1,-1,-1
754,181,76.13,90.07,104.56,266.58,0.8934,-1,-1,-1
754,178,283.08,149.35,39.75,137.32,0.7254,-1,-1,-1
754,173,0.20,118.21,34.05,156.78,0.3201,-1,-1,-1
754,172,320.39,160.32,38.83,105.50,0.4927,-1,-1,-1
754,158,345.57,106.32,93.60,300.06,0.7776,-1,-1,-1
754,138,195.15,84.03,98.80,314.53,0.8752,-1,-1,-1
754,90,411.96,1.26,227.65,478.49,0.9171,-1,-1,-1
755,182,31.99,166.68,38.17,88.82,0.5873,-1,-1,-1
755,181,71.38,84.57,107.78,273.50,0.9013,-1,-1,-1
755,178,285.32,152.48,40.40,131.72,0.7344,-1,-1,-1
755,173,0.01,151.11,36.92,123.68,0.4067,-1,-1,-1
755,172,326.80,161.17,34.86,107.10,0.4146,-1,-1,-1
755,158,347.59,103.26,93.09,297.90,0.8358,-1,-1,-1
755,138,202.25,86.16,92.71,313.66,0.8679,-1,-1,-1
755,90,427.61,1.99,211.83,477.56,0.9132,-1,-1,-1
756,182,40.76,171.17,31.51,86.76,0.5813,-1,-1,-1
756,181,66.81,78.88,109.96,296.27,0.9018,-1,-1,-1
756,178,292.43,151.64,35.37,133.09,0.7326,-1,-1,-1
756,173,0.18,154.99,28.51,124.38,0.7074,-1,-1,-1
756,172,329.36,161.66,37.86,112.35,0.3903,-1,-1,-1
756,158,347.83,98.69,97.36,306.70,0.7105,-1,-1,-1
756,138,211.30,89.72,89.31,316.89,0.8665,-1,-1,-1
756,90,465.12,1.91,174.52,477.75,0.9046,-1,-1,-1
757,182,41.70,167.21,33.04,91.86,0.3220,-1,-1,-1
757,181,57.64,65.72,112.46,314.00,0.8917,-1,-1,-1
757,178,296.60,148.80,36.41,130.76,0.7431,-1,-1,-1
757,173,0.16,154.20,21.74,123.82,0.6026,-1,-1,-1
757,172,329.13,158.53,38.71,113.81,0.3955,-1,-1,-1
757,158,351.89,94.95,94.02,301.10,0.8008,-1,-1,-1
757,138,206.51,90.24,99.49,313.55,0.8621,-1,-1,-1
757,90,487.81,0.96,152.01,477.15,0.8990,-1,-1,-1
758,181,45.52,50.50,115.28,333.29,0.8994,-1,-1,-1
758,178,299.85,146.08,31.02,129.70,0.5500,-1,-1,-1
758,173,0.10,159.25,15.43,89.97,0.3188,-1,-1,-1
758,172,321.52,158.03,47.45,114.22,0.3665,-1,-1,-1
758,158,348.93,92.68,97.40,297.25,0.7841,-1,-1,-1
758,138,217.11,85.94,89.55,316.10,0.8682,-1,-1,-1
759,185,190.32,162.49,33.35,116.69,0.4176,-1,-1,-1
759,181,20.57,39.85,132.23,352.33,0.9100,-1,-1,-1
759,178,302.73,149.85,33.99,133.46,0.5960,-1,-1,-1
759,158,351.23,95.50,96.45,298.06,0.7820,-1,-1,-1
759,138,203.29,87.61,105.38,300.79,0.8736,-1,-1,-1
759,90,478.98,4.17,160.60,474.05,0.4438,-1,-1,-1
760,185,181.45,162.00,45.03,120.52,0.5232,-1,-1,-1
760,181,0.00,25.04,138.68,371.70,0.9174,-1,-1,-1
760,178,304.59,145.32,32.15,131.49,0.5636,-1,-1,-1
760,174,133.63,180.76,22.41,67.34,0.6069,-1,-1,-1
760,158,348.69,91.82,99.78,304.34,0.8159,-1,-1,-1
760,138,199.37,82.78,110.43,299.88,0.8690,-1,-1,-1
760,90,494.76,3.45,144.78,475.82,0.5797,-1,-1,-1
761,185,180.38,160.19,39.52,121.84,0.5940,-1,-1,-1
761,181,0.00,9.00,117.46,391.94,0.9313,-1,-1,-1
761,178,308.62,154.26,32.18,121.99,0.5042,-1,-1,-1
761,175,106.14,177.32,21.99,71.48,0.4484,-1,-1,-1
761,174,129.66,179.78,25.50,68.49,0.6500,-1,-1,-1
761,158,350.81,95.97,98.18,306.59,0.8525,-1,-1,-1
761,138,206.08,81.85,107.94,302.21,0.8705,-1,-1,-1
761,90,505.32,1.07,134.51,477.40,0.8355,-1,-1,-1
762,185,176.39,155.11,39.46,121.50,0.6106,-1,-1,-1
762,181,0.00,0.31,103.04,403.21,0.9146,-1,-1,-1
762,178,310.51,146.51,26.99,125.40,0.6128,-1,-1,-1
762,175,108.17,175.52,19.76,73.08,0.4103,-1,-1,-1
762,174,128.78,175.73,26.02,69.74,0.6019,-1,-1,-1
762,158,354.21,94.40,95.15,307.95,0.8559,-1,-1,-1
762,138,180.52,79.44,135.94,306.70,0.8692,-1,-1,-1
762,90,492.20,1.14,147.46,478.86,0.8899,-1,-1,-1
763,186,81.09,161.23,40.77,83.13,0.7079,-1,-1,-1
763,185,167.65,143.04,37.22,126.11,0.6872,-1,-1,-1
763,183,53.15,150.36,34.51,94.75,0.5836,-1,-1,-1
763,181,0.23,25.28,82.97,379.56,0.8859,-1,-1,-1
763,178,308.03,136.23,30.01,120.20,0.5862,-1,-1,-1
763,174,124.90,166.26,25.20,72.00,0.6711,-1,-1,-1
763,158,354.41,84.73,94.32,304.45,0.8545,-1,-1,-1
763,138,189.56,75.89,126.72,308.34,0.8898,-1,-1,-1
763,90,463.63,1.59,176.08,478.41,0.8768,-1,-1,-1
764,186,84.21,163.40,38.54,86.73,0.6897,-1,-1,-1
764,185,161.69,149.11,39.34,124.43,0.7262,-1,-1,-1
764,183,52.74,158.01,41.37,92.49,0.4990,-1,-1,-1
764,181,0.34,24.71,64.95,391.42,0.7996,-1,-1,-1
764,178,308.89,139.87,32.49,121.98,0.6087,-1,-1,-1
764,174,124.52,170.54,25.11,71.33,0.6328,-1,-1,-1
764,158,358.71,90.16,90.60,296.41,0.8283,-1,-1,-1
764,138,208.07,82.82,110.95,309.08,0.8786,-1,-1,-1
764,90,457.05,0.85,182.50,450.80,0.7885,-1,-1,-1
765,187,199.26,155.32,31.76,115.77,0.6051,-1,-1,-1
765,186,93.81,168.83,30.76,85.83,0.6546,-1,-1,-1
765,185,147.12,155.37,50.52,125.04,0.7890,-1,-1,-1
765,183,60.56,160.90,40.95,96.55,0.6543,-1,-1,-1
765,178,310.34,145.33,34.73,119.85,0.6783,-1,-1,-1
765,174,125.53,175.63,23.79,72.98,0.6322,-1,-1,-1
765,158,360.58,92.56,94.66,292.88,0.8495,-1,-1,-1
765,138,217.22,87.22,105.28,303.78,0.8757,-1,-1,-1
765,90,458.50,1.36,181.17,478.64,0.8615,-1,-1,-1
766,187,198.26,156.09,34.10,119.55,0.6895,-1,-1,-1
766,186,94.96,166.94,28.81,89.74,0.6902,-1,-1,-1
766,185,139.98,154.89,54.29,127.42,0.8331,-1,-1,-1
766,183,61.84,164.69,38.93,94.30,0.6274,-1,-1,-1
766,178,310.13,147.86,30.12,120.93,0.6251,-1,-1,-1
766,174,122.89,175.11,23.64,74.13,0.6201,-1,-1,-1
766,158,360.36,92.32,93.75,292.90,0.7674,-1,-1,-1
766,138,224.39,86.30,96.80,304.30,0.8896,-1,-1,-1
766,90,457.29,1.25,182.44,478.75,0.8785,-1,-1,-1
767,187,188.11,151.30,41.27,125.33,0.8008,-1,-1,-1
767,186,91.91,164.77,26.11,90.37,0.4922,-1,-1,-1
767,185,127.71,154.38,58.45,126.33,0.8249,-1,-1,-1
767,183,57.28,160.34,35.61,96.81,0.6078,-1,-1,-1
767,178,310.49,147.24,33.66,119.59,0.4054,-1,-1,-1
767,158,354.73,91.33,97.65,297.97,0.7946,-1,-1,-1
767,138,228.29,80.14,89.37,290.79,0.8882,-1,-1,-1
767,90,457.75,1.32,181.89,477.95,0.9012,-1,-1,-1
768,187,184.97,155.14,41.94,126.69,0.8360,-1,-1,-1
768,186,90.86,165.64,34.77,92.41,0.4596,-1,-1,-1
768,185,120.83,157.70,57.41,125.86,0.8014,-1,-1,-1
768,183,51.34,161.61,35.96,98.58,0.6311,-1,-1,-1
768,158,351.53,94.49,97.95,303.78,0.7890,-1,-1,-1
768,138,226.11,81.84,89.90,290.29,0.8781,-1,-1,-1
768,90,457.45,1.30,182.20,478.70,0.8853,-1,-1,-1
769,187,183.09,154.83,44.97,130.22,0.8511,-1,-1,-1
769,186,87.89,167.12,30.20,92.29,0.4933,-1,-1,-1
769,185,116.70,154.94,45.68,129.77,0.7337,-1,-1,-1
769,183,54.36,161.12,31.06,100.19,0.6628,-1,-1,-1
769,158,351.82,98.17,94.54,304.87,0.7862,-1,-1,-1
769,138,226.44,83.65,88.69,295.42,0.8835,-1,-1,-1
769,90,463.57,1.99,176.04,478.01,0.8711,-1,-1,-1
770,187,179.93,152.78,47.14,132.63,0.8408,-1,-1,-1
770,186,87.47,164.77,25.70,93.71,0.4096,-1,-1,-1
770,185,111.56,153.14,41.60,129.38,0.5495,-1,-1,-1
770,183,53.14,160.65,35.55,100.69,0.6279,-1,-1,-1
770,158,350.47,94.22,95.85,305.67,0.7880,-1,-1,-1
770,138,225.58,84.50,92.62,297.81,0.8878,-1,-1,-1
770,90,477.16,1.12,162.41,478.30,0.8332,-1,-1,-1
771,187,167.46,149.55,51.03,140.02,0.8297,-1,-1,-1
771,186,80.74,161.61,32.43,98.21,0.4978,-1,-1,-1
771,185,101.08,152.40,37.51,133.72,0.5529,-1,-1,-1
771,183,48.09,159.62,36.66,103.34,0.6871,-1,-1,-1
771,158,347.74,93.30,89.71,301.85,0.8293,-1,-1,-1
771,138,220.83,89.73,93.00,300.79,0.8731,-1,-1,-1
771,90,503.60,0.75,136.04,473.62,0.8519,-1,-1,-1
772,187,163.31,144.70,52.06,141.31,0.8313,-1,-1,-1
772,185,83.02,151.62,49.66,133.15,0.7169,-1,-1,-1
772,183,45.74,156.11,37.80,104.28,0.6342,-1,-1,-1
772,158,343.86,92.63,89.94,293.69,0.8171,-1,-1,-1
772,138,211.24,89.69,100.44,297.44,0.8953,-1,-1,-1
772,90,494.22,0.00,145.64,475.17,0.8113,-1,-1,-1
773,187,148.68,140.05,61.77,147.18,0.8451,-1,-1,-1
773,185,72.92,151.49,47.37,132.55,0.7891,-1,-1,-1
773,183,42.94,155.55,38.41,103.04,0.6629,-1,-1,-1
773,158,338.11,87.42,96.43,291.24,0.8604,-1,-1,-1
773,138,212.78,89.39,97.96,293.77,0.8926,-1,-1,-1
773,90,493.36,0.00,146.49,474.76,0.7823,-1,-1,-1
774,187,154.02,136.57,51.66,154.48,0.8337,-1,-1,-1
774,185,66.14,150.31,49.44,134.48,0.6665,-1,-1,-1
774,183,44.68,158.47,38.48,93.45,0.4216,-1,-1,-1
774,158,335.43,87.83,97.25,294.97,0.8504,-1,-1,-1
774,138,219.24,87.39,93.89,287.06,0.8911,-1,-1,-1
774,90,494.51,4.69,145.49,472.44,0.8450,-1,-1,-1
775,187,152.09,138.33,52.08,159.25,0.8539,-1,-1,-1
775,186,88.79,156.82,37.69,103.96,0.4665,-1,-1,-1
775,185,66.19,153.89,42.10,132.80,0.4780,-1,-1,-1
775,183,43.43,155.06,39.44,110.06,0.4451,-1,-1,-1
775,158,337.49,88.49,94.57,300.38,0.7963,-1,-1,-1
775,138,215.23,87.03,99.47,277.72,0.8734,-1,-1,-1
775,90,463.67,18.46,124.41,433.72,0.7888,-1,-1,-1
776,189,496.77,0.00,143.08,479.79,0.8021,-1,-1,-1
776,187,144.95,139.50,54.48,161.59,0.8231,-1,-1,-1
776,186,89.72,172.88,34.82,91.60,0.6757,-1,-1,-1
776,185,43.91,152.05,52.11,135.74,0.6138,-1,-1,-1
776,158,338.75,94.33,92.64,302.67,0.8507,-1,-1,-1
776,138,212.16,87.96,103.86,280.46,0.8759,-1,-1,-1
776,90,412.77,22.60,166.23,419.10,0.7639,-1,-1,-1
777,189,495.29,0.00,144.58,479.92,0.7791,-1,-1,-1
777,187,142.17,138.29,54.36,167.08,0.8225,-1,-1,-1
777,186,93.60,170.48,31.25,94.12,0.6625,-1,-1,-1
777,185,38.59,150.87,52.15,138.87,0.5965,-1,-1,-1
777,158,337.32,95.68,91.45,302.20,0.8432,-1,-1,-1
777,138,208.69,91.39,107.98,280.92,0.8753,-1,-1,-1
777,90,400.24,32.37,170.28,407.07,0.7583,-1,-1,-1
778,189,515.82,0.00,124.02,476.18,0.7310,-1,-1,-1
778,187,132.43,134.74,63.32,175.82,0.8304,-1,-1,-1
778,186,92.48,164.98,39.82,101.88,0.6737,-1,-1,-1
778,185,26.35,153.05,61.38,139.61,0.7980,-1,-1,-1
778,158,342.26,96.14,88.08,300.88,0.8533,-1,-1,-1
778,138,208.15,97.62,114.24,283.04,0.8375,-1,-1,-1
778,90,407.51,26.49,155.96,423.78,0.8357,-1,-1,-1
779,191,209.75,136.94,47.15,184.02,0.7214,-1,-1,-1
779,189,508.16,5.30,131.06,474.70,0.7733,-1,-1,-1
779,187,137.93,133.57,59.15,182.32,0.8355,-1,-1,-1
779,185,23.38,157.83,58.93,138.28,0.8343,-1,-1,-1
779,174,106.29,168.47,29.69,102.16,0.7604,-1,-1,-1
779,158,349.62,98.17,87.99,268.13,0.6220,-1,-1,-1
779,138,234.15,106.77,93.90,278.92,0.8143,-1,-1,-1
779,90,416.02,26.27,145.74,451.75,0.8538,-1,-1,-1
780,192,72.86,160.45,29.56,111.96,0.6270,-1,-1,-1
780,191,212.17,135.72,47.15,188.85,0.7478,-1,-1,-1
780,189,494.06,1.14,145.57,478.86,0.8530,-1,-1,-1
780,187,131.52,130.09,67.42,185.77,0.8557,-1,-1,-1
780,186,108.35,166.59,31.37,105.22,0.7846,-1,-1,-1
780,185,19.25,156.59,62.26,139.56,0.7969,-1,-1,-1
780,158,351.38,95.48,86.05,286.18,0.5690,-1,-1,-1
780,138,236.35,107.20,93.22,273.58,0.8387,-1,-1,-1
780,90,419.49,20.61,119.71,451.61,0.7413,-1,-1,-1
781,192,69.03,159.95,42.84,113.32,0.6691,-1,-1,-1
781,191,210.45,129.62,48.29,200.54,0.7600,-1,-1,-1
781,189,466.21,1.60,173.38,476.60,0.8815,-1,-1,-1
781,187,126.57,125.66,70.00,198.14,0.8482,-1,-1,-1
781,186,110.38,165.16,24.75,103.84,0.6567,-1,-1,-1
781,185,17.74,153.64,60.01,142.02,0.7577,-1,-1,-1
781,158,353.96,95.48,78.62,194.08,0.4003,-1,-1,-1
781,138,238.68,102.76,93.61,268.04,0.8507,-1,-1,-1
781,90,388.60,16.55,135.95,454.37,0.7429,-1,-1,-1
782,192,71.59,160.10,46.17,113.98,0.7204,-1,-1,-1
782,191,200.76,125.63,59.27,207.03,0.8036,-1,-1,-1
782,189,450.34,1.94,189.23,478.06,0.8591,-1,-1,-1
782,187,114.25,125.83,80.77,201.20,0.8543,-1,-1,-1
782,186,110.89,168.49,23.23,101.30,0.3542,-1,-1,-1
782,185,13.12,152.03,57.46,144.71,0.8254,-1,-1,-1
782,138,244.48,102.88,88.22,264.14,0.8661,-1,-1,-1
782,90,392.29,26.57,109.60,435.86,0.6725,-1,-1,-1
783,192,75.19,161.35,45.31,114.03,0.7134,-1,-1,-1
783,191,199.88,121.90,59.66,212.49,0.8241,-1,-1,-1
783,189,452.44,1.58,187.15,478.15,0.7674,-1,-1,-1
783,187,110.12,125.24,82.60,210.53,0.8765,-1,-1,-1
783,185,9.65,150.87,51.30,146.04,0.7802,-1,-1,-1
783,158,347.47,141.06,79.96,295.95,0.4363,-1,-1,-1
783,138,252.41,103.58,79.82,257.19,0.8780,-1,-1,-1
783,90,390.78,28.94,111.87,443.04,0.6799,-1,-1,-1
784,192,77.85,158.41,38.72,119.90,0.6722,-1,-1,-1
784,191,194.60,120.61,67.16,219.52,0.8474,-1,-1,-1
784,189,457.06,1.09,182.29,477.85,0.8212,-1,-1,-1
784,187,107.50,123.13,77.92,220.02,0.8513,-1,-1,-1
784,185,8.53,152.98,48.66,148.52,0.7227,-1,-1,-1
784,138,257.74,107.51,76.82,256.55,0.8733,-1,-1,-1
784,90,355.22,33.53,132.11,416.56,0.7995,-1,-1,-1
785,191,180.80,115.43,78.50,230.91,0.8657,-1,-1,-1
785,189,465.16,1.41,174.31,441.44,0.6825,-1,-1,-1
785,187,90.65,116.00,86.25,232.11,0.8834,-1,-1,-1
785,185,0.38,156.77,39.18,145.57,0.6695,-1,-1,-1
785,183,27.59,166.48,26.68,104.42,0.3074,-1,-1,-1
785,138,256.40,109.68,71.69,257.93,0.8593,-1,-1,-1
785,90,353.34,32.83,135.60,444.64,0.8155,-1,-1,-1
786,191,162.48,113.79,85.01,242.22,0.8595,-1,-1,-1
786,189,480.87,1.07,158.75,445.82,0.6978,-1,-1,-1
786,187,65.65,109.01,99.43,240.27,0.8668,-1,-1,-1
786,185,0.20,157.86,24.52,145.21,0.5807,-1,-1,-1
786,183,12.63,169.61,34.27,102.91,0.4370,-1,-1,-1
786,182,50.66,172.42,26.91,101.09,0.3675,-1,-1,-1
786,138,252.19,117.84,73.92,249.73,0.8586,-1,-1,-1
786,90,347.15,34.74,134.52,419.57,0.5776,-1,-1,-1
787,191,152.21,112.51,92.11,249.11,0.8751,-1,-1,-1
787,189,494.90,0.62,144.70,476.76,0.6921,-1,-1,-1
787,187,54.00,105.40,102.16,247.75,0.8493,-1,-1,-1
787,185,0.14,160.15,19.19,142.99,0.4144,-1,-1,-1
787,183,10.33,170.05,30.48,104.44,0.3973,-1,-1,-1
787,138,254.25,120.33,70.47,247.65,0.8670,-1,-1,-1
787,90,340.84,33.75,162.86,421.60,0.7760,-1,-1,-1
788,195,455.01,27.23,78.80,421.76,0.5083,-1,-1,-1
788,191,138.50,106.13,97.79,272.76,0.8487,-1,-1,-1
788,189,502.45,0.39,137.18,476.84,0.7233,-1,-1,-1
788,187,37.89,99.99,108.95,267.46,0.8611,-1,-1,-1
788,183,0.17,169.03,37.88,108.59,0.4607,-1,-1,-1
788,138,252.72,119.15,72.63,249.98,0.8297,-1,-1,-1
788,90,333.37,34.01,191.60,433.08,0.8443,-1,-1,-1
789,195,433.50,27.79,106.08,429.84,0.7556,-1,-1,-1
789,193,324.10,45.71,115.84,430.86,0.6923,-1,-1,-1
789,191,128.60,100.55,90.78,288.76,0.8426,-1,-1,-1
789,189,500.97,1.26,138.67,475.96,0.8183,-1,-1,-1
789,187,15.58,97.89,117.60,278.77,0.8860,-1,-1,-1
789,138,249.68,117.41,72.11,239.61,0.8371,-1,-1,-1
790,195,434.48,37.28,102.97,426.54,0.7761,-1,-1,-1
790,191,120.02,94.24,84.78,306.36,0.8756,-1,-1,-1
790,189,497.48,1.65,142.06,436.12,0.7152,-1,-1,-1
790,187,2.82,97.22,112.23,299.95,0.8843,-1,-1,-1
790,138,241.19,121.56,79.13,233.20,0.8172,-1,-1,-1
790,90,316.94,48.83,170.92,431.17,0.8286,-1,-1,-1
791,195,430.92,43.35,104.29,427.97,0.7953,-1,-1,-1
791,191,104.24,85.74,91.20,318.55,0.8661,-1,-1,-1
791,189,490.20,0.68,149.40,478.53,0.8342,-1,-1,-1
791,187,0.00,90.36,111.99,325.05,0.8881,-1,-1,-1
791,138,232.47,123.80,83.56,228.56,0.8096,-1,-1,-1
791,90,310.76,56.84,146.40,421.50,0.8427,-1,-1,-1
792,197,193.52,194.07,29.87,89.30,0.6555,-1,-1,-1
792,195,418.74,49.74,115.32,423.23,0.8234,-1,-1,-1
792,191,77.87,80.25,106.44,338.96,0.8885,-1,-1,-1
792,189,492.98,4.32,146.77,472.93,0.7425,-1,-1,-1
792,187,0.33,81.61,89.38,341.08,0.8758,-1,-1,-1
792,138,227.11,130.01,84.27,240.53,0.7871,-1,-1,-1
792,90,307.98,62.65,151.74,414.94,0.7606,-1,-1,-1
793,197,186.27,192.78,29.33,87.13,0.4389,-1,-1,-1
793,195,415.84,43.02,120.04,396.91,0.8427,-1,-1,-1
793,191,16.33,67.37,152.52,374.59,0.8860,-1,-1,-1
793,189,506.01,1.90,133.68,477.09,0.8545,-1,-1,-1
793,187,0.11,62.81,74.41,359.49,0.8355,-1,-1,-1
793,138,218.28,129.50,90.42,242.94,0.7209,-1,-1,-1
793,90,301.33,59.80,186.00,392.25,0.6953,-1,-1,-1
794,197,180.73,179.49,31.71,91.99,0.5681,-1,-1,-1
794,195,405.56,30.13,133.59,411.36,0.8678,-1,-1,-1
794,191,0.40,48.22,153.02,395.28,0.8852,-1,-1,-1
794,189,518.53,2.07,121.12,476.87,0.8624,-1,-1,-1
794,187,0.03,73.68,57.07,348.93,0.7249,-1,-1,-1
794,138,219.47,123.75,83.24,235.09,0.7995,-1,-1,-1
794,90,296.52,51.51,128.57,384.12,0.6647,-1,-1,-1
795,197,171.84,180.87,45.31,94.99,0.6757,-1,-1,-1
795,195,401.93,32.35,131.22,404.98,0.8396,-1,-1,-1
795,191,0.00,31.99,125.12,443.09,0.8587,-1,-1,-1
795,189,517.18,0.81,122.65,476.37,0.7900,-1,-1,-1
795,138,219.37,126.06,77.48,211.38,0.7972,-1,-1,-1
795,90,294.03,60.12,132.61,388.94,0.8349,-1,-1,-1
796,200,123.04,176.49,39.05,99.65,0.7288,-1,-1,-1
796,197,173.49,184.93,41.12,95.31,0.3719,-1,-1,-1
796,195,409.27,40.48,123.51,406.17,0.8704,-1,-1,-1
796,191,0.15,20.63,110.93,440.80,0.6841,-1,-1,-1
796,189,525.61,0.79,114.24,476.04,0.7077,-1,-1,-1
796,138,218.66,128.89,79.16,220.06,0.8278,-1,-1,-1
796,90,292.57,67.61,172.15,390.71,0.6592,-1,-1,-1
797,200,111.55,170.58,46.21,101.30,0.7063,-1,-1,-1
797,197,170.01,181.42,25.40,95.95,0.6545,-1,-1,-1
797,195,403.01,36.18,126.03,410.90,0.8410,-1,-1,-1
797,191,0.16,0.46,83.83,437.67,0.4557,-1,-1,-1
797,189,541.74,1.83,97.98,474.20,0.7933,-1,-1,-1
797,174,74.57,162.09,27.16,118.67,0.5692,-1,-1,-1
797,138,227.48,120.58,67.54,223.76,0.8224,-1,-1,-1
797,90,285.52,63.68,127.07,395.86,0.6519,-1,-1,-1
798,200,110.12,171.66,45.40,103.47,0.7268,-1,-1,-1
798,197,165.41,180.97,30.91,97.97,0.5258,-1,-1,-1
798,195,406.10,38.16,121.22,415.86,0.8138,-1,-1,-1
798,191,0.18,9.67,57.60,300.34,0.5541,-1,-1,-1
798,189,512.19,0.54,127.49,477.34,0.8714,-1,-1,-1
798,174,69.21,160.04,34.35,121.78,0.7029,-1,-1,-1
798,138,228.99,120.52,64.90,227.46,0.8258,-1,-1,-1
798,90,280.77,65.51,135.39,399.12,0.5835,-1,-1,-1
799,202,211.61,187.32,25.16,79.67,0.4529,-1,-1,-1
799,200,107.37,169.43,46.97,106.96,0.7089,-1,-1,-1
799,197,164.05,179.44,36.56,100.85,0.5620,-1,-1,-1
799,195,382.46,39.41,140.67,372.01,0.7048,-1,-1,-1
799,189,477.45,1.53,162.17,474.41,0.8825,-1,-1,-1
799,182,31.00,153.06,44.75,137.65,0.4352,-1,-1,-1
799,174,67.49,159.42,35.18,123.84,0.7399,-1,-1,-1
799,138,229.92,122.40,62.25,226.20,0.7989,-1,-1,-1
799,90,282.94,64.56,134.85,399.84,0.5659,-1,-1,-1
800,202,207.97,181.87,25.36,80.72,0.6077,-1,-1,-1
800,200,98.18,163.04,47.79,109.85,0.7177,-1,-1,-1
800,197,157.25,173.84,43.55,103.73,0.7337,-1,-1,-1
800,195,406.68,31.26,106.72,387.18,0.8386,-1,-1,-1
800,193,275.51,55.72,181.42,363.42,0.8004,-1,-1,-1
800,189,454.85,1.56,184.86,474.61,0.8552,-1,-1,-1
800,182,24.60,147.00,42.41,90.68,0.4876,-1,-1,-1
800,174,61.90,155.39,35.95,124.16,0.7690,-1,-1,-1
800,138,227.33,123.44,59.72,221.11,0.8194,-1,-1,-1
801,202,201.85,188.19,31.14,79.08,0.3900,-1,-1,-1
801,200,95.84,165.90,28.92,111.59,0.6880,-1,-1,-1
801,197,156.07,177.76,37.72,103.61,0.6915,-1,-1,-1
801,195,402.76,33.20,104.97,409.57,0.7887,-1,-1,-1
801,193,276.14,56.72,189.16,385.23,0.7676,-1,-1,-1
801,189,446.97,1.31,192.61,477.48,0.5273,-1,-1,-1
801,182,22.17,149.71,34.69,95.36,0.4131,-1,-1,-1
801,174,58.84,159.12,34.54,125.04,0.7561,-1,-1,-1
801,138,228.09,129.63,56.08,225.34,0.8156,-1,-1,-1
802,202,201.13,187.34,31.04,83.40,0.6408,-1,-1,-1
802,200,89.74,163.55,30.19,116.56,0.6540,-1,-1,-1
802,197,156.01,176.38,45.45,107.97,0.6896,-1,-1,-1
802,195,401.59,31.90,105.01,404.41,0.7721,-1,-1,-1
802,189,455.52,1.62,184.28,474.34,0.6795,-1,-1,-1
802,182,21.97,154.94,30.35,91.74,0.5384,-1,-1,-1
802,174,58.02,159.24,35.23,125.64,0.7429,-1,-1,-1
802,138,229.85,131.78,56.12,214.83,0.7731,-1,-1,-1
802,90,275.24,57.19,125.55,380.05,0.6434,-1,-1,-1
803,202,200.62,189.14,31.38,83.12,0.7220,-1,-1,-1
803,200,89.58,165.79,28.40,111.12,0.5837,-1,-1,-1
803,197,157.01,178.83,38.37,108.75,0.6215,-1,-1,-1
803,195,399.73,33.94,107.23,402.41,0.7494,-1,-1,-1
803,193,276.32,58.96,121.95,384.64,0.5346,-1,-1,-1
803,189,461.40,1.55,178.42,478.45,0.6639,-1,-1,-1
803,174,57.83,159.71,38.40,128.15,0.7010,-1,-1,-1
803,138,232.56,131.33,51.30,191.07,0.8262,-1,-1,-1
804,202,205.46,189.91,28.49,84.94,0.5805,-1,-1,-1
804,200,91.98,167.37,28.31,116.44,0.4927,-1,-1,-1
804,197,161.37,181.95,34.65,109.68,0.5428,-1,-1,-1
804,195,411.85,33.24,128.91,412.60,0.7167,-1,-1,-1
804,193,282.67,63.07,194.54,390.22,0.8301,-1,-1,-1
804,189,478.36,1.36,161.47,478.64,0.7696,-1,-1,-1
804,182,25.14,149.04,42.28,121.43,0.4968,-1,-1,-1
804,174,61.99,162.28,38.48,128.79,0.7043,-1,-1,-1
804,138,234.47,132.89,58.84,203.25,0.7563,-1,-1,-1
805,200,66.92,158.23,54.46,130.16,0.4980,-1,-1,-1
805,197,163.14,177.46,33.92,112.36,0.5989,-1,-1,-1
805,196,208.23,185.51,31.23,87.12,0.7207,-1,-1,-1
805,195,420.59,32.83,114.35,423.82,0.8361,-1,-1,-1
805,193,290.51,59.41,203.45,404.57,0.7452,-1,-1,-1
805,189,494.16,0.28,145.67,435.91,0.6381,-1,-1,-1
805,182,28.04,144.55,39.92,133.92,0.4525,-1,-1,-1
805,138,238.24,129.19,63.30,206.04,0.7941,-1,-1,-1
806,200,70.74,159.23,54.56,130.50,0.7620,-1,-1,-1
806,197,167.94,176.04,37.70,115.13,0.4665,-1,-1,-1
806,196,214.79,185.77,29.10,88.94,0.7031,-1,-1,-1
806,195,429.10,36.07,124.50,429.57,0.8650,-1,-1,-1
806,193,298.61,62.55,214.91,409.56,0.7821,-1,-1,-1
806,189,516.91,0.71,122.92,272.52,0.5467,-1,-1,-1
806,182,27.32,145.87,51.23,152.33,0.6763,-1,-1,-1
806,138,241.33,130.11,71.85,205.87,0.8300,-1,-1,-1
807,200,75.79,156.98,52.26,131.67,0.7756,-1,-1,-1
807,197,172.68,174.71,44.19,118.39,0.7474,-1,-1,-1
807,196,218.22,187.06,29.20,88.58,0.6869,-1,-1,-1
807,195,440.45,39.42,127.27,424.48,0.7893,-1,-1,-1
807,193,309.54,58.83,216.28,409.79,0.6313,-1,-1,-1
807,189,540.52,30.29,99.34,267.05,0.5785,-1,-1,-1
807,182,32.50,144.11,49.09,151.13,0.6956,-1,-1,-1
807,138,244.15,131.59,77.96,200.15,0.8393,-1,-1,-1
808,200,79.39,154.24,48.83,131.90,0.7694,-1,-1,-1
808,197,177.39,170.77,48.02,120.04,0.7063,-1,-1,-1
808,196,222.36,183.79,27.60,90.99,0.7186,-1,-1,-1
808,195,450.57,35.20,130.53,422.28,0.8552,-1,-1,-1
808,193,323.01,53.04,212.06,408.63,0.8345,-1,-1,-1
808,189,567.35,88.59,72.54,197.30,0.8134,-1,-1,-1
808,182,42.78,140.46,41.17,154.31,0.6296,-1,-1,-1
808,138,253.63,131.32,74.99,192.88,0.8166,-1,-1,-1
809,200,91.57,157.41,37.66,131.23,0.7445,-1,-1,-1
809,197,185.78,172.34,49.87,124.11,0.8302,-1,-1,-1
809,196,233.37,186.21,28.92,91.26,0.7444,-1,-1,-1
809,195,468.53,31.86,142.64,419.87,0.8560,-1,-1,-1
809,193,336.30,50.12,220.93,394.18,0.5743,-1,-1,-1
809,182,56.81,143.69,36.90,149.84,0.6200,-1,-1,-1
809,138,264.18,136.44,75.90,198.44,0.8219,-1,-1,-1
810,200,97.70,158.02,36.51,136.41,0.7166,-1,-1,-1
810,197,190.49,174.44,51.63,126.68,0.7037,-1,-1,-1
810,196,238.67,188.48,28.81,91.84,0.7077,-1,-1,-1
810,195,471.67,30.63,151.08,413.00,0.8276,-1,-1,-1
810,193,342.06,49.79,157.89,396.04,0.6042,-1,-1,-1
810,182,64.46,145.83,38.98,156.38,0.7106,-1,-1,-1
810,138,277.33,138.36,70.22,202.82,0.8347,-1,-1,-1
811,203,268.81,191.81,21.26,85.23,0.7300,-1,-1,-1
811,200,100.06,152.77,38.20,139.29,0.5751,-1,-1,-1
811,197,189.37,171.42,52.92,129.49,0.7866,-1,-1,-1
811,196,242.04,184.08,30.23,93.46,0.7313,-1,-1,-1
811,195,487.41,23.62,144.95,427.34,0.8637,-1,-1,-1
811,193,358.14,44.29,116.63,406.82,0.6247,-1,-1,-1
811,182,66.29,147.58,42.25,150.29,0.5001,-1,-1,-1
811,138,286.39,132.62,66.38,214.98,0.8328,-1,-1,-1
812,203,270.18,191.97,24.38,86.93,0.6398,-1,-1,-1
812,200,101.30,150.32,39.59,143.60,0.7203,-1,-1,-1
812,197,190.34,171.37,54.77,133.17,0.8084,-1,-1,-1
812,196,242.61,180.98,32.89,98.07,0.6971,-1,-1,-1
812,195,490.90,24.91,148.06,435.10,0.8058,-1,-1,-1
812,193,371.05,42.72,138.11,419.78,0.5681,-1,-1,-1
812,182,67.70,145.89,40.80,157.13,0.6796,-1,-1,-1
812,138,293.36,129.84,64.64,209.43,0.8549,-1,-1,-1
813,203,264.46,195.55,30.26,86.07,0.6113,-1,-1,-1
813,200,101.19,152.81,42.06,143.31,0.6554,-1,-1,-1
813,197,187.10,168.68,57.97,136.92,0.8111,-1,-1,-1
813,196,240.72,180.00,35.86,101.87,0.6364,-1,-1,-1
813,195,505.11,30.22,134.41,441.23,0.8335,-1,-1,-1
813,193,376.13,40.48,138.26,431.17,0.8386,-1,-1,-1
813,182,51.89,145.36,54.14,154.07,0.6674,-1,-1,-1
813,138,298.23,130.65,60.79,210.66,0.8460,-1,-1,-1
814,203,269.45,194.89,26.77,85.73,0.6238,-1,-1,-1
814,200,103.44,149.05,38.22,145.44,0.7005,-1,-1,-1
814,197,186.11,162.38,59.66,142.66,0.8207,-1,-1,-1
814,196,237.76,177.03,39.51,104.54,0.7300,-1,-1,-1
814,195,510.71,30.74,129.28,442.62,0.8386,-1,-1,-1
814,193,365.50,34.88,157.23,445.12,0.5981,-1,-1,-1
814,182,48.49,138.90,58.35,160.70,0.7064,-1,-1,-1
814,138,302.07,129.97,63.07,210.65,0.8486,-1,-1,-1
815,203,270.30,194.21,26.47,89.07,0.6750,-1,-1,-1
815,200,100.73,148.22,41.73,149.84,0.6536,-1,-1,-1
815,197,183.34,161.81,61.72,146.25,0.7414,-1,-1,-1
815,196,240.29,179.06,35.72,105.45,0.6982,-1,-1,-1
815,195,516.51,30.68,123.45,442.66,0.8577,-1,-1,-1
815,193,377.16,25.23,220.67,454.77,0.6111,-1,-1,-1
815,182,49.04,142.42,55.86,161.36,0.6803,-1,-1,-1
815,138,305.96,134.14,62.63,211.64,0.8165,-1,-1,-1
816,203,269.45,191.52,25.65,90.84,0.6537,-1,-1,-1
816,200,99.72,149.20,41.51,147.25,0.6952,-1,-1,-1
816,197,175.91,159.06,65.19,150.07,0.7009,-1,-1,-1
816,196,237.29,174.96,35.86,110.01,0.7412,-1,-1,-1
816,195,519.42,26.73,120.57,425.83,0.8742,-1,-1,-1
816,194,60.06,138.85,45.78,160.13,0.5153,-1,-1,-1
816,193,383.10,25.11,130.55,454.03,0.6102,-1,-1,-1
816,182,43.81,170.05,28.17,130.12,0.3202,-1,-1,-1
816,138,311.36,136.03,56.94,210.45,0.7723,-1,-1,-1
817,203,268.79,192.04,23.56,87.25,0.6625,-1,-1,-1
817,200,98.18,147.61,39.36,148.11,0.7006,-1,-1,-1
817,197,168.62,156.84,69.25,154.31,0.7466,-1,-1,-1
817,196,235.92,173.33,35.70,109.89,0.6607,-1,-1,-1
817,195,521.94,22.24,118.03,432.87,0.8915,-1,-1,-1
817,194,59.69,135.90,46.60,168.63,0.4933,-1,-1,-1
817,193,382.47,5.90,165.27,455.90,0.7706,-1,-1,-1
817,182,30.09,145.33,37.62,155.05,0.4432,-1,-1,-1
817,138,312.97,134.53,60.51,210.27,0.8088,-1,-1,-1
818,204,288.13,177.73,30.02,92.16,0.7280,-1,-1,-1
818,203,266.52,187.28,26.80,95.75,0.7001,-1,-1,-1
818,200,96.27,145.85,39.16,151.08,0.7055,-1,-1,-1
818,197,172.53,156.95,65.33,161.45,0.7519,-1,-1,-1
818,196,231.04,168.92,38.52,115.44,0.7657,-1,-1,-1
818,195,527.97,11.58,111.90,442.76,0.8193,-1,-1,-1
818,194,56.71,133.64,48.89,172.39,0.3482,-1,-1,-1
818,193,387.81,9.08,146.96,457.78,0.7856,-1,-1,-1
818,182,13.04,135.70,55.01,168.11,0.6366,-1,-1,-1
818,138,317.57,132.03,61.47,210.26,0.8176,-1,-1,-1
819,204,288.84,179.02,29.09,92.23,0.6383,-1,-1,-1
819,203,265.53,188.53,28.08,97.95,0.6753,-1,-1,-1
819,200,93.70,145.97,40.12,153.72,0.7344,-1,-1,-1
819,197,167.59,157.92,69.23,164.32,0.7697,-1,-1,-1
819,196,228.28,167.94,39.80,118.72,0.7896,-1,-1,-1
819,195,538.02,9.46,101.95,452.72,0.8776,-1,-1,-1
819,194,54.43,133.16,44.90,114.53,0.3443,-1,-1,-1
819,193,407.26,7.85,137.04,460.63,0.8688,-1,-1,-1
819,182,0.41,138.47,60.33,168.13,0.7191,-1,-1,-1
819,138,318.56,129.85,61.83,205.63,0.8327,-1,-1,-1
820,204,282.77,182.86,30.21,91.99,0.6393,-1,-1,-1
820,203,260.41,190.27,28.70,101.50,0.7276,-1,-1,-1
820,200,82.94,146.70,43.52,159.27,0.7490,-1,-1,-1
820,197,150.58,154.60,78.82,174.35,0.7143,-1,-1,-1
820,196,221.46,170.93,41.92,123.08,0.7658,-1,-1,-1
820,195,548.63,11.51,91.23,468.49,0.8740,-1,-1,-1
820,194,44.28,134.54,42.14,118.46,0.4473,-1,-1,-1
820,193,411.69,9.25,160.76,470.22,0.8326,-1,-1,-1
820,182,0.18,143.90,48.86,166.40,0.7160,-1,-1,-1
820,138,312.94,131.20,66.79,207.41,0.8128,-1,-1,-1
821,204,277.81,177.26,31.03,95.95,0.6410,-1,-1,-1
821,203,253.50,187.33,28.42,103.50,0.6727,-1,-1,-1
821,200,75.53,143.04,45.72,157.92,0.7890,-1,-1,-1
821,197,145.15,147.87,74.93,179.80,0.7665,-1,-1,-1
821,196,214.68,166.40,42.04,125.83,0.7412,-1,-1,-1
821,195,553.39,10.94,86.48,469.06,0.8854,-1,-1,-1
821,194,34.46,128.82,50.17,186.53,0.7400,-1,-1,-1
821,193,409.34,4.82,152.48,475.18,0.8163,-1,-1,-1
821,182,0.11,136.82,37.38,171.70,0.7426,-1,-1,-1
821,138,308.28,128.92,68.78,205.08,0.8151,-1,-1,-1
822,204,270.45,177.21,33.51,97.17,0.6783,-1,-1,-1
822,203,247.59,189.14,29.28,104.82,0.7229,-1,-1,-1
822,200,65.40,141.34,46.63,162.59,0.7523,-1,-1,-1
822,197,134.15,143.92,77.55,187.89,0.8067,-1,-1,-1
822,196,207.36,166.70,43.14,128.48,0.7998,-1,-1,-1
822,195,565.30,12.40,74.70,467.60,0.8534,-1,-1,-1
822,194,23.14,122.24,44.87,118.98,0.4547,-1,-1,-1
822,193,417.01,5.49,154.25,474.51,0.8657,-1,-1,-1
822,138,305.49,130.72,80.23,206.56,0.8354,-1,-1,-1
823,205,379.01,119.38,70.18,165.31,0.4699,-1,-1,-1
823,204,272.02,175.25,34.08,105.13,0.6377,-1,-1,-1
823,203,248.22,184.28,31.32,115.45,0.7213,-1,-1,-1
823,200,64.17,142.64,46.33,166.57,0.8118,-1,-1,-1
823,197,127.56,144.49,81.29,193.00,0.8536,-1,-1,-1
823,196,205.35,168.35,45.32,133.84,0.7767,-1,-1,-1
823,195,574.58,14.59,65.25,465.41,0.7657,-1,-1,-1
823,194,19.68,128.64,48.35,122.23,0.4770,-1,-1,-1
823,193,431.79,3.28,149.70,470.95,0.8634,-1,-1,-1
823,138,305.47,138.02,82.52,206.76,0.8053,-1,-1,-1
824,205,379.59,114.31,82.19,288.62,0.6824,-1,-1,-1
824,204,264.89,174.76,34.93,102.71,0.7262,-1,-1,-1
824,203,242.55,179.13,33.16,117.58,0.7711,-1,-1,-1
824,200,57.42,141.77,45.96,167.43,0.7654,-1,-1,-1
824,197,115.54,138.38,84.30,203.69,0.8517,-1,-1,-1
824,196,197.41,163.74,44.78,139.22,0.7685,-1,-1,-1
824,195,570.78,7.56,69.03,456.82,0.7308,-1,-1,-1
824,194,10.06,125.69,54.60,195.12,0.5988,-1,-1,-1
824,193,445.02,1.12,162.67,478.88,0.8450,-1,-1,-1
824,138,309.12,137.19,76.06,207.21,0.7841,-1,-1,-1
825,205,379.57,113.01,87.37,229.03,0.6578,-1,-1,-1
825,204,262.37,173.68,34.62,105.65,0.6912,-1,-1,-1
825,203,236.66,181.24,38.14,120.37,0.7780,-1,-1,-1
825,200,49.38,138.02,48.32,172.44,0.7611,-1,-1,-1
825,197,93.07,136.44,102.53,215.16,0.8596,-1,-1,-1
825,196,188.52,158.76,48.17,144.25,0.7694,-1,-1,-1
825,195,584.76,3.50,55.10,444.57,0.3494,-1,-1,-1
825,194,1.29,120.43,46.81,125.07,0.3727,-1,-1,-1
825,193,454.32,0.32,182.92,479.68,0.8730,-1,-1,-1
825,138,310.46,136.30,76.33,206.37,0.7868,-1,-1,-1
826,206,294.70,169.72,26.24,100.51,0.4905,-1,-1,-1
826,205,380.72,106.63,87.70,262.60,0.5905,-1,-1,-1
826,204,261.07,171.20,32.87,104.22,0.6683,-1,-1,-1
826,203,231.49,174.76,38.29,126.48,0.7521,-1,-1,-1
826,200,42.84,131.25,50.13,177.80,0.7050,-1,-1,-1
826,197,83.80,129.91,109.54,226.95,0.8859,-1,-1,-1
826,196,180.67,151.74,50.42,148.51,0.8041,-1,-1,-1
826,194,0.00,112.02,49.52,206.63,0.4644,-1,-1,-1
826,193,465.33,0.51,174.50,479.14,0.9122,-1,-1,-1
826,138,311.52,130.18,73.07,205.12,0.8165,-1,-1,-1
827,206,287.24,175.24,30.07,99.71,0.5403,-1,-1,-1
827,205,373.72,112.26,93.25,269.24,0.8236,-1,-1,-1
827,204,251.56,174.34,34.09,108.40,0.6819,-1,-1,-1
827,203,218.99,180.00,40.87,131.25,0.7611,-1,-1,-1
827,200,29.96,129.98,47.64,182.07,0.6744,-1,-1,-1
827,197,67.08,123.86,100.76,242.66,0.8610,-1,-1,-1
827,196,157.15,156.23,64.11,154.88,0.8149,-1,-1,-1
827,193,473.06,0.81,166.83,479.19,0.8848,-1,-1,-1
827,138,310.23,131.19,68.68,203.68,0.8228,-1,-1,-1
828,206,286.95,175.97,29.21,100.04,0.6320,-1,-1,-1
828,205,372.59,113.78,96.42,272.04,0.7752,-1,-1,-1
828,204,248.80,173.20,36.37,110.33,0.7179,-1,-1,-1
828,203,217.46,178.02,39.54,135.32,0.7917,-1,-1,-1
828,200,25.41,130.41,59.47,184.50,0.6805,-1,-1,-1
828,197,61.80,116.16,99.23,251.94,0.8611,-1,-1,-1
828,196,151.39,153.91,67.20,158.36,0.7978,-1,-1,-1
828,194,0.00,109.54,32.90,214.97,0.4917,-1,-1,-1
828,193,487.02,1.13,152.91,478.25,0.9011,-1,-1,-1
828,138,312.41,131.79,66.06,204.30,0.8255,-1,-1,-1
829,206,288.21,172.10,33.53,101.63,0.6966,-1,-1,-1
829,205,376.94,113.29,104.22,275.77,0.7907,-1,-1,-1
829,204,245.37,168.13,41.02,116.21,0.6902,-1,-1,-1
829,203,213.12,175.14,43.40,139.15,0.7385,-1,-1,-1
829,200,22.65,127.22,52.35,187.21,0.7469,-1,-1,-1
829,197,56.91,109.78,98.48,263.96,0.8514,-1,-1,-1
829,196,152.66,149.09,59.85,169.09,0.8736,-1,-1,-1
829,193,507.70,0.81,132.30,479.19,0.8759,-1,-1,-1
829,138,317.46,130.67,63.33,206.52,0.8097,-1,-1,-1
830,206,291.88,175.57,33.06,102.26,0.7840,-1,-1,-1
830,205,380.31,119.11,102.32,272.24,0.8318,-1,-1,-1
830,204,247.00,176.16,38.29,112.71,0.6784,-1,-1,-1
830,203,209.78,176.23,44.56,146.04,0.7118,-1,-1,-1
830,197,21.43,108.61,124.20,278.93,0.8578,-1,-1,-1
830,196,150.08,151.71,59.85,174.23,0.8621,-1,-1,-1
830,194,0.08,115.83,22.52,134.77,0.3349,-1,-1,-1
830,193,521.18,0.00,118.61,480.00,0.8587,-1,-1,-1
830,138,320.55,139.22,62.87,203.18,0.8562,-1,-1,-1
831,206,286.64,174.25,36.25,101.87,0.7749,-1,-1,-1
831,205,377.82,115.64,102.85,277.36,0.8371,-1,-1,-1
831,204,242.92,170.51,35.71,119.38,0.7147,-1,-1,-1
831,203,204.83,170.48,44.82,153.55,0.7437,-1,-1,-1
831,197,8.90,104.51,125.42,293.04,0.8526,-1,-1,-1
831,196,140.44,144.48,61.86,183.11,0.8517,-1,-1,-1
831,193,531.37,0.17,108.40,478.08,0.8642,-1,-1,-1
831,138,320.83,139.29,59.58,206.24,0.8276,-1,-1,-1
832,206,279.26,166.21,37.84,104.19,0.7869,-1,-1,-1
832,205,372.25,107.95,95.56,274.19,0.8539,-1,-1,-1
832,204,229.67,162.02,44.10,125.22,0.7616,-1,-1,-1
832,203,188.84,161.32,46.42,164.91,0.7894,-1,-1,-1
832,197,0.06,86.06,112.93,327.89,0.8792,-1,-1,-1
832,196,120.52,132.04,69.38,192.49,0.8307,-1,-1,-1
832,193,553.11,0.77,86.74,477.55,0.8525,-1,-1,-1
832,138,312.62,133.81,63.45,205.42,0.8394,-1,-1,-1
833,206,273.62,166.28,39.28,104.80,0.7796,-1,-1,-1
833,205,369.32,106.62,94.74,270.35,0.8536,-1,-1,-1
833,204,226.89,162.16,41.23,127.56,0.8048,-1,-1,-1
833,203,179.43,162.02,52.14,166.71,0.8042,-1,-1,-1
833,197,0.28,81.79,102.19,322.72,0.8577,-1,-1,-1
833,196,109.82,129.82,73.16,203.46,0.8619,-1,-1,-1
833,193,561.10,0.77,78.84,477.36,0.8371,-1,-1,-1
833,138,312.28,133.06,63.31,206.08,0.8309,-1,-1,-1
834,206,271.88,167.56,38.55,103.74,0.8092,-1,-1,-1
834,205,372.48,104.09,91.35,271.65,0.8748,-1,-1,-1
834,204,224.39,158.09,43.67,133.71,0.7559,-1,-1,-1
834,203,173.50,160.16,53.43,176.61,0.8352,-1,-1,-1
834,197,0.14,78.42,84.70,321.05,0.8878,-1,-1,-1
834,196,99.59,126.69,78.90,208.96,0.8690,-1,-1,-1
834,193,578.22,18.74,61.63,461.26,0.4666,-1,-1,-1
834,138,313.03,128.98,66.81,200.53,0.8309,-1,-1,-1
835,206,273.55,167.74,39.04,101.24,0.7933,-1,-1,-1
835,205,372.48,104.40,92.68,276.14,0.8717,-1,-1,-1
835,204,220.40,158.34,47.40,136.91,0.7637,-1,-1,-1
835,203,164.11,156.08,62.01,187.74,0.8137,-1,-1,-1
835,197,0.02,108.48,67.96,295.44,0.7040,-1,-1,-1
835,196,88.20,121.71,82.91,230.17,0.8827,-1,-1,-1
835,193,595.08,41.63,44.77,435.32,0.3290,-1,-1,-1
835,138,312.69,126.20,68.22,201.40,0.7938,-1,-1,-1
836,206,272.03,167.67,41.38,99.29,0.7787,-1,-1,-1
836,205,375.08,105.43,94.15,278.26,0.8710,-1,-1,-1
836,204,221.27,153.94,51.31,141.00,0.8356,-1,-1,-1
836,203,165.19,150.51,57.32,196.82,0.8415,-1,-1,-1
836,200,0.12,107.37,52.18,216.33,0.7721,-1,-1,-1
836,196,78.63,115.47,90.05,242.80,0.8688,-1,-1,-1
836,138,318.63,124.64,69.39,195.99,0.8521,-1,-1,-1
837,206,273.94,168.22,43.96,101.18,0.8120,-1,-1,-1
837,205,380.42,110.15,95.04,278.59,0.8626,-1,-1,-1
837,204,223.73,151.11,52.35,148.59,0.8129,-1,-1,-1
837,203,161.90,145.07,57.94,208.92,0.8648,-1,-1,-1
837,200,0.14,110.57,38.05,217.69,0.6794,-1,-1,-1
837,196,72.21,111.74,93.85,254.01,0.8546,-1,-1,-1
837,138,326.74,128.51,69.87,188.12,0.8316,-1,-1,-1
