1,1,0.00,8.85,351.24,1061.88,0.9274,-1,-1,-1
1,2,874.76,152.62,238.80,626.85,0.8142,-1,-1,-1
1,3,546.16,271.39,94.47,315.82,0.8119,-1,-1,-1
1,4,404.00,277.96,107.40,319.42,0.8107,-1,-1,-1
1,5,740.97,330.79,42.17,124.87,0.4069,-1,-1,-1
1,6,1058.82,293.53,82.78,324.76,0.4004,-1,-1,-1
1,7,798.29,307.66,46.05,140.83,0.3541,-1,-1,-1
2,1,-0.19,5.72,345.39,1064.89,0.9308,-1,-1,-1
2,2,870.35,148.89,234.66,629.25,0.8054,-1,-1,-1
2,3,542.47,266.62,95.32,321.88,0.8087,-1,-1,-1
2,4,397.83,274.31,110.59,321.35,0.8141,-1,-1,-1
2,6,1054.04,291.66,86.87,329.78,0.4816,-1,-1,-1
3,1,-0.37,4.82,339.44,1063.67,0.9292,-1,-1,-1
3,2,865.39,152.03,227.17,628.18,0.8283,-1,-1,-1
3,3,536.79,266.03,96.78,326.75,0.8045,-1,-1,-1
3,4,390.93,274.44,108.93,322.74,0.8448,-1,-1,-1
3,6,1048.55,293.73,90.69,333.30,0.5741,-1,-1,-1
4,1,-0.27,3.25,327.06,1062.29,0.9252,-1,-1,-1
4,2,868.50,152.94,218.35,629.07,0.8343,-1,-1,-1
4,3,531.79,264.77,96.27,329.16,0.8074,-1,-1,-1
4,4,381.99,271.24,111.50,327.22,0.8422,-1,-1,-1
4,6,1044.03,292.94,91.17,342.38,0.5788,-1,-1,-1
4,5,732.69,324.77,41.53,129.49,0.4025,-1,-1,-1
5,1,-0.15,2.67,312.04,1063.06,0.9159,-1,-1,-1
5,2,876.96,151.48,207.02,636.31,0.8186,-1,-1,-1
5,3,526.25,262.10,97.43,334.18,0.8087,-1,-1,-1
5,4,376.12,265.20,111.69,331.72,0.8346,-1,-1,-1
5,6,1046.93,291.77,85.10,344.62,0.5786,-1,-1,-1
5,8,691.09,333.15,38.16,111.04,0.3969,-1,-1,-1
5,5,730.16,321.40,43.33,127.01,0.3939,-1,-1,-1
6,1,0.30,16.01,292.36,1056.42,0.8778,-1,-1,-1
6,2,883.75,151.03,197.88,628.70,0.8032,-1,-1,-1
6,3,520.23,261.99,101.00,335.94,0.7974,-1,-1,-1
6,4,371.80,262.11,111.27,334.81,0.8306,-1,-1,-1
6,6,1045.98,293.04,82.44,345.90,0.5864,-1,-1,-1
6,8,687.91,333.52,39.39,115.02,0.4192,-1,-1,-1
6,5,728.19,323.36,39.79,115.23,0.4000,-1,-1,-1
7,1,0.64,62.33,273.47,1009.62,0.9035,-1,-1,-1
7,2,890.79,153.08,189.59,622.09,0.8162,-1,-1,-1
7,3,515.37,260.18,102.21,343.63,0.7803,-1,-1,-1
7,4,364.02,261.06,113.77,338.18,0.8225,-1,-1,-1
7,6,1041.67,296.25,84.14,347.11,0.6038,-1,-1,-1
7,8,684.90,332.76,41.41,119.96,0.4066,-1,-1,-1
7,5,726.11,322.19,39.44,121.25,0.4656,-1,-1,-1
7,9,864.18,253.87,80.06,308.40,0.5747,-1,-1,-1
8,1,0.71,85.50,258.66,986.55,0.8960,-1,-1,-1
8,2,890.95,153.39,188.83,626.28,0.7932,-1,-1,-1
8,3,511.09,262.67,102.08,345.96,0.8155,-1,-1,-1
8,4,354.36,260.47,118.03,341.98,0.8265,-1,-1,-1
8,6,1037.77,299.56,86.99,347.17,0.6757,-1,-1,-1
8,8,682.47,332.53,40.62,121.56,0.5020,-1,-1,-1
8,5,723.59,321.79,40.73,125.27,0.5083,-1,-1,-1
8,9,862.95,263.32,73.83,300.93,0.5864,-1,-1,-1
8,7,782.91,301.92,50.50,146.25,0.4134,-1,-1,-1
9,1,0.22,100.31,227.80,972.89,0.8638,-1,-1,-1
9,2,888.98,154.66,186.87,625.81,0.7893,-1,-1,-1
9,3,506.54,262.88,103.27,344.85,0.8363,-1,-1,-1
9,4,348.01,260.84,119.98,343.81,0.8185,-1,-1,-1
9,6,1036.31,303.26,85.24,348.69,0.6626,-1,-1,-1
9,8,679.72,333.76,38.17,121.53,0.4068,-1,-1,-1
9,5,721.43,321.60,39.31,129.79,0.5790,-1,-1,-1
9,9,862.20,264.54,72.43,300.29,0.5883,-1,-1,-1
9,7,782.32,305.02,44.36,142.75,0.3868,-1,-1,-1
10,1,0.72,108.58,206.27,961.31,0.7270,-1,-1,-1
10,2,883.14,157.02,188.30,623.58,0.8160,-1,-1,-1
10,3,500.31,264.60,106.67,347.35,0.8258,-1,-1,-1
10,4,344.63,259.94,118.42,346.88,0.8080,-1,-1,-1
10,6,1036.37,301.65,82.88,352.78,0.7003,-1,-1,-1
10,8,676.66,336.01,40.75,123.56,0.4892,-1,-1,-1
10,5,720.24,323.90,40.11,131.08,0.5864,-1,-1,-1
10,9,861.53,262.18,72.32,302.80,0.5661,-1,-1,-1
10,7,778.00,299.81,48.29,152.33,0.4917,-1,-1,-1
11,1,1.00,113.43,178.59,954.56,0.7327,-1,-1,-1
11,2,880.31,157.01,187.60,628.61,0.8166,-1,-1,-1
11,3,493.75,263.23,109.64,352.69,0.8232,-1,-1,-1
11,4,337.82,261.84,121.12,348.98,0.7897,-1,-1,-1
11,6,1037.91,298.05,76.60,358.96,0.6630,-1,-1,-1
11,8,675.86,340.20,40.96,118.91,0.4719,-1,-1,-1
11,5,719.13,325.96,39.17,130.00,0.5184,-1,-1,-1
11,9,861.87,274.45,68.09,292.43,0.5330,-1,-1,-1
11,7,776.88,313.37,47.53,140.23,0.5637,-1,-1,-1
12,1,0.87,119.18,160.55,761.08,0.7882,-1,-1,-1
12,2,872.49,158.26,188.94,631.36,0.8355,-1,-1,-1
12,3,490.16,259.88,110.98,357.72,0.7975,-1,-1,-1
12,4,327.32,264.35,127.36,351.50,0.8276,-1,-1,-1
12,6,1037.18,297.16,72.81,361.77,0.6773,-1,-1,-1
12,8,674.03,339.86,40.90,121.05,0.4357,-1,-1,-1
12,5,718.03,327.14,40.91,131.66,0.5505,-1,-1,-1
12,9,863.54,250.48,67.12,315.50,0.3897,-1,-1,-1
12,7,774.43,318.51,51.47,135.87,0.5498,-1,-1,-1
12,10,828.33,323.69,43.54,122.98,0.3624,-1,-1,-1
13,1,0.88,139.28,139.81,625.65,0.8204,-1,-1,-1
13,2,864.35,156.18,195.07,637.26,0.8253,-1,-1,-1
13,3,483.73,256.63,114.12,361.60,0.8272,-1,-1,-1
13,4,319.19,264.77,133.20,355.53,0.8302,-1,-1,-1
13,6,1035.87,299.01,73.25,355.84,0.6953,-1,-1,-1
13,8,672.79,340.44,39.96,122.75,0.4349,-1,-1,-1
13,5,717.20,327.68,40.64,132.88,0.4868,-1,-1,-1
13,7,772.65,321.11,52.21,133.87,0.5426,-1,-1,-1
13,10,829.07,326.21,43.75,121.12,0.4361,-1,-1,-1
14,1,0.61,174.79,117.62,579.21,0.8183,-1,-1,-1
14,2,855.92,153.79,200.75,642.82,0.7866,-1,-1,-1
14,3,479.17,255.19,115.66,364.48,0.8364,-1,-1,-1
14,4,313.44,266.12,136.02,358.73,0.8352,-1,-1,-1
14,6,1034.17,293.35,73.79,358.57,0.6844,-1,-1,-1
14,8,672.09,342.25,37.88,120.82,0.3723,-1,-1,-1
14,5,715.38,327.46,43.48,133.66,0.5342,-1,-1,-1
14,7,772.68,323.69,48.85,130.25,0.5628,-1,-1,-1
14,10,828.44,325.72,44.04,122.21,0.4672,-1,-1,-1
15,1,0.35,231.35,85.97,542.42,0.5554,-1,-1,-1
15,2,844.21,153.39,207.73,639.47,0.7981,-1,-1,-1
15,3,474.98,256.54,119.32,363.06,0.8393,-1,-1,-1
15,4,313.23,268.97,133.80,360.09,0.8288,-1,-1,-1
15,6,1030.38,285.56,77.44,367.97,0.6678,-1,-1,-1
15,8,671.65,345.15,35.03,113.99,0.4073,-1,-1,-1
15,5,714.06,329.74,45.64,131.37,0.5305,-1,-1,-1
15,7,772.35,323.68,47.89,129.26,0.5427,-1,-1,-1
15,10,827.84,328.63,43.81,120.58,0.4350,-1,-1,-1
16,2,837.75,153.74,212.97,640.35,0.8021,-1,-1,-1
16,3,472.08,256.93,122.71,366.09,0.8447,-1,-1,-1
16,4,309.43,270.29,135.36,365.16,0.8397,-1,-1,-1
16,6,1027.19,278.17,81.50,377.02,0.6331,-1,-1,-1
16,8,671.02,348.77,32.99,109.94,0.4413,-1,-1,-1
16,5,713.65,330.94,45.76,130.91,0.5307,-1,-1,-1
16,7,771.15,324.52,49.35,128.75,0.5744,-1,-1,-1
16,10,828.37,333.05,42.69,116.98,0.4196,-1,-1,-1
17,2,834.95,155.14,216.87,642.70,0.8270,-1,-1,-1
17,3,470.70,258.86,123.97,367.74,0.8425,-1,-1,-1
17,4,307.85,274.61,134.56,367.69,0.8502,-1,-1,-1
17,6,1023.94,276.00,86.76,378.93,0.6616,-1,-1,-1
17,8,671.06,348.09,32.93,116.30,0.4482,-1,-1,-1
17,5,713.31,330.88,46.73,134.66,0.5726,-1,-1,-1
17,7,770.49,326.39,51.47,128.85,0.5935,-1,-1,-1
17,10,829.22,338.12,41.55,116.24,0.4209,-1,-1,-1
18,2,836.28,158.26,215.27,651.57,0.8572,-1,-1,-1
18,3,468.56,260.04,126.78,373.07,0.8380,-1,-1,-1
18,4,308.73,278.63,133.26,369.71,0.8304,-1,-1,-1
18,6,1021.65,261.74,89.09,392.22,0.6972,-1,-1,-1
18,5,714.02,333.40,46.82,135.89,0.4787,-1,-1,-1
18,7,771.82,320.94,50.76,139.23,0.4275,-1,-1,-1
18,10,829.39,340.13,42.24,117.33,0.3606,-1,-1,-1
19,2,841.47,160.72,205.15,657.00,0.8587,-1,-1,-1
19,3,466.65,264.51,130.29,378.32,0.8214,-1,-1,-1
19,4,297.94,281.95,143.32,377.12,0.8303,-1,-1,-1
19,6,1016.19,257.43,94.09,398.30,0.7190,-1,-1,-1
19,5,715.25,338.30,46.10,138.02,0.4883,-1,-1,-1
19,7,772.50,331.34,50.92,132.75,0.5109,-1,-1,-1
20,2,845.57,167.09,197.91,655.99,0.8634,-1,-1,-1
20,3,467.68,271.59,130.74,379.84,0.8268,-1,-1,-1
20,4,296.73,287.39,145.87,379.38,0.8286,-1,-1,-1
20,6,1012.63,252.16,98.33,408.11,0.7665,-1,-1,-1
20,5,717.62,342.92,43.99,139.89,0.5283,-1,-1,-1
20,7,773.29,335.33,51.79,131.76,0.5673,-1,-1,-1
21,2,860.02,170.21,188.68,657.14,0.8510,-1,-1,-1
21,3,472.67,274.25,133.96,387.06,0.8126,-1,-1,-1
21,4,303.48,288.98,146.24,383.85,0.8442,-1,-1,-1
21,6,1017.79,249.87,105.27,414.69,0.8081,-1,-1,-1
21,7,775.88,336.52,57.30,131.58,0.3788,-1,-1,-1
22,2,880.55,169.52,187.39,660.40,0.8536,-1,-1,-1
22,3,493.03,276.20,130.67,390.95,0.8248,-1,-1,-1
22,4,321.40,289.21,145.31,386.95,0.8277,-1,-1,-1
22,6,1032.96,249.80,107.77,419.22,0.7958,-1,-1,-1
22,7,796.24,340.13,54.40,134.99,0.5643,-1,-1,-1
22,5,744.13,349.63,42.72,139.22,0.5244,-1,-1,-1
23,2,886.29,171.14,188.81,664.18,0.8619,-1,-1,-1
23,3,506.16,280.71,129.85,393.78,0.8268,-1,-1,-1
23,4,331.17,291.55,145.70,387.95,0.8292,-1,-1,-1
23,6,1041.38,252.49,112.38,422.70,0.8007,-1,-1,-1
23,5,754.31,351.45,45.99,134.11,0.3744,-1,-1,-1
23,8,705.53,366.74,40.02,126.40,0.4197,-1,-1,-1
24,2,885.07,172.02,198.44,664.58,0.8683,-1,-1,-1
24,3,516.33,283.70,131.35,396.88,0.8446,-1,-1,-1
24,4,341.01,292.67,147.09,391.31,0.8332,-1,-1,-1
24,6,1048.14,254.51,118.97,419.58,0.8175,-1,-1,-1
24,5,766.85,351.83,43.91,137.00,0.5109,-1,-1,-1
24,8,716.24,367.60,41.66,126.66,0.5329,-1,-1,-1
24,7,823.38,346.59,49.20,133.32,0.5159,-1,-1,-1
25,2,881.52,172.48,207.04,661.71,0.8634,-1,-1,-1
25,3,524.53,284.74,134.44,403.79,0.8442,-1,-1,-1
25,4,353.13,294.51,146.38,390.25,0.8321,-1,-1,-1
25,6,1058.08,256.40,123.29,420.15,0.8359,-1,-1,-1
25,5,778.17,352.18,47.07,139.20,0.4212,-1,-1,-1
25,8,730.46,368.31,40.56,129.34,0.4549,-1,-1,-1
26,2,883.85,173.96,214.19,657.40,0.8693,-1,-1,-1
26,3,539.18,291.93,132.45,405.59,0.7982,-1,-1,-1
26,4,364.82,295.60,149.94,395.26,0.8538,-1,-1,-1
26,6,1067.70,259.98,131.81,423.19,0.8314,-1,-1,-1
27,2,884.70,176.79,223.63,657.77,0.8629,-1,-1,-1
27,3,553.21,294.18,133.13,411.41,0.8311,-1,-1,-1
27,4,379.97,299.57,146.52,397.64,0.8406,-1,-1,-1
27,6,1081.05,265.42,137.48,420.56,0.8298,-1,-1,-1
27,11,1874.67,551.71,48.77,204.47,0.3677,-1,-1,-1
27,5,806.71,355.57,50.21,138.08,0.3705,-1,-1,-1
28,2,884.40,184.02,231.42,658.47,0.8747,-1,-1,-1
28,3,561.19,299.87,132.54,413.67,0.8468,-1,-1,-1
28,4,385.03,305.82,148.17,399.26,0.8611,-1,-1,-1
28,6,1086.80,272.86,139.77,418.56,0.8358,-1,-1,-1
28,5,816.88,363.37,44.55,133.37,0.4383,-1,-1,-1
28,8,768.27,382.20,39.94,127.29,0.4181,-1,-1,-1
29,2,884.13,190.89,227.60,659.49,0.8794,-1,-1,-1
29,3,565.12,301.44,133.75,417.32,0.8639,-1,-1,-1
29,4,391.36,310.03,144.03,404.23,0.8421,-1,-1,-1
29,6,1091.12,278.46,143.21,426.83,0.8128,-1,-1,-1
29,5,820.67,368.07,45.10,141.33,0.5040,-1,-1,-1
29,8,773.15,387.14,40.84,128.94,0.3731,-1,-1,-1
30,2,887.60,195.80,226.31,661.05,0.8922,-1,-1,-1
30,3,569.46,301.18,136.67,418.03,0.8521,-1,-1,-1
30,4,397.33,312.69,144.41,411.03,0.8394,-1,-1,-1
30,6,1097.89,281.54,149.33,431.99,0.8322,-1,-1,-1
30,5,827.60,371.17,47.88,141.45,0.4915,-1,-1,-1
31,2,888.38,201.57,227.47,664.37,0.8832,-1,-1,-1
31,3,573.41,302.82,136.74,420.30,0.8356,-1,-1,-1
31,4,400.74,317.92,144.89,417.37,0.8434,-1,-1,-1
31,6,1102.13,285.44,153.49,435.72,0.8545,-1,-1,-1
31,5,836.48,378.67,44.62,139.30,0.5142,-1,-1,-1
31,8,789.77,394.13,41.24,126.51,0.4837,-1,-1,-1
32,2,889.27,208.63,230.66,667.99,0.8842,-1,-1,-1
32,3,577.64,305.38,135.16,427.67,0.8523,-1,-1,-1
32,4,402.55,323.19,145.23,419.27,0.8571,-1,-1,-1
32,6,1104.03,290.25,155.78,433.61,0.8578,-1,-1,-1
32,5,841.46,381.34,43.22,144.76,0.5933,-1,-1,-1
32,8,793.65,399.61,44.74,127.47,0.3944,-1,-1,-1
33,2,892.42,213.64,232.60,669.91,0.8824,-1,-1,-1
33,3,580.74,308.10,138.11,431.32,0.8462,-1,-1,-1
33,4,404.28,328.95,147.77,419.75,0.8585,-1,-1,-1
33,6,1106.30,298.05,161.78,431.57,0.8555,-1,-1,-1
33,5,846.32,388.09,44.22,145.03,0.5298,-1,-1,-1
33,8,799.02,402.92,43.17,127.21,0.3545,-1,-1,-1
34,2,894.09,219.72,238.65,672.58,0.8748,-1,-1,-1
34,3,584.97,309.58,136.52,434.36,0.8414,-1,-1,-1
34,4,402.04,332.85,149.21,425.85,0.8418,-1,-1,-1
34,6,1108.35,302.59,163.90,426.12,0.8549,-1,-1,-1
34,5,848.72,392.57,46.96,146.96,0.5583,-1,-1,-1
35,2,899.05,227.28,236.85,676.19,0.8777,-1,-1,-1
35,3,588.51,313.80,135.87,439.25,0.8296,-1,-1,-1
35,4,399.09,337.06,151.01,433.51,0.8269,-1,-1,-1
35,6,1110.21,307.05,165.88,421.69,0.8462,-1,-1,-1
35,5,850.50,397.45,48.10,146.66,0.5385,-1,-1,-1
35,8,803.68,409.24,48.39,133.67,0.4804,-1,-1,-1
36,2,903.44,233.72,233.48,678.44,0.8840,-1,-1,-1
36,3,589.84,319.31,139.92,443.12,0.8212,-1,-1,-1
36,4,394.20,341.18,152.06,439.71,0.8544,-1,-1,-1
36,6,1112.85,311.70,164.49,420.01,0.8511,-1,-1,-1
36,8,805.40,413.64,49.74,134.57,0.4316,-1,-1,-1
37,2,904.60,241.89,232.70,678.01,0.8903,-1,-1,-1
37,3,592.52,323.16,136.37,447.00,0.8042,-1,-1,-1
37,4,389.93,344.00,150.05,446.29,0.8667,-1,-1,-1
37,6,1116.61,316.23,163.88,424.36,0.8439,-1,-1,-1
37,8,806.58,422.39,50.51,130.96,0.3627,-1,-1,-1
37,5,860.22,413.31,43.90,135.63,0.4538,-1,-1,-1
38,2,909.83,248.60,228.92,677.62,0.8889,-1,-1,-1
38,3,593.85,328.76,135.67,450.64,0.8259,-1,-1,-1
38,4,383.35,348.11,152.69,448.92,0.8690,-1,-1,-1
38,6,1117.92,321.57,164.14,422.22,0.8464,-1,-1,-1
38,8,808.10,431.54,52.90,129.92,0.3786,-1,-1,-1
38,5,864.50,417.93,41.12,136.14,0.6136,-1,-1,-1
39,2,918.34,255.46,222.49,679.16,0.8845,-1,-1,-1
39,3,591.99,333.79,138.12,459.41,0.8168,-1,-1,-1
39,4,377.22,352.03,156.11,453.25,0.8803,-1,-1,-1
39,6,1122.50,328.24,160.73,427.24,0.8543,-1,-1,-1
39,5,864.48,425.09,42.83,134.79,0.5073,-1,-1,-1
40,2,924.25,258.09,217.04,684.84,0.8764,-1,-1,-1
40,3,586.39,342.12,143.52,467.35,0.7965,-1,-1,-1
40,4,371.28,356.14,158.65,456.29,0.8738,-1,-1,-1
40,6,1125.73,334.72,158.93,431.29,0.8541,-1,-1,-1
40,5,863.25,428.22,46.60,143.65,0.5480,-1,-1,-1
41,2,925.84,260.05,212.82,683.90,0.8803,-1,-1,-1
41,3,582.31,343.49,145.09,474.04,0.8023,-1,-1,-1
41,4,359.16,356.55,165.91,459.03,0.8625,-1,-1,-1
41,6,1130.48,339.12,155.07,430.89,0.8500,-1,-1,-1
41,5,862.57,432.80,47.53,144.73,0.4796,-1,-1,-1
42,2,928.96,265.76,208.39,676.79,0.8822,-1,-1,-1
42,3,577.14,347.48,148.44,480.06,0.7101,-1,-1,-1
42,4,346.30,357.99,171.84,465.34,0.8716,-1,-1,-1
42,6,1132.65,346.79,151.28,429.13,0.8559,-1,-1,-1
42,5,862.35,436.45,46.59,146.46,0.4652,-1,-1,-1
43,2,931.08,272.89,202.52,665.64,0.8820,-1,-1,-1
43,3,572.34,352.55,144.97,482.61,0.8053,-1,-1,-1
43,4,333.18,363.24,176.57,470.17,0.8482,-1,-1,-1
43,6,1130.71,353.67,151.54,429.68,0.8571,-1,-1,-1
43,5,859.63,442.22,46.44,139.05,0.3509,-1,-1,-1
44,2,930.61,278.32,199.84,660.01,0.8857,-1,-1,-1
44,3,566.97,356.07,143.01,490.37,0.8119,-1,-1,-1
44,4,318.54,365.67,182.12,476.51,0.8583,-1,-1,-1
44,6,1127.97,360.81,151.98,425.89,0.8562,-1,-1,-1
44,5,855.92,443.09,46.05,145.17,0.3891,-1,-1,-1
45,2,929.01,284.35,198.22,660.10,0.8876,-1,-1,-1
45,3,561.13,361.32,140.60,500.01,0.8245,-1,-1,-1
45,4,304.19,371.06,187.90,486.87,0.8453,-1,-1,-1
45,6,1124.36,367.96,151.19,426.49,0.8406,-1,-1,-1
45,5,848.72,449.46,48.59,146.37,0.4304,-1,-1,-1
46,2,925.35,292.89,197.38,664.35,0.8865,-1,-1,-1
46,3,554.36,365.07,140.72,506.98,0.8211,-1,-1,-1
46,4,292.32,378.08,189.58,499.80,0.8412,-1,-1,-1
46,6,1120.88,376.25,150.41,431.54,0.8507,-1,-1,-1
46,5,844.78,456.61,49.83,147.37,0.4775,-1,-1,-1
47,2,921.29,302.18,195.13,668.18,0.8781,-1,-1,-1
47,3,546.10,370.32,143.85,513.47,0.8247,-1,-1,-1
47,4,273.08,383.62,199.19,516.62,0.8437,-1,-1,-1
47,6,1116.86,382.62,147.85,433.93,0.8357,-1,-1,-1
48,2,915.91,309.69,195.39,676.21,0.8773,-1,-1,-1
48,3,533.92,373.18,149.30,523.04,0.8577,-1,-1,-1
48,4,257.44,391.63,205.24,527.33,0.8569,-1,-1,-1
48,6,1112.84,389.79,141.39,435.27,0.8321,-1,-1,-1
48,5,837.09,467.35,48.08,152.69,0.6838,-1,-1,-1
49,2,909.40,318.85,194.75,682.20,0.8783,-1,-1,-1
49,3,524.63,377.38,153.29,531.18,0.8507,-1,-1,-1
49,4,240.80,399.20,211.50,534.47,0.8718,-1,-1,-1
49,6,1105.67,395.67,145.29,434.94,0.8530,-1,-1,-1
49,5,831.75,472.79,49.62,152.09,0.4995,-1,-1,-1
50,2,903.92,327.77,193.66,683.58,0.8772,-1,-1,-1
50,3,518.72,383.41,155.29,537.31,0.8387,-1,-1,-1
50,4,224.86,406.75,218.38,528.25,0.8354,-1,-1,-1
50,6,1099.75,400.43,143.73,438.39,0.8537,-1,-1,-1
50,5,823.37,477.27,51.08,154.06,0.5769,-1,-1,-1
51,2,898.98,334.93,191.18,685.23,0.8693,-1,-1,-1
51,3,510.45,386.10,157.29,544.35,0.8470,-1,-1,-1
51,4,208.79,412.67,223.26,522.82,0.8441,-1,-1,-1
51,6,1095.00,403.65,144.78,439.52,0.8681,-1,-1,-1
51,5,816.76,480.34,54.68,155.81,0.5904,-1,-1,-1
52,2,893.94,341.73,189.79,684.68,0.8758,-1,-1,-1
52,3,502.13,388.45,160.10,547.10,0.8375,-1,-1,-1
52,4,195.59,417.26,226.95,548.37,0.8292,-1,-1,-1
52,6,1091.46,405.16,145.91,441.95,0.8645,-1,-1,-1
53,2,889.02,347.83,189.91,682.49,0.8783,-1,-1,-1
53,3,494.73,394.67,162.68,550.35,0.8404,-1,-1,-1
53,4,185.21,420.71,224.77,562.76,0.8706,-1,-1,-1
53,6,1085.01,408.37,151.97,443.06,0.8652,-1,-1,-1
53,5,810.42,490.85,53.64,149.08,0.6581,-1,-1,-1
54,2,883.43,351.16,192.47,680.03,0.8832,-1,-1,-1
54,3,485.24,396.31,169.10,557.47,0.8509,-1,-1,-1
54,4,174.63,422.32,226.42,573.00,0.8821,-1,-1,-1
54,6,1078.97,409.74,157.84,445.37,0.8712,-1,-1,-1
54,5,810.35,493.46,51.69,141.51,0.5959,-1,-1,-1
55,2,875.23,350.61,196.20,679.93,0.8837,-1,-1,-1
55,3,476.80,396.86,176.74,565.06,0.8582,-1,-1,-1
55,4,165.70,420.84,226.16,582.66,0.8952,-1,-1,-1
55,6,1074.67,410.37,161.79,445.65,0.8756,-1,-1,-1
55,5,807.77,493.21,52.59,142.60,0.4663,-1,-1,-1
55,8,747.39,508.44,51.21,140.02,0.5131,-1,-1,-1
56,2,870.12,350.05,197.20,682.12,0.8792,-1,-1,-1
56,3,471.01,398.95,183.53,576.06,0.8728,-1,-1,-1
56,4,158.05,419.94,224.94,592.81,0.8826,-1,-1,-1
56,6,1074.88,412.08,162.76,441.83,0.8743,-1,-1,-1
56,5,806.16,493.76,53.06,150.00,0.4623,-1,-1,-1
57,2,863.27,349.29,199.69,685.86,0.8751,-1,-1,-1
57,3,464.15,401.82,190.48,589.45,0.8756,-1,-1,-1
57,4,146.88,419.78,226.76,600.70,0.8887,-1,-1,-1
57,6,1073.67,413.95,164.85,439.09,0.8676,-1,-1,-1
57,5,805.56,497.46,53.01,153.18,0.3717,-1,-1,-1
58,2,857.61,348.21,203.01,680.19,0.8682,-1,-1,-1
58,3,458.49,399.68,195.85,605.38,0.8813,-1,-1,-1
58,4,137.78,418.19,229.03,610.97,0.8761,-1,-1,-1
58,6,1070.74,412.52,167.59,443.53,0.8718,-1,-1,-1
59,2,846.83,345.27,207.48,671.96,0.8827,-1,-1,-1
59,3,453.50,395.04,195.76,620.87,0.8829,-1,-1,-1
59,4,126.96,416.86,233.61,617.90,0.8969,-1,-1,-1
59,6,1069.10,413.73,169.28,441.74,0.8703,-1,-1,-1
60,2,838.11,345.26,209.92,667.16,0.8872,-1,-1,-1
60,3,450.95,396.24,193.41,626.11,0.8773,-1,-1,-1
60,4,115.02,415.79,238.13,623.88,0.9068,-1,-1,-1
60,6,1066.21,414.76,172.64,442.64,0.8683,-1,-1,-1
60,5,798.94,498.17,53.68,142.51,0.3746,-1,-1,-1
61,2,825.96,345.78,218.62,667.59,0.8888,-1,-1,-1
61,3,445.62,398.11,194.54,636.48,0.8642,-1,-1,-1
61,4,105.13,415.38,241.80,632.43,0.9052,-1,-1,-1
61,6,1063.80,415.94,176.19,443.13,0.8657,-1,-1,-1
61,5,797.71,498.28,53.58,140.24,0.4125,-1,-1,-1
62,2,820.03,345.04,224.79,667.94,0.8799,-1,-1,-1
62,3,444.53,397.06,194.65,644.20,0.8512,-1,-1,-1
62,4,98.48,411.98,244.07,652.04,0.9003,-1,-1,-1
62,6,1064.65,414.89,179.01,442.91,0.8629,-1,-1,-1
63,2,818.12,341.75,225.64,672.66,0.8810,-1,-1,-1
63,3,442.30,392.95,198.01,651.93,0.8614,-1,-1,-1
63,4,95.92,406.45,239.83,668.40,0.8923,-1,-1,-1
63,6,1066.36,413.40,182.90,443.06,0.8706,-1,-1,-1
63,13,1019.40,430.65,66.71,321.09,0.7154,-1,-1,-1
64,2,818.83,340.34,223.30,676.22,0.8783,-1,-1,-1
64,3,446.32,387.30,198.51,660.61,0.8708,-1,-1,-1
64,4,91.92,402.51,237.87,676.31,0.8872,-1,-1,-1
64,6,1068.43,413.51,185.51,443.28,0.8702,-1,-1,-1
64,13,1020.52,433.80,68.01,316.50,0.7916,-1,-1,-1
64,8,739.41,508.44,53.40,144.24,0.3749,-1,-1,-1
64,5,802.36,493.47,47.76,148.22,0.3711,-1,-1,-1
65,2,816.62,338.40,226.49,679.78,0.8889,-1,-1,-1
65,3,446.28,380.51,202.43,668.80,0.8722,-1,-1,-1
65,4,83.49,401.51,239.68,678.97,0.8833,-1,-1,-1
65,6,1071.86,411.38,186.70,444.66,0.8629,-1,-1,-1
65,13,1021.73,435.34,70.46,312.87,0.7871,-1,-1,-1
65,8,740.86,507.51,57.67,143.62,0.5809,-1,-1,-1
65,5,803.68,489.80,46.27,154.99,0.4026,-1,-1,-1
66,2,818.07,336.56,226.33,682.40,0.8875,-1,-1,-1
66,3,444.75,373.39,208.99,677.03,0.8764,-1,-1,-1
66,4,75.06,400.18,243.70,678.90,0.8884,-1,-1,-1
66,6,1079.62,406.14,188.18,450.59,0.8392,-1,-1,-1
66,13,1023.04,434.66,73.76,311.65,0.7798,-1,-1,-1
66,8,743.49,503.58,58.55,146.01,0.4665,-1,-1,-1
67,2,818.80,336.03,226.90,683.47,0.8930,-1,-1,-1
67,3,443.92,366.66,213.75,683.93,0.8733,-1,-1,-1
67,4,65.23,395.96,246.02,683.00,0.8880,-1,-1,-1
67,6,1084.52,402.27,190.49,455.84,0.8460,-1,-1,-1
67,13,1023.59,431.83,76.93,309.12,0.7460,-1,-1,-1
67,8,745.57,497.14,59.68,149.32,0.6051,-1,-1,-1
68,2,820.72,334.72,227.21,684.94,0.8933,-1,-1,-1
68,3,441.96,356.91,219.81,692.40,0.8708,-1,-1,-1
68,4,51.30,392.78,251.61,681.48,0.8889,-1,-1,-1
68,6,1090.38,399.07,184.38,455.48,0.8457,-1,-1,-1
68,13,1025.97,424.88,79.14,313.18,0.7263,-1,-1,-1
68,8,747.40,496.02,60.12,146.92,0.5302,-1,-1,-1
69,2,827.24,330.98,224.42,685.85,0.8878,-1,-1,-1
69,3,441.89,348.20,224.47,700.77,0.8775,-1,-1,-1
69,4,37.75,384.54,260.12,685.96,0.8998,-1,-1,-1
69,6,1094.66,395.22,182.74,456.61,0.8726,-1,-1,-1
69,13,1029.95,420.22,79.06,314.76,0.7209,-1,-1,-1
69,8,750.56,491.17,59.87,148.98,0.6032,-1,-1,-1
70,2,828.75,328.06,225.52,684.10,0.8966,-1,-1,-1
70,3,437.97,341.28,231.00,708.71,0.8913,-1,-1,-1
70,4,19.99,376.47,270.23,695.28,0.9135,-1,-1,-1
70,6,1097.43,391.23,182.70,457.22,0.8720,-1,-1,-1
70,13,1032.13,416.35,79.57,315.26,0.7090,-1,-1,-1
70,8,752.65,487.07,59.46,150.92,0.5369,-1,-1,-1
70,14,1547.51,449.97,54.32,63.99,0.3556,-1,-1,-1
71,2,831.30,325.34,224.72,682.44,0.8904,-1,-1,-1
71,3,433.08,334.13,235.89,720.33,0.8901,-1,-1,-1
71,4,5.01,368.91,269.78,703.27,0.9096,-1,-1,-1
71,6,1100.02,386.82,180.83,455.24,0.8641,-1,-1,-1
71,13,1032.69,412.64,80.55,315.80,0.7216,-1,-1,-1
71,8,753.03,484.27,60.05,151.39,0.5791,-1,-1,-1
71,14,1544.35,447.28,59.06,62.67,0.4412,-1,-1,-1
72,2,831.80,320.43,225.93,682.57,0.8906,-1,-1,-1
72,3,427.93,325.26,239.80,741.68,0.8916,-1,-1,-1
72,4,-2.39,361.45,262.64,711.45,0.9195,-1,-1,-1
72,6,1102.59,384.37,179.44,452.55,0.8592,-1,-1,-1
72,13,1033.94,410.71,79.86,315.12,0.7229,-1,-1,-1
72,8,753.96,483.49,60.27,150.84,0.5613,-1,-1,-1
72,14,1550.78,445.35,53.65,61.99,0.4072,-1,-1,-1
73,2,832.89,314.54,224.91,680.08,0.8854,-1,-1,-1
73,3,421.76,315.58,243.34,758.74,0.8933,-1,-1,-1
73,4,-4.83,349.81,249.37,723.01,0.9111,-1,-1,-1
73,6,1104.14,381.35,177.66,447.20,0.8556,-1,-1,-1
73,13,1034.91,409.86,78.69,313.16,0.6759,-1,-1,-1
73,8,753.24,477.71,57.66,152.57,0.4691,-1,-1,-1
73,14,1546.56,442.46,58.58,61.42,0.4263,-1,-1,-1
74,2,832.47,309.37,224.87,669.40,0.8804,-1,-1,-1
74,3,413.90,309.99,246.91,765.70,0.8907,-1,-1,-1
74,4,-5.22,342.90,232.26,732.51,0.9064,-1,-1,-1
74,6,1105.44,378.06,174.24,443.43,0.8565,-1,-1,-1
74,13,1034.63,409.47,79.43,311.41,0.6851,-1,-1,-1
74,8,750.67,474.94,59.07,152.78,0.5559,-1,-1,-1
74,14,1546.60,440.70,61.75,61.48,0.4315,-1,-1,-1
75,2,834.87,305.19,221.17,663.89,0.8721,-1,-1,-1
75,3,404.19,303.18,250.17,773.10,0.8954,-1,-1,-1
75,4,-4.46,332.34,214.80,744.42,0.8958,-1,-1,-1
75,6,1105.41,375.54,173.46,441.20,0.8616,-1,-1,-1
75,13,1034.61,419.76,77.10,298.69,0.6642,-1,-1,-1
75,8,748.98,471.98,58.44,153.41,0.5620,-1,-1,-1
75,14,1546.18,438.63,64.29,61.68,0.4430,-1,-1,-1
75,5,817.08,456.28,44.95,159.77,0.3709,-1,-1,-1
76,2,839.44,301.17,217.12,661.83,0.8691,-1,-1,-1
76,3,393.63,296.74,254.43,777.68,0.8893,-1,-1,-1
76,4,-3.90,323.86,197.83,751.22,0.8882,-1,-1,-1
76,6,1108.25,373.43,168.86,440.24,0.8560,-1,-1,-1
76,13,1035.15,431.95,76.56,282.97,0.7230,-1,-1,-1
76,8,747.16,471.53,61.54,149.39,0.5178,-1,-1,-1
76,14,1544.27,437.82,68.48,61.82,0.4524,-1,-1,-1
76,5,816.82,452.84,44.50,162.61,0.3975,-1,-1,-1
77,2,844.45,298.66,210.26,663.28,0.8786,-1,-1,-1
77,3,383.63,293.43,257.70,777.61,0.8913,-1,-1,-1
77,4,-3.01,317.65,180.99,758.80,0.8803,-1,-1,-1
77,6,1109.21,372.09,167.24,441.89,0.8657,-1,-1,-1
77,13,1034.13,435.95,77.26,278.44,0.6327,-1,-1,-1
77,8,745.63,470.99,64.48,148.97,0.5047,-1,-1,-1
77,14,1541.68,437.70,71.65,61.14,0.4088,-1,-1,-1
77,5,816.82,450.94,44.53,161.03,0.4092,-1,-1,-1
78,2,848.89,296.17,201.49,665.77,0.8637,-1,-1,-1
78,3,369.29,289.53,263.85,783.06,0.8972,-1,-1,-1
78,4,-3.06,311.94,162.38,762.70,0.8674,-1,-1,-1
78,6,1108.44,370.90,166.46,443.23,0.8638,-1,-1,-1
78,13,1030.08,424.14,78.24,291.99,0.7077,-1,-1,-1
78,8,742.93,466.31,65.71,154.76,0.5501,-1,-1,-1
78,14,1542.35,437.27,70.08,61.46,0.4217,-1,-1,-1
78,5,814.36,450.91,45.45,161.98,0.6324,-1,-1,-1
79,2,850.95,292.36,198.02,670.83,0.8592,-1,-1,-1
79,3,353.18,284.27,267.07,788.74,0.9002,-1,-1,-1
79,4,-3.05,308.45,145.97,765.86,0.8293,-1,-1,-1
79,6,1107.79,368.14,165.46,444.91,0.8597,-1,-1,-1
79,13,1025.02,408.68,79.79,306.64,0.7192,-1,-1,-1
79,8,741.24,468.48,56.09,152.41,0.4965,-1,-1,-1
79,5,810.94,449.19,46.57,165.13,0.6450,-1,-1,-1
80,2,850.32,289.37,193.21,675.19,0.8566,-1,-1,-1
80,3,334.61,276.19,274.17,795.98,0.8966,-1,-1,-1
80,4,-2.79,385.92,123.19,504.15,0.5079,-1,-1,-1
80,6,1105.35,364.59,162.75,447.52,0.8433,-1,-1,-1
80,13,1021.80,401.04,76.46,314.20,0.7100,-1,-1,-1
80,8,737.50,468.85,52.67,153.45,0.5413,-1,-1,-1
80,5,802.53,446.05,54.07,170.15,0.6159,-1,-1,-1
81,2,848.90,291.07,189.89,675.85,0.8513,-1,-1,-1
81,3,316.99,267.20,278.66,803.80,0.9018,-1,-1,-1
81,4,-2.16,426.68,96.28,445.97,0.6418,-1,-1,-1
81,6,1103.10,363.63,158.03,446.58,0.8569,-1,-1,-1
81,13,1016.85,403.38,74.69,310.63,0.6939,-1,-1,-1
81,8,731.91,464.05,52.51,154.46,0.5611,-1,-1,-1
81,5,796.68,444.12,55.74,169.30,0.6194,-1,-1,-1
82,2,846.43,291.66,186.44,675.40,0.8528,-1,-1,-1
82,3,295.43,254.16,292.51,817.65,0.8974,-1,-1,-1
82,4,-1.28,441.24,72.89,371.57,0.7811,-1,-1,-1
82,6,1099.12,359.34,155.30,447.73,0.8628,-1,-1,-1
82,13,1013.84,393.59,74.56,314.73,0.6470,-1,-1,-1
82,8,725.65,456.88,53.48,158.22,0.6341,-1,-1,-1
82,5,792.62,440.43,56.37,169.48,0.6751,-1,-1,-1
83,2,844.50,290.87,180.32,674.35,0.8513,-1,-1,-1
83,3,272.37,241.35,301.53,829.61,0.8896,-1,-1,-1
83,6,1095.46,357.24,152.45,451.18,0.8516,-1,-1,-1
83,13,1003.85,384.13,80.12,321.89,0.5448,-1,-1,-1
83,8,720.24,452.09,58.15,156.90,0.3873,-1,-1,-1
83,5,789.94,436.40,54.32,166.57,0.5780,-1,-1,-1
84,2,836.95,291.19,177.70,675.10,0.8475,-1,-1,-1
84,3,244.43,229.84,305.46,843.10,0.9033,-1,-1,-1
84,6,1087.54,354.56,153.57,455.72,0.8585,-1,-1,-1
84,13,995.42,377.64,80.82,322.04,0.7453,-1,-1,-1
84,8,712.33,449.82,56.33,155.70,0.5917,-1,-1,-1
84,5,783.30,434.58,52.87,166.48,0.5590,-1,-1,-1
85,2,826.42,289.80,176.71,672.51,0.8274,-1,-1,-1
85,3,212.34,217.32,325.06,856.45,0.9170,-1,-1,-1
85,6,1079.82,353.39,149.87,454.27,0.8485,-1,-1,-1
85,13,985.00,373.61,81.79,319.37,0.7616,-1,-1,-1
85,8,705.80,449.96,53.97,152.48,0.4587,-1,-1,-1
85,5,772.92,427.48,54.61,170.26,0.5992,-1,-1,-1
86,2,812.61,284.66,180.56,672.03,0.8417,-1,-1,-1
86,3,186.87,204.08,326.53,870.47,0.9056,-1,-1,-1
86,6,1071.75,349.09,150.33,454.47,0.8316,-1,-1,-1
86,13,972.37,369.03,87.83,320.15,0.8071,-1,-1,-1
86,8,695.76,444.84,56.87,154.61,0.5367,-1,-1,-1
86,5,767.97,420.83,49.50,175.21,0.5158,-1,-1,-1
86,18,483.16,413.13,77.08,283.88,0.7155,-1,-1,-1
87,2,798.93,279.13,186.86,675.09,0.8524,-1,-1,-1
87,3,156.81,189.94,332.92,885.35,0.9105,-1,-1,-1
87,6,1062.97,346.45,152.13,452.97,0.8506,-1,-1,-1
87,13,962.56,365.90,90.76,320.34,0.7797,-1,-1,-1
87,8,688.26,445.94,58.96,151.82,0.4646,-1,-1,-1
87,5,760.11,414.30,48.66,179.88,0.6882,-1,-1,-1
87,18,472.71,410.59,76.67,285.37,0.7295,-1,-1,-1
88,2,783.16,274.85,196.35,671.40,0.8570,-1,-1,-1
88,3,130.77,180.10,339.18,896.18,0.9155,-1,-1,-1
88,6,1053.18,340.62,152.05,454.01,0.8484,-1,-1,-1
88,13,950.13,359.18,95.08,323.77,0.7447,-1,-1,-1
88,8,680.02,440.68,57.53,154.20,0.6149,-1,-1,-1
88,5,748.76,409.91,50.03,177.76,0.4645,-1,-1,-1
88,18,449.50,407.98,90.77,286.67,0.7607,-1,-1,-1
88,14,1520.65,416.43,39.15,57.26,0.3527,-1,-1,-1
89,2,768.57,268.88,201.50,669.06,0.8476,-1,-1,-1
89,3,103.66,168.55,350.76,906.56,0.9201,-1,-1,-1
89,6,1043.68,334.43,157.84,454.20,0.8534,-1,-1,-1
89,13,941.10,357.47,98.41,319.31,0.8162,-1,-1,-1
89,8,672.38,436.46,58.81,156.39,0.5577,-1,-1,-1
89,18,431.31,398.57,102.46,298.02,0.7742,-1,-1,-1
90,2,752.23,261.58,213.17,659.81,0.8689,-1,-1,-1
90,3,74.81,154.01,369.27,920.64,0.9242,-1,-1,-1
90,6,1037.27,328.55,158.98,458.39,0.8484,-1,-1,-1
90,13,936.21,354.04,97.61,316.37,0.7823,-1,-1,-1
90,8,666.40,432.91,61.59,156.08,0.4328,-1,-1,-1
90,18,420.03,390.18,106.36,303.07,0.7799,-1,-1,-1
91,2,738.05,257.08,221.47,650.79,0.8808,-1,-1,-1
91,3,50.80,142.26,382.21,930.58,0.9225,-1,-1,-1
91,6,1030.84,324.20,162.84,456.73,0.8682,-1,-1,-1
91,13,929.62,349.67,100.25,317.71,0.7999,-1,-1,-1
91,8,659.56,426.61,56.76,156.60,0.4525,-1,-1,-1
91,18,411.50,386.12,106.69,305.71,0.7616,-1,-1,-1
92,2,725.41,251.70,226.88,650.49,0.8786,-1,-1,-1
92,3,23.64,128.24,400.76,944.57,0.9221,-1,-1,-1
92,6,1025.06,318.40,166.40,454.81,0.8637,-1,-1,-1
92,13,923.70,348.29,98.69,316.94,0.7896,-1,-1,-1
92,8,654.22,423.30,59.03,157.89,0.5491,-1,-1,-1
92,18,402.71,384.12,108.73,307.89,0.8224,-1,-1,-1
92,14,1505.67,396.38,37.09,59.79,0.4941,-1,-1,-1
93,2,715.62,245.84,233.84,653.58,0.8890,-1,-1,-1
93,3,1.06,116.92,412.29,956.10,0.9244,-1,-1,-1
93,6,1018.49,314.04,170.55,454.51,0.8705,-1,-1,-1
93,13,920.87,346.80,98.68,316.88,0.7764,-1,-1,-1
93,18,395.46,379.44,109.76,312.09,0.8070,-1,-1,-1
93,21,1845.06,838.91,73.85,194.70,0.3979,-1,-1,-1
93,14,1498.70,390.86,41.66,61.83,0.4659,-1,-1,-1
94,2,708.32,241.97,232.33,657.49,0.8729,-1,-1,-1
94,3,-6.87,107.05,410.33,968.63,0.9323,-1,-1,-1
94,6,1013.67,312.44,174.28,454.02,0.8726,-1,-1,-1
94,13,918.06,345.95,99.96,318.52,0.8029,-1,-1,-1
94,18,388.46,378.05,112.00,310.77,0.8026,-1,-1,-1
94,14,1496.11,389.99,41.93,59.88,0.4160,-1,-1,-1
94,22,1725.35,853.65,94.52,220.77,0.3622,-1,-1,-1
95,2,701.71,240.35,232.53,663.43,0.8859,-1,-1,-1
95,3,-8.89,97.61,408.07,979.25,0.9307,-1,-1,-1
95,6,1008.30,311.63,178.17,453.66,0.8645,-1,-1,-1
95,13,916.05,344.60,99.59,319.87,0.7806,-1,-1,-1
95,18,382.78,375.65,113.36,314.51,0.8175,-1,-1,-1
95,22,1724.28,855.22,95.13,219.75,0.3672,-1,-1,-1
96,2,694.04,242.05,233.06,664.44,0.9045,-1,-1,-1
96,3,-8.60,87.02,392.54,990.11,0.9349,-1,-1,-1
96,6,1004.11,311.21,182.56,455.48,0.8598,-1,-1,-1
96,13,912.40,345.12,101.95,320.00,0.7541,-1,-1,-1
96,18,378.22,374.79,113.03,320.41,0.8098,-1,-1,-1
96,22,1723.52,856.10,97.37,220.60,0.4048,-1,-1,-1
97,2,693.41,241.24,230.30,669.88,0.8995,-1,-1,-1
97,3,-7.00,76.23,378.63,1000.16,0.9338,-1,-1,-1
97,6,1002.13,310.66,186.36,456.14,0.8617,-1,-1,-1
97,13,906.23,343.14,106.80,319.50,0.7326,-1,-1,-1
97,18,376.04,371.13,113.78,325.97,0.8189,-1,-1,-1
97,22,1726.57,855.72,97.39,221.20,0.4498,-1,-1,-1
97,8,633.35,418.14,61.20,162.34,0.5596,-1,-1,-1
97,21,1849.18,834.99,70.20,185.61,0.3589,-1,-1,-1
98,2,692.96,242.96,228.13,674.57,0.8995,-1,-1,-1
98,3,-5.59,59.99,366.12,1014.05,0.9344,-1,-1,-1
98,6,1001.48,310.81,190.81,458.49,0.8591,-1,-1,-1
98,13,906.87,343.48,105.84,320.63,0.7305,-1,-1,-1
98,18,375.35,368.99,113.95,330.30,0.8258,-1,-1,-1
98,22,1731.25,857.79,97.70,220.75,0.4017,-1,-1,-1
98,8,632.49,416.44,60.02,165.96,0.6314,-1,-1,-1
99,2,692.69,246.46,227.44,676.86,0.8985,-1,-1,-1
99,3,-3.95,48.02,353.91,1025.54,0.9272,-1,-1,-1
99,6,1002.32,311.31,195.87,460.33,0.8699,-1,-1,-1
99,13,908.18,343.65,105.25,320.94,0.7369,-1,-1,-1
99,18,374.59,366.97,114.59,334.06,0.8214,-1,-1,-1
99,8,633.24,416.47,56.18,165.72,0.6345,-1,-1,-1
100,2,693.96,249.45,224.55,675.81,0.8987,-1,-1,-1
100,3,-2.72,36.49,340.10,1035.47,0.9225,-1,-1,-1
100,6,1004.69,312.35,198.80,460.56,0.8764,-1,-1,-1
100,13,910.37,347.54,105.88,318.15,0.7438,-1,-1,-1
100,18,372.98,367.67,115.80,334.39,0.8324,-1,-1,-1
100,8,632.00,415.37,58.31,166.30,0.6493,-1,-1,-1
100,14,1496.38,381.05,43.66,66.96,0.4188,-1,-1,-1
101,2,699.29,250.04,218.81,675.79,0.8889,-1,-1,-1
101,3,-1.83,19.43,323.11,1054.84,0.9145,-1,-1,-1
101,6,1007.04,311.65,201.30,462.79,0.8566,-1,-1,-1
101,13,913.23,347.66,105.58,317.50,0.7682,-1,-1,-1
101,18,373.96,365.54,115.94,337.65,0.8240,-1,-1,-1
101,8,633.66,413.86,58.90,165.60,0.7016,-1,-1,-1
102,2,703.10,250.83,219.88,670.99,0.8948,-1,-1,-1
102,3,-0.67,11.85,303.10,1061.55,0.9190,-1,-1,-1
102,6,1013.91,312.07,200.03,464.60,0.8306,-1,-1,-1
102,13,919.49,347.03,103.91,318.85,0.7923,-1,-1,-1
102,18,375.37,364.44,117.17,341.30,0.8321,-1,-1,-1
102,8,637.48,413.69,59.49,165.76,0.5226,-1,-1,-1
103,2,714.16,250.71,221.26,667.57,0.8881,-1,-1,-1
103,3,1.17,6.74,284.52,1065.59,0.9092,-1,-1,-1
103,6,1022.86,314.11,202.22,465.62,0.8431,-1,-1,-1
103,13,930.31,342.38,101.95,321.66,0.7446,-1,-1,-1
103,18,384.22,365.29,115.55,338.95,0.8039,-1,-1,-1
103,8,643.98,409.89,60.65,166.38,0.5541,-1,-1,-1
104,2,726.39,247.44,222.06,668.41,0.8919,-1,-1,-1
104,3,3.19,7.43,264.79,1056.43,0.8319,-1,-1,-1
104,6,1040.70,309.45,203.28,469.01,0.8581,-1,-1,-1
104,13,942.69,338.89,105.56,322.47,0.7344,-1,-1,-1
104,18,395.86,368.05,114.37,336.33,0.8112,-1,-1,-1
104,8,658.29,407.22,57.92,168.47,0.6640,-1,-1,-1
104,22,1787.17,859.45,107.64,220.55,0.4003,-1,-1,-1
104,14,1533.96,376.56,43.54,66.38,0.5238,-1,-1,-1
105,2,738.47,245.69,220.93,665.29,0.8861,-1,-1,-1
105,3,2.58,165.23,241.44,902.10,0.7801,-1,-1,-1
105,6,1052.87,308.71,202.04,469.83,0.8546,-1,-1,-1
105,13,953.41,334.74,104.62,327.06,0.7373,-1,-1,-1
105,18,404.29,365.99,112.81,338.17,0.8088,-1,-1,-1
105,8,665.35,408.01,59.45,167.12,0.3729,-1,-1,-1
105,22,1804.33,861.10,108.02,219.07,0.4956,-1,-1,-1
105,14,1546.48,374.58,45.99,67.45,0.4183,-1,-1,-1
106,2,747.77,242.53,215.85,654.40,0.8781,-1,-1,-1
106,3,1.04,225.18,160.75,729.72,0.6228,-1,-1,-1
106,6,1064.76,304.18,204.78,475.70,0.8421,-1,-1,-1
106,13,959.93,332.08,104.45,329.02,0.7896,-1,-1,-1
106,18,410.92,364.43,112.26,337.24,0.8014,-1,-1,-1
106,8,669.81,405.25,61.67,167.70,0.6819,-1,-1,-1
106,22,1817.72,858.11,103.77,221.64,0.6355,-1,-1,-1
106,14,1557.19,372.51,44.98,67.53,0.4633,-1,-1,-1
107,2,756.23,237.62,212.96,647.13,0.8782,-1,-1,-1
107,3,0.27,245.18,109.17,769.81,0.7250,-1,-1,-1
107,6,1073.04,302.96,199.32,475.32,0.8423,-1,-1,-1
107,13,964.87,330.43,106.43,327.79,0.7453,-1,-1,-1
107,18,414.96,361.95,112.84,338.96,0.7888,-1,-1,-1
107,8,671.85,403.96,65.45,169.09,0.6750,-1,-1,-1
107,22,1831.11,856.13,93.11,222.13,0.4796,-1,-1,-1
107,14,1567.70,371.54,44.54,67.00,0.3613,-1,-1,-1
108,2,762.03,234.20,210.09,645.22,0.8827,-1,-1,-1
108,6,1080.96,301.68,182.61,473.25,0.8386,-1,-1,-1
108,13,969.02,328.56,106.61,329.14,0.7285,-1,-1,-1
108,18,417.32,360.49,113.16,344.20,0.7966,-1,-1,-1
108,8,674.07,403.30,67.27,170.08,0.7284,-1,-1,-1
108,14,1575.64,370.33,43.64,65.88,0.4641,-1,-1,-1
109,2,770.25,232.47,204.00,644.81,0.8753,-1,-1,-1
109,6,1085.76,298.67,174.09,470.45,0.8703,-1,-1,-1
109,13,972.63,327.17,99.62,327.02,0.5497,-1,-1,-1
109,18,416.16,358.45,115.41,349.07,0.8082,-1,-1,-1
109,8,677.81,401.29,65.44,170.80,0.6817,-1,-1,-1
109,14,1583.38,372.27,43.01,63.36,0.6014,-1,-1,-1
110,2,772.81,230.67,202.92,646.42,0.8752,-1,-1,-1
110,6,1089.62,295.34,171.66,466.95,0.8722,-1,-1,-1
110,13,976.24,324.47,102.25,327.39,0.6672,-1,-1,-1
110,18,413.06,354.56,117.67,355.66,0.7984,-1,-1,-1
110,8,679.55,398.33,66.79,171.16,0.6259,-1,-1,-1
110,14,1588.16,368.39,41.11,64.81,0.4036,-1,-1,-1
111,2,776.65,229.55,199.34,649.20,0.8720,-1,-1,-1
111,6,1093.50,292.24,169.29,463.41,0.8667,-1,-1,-1
111,13,976.38,323.81,104.55,325.61,0.6152,-1,-1,-1
111,18,411.01,352.68,119.81,356.01,0.8057,-1,-1,-1
111,8,682.33,395.24,66.20,173.26,0.6587,-1,-1,-1
111,14,1598.13,370.24,39.20,63.16,0.4413,-1,-1,-1
112,2,778.03,228.97,197.53,649.46,0.8674,-1,-1,-1
112,6,1097.96,289.23,168.77,460.95,0.8548,-1,-1,-1
112,13,975.59,323.41,108.39,326.19,0.6339,-1,-1,-1
112,18,412.03,349.68,118.43,359.13,0.7481,-1,-1,-1
112,8,684.58,394.72,67.18,174.23,0.6448,-1,-1,-1
113,2,780.11,228.51,195.18,650.27,0.8647,-1,-1,-1
113,6,1103.64,286.52,166.30,462.80,0.8512,-1,-1,-1
113,13,979.23,323.03,108.68,325.83,0.6032,-1,-1,-1
113,18,411.22,347.87,118.49,362.94,0.7395,-1,-1,-1
113,8,686.46,391.44,68.07,178.88,0.7007,-1,-1,-1
114,2,785.22,230.12,191.44,651.27,0.8544,-1,-1,-1
114,6,1109.47,285.07,163.35,465.89,0.8579,-1,-1,-1
114,13,985.45,321.41,104.75,321.91,0.5934,-1,-1,-1
114,18,411.96,345.39,117.72,366.00,0.7353,-1,-1,-1
114,8,689.83,392.64,67.41,176.79,0.6301,-1,-1,-1
114,14,1613.20,374.03,38.92,53.80,0.3502,-1,-1,-1
115,2,790.72,231.97,190.99,651.54,0.8444,-1,-1,-1
115,6,1112.85,285.68,163.04,466.14,0.8681,-1,-1,-1
115,13,994.22,320.96,101.30,322.64,0.7351,-1,-1,-1
115,18,410.93,344.31,119.94,368.47,0.7379,-1,-1,-1
115,8,693.96,391.29,66.47,178.91,0.5958,-1,-1,-1
116,2,793.14,233.09,191.32,652.05,0.8508,-1,-1,-1
116,6,1115.16,285.96,163.79,464.84,0.8630,-1,-1,-1
116,13,994.51,322.34,106.53,320.51,0.7070,-1,-1,-1
116,18,406.08,342.97,125.10,370.42,0.7737,-1,-1,-1
116,8,694.33,392.51,68.35,179.46,0.5579,-1,-1,-1
116,14,1625.13,365.41,38.92,61.92,0.3825,-1,-1,-1
117,2,792.57,233.24,189.77,652.40,0.8520,-1,-1,-1
117,6,1117.36,284.68,164.11,466.74,0.8594,-1,-1,-1
117,13,994.49,321.04,107.42,321.10,0.6700,-1,-1,-1
117,18,402.25,342.59,128.33,370.18,0.7211,-1,-1,-1
117,8,691.29,389.78,73.02,179.77,0.6250,-1,-1,-1
118,2,786.98,235.29,189.40,649.92,0.8564,-1,-1,-1
118,6,1118.75,285.57,165.06,469.60,0.8565,-1,-1,-1
118,13,986.30,322.38,115.81,321.54,0.7297,-1,-1,-1
118,18,396.58,339.92,131.24,374.74,0.7025,-1,-1,-1
118,8,688.98,391.57,74.80,179.65,0.6157,-1,-1,-1
119,2,783.51,235.54,188.69,649.56,0.8666,-1,-1,-1
119,6,1122.08,287.32,162.65,472.31,0.8510,-1,-1,-1
119,13,980.80,324.22,121.74,322.00,0.7557,-1,-1,-1
119,18,391.43,338.70,132.68,377.00,0.8253,-1,-1,-1
119,8,689.92,392.89,73.73,179.49,0.5533,-1,-1,-1
120,2,777.47,233.40,191.90,649.19,0.8781,-1,-1,-1
120,6,1122.50,287.90,161.79,474.01,0.8532,-1,-1,-1
120,13,974.98,324.61,125.65,323.05,0.7072,-1,-1,-1
120,18,386.60,334.62,133.13,382.90,0.8358,-1,-1,-1
120,8,686.85,392.30,76.11,179.03,0.5291,-1,-1,-1
121,2,770.74,229.53,194.86,645.68,0.8740,-1,-1,-1
121,6,1120.47,289.58,162.41,475.44,0.8472,-1,-1,-1
121,13,969.72,325.62,129.21,322.50,0.6074,-1,-1,-1
121,18,380.31,333.18,134.26,386.25,0.8385,-1,-1,-1
121,8,683.49,393.40,79.60,182.02,0.4330,-1,-1,-1
122,2,762.66,227.92,195.56,637.84,0.8655,-1,-1,-1
122,6,1117.88,290.68,162.47,477.12,0.8405,-1,-1,-1
122,13,967.46,325.36,130.97,322.65,0.6373,-1,-1,-1
122,18,370.64,332.38,137.99,393.17,0.8261,-1,-1,-1
122,14,1638.39,372.11,44.35,59.92,0.3639,-1,-1,-1
123,2,751.47,226.90,200.53,635.85,0.8671,-1,-1,-1
123,6,1115.30,291.11,161.52,478.15,0.8582,-1,-1,-1
123,13,958.90,326.38,136.54,323.75,0.6226,-1,-1,-1
123,18,363.35,332.05,137.98,400.82,0.8543,-1,-1,-1
123,14,1635.28,372.55,47.15,60.09,0.4417,-1,-1,-1
124,2,741.24,227.06,204.42,636.50,0.8719,-1,-1,-1
124,6,1111.51,290.22,159.39,482.91,0.8490,-1,-1,-1
124,13,955.05,327.53,128.06,325.05,0.6118,-1,-1,-1
124,18,355.06,331.97,139.56,404.83,0.8592,-1,-1,-1
124,14,1632.71,373.16,48.17,61.79,0.4500,-1,-1,-1
125,2,731.77,227.76,208.41,639.62,0.8767,-1,-1,-1
125,6,1106.94,289.99,159.88,481.50,0.8452,-1,-1,-1
125,13,950.46,325.51,127.08,329.49,0.6958,-1,-1,-1
125,18,345.88,336.50,141.10,404.55,0.8450,-1,-1,-1
125,14,1628.93,372.99,47.89,63.34,0.3826,-1,-1,-1
125,8,674.95,393.28,69.18,192.28,0.4489,-1,-1,-1
126,2,715.65,228.90,220.22,643.72,0.8683,-1,-1,-1
126,6,1101.36,290.49,160.76,478.00,0.8445,-1,-1,-1
126,13,949.68,322.50,127.08,332.78,0.5803,-1,-1,-1
126,18,334.37,337.21,143.63,407.88,0.8397,-1,-1,-1
126,14,1626.34,371.41,46.93,64.72,0.4173,-1,-1,-1
126,8,669.45,394.21,68.48,189.90,0.3816,-1,-1,-1
127,2,708.12,231.41,224.25,645.69,0.8699,-1,-1,-1
127,6,1095.03,291.35,164.47,480.58,0.8568,-1,-1,-1
127,13,942.93,321.53,135.23,335.73,0.7701,-1,-1,-1
127,18,326.50,341.99,143.47,409.07,0.8476,-1,-1,-1
127,14,1623.25,372.27,45.17,64.90,0.4366,-1,-1,-1
128,2,704.43,231.65,226.04,649.53,0.8799,-1,-1,-1
128,6,1088.98,289.79,168.63,481.92,0.8707,-1,-1,-1
128,13,934.21,322.87,142.26,335.02,0.6095,-1,-1,-1
128,18,318.45,341.87,145.03,411.72,0.8529,-1,-1,-1
128,14,1620.67,371.26,42.95,65.93,0.3533,-1,-1,-1
128,8,660.13,391.26,73.41,192.57,0.3746,-1,-1,-1
129,2,706.33,234.75,222.81,648.40,0.8803,-1,-1,-1
129,6,1084.22,287.41,173.72,483.01,0.8742,-1,-1,-1
129,13,933.76,322.14,120.80,335.07,0.6496,-1,-1,-1
129,18,313.11,339.07,147.07,420.68,0.8337,-1,-1,-1
129,14,1617.86,368.56,44.49,68.55,0.3769,-1,-1,-1
129,8,659.56,390.10,68.52,192.94,0.5348,-1,-1,-1
130,2,705.93,236.49,222.92,648.78,0.8820,-1,-1,-1
130,6,1081.96,286.79,174.99,482.96,0.8675,-1,-1,-1
130,13,933.50,320.74,110.12,335.08,0.7349,-1,-1,-1
130,18,309.66,335.30,148.88,429.61,0.8403,-1,-1,-1
130,14,1618.37,367.32,43.01,69.65,0.4035,-1,-1,-1
130,8,659.21,389.51,64.34,193.06,0.5536,-1,-1,-1
131,2,706.26,238.45,223.78,648.95,0.8799,-1,-1,-1
131,6,1080.19,284.64,176.75,482.69,0.8664,-1,-1,-1
131,13,928.93,319.25,110.49,333.79,0.7374,-1,-1,-1
131,18,307.68,332.81,147.50,435.11,0.8388,-1,-1,-1
131,14,1619.09,365.80,42.97,69.60,0.3855,-1,-1,-1
131,8,657.41,389.54,63.97,193.31,0.5874,-1,-1,-1
132,2,707.83,239.00,222.88,649.17,0.8754,-1,-1,-1
132,6,1079.84,282.92,176.14,481.89,0.8632,-1,-1,-1
132,13,925.64,317.80,111.08,333.82,0.7341,-1,-1,-1
132,18,307.55,332.83,144.52,436.96,0.8287,-1,-1,-1
132,14,1619.46,364.65,42.26,69.43,0.4076,-1,-1,-1
132,8,656.87,389.17,64.20,194.57,0.5685,-1,-1,-1
132,23,1012.97,367.26,69.82,226.66,0.5589,-1,-1,-1
133,2,710.93,239.49,222.12,647.62,0.8756,-1,-1,-1
133,6,1077.31,282.42,178.92,482.03,0.8685,-1,-1,-1
133,13,925.30,316.67,108.56,335.76,0.7471,-1,-1,-1
133,18,297.11,330.97,152.77,441.34,0.8196,-1,-1,-1
133,14,1620.96,364.15,41.90,70.53,0.3857,-1,-1,-1
133,8,656.96,389.57,63.05,195.06,0.4424,-1,-1,-1
133,23,1012.64,368.05,72.07,225.50,0.5769,-1,-1,-1
134,2,713.38,239.57,218.38,648.93,0.8764,-1,-1,-1
134,6,1075.04,283.86,182.55,484.86,0.8678,-1,-1,-1
134,13,926.92,318.24,103.10,337.31,0.7330,-1,-1,-1
134,18,290.01,327.02,155.63,451.94,0.8403,-1,-1,-1
134,14,1622.25,364.72,41.84,71.52,0.3577,-1,-1,-1
134,8,655.85,391.85,66.72,195.02,0.5312,-1,-1,-1
134,23,1011.52,368.13,73.63,223.64,0.6118,-1,-1,-1
135,2,715.93,240.69,215.77,648.22,0.8799,-1,-1,-1
135,6,1073.47,285.08,184.37,487.77,0.8647,-1,-1,-1
135,13,926.65,318.57,99.81,340.44,0.7100,-1,-1,-1
135,18,286.62,329.59,155.09,454.10,0.8316,-1,-1,-1
135,8,652.76,393.75,70.86,195.50,0.5432,-1,-1,-1
135,23,1010.62,370.14,75.91,219.79,0.6539,-1,-1,-1
136,2,720.88,240.62,212.49,643.79,0.8736,-1,-1,-1
136,6,1072.40,286.83,187.42,489.71,0.8664,-1,-1,-1
136,13,926.36,319.77,99.28,340.03,0.7316,-1,-1,-1
136,18,282.15,328.00,157.70,459.33,0.8389,-1,-1,-1
136,8,647.41,394.70,77.91,196.72,0.6848,-1,-1,-1
136,23,1011.07,365.67,77.33,227.85,0.7066,-1,-1,-1
137,2,723.37,240.83,211.92,630.58,0.8833,-1,-1,-1
137,6,1071.23,289.60,191.98,491.83,0.8635,-1,-1,-1
137,13,927.61,319.50,97.29,341.37,0.7315,-1,-1,-1
137,18,282.57,324.78,155.92,465.12,0.8412,-1,-1,-1
137,8,648.46,395.03,77.87,200.27,0.6354,-1,-1,-1
137,23,1013.45,368.36,77.40,226.09,0.7448,-1,-1,-1
137,14,1631.48,367.88,43.90,69.33,0.4989,-1,-1,-1
138,2,723.64,242.82,215.80,624.34,0.8864,-1,-1,-1
138,6,1076.16,294.18,192.78,491.50,0.8619,-1,-1,-1
138,13,928.68,321.49,96.46,342.17,0.7459,-1,-1,-1
138,18,279.97,323.98,157.42,469.43,0.8042,-1,-1,-1
138,8,651.03,397.37,73.97,200.71,0.5942,-1,-1,-1
138,23,1017.54,368.86,76.52,228.50,0.7444,-1,-1,-1
139,2,728.19,242.35,213.70,622.23,0.8851,-1,-1,-1
139,6,1080.63,294.99,193.71,491.44,0.8480,-1,-1,-1
139,13,930.15,320.63,96.43,343.59,0.7268,-1,-1,-1
139,18,272.46,320.63,162.45,474.99,0.8150,-1,-1,-1
139,8,651.86,395.84,72.25,203.76,0.5826,-1,-1,-1
139,23,1020.75,365.13,76.15,230.12,0.7167,-1,-1,-1
140,2,739.55,241.71,205.01,626.12,0.8779,-1,-1,-1
140,6,1087.49,296.17,191.20,490.26,0.8452,-1,-1,-1
140,13,936.26,320.00,93.43,345.23,0.7153,-1,-1,-1
140,18,269.08,318.80,165.77,484.50,0.8303,-1,-1,-1
140,8,650.31,396.52,75.10,205.00,0.6319,-1,-1,-1
140,23,1023.35,367.23,76.75,227.94,0.7777,-1,-1,-1
141,2,747.43,244.67,197.92,628.96,0.8735,-1,-1,-1
141,6,1092.50,296.16,189.82,494.78,0.8583,-1,-1,-1
141,13,935.93,321.44,95.51,344.84,0.7393,-1,-1,-1
141,18,270.43,318.80,165.23,495.14,0.8243,-1,-1,-1
141,8,648.65,395.58,78.52,206.62,0.7633,-1,-1,-1
141,23,1025.01,366.82,79.30,228.16,0.6852,-1,-1,-1
141,14,1650.00,368.00,48.44,70.24,0.3905,-1,-1,-1
142,2,754.24,249.85,193.45,628.56,0.8693,-1,-1,-1
142,6,1099.73,296.83,187.62,498.58,0.8516,-1,-1,-1
142,13,936.66,324.33,96.36,342.22,0.7642,-1,-1,-1
142,18,270.83,321.17,167.08,500.83,0.8491,-1,-1,-1
142,8,649.24,398.80,83.89,204.01,0.6910,-1,-1,-1
142,23,1029.60,370.74,79.31,226.78,0.7245,-1,-1,-1
143,2,766.13,253.36,187.71,632.18,0.8787,-1,-1,-1
143,6,1107.04,297.41,187.31,501.87,0.8675,-1,-1,-1
143,13,948.96,325.85,89.19,341.41,0.7236,-1,-1,-1
143,18,269.68,324.71,170.56,504.13,0.8475,-1,-1,-1
143,8,653.82,400.45,84.11,204.52,0.6633,-1,-1,-1
143,23,1037.01,372.28,75.24,226.24,0.7462,-1,-1,-1
143,14,1669.39,374.70,44.67,63.24,0.3948,-1,-1,-1
144,2,772.46,255.62,185.96,632.85,0.8729,-1,-1,-1
144,6,1112.59,297.17,186.99,501.70,0.8615,-1,-1,-1
144,13,957.68,329.78,84.40,335.32,0.8006,-1,-1,-1
144,18,268.32,324.95,174.22,510.60,0.8579,-1,-1,-1
144,8,661.01,398.22,78.92,207.08,0.7030,-1,-1,-1
144,23,1041.00,372.48,77.39,227.03,0.7547,-1,-1,-1
144,14,1673.24,371.11,49.77,67.10,0.4208,-1,-1,-1
145,2,779.48,257.66,184.33,634.20,0.8604,-1,-1,-1
145,6,1120.81,296.78,186.92,501.56,0.8609,-1,-1,-1
145,13,962.38,329.32,83.08,337.26,0.7499,-1,-1,-1
145,18,266.07,324.13,177.78,514.48,0.8532,-1,-1,-1
145,8,664.44,396.79,80.04,209.72,0.7015,-1,-1,-1
145,23,1043.51,374.75,78.74,224.10,0.7401,-1,-1,-1
145,14,1681.22,370.85,50.18,69.39,0.4226,-1,-1,-1
146,2,782.52,261.58,186.76,635.94,0.8637,-1,-1,-1
146,6,1128.51,300.16,184.54,495.81,0.8740,-1,-1,-1
146,13,968.72,331.55,84.87,337.43,0.6868,-1,-1,-1
146,18,267.33,324.24,178.53,523.22,0.8773,-1,-1,-1
146,8,669.19,397.50,80.41,210.32,0.6984,-1,-1,-1
146,23,1048.49,377.58,78.34,220.74,0.6478,-1,-1,-1
147,2,783.97,265.09,188.54,637.09,0.8649,-1,-1,-1
147,6,1134.15,299.50,186.57,492.39,0.8669,-1,-1,-1
147,13,967.40,331.65,89.21,340.00,0.7117,-1,-1,-1
147,18,263.81,325.60,181.85,528.95,0.8601,-1,-1,-1
147,8,670.57,396.89,81.65,214.55,0.7262,-1,-1,-1
147,23,1050.92,381.21,79.84,220.52,0.6334,-1,-1,-1
147,14,1698.90,374.88,47.94,68.84,0.4341,-1,-1,-1
148,2,789.31,266.37,185.76,636.24,0.8554,-1,-1,-1
148,6,1139.89,298.51,183.65,491.59,0.8669,-1,-1,-1
148,13,969.35,331.76,90.36,340.93,0.7305,-1,-1,-1
148,18,258.90,325.85,185.61,539.70,0.8685,-1,-1,-1
148,8,673.01,395.92,77.88,217.88,0.7258,-1,-1,-1
148,23,1053.78,378.66,78.50,225.68,0.6770,-1,-1,-1
148,14,1701.31,375.23,50.74,68.97,0.3776,-1,-1,-1
149,2,793.33,267.19,183.91,637.49,0.8615,-1,-1,-1
149,6,1146.54,299.01,180.09,489.08,0.8618,-1,-1,-1
149,13,972.45,335.53,87.85,338.92,0.7348,-1,-1,-1
149,18,252.86,324.08,184.36,548.75,0.8649,-1,-1,-1
149,8,674.76,399.89,76.87,217.89,0.6011,-1,-1,-1
149,23,1055.63,379.03,77.87,228.22,0.6365,-1,-1,-1
150,2,794.08,267.58,184.07,637.39,0.8497,-1,-1,-1
150,6,1150.79,300.19,178.67,489.92,0.8642,-1,-1,-1
150,13,975.01,339.15,88.45,338.95,0.7368,-1,-1,-1
150,18,247.31,320.00,181.51,558.02,0.8502,-1,-1,-1
150,8,673.98,404.33,78.51,216.77,0.6136,-1,-1,-1
150,23,1056.63,372.77,76.85,236.02,0.6726,-1,-1,-1
150,14,1710.83,380.85,51.66,67.68,0.4525,-1,-1,-1
151,2,793.74,267.58,186.75,634.37,0.8407,-1,-1,-1
151,6,1152.76,300.06,179.37,497.72,0.8714,-1,-1,-1
151,13,979.32,340.85,85.48,341.11,0.7335,-1,-1,-1
151,18,236.48,318.17,184.41,567.54,0.8506,-1,-1,-1
151,8,674.83,408.44,77.91,214.57,0.6692,-1,-1,-1
151,23,1056.67,370.57,77.04,240.23,0.5985,-1,-1,-1
151,14,1712.51,380.65,53.57,69.37,0.4881,-1,-1,-1
152,2,791.31,266.18,190.44,627.48,0.8417,-1,-1,-1
152,6,1154.12,300.16,180.66,498.98,0.8800,-1,-1,-1
152,13,978.89,341.51,86.12,341.27,0.7105,-1,-1,-1
152,18,227.43,314.66,187.59,576.94,0.8508,-1,-1,-1
152,8,675.07,409.45,80.15,215.63,0.7130,-1,-1,-1
152,23,1055.29,371.82,78.75,238.65,0.6062,-1,-1,-1
152,14,1715.91,379.33,54.49,70.57,0.5269,-1,-1,-1
153,2,786.24,264.09,198.41,620.33,0.8417,-1,-1,-1
153,6,1157.70,301.88,179.67,498.81,0.8824,-1,-1,-1
153,13,982.41,341.73,83.39,344.53,0.7248,-1,-1,-1
153,18,215.92,311.77,193.75,583.24,0.8584,-1,-1,-1
153,8,675.22,410.13,82.84,218.52,0.7123,-1,-1,-1
153,23,1055.58,372.06,79.13,239.38,0.6201,-1,-1,-1
153,14,1719.53,384.19,51.58,67.73,0.4318,-1,-1,-1
154,2,779.74,262.13,206.86,618.32,0.8593,-1,-1,-1
154,6,1159.13,302.66,178.93,497.20,0.8732,-1,-1,-1
154,13,981.12,341.60,83.92,344.68,0.7266,-1,-1,-1
154,18,203.68,309.36,200.75,589.18,0.8724,-1,-1,-1
154,8,675.41,411.03,85.81,220.46,0.7174,-1,-1,-1
154,23,1054.23,373.21,80.33,239.21,0.6569,-1,-1,-1
154,14,1722.80,385.01,50.99,68.18,0.4101,-1,-1,-1
155,2,772.03,258.98,214.65,618.90,0.8684,-1,-1,-1
155,6,1160.36,301.96,177.71,499.39,0.8790,-1,-1,-1
155,13,982.71,340.03,81.29,343.34,0.7274,-1,-1,-1
155,18,191.85,305.88,206.49,593.73,0.8712,-1,-1,-1
155,8,672.07,407.52,95.40,223.54,0.7301,-1,-1,-1
155,23,1053.38,371.92,80.39,239.42,0.7020,-1,-1,-1
156,2,766.12,257.94,222.59,621.73,0.8702,-1,-1,-1
156,6,1159.52,305.21,179.33,504.87,0.8774,-1,-1,-1
156,13,981.47,339.97,82.51,344.05,0.7025,-1,-1,-1
156,18,180.97,302.49,207.97,599.79,0.8714,-1,-1,-1
156,8,671.08,406.00,98.71,226.11,0.7665,-1,-1,-1
156,23,1051.97,370.68,80.47,242.32,0.6922,-1,-1,-1
157,2,760.09,259.92,228.89,624.22,0.8773,-1,-1,-1
157,6,1156.53,308.08,178.18,507.51,0.8731,-1,-1,-1
157,13,974.05,341.60,89.69,346.06,0.6967,-1,-1,-1
157,18,170.37,301.01,211.18,605.23,0.8634,-1,-1,-1
157,8,667.56,407.40,100.07,226.46,0.7037,-1,-1,-1
157,23,1049.31,370.79,81.94,243.93,0.6788,-1,-1,-1
157,14,1722.08,381.63,53.22,74.24,0.4147,-1,-1,-1
158,2,758.33,257.46,227.54,628.41,0.8731,-1,-1,-1
158,6,1151.30,307.83,176.88,507.87,0.8645,-1,-1,-1
158,13,968.27,341.19,90.48,345.14,0.7418,-1,-1,-1
158,18,156.74,296.99,214.30,611.66,0.8608,-1,-1,-1
158,8,662.27,405.75,87.26,228.12,0.6730,-1,-1,-1
158,23,1044.70,370.29,84.41,244.05,0.7394,-1,-1,-1
158,14,1717.63,382.90,54.77,71.52,0.4163,-1,-1,-1
159,2,761.40,260.60,221.53,628.92,0.8665,-1,-1,-1
159,6,1147.10,307.04,175.42,505.50,0.8762,-1,-1,-1
159,13,965.22,341.37,87.83,341.49,0.6550,-1,-1,-1
159,18,139.82,294.10,217.84,621.24,0.8558,-1,-1,-1
159,8,658.19,402.15,86.14,230.46,0.6602,-1,-1,-1
159,23,1040.21,374.82,85.50,239.52,0.7013,-1,-1,-1
159,14,1711.99,378.80,57.87,74.45,0.5087,-1,-1,-1
160,2,764.73,263.33,215.16,630.09,0.8640,-1,-1,-1
160,6,1142.22,306.22,173.98,506.61,0.8768,-1,-1,-1
160,13,961.29,339.56,90.14,340.44,0.7258,-1,-1,-1
160,18,126.89,290.77,221.38,637.30,0.8640,-1,-1,-1
160,8,650.92,401.41,92.93,230.38,0.6725,-1,-1,-1
160,23,1036.75,377.23,84.11,236.19,0.6982,-1,-1,-1
160,25,749.02,355.63,68.82,277.47,0.5049,-1,-1,-1
161,2,767.26,269.10,211.44,628.90,0.8708,-1,-1,-1
161,6,1138.16,306.68,172.57,506.59,0.8783,-1,-1,-1
161,13,955.82,339.32,89.11,341.15,0.6702,-1,-1,-1
161,18,112.61,289.95,225.04,654.55,0.8549,-1,-1,-1
161,8,645.43,399.05,92.17,235.24,0.6917,-1,-1,-1
161,23,1032.33,383.02,84.82,229.96,0.7507,-1,-1,-1
161,25,737.37,361.69,71.56,274.33,0.4959,-1,-1,-1
162,2,770.48,270.76,206.72,627.26,0.8823,-1,-1,-1
162,6,1133.12,301.57,171.33,511.56,0.8732,-1,-1,-1
162,13,950.39,336.90,84.02,346.21,0.6473,-1,-1,-1
162,18,96.29,284.37,229.31,661.22,0.8687,-1,-1,-1
162,8,638.23,395.95,82.94,238.71,0.7042,-1,-1,-1
162,23,1026.01,385.54,83.85,226.24,0.7442,-1,-1,-1
162,25,730.25,361.07,77.04,278.02,0.6039,-1,-1,-1
162,14,1699.98,381.31,56.79,74.41,0.4569,-1,-1,-1
163,2,771.15,270.21,202.56,628.49,0.8929,-1,-1,-1
163,6,1123.94,299.73,174.49,512.44,0.8679,-1,-1,-1
163,13,945.57,332.58,85.06,350.61,0.6179,-1,-1,-1
163,18,81.33,283.16,225.67,675.84,0.8465,-1,-1,-1
163,8,629.70,394.16,83.18,240.64,0.7249,-1,-1,-1
163,23,1019.64,386.54,84.43,224.58,0.6822,-1,-1,-1
163,25,724.24,358.43,77.52,280.50,0.6668,-1,-1,-1
163,14,1694.30,381.54,55.65,74.56,0.4455,-1,-1,-1
164,2,767.40,268.66,203.46,625.46,0.8909,-1,-1,-1
164,6,1114.66,297.65,180.82,511.08,0.8671,-1,-1,-1
164,13,942.05,332.65,83.49,350.44,0.6623,-1,-1,-1
164,18,59.59,282.02,240.53,693.05,0.8834,-1,-1,-1
164,8,620.27,392.51,86.03,243.45,0.7238,-1,-1,-1
164,23,1016.92,389.29,80.77,220.37,0.7020,-1,-1,-1
164,25,714.24,361.48,79.42,279.08,0.6746,-1,-1,-1
165,2,764.17,264.67,199.94,626.80,0.8865,-1,-1,-1
165,6,1107.80,298.12,181.72,507.42,0.8747,-1,-1,-1
165,13,940.55,332.28,82.35,348.30,0.6924,-1,-1,-1
165,18,39.99,280.04,248.12,711.29,0.8713,-1,-1,-1
165,8,611.44,392.25,85.64,244.30,0.6890,-1,-1,-1
165,23,1013.75,390.64,79.31,216.21,0.6862,-1,-1,-1
165,25,707.52,363.46,79.89,277.89,0.7066,-1,-1,-1
166,2,764.67,260.34,196.43,629.93,0.8856,-1,-1,-1
166,6,1101.14,296.82,185.15,503.00,0.8768,-1,-1,-1
166,13,934.16,327.32,84.34,351.64,0.6965,-1,-1,-1
166,18,21.10,278.18,259.04,725.03,0.8875,-1,-1,-1
166,8,605.40,390.84,87.97,246.62,0.7177,-1,-1,-1
166,23,1008.88,390.19,79.63,214.18,0.6677,-1,-1,-1
166,25,703.09,364.75,80.70,278.02,0.7311,-1,-1,-1
166,14,1678.62,375.45,53.99,75.23,0.3928,-1,-1,-1
167,2,765.99,257.15,193.69,630.62,0.8746,-1,-1,-1
167,6,1095.01,293.08,190.16,504.75,0.8658,-1,-1,-1
167,13,933.03,325.21,84.12,350.47,0.6921,-1,-1,-1
167,18,5.98,274.47,258.80,736.90,0.8650,-1,-1,-1
167,8,600.77,389.60,87.24,248.81,0.7259,-1,-1,-1
167,23,1007.73,395.41,78.03,209.35,0.5611,-1,-1,-1
167,25,697.63,362.96,86.10,281.06,0.7086,-1,-1,-1
167,14,1678.20,374.27,54.83,74.76,0.3863,-1,-1,-1
168,2,771.19,254.22,187.23,623.17,0.8656,-1,-1,-1
168,6,1090.82,291.52,191.58,504.22,0.8647,-1,-1,-1
168,13,930.31,327.50,85.73,349.54,0.6994,-1,-1,-1
168,18,-2.59,266.80,259.35,750.60,0.8877,-1,-1,-1
168,8,596.32,389.04,88.08,249.46,0.6912,-1,-1,-1
168,23,1006.69,381.76,77.97,225.37,0.6039,-1,-1,-1
168,25,685.96,358.94,94.56,285.50,0.7780,-1,-1,-1
168,14,1673.67,371.63,58.52,77.27,0.3806,-1,-1,-1
169,2,775.63,250.24,184.66,615.06,0.8632,-1,-1,-1
169,6,1086.84,290.89,193.73,503.04,0.8696,-1,-1,-1
169,13,928.73,328.20,84.98,345.25,0.6959,-1,-1,-1
169,18,-5.72,259.59,249.56,763.10,0.9024,-1,-1,-1
169,8,591.01,387.57,90.38,251.91,0.7352,-1,-1,-1
169,23,1004.12,377.04,79.76,227.64,0.6376,-1,-1,-1
169,25,680.20,357.07,96.90,283.24,0.7692,-1,-1,-1
169,14,1672.30,370.33,58.42,77.70,0.4160,-1,-1,-1
170,2,778.25,248.23,181.71,611.50,0.8545,-1,-1,-1
170,6,1082.12,290.48,197.55,505.00,0.8707,-1,-1,-1
170,13,927.84,328.92,82.79,343.49,0.6889,-1,-1,-1
170,18,-6.06,252.74,237.14,776.13,0.9022,-1,-1,-1
170,8,588.26,386.79,84.52,252.15,0.6205,-1,-1,-1
170,23,1003.67,372.82,80.54,231.09,0.6339,-1,-1,-1
170,25,673.46,353.85,102.99,286.90,0.7920,-1,-1,-1
171,2,778.47,246.34,180.32,612.86,0.8563,-1,-1,-1
171,6,1079.00,290.23,200.71,508.40,0.8683,-1,-1,-1
171,13,927.31,328.54,83.38,346.61,0.7118,-1,-1,-1
171,18,-5.63,247.51,224.93,789.14,0.9018,-1,-1,-1
171,8,582.12,383.52,88.80,258.13,0.6407,-1,-1,-1
171,23,1004.78,368.37,78.47,230.97,0.6712,-1,-1,-1
171,25,665.66,352.94,110.47,291.21,0.8042,-1,-1,-1
172,2,777.03,246.78,182.50,616.46,0.8505,-1,-1,-1
172,6,1075.76,290.16,203.95,509.10,0.8735,-1,-1,-1
172,13,927.64,335.42,81.53,337.36,0.6801,-1,-1,-1
172,18,-4.85,242.70,211.42,800.06,0.8958,-1,-1,-1
172,8,575.16,384.26,96.00,260.79,0.6860,-1,-1,-1
172,23,1002.83,367.27,78.63,230.36,0.6560,-1,-1,-1
172,25,659.65,351.64,116.50,294.84,0.8316,-1,-1,-1
173,2,777.74,245.32,180.67,619.65,0.8552,-1,-1,-1
173,6,1073.88,288.90,204.16,510.83,0.8676,-1,-1,-1
173,13,926.77,336.08,79.19,335.78,0.6684,-1,-1,-1
173,18,-4.10,237.25,199.46,814.78,0.8878,-1,-1,-1
173,8,567.47,385.00,101.21,261.95,0.7058,-1,-1,-1
173,23,1002.26,370.40,78.66,224.09,0.6628,-1,-1,-1
173,25,655.90,348.74,122.14,298.34,0.8321,-1,-1,-1
173,14,1674.23,363.89,53.96,76.68,0.4413,-1,-1,-1
174,2,777.42,245.61,181.86,622.19,0.8592,-1,-1,-1
174,6,1075.42,288.67,205.33,514.71,0.8719,-1,-1,-1
174,13,927.90,335.82,78.13,336.39,0.6467,-1,-1,-1
174,18,-3.31,233.05,190.15,827.93,0.8844,-1,-1,-1
174,8,563.11,381.83,97.88,268.26,0.6960,-1,-1,-1
174,23,1002.91,368.20,77.48,226.96,0.6677,-1,-1,-1
174,25,654.14,346.53,126.06,301.06,0.8180,-1,-1,-1
174,14,1676.16,362.64,54.31,75.65,0.4164,-1,-1,-1
175,2,780.29,246.78,179.28,626.35,0.8636,-1,-1,-1
175,6,1078.70,288.87,205.14,518.87,0.8728,-1,-1,-1
175,13,929.95,331.77,77.90,340.75,0.6399,-1,-1,-1
175,18,-2.35,228.01,181.45,838.30,0.8854,-1,-1,-1
175,8,560.03,380.09,97.10,272.33,0.6821,-1,-1,-1
175,23,1004.14,367.75,76.69,229.73,0.6667,-1,-1,-1
175,25,652.83,345.57,129.42,303.87,0.8186,-1,-1,-1
175,14,1679.64,362.70,55.86,75.83,0.4677,-1,-1,-1
176,2,785.18,252.39,176.54,627.75,0.8478,-1,-1,-1
176,6,1082.86,290.13,204.44,520.06,0.8721,-1,-1,-1
176,13,932.93,328.20,75.41,345.25,0.6380,-1,-1,-1
176,18,-1.05,227.19,174.09,846.18,0.8836,-1,-1,-1
176,8,556.65,379.70,100.01,275.99,0.7236,-1,-1,-1
176,23,1007.94,366.93,75.29,231.26,0.6799,-1,-1,-1
176,25,653.44,346.10,129.41,309.07,0.8107,-1,-1,-1
176,14,1685.60,364.14,51.75,74.30,0.3569,-1,-1,-1
177,2,787.40,255.93,176.35,627.46,0.8483,-1,-1,-1
177,6,1085.92,289.89,203.92,518.81,0.8747,-1,-1,-1
177,13,934.97,324.64,67.77,348.05,0.5911,-1,-1,-1
177,18,-1.19,224.57,164.69,853.32,0.8759,-1,-1,-1
177,8,554.14,379.20,101.88,276.02,0.7127,-1,-1,-1
177,23,1009.41,367.01,75.11,229.92,0.6890,-1,-1,-1
177,25,653.15,345.41,129.52,311.39,0.8152,-1,-1,-1
177,14,1685.47,359.52,56.40,74.64,0.3954,-1,-1,-1
178,2,790.93,260.54,176.86,626.34,0.8573,-1,-1,-1
178,6,1090.01,290.15,205.64,522.86,0.8787,-1,-1,-1
178,13,940.05,326.50,60.08,351.70,0.4110,-1,-1,-1
178,18,-0.42,222.18,156.35,857.71,0.8740,-1,-1,-1
178,8,554.05,379.43,101.23,277.82,0.7331,-1,-1,-1
178,23,1013.75,369.60,74.52,229.03,0.6447,-1,-1,-1
178,25,653.31,347.56,133.08,314.26,0.8252,-1,-1,-1
179,2,793.31,262.62,176.64,625.16,0.8564,-1,-1,-1
179,6,1097.04,288.29,202.91,526.38,0.8804,-1,-1,-1
179,13,934.48,308.83,68.62,366.30,0.5768,-1,-1,-1
179,18,0.02,224.26,145.54,855.88,0.8739,-1,-1,-1
179,8,553.10,379.15,102.26,280.15,0.7107,-1,-1,-1
179,23,1016.12,373.11,74.85,224.62,0.6753,-1,-1,-1
179,25,651.56,348.79,139.27,315.42,0.8252,-1,-1,-1
179,14,1687.61,356.72,66.88,78.89,0.4431,-1,-1,-1
180,2,796.60,266.02,178.97,619.67,0.8630,-1,-1,-1
180,6,1103.29,289.94,202.44,524.88,0.8717,-1,-1,-1
180,18,0.42,228.15,134.94,852.88,0.8652,-1,-1,-1
180,8,552.89,378.83,104.13,283.58,0.7639,-1,-1,-1
180,23,1019.35,381.01,74.25,218.15,0.6113,-1,-1,-1
180,25,652.87,350.62,137.96,316.36,0.7987,-1,-1,-1
180,14,1695.09,357.48,66.34,77.43,0.4641,-1,-1,-1
181,2,798.47,266.23,182.08,618.75,0.8678,-1,-1,-1
181,6,1112.30,286.44,198.92,527.13,0.8747,-1,-1,-1
181,18,0.80,249.66,127.44,831.47,0.8625,-1,-1,-1
181,8,554.01,381.16,104.05,284.32,0.7260,-1,-1,-1
181,23,1020.77,374.58,76.34,225.01,0.6327,-1,-1,-1
181,25,654.22,351.21,138.93,319.94,0.8163,-1,-1,-1
181,14,1708.80,355.79,57.25,77.42,0.4128,-1,-1,-1
181,13,942.09,309.99,61.99,362.23,0.3647,-1,-1,-1
182,2,799.02,265.41,183.90,617.81,0.8722,-1,-1,-1
182,6,1119.84,285.83,197.40,527.08,0.8727,-1,-1,-1
182,18,0.91,275.43,118.60,805.28,0.8564,-1,-1,-1
182,8,555.03,382.23,106.39,286.67,0.7501,-1,-1,-1
182,23,1023.13,376.83,79.04,221.62,0.7337,-1,-1,-1
182,25,654.80,351.11,138.93,323.18,0.8204,-1,-1,-1
182,14,1714.12,354.86,58.90,77.55,0.5689,-1,-1,-1
182,13,944.74,311.92,63.11,361.22,0.4412,-1,-1,-1
183,2,801.18,264.05,189.03,612.76,0.8732,-1,-1,-1
183,6,1130.05,283.38,193.12,522.23,0.8705,-1,-1,-1
183,18,1.25,301.76,106.59,777.73,0.8433,-1,-1,-1
183,8,555.45,385.14,107.38,287.34,0.7396,-1,-1,-1
183,23,1025.53,382.25,81.66,217.40,0.6708,-1,-1,-1
183,25,655.24,349.48,142.98,325.13,0.8299,-1,-1,-1
183,14,1717.25,353.83,60.23,78.08,0.4123,-1,-1,-1
184,2,803.62,264.62,191.61,601.78,0.8759,-1,-1,-1
184,6,1134.71,282.63,192.61,517.68,0.8754,-1,-1,-1
184,18,1.35,358.65,94.04,719.10,0.8428,-1,-1,-1
184,8,556.08,387.93,109.87,285.53,0.7549,-1,-1,-1
184,23,1030.95,381.78,81.18,220.55,0.6442,-1,-1,-1
184,25,659.37,347.85,144.51,327.59,0.8312,-1,-1,-1
184,14,1725.61,353.70,60.89,77.88,0.4384,-1,-1,-1
184,13,951.41,306.22,66.54,368.53,0.4225,-1,-1,-1
185,2,804.20,262.82,193.42,598.97,0.8584,-1,-1,-1
185,6,1140.29,282.80,192.17,514.00,0.8706,-1,-1,-1
185,18,1.01,383.97,85.08,692.76,0.8065,-1,-1,-1
185,8,557.39,389.64,114.67,286.23,0.7168,-1,-1,-1
185,23,1036.66,383.91,78.38,217.95,0.6760,-1,-1,-1
185,25,666.90,334.86,140.36,343.41,0.8513,-1,-1,-1
185,14,1728.87,351.40,63.71,79.29,0.4077,-1,-1,-1
185,13,956.91,310.08,69.49,365.14,0.6062,-1,-1,-1
186,2,805.35,258.97,193.09,602.86,0.8642,-1,-1,-1
186,6,1148.72,283.84,187.29,514.34,0.8793,-1,-1,-1
186,18,0.72,396.92,82.04,679.65,0.7607,-1,-1,-1
186,8,558.14,390.36,118.04,288.03,0.7528,-1,-1,-1
186,23,1038.49,383.96,81.20,218.17,0.6860,-1,-1,-1
186,25,669.43,327.32,139.74,353.68,0.8472,-1,-1,-1
186,14,1737.37,351.80,62.77,79.07,0.4770,-1,-1,-1
186,13,961.65,315.55,68.09,361.00,0.5455,-1,-1,-1
187,2,806.80,255.05,194.42,603.95,0.8674,-1,-1,-1
187,6,1154.09,280.65,188.28,519.30,0.8826,-1,-1,-1
187,18,-0.01,414.40,64.22,661.09,0.4286,-1,-1,-1
187,8,557.82,386.96,122.70,293.20,0.7656,-1,-1,-1
187,23,1042.41,379.99,80.24,220.02,0.7039,-1,-1,-1
187,25,670.93,327.08,139.19,353.62,0.8514,-1,-1,-1
187,13,968.92,337.60,62.36,338.92,0.3715,-1,-1,-1
188,2,803.13,252.78,200.46,605.87,0.8690,-1,-1,-1
188,6,1155.79,279.16,188.75,520.18,0.8860,-1,-1,-1
188,8,556.71,385.44,125.31,294.52,0.7760,-1,-1,-1
188,23,1039.40,377.59,83.66,222.44,0.7110,-1,-1,-1
188,25,669.40,325.07,139.50,354.05,0.8551,-1,-1,-1
188,14,1758.90,353.49,53.19,74.61,0.4171,-1,-1,-1
189,2,800.35,252.41,203.03,609.06,0.8674,-1,-1,-1
189,6,1159.44,276.69,184.06,522.79,0.8822,-1,-1,-1
189,8,554.09,382.62,129.80,298.02,0.7090,-1,-1,-1
189,23,1038.21,375.83,84.93,223.69,0.7262,-1,-1,-1
189,25,667.16,324.19,141.42,356.32,0.8495,-1,-1,-1
189,14,1761.01,352.13,55.86,74.83,0.4731,-1,-1,-1
190,2,802.20,251.44,200.97,612.19,0.8584,-1,-1,-1
190,6,1160.56,275.55,184.51,526.07,0.8807,-1,-1,-1
190,8,549.07,380.43,137.89,301.33,0.7274,-1,-1,-1
190,23,1033.78,376.09,89.34,222.21,0.7132,-1,-1,-1
190,25,669.72,322.61,138.37,360.09,0.8446,-1,-1,-1
190,14,1759.40,353.00,59.76,76.13,0.4654,-1,-1,-1
191,2,804.12,252.84,199.05,616.63,0.8554,-1,-1,-1
191,6,1161.83,277.79,184.78,528.56,0.8796,-1,-1,-1
191,8,545.95,379.15,138.14,305.19,0.6641,-1,-1,-1
191,23,1033.74,375.20,89.87,224.81,0.6992,-1,-1,-1
191,25,670.40,323.87,136.70,362.15,0.8075,-1,-1,-1
191,14,1759.95,355.24,60.34,78.01,0.4876,-1,-1,-1
192,2,808.62,258.77,194.09,617.92,0.8579,-1,-1,-1
192,6,1161.30,283.89,183.60,528.54,0.8861,-1,-1,-1
192,8,541.37,378.76,114.94,307.51,0.7033,-1,-1,-1
192,23,1031.97,378.48,90.02,223.44,0.7032,-1,-1,-1
192,25,666.98,325.40,139.17,362.97,0.8330,-1,-1,-1
192,14,1758.57,359.99,62.67,77.66,0.4321,-1,-1,-1
193,2,808.89,263.24,194.13,617.74,0.8681,-1,-1,-1
193,6,1160.46,285.35,180.21,530.61,0.8836,-1,-1,-1
193,8,535.66,377.79,126.15,309.10,0.6638,-1,-1,-1
193,23,1029.91,377.40,89.52,226.12,0.6986,-1,-1,-1
193,25,659.12,328.95,145.72,362.01,0.7863,-1,-1,-1
193,14,1755.52,361.65,67.31,77.55,0.4431,-1,-1,-1
194,2,806.38,267.81,196.94,615.22,0.8654,-1,-1,-1
194,6,1158.95,288.20,177.89,533.84,0.8792,-1,-1,-1
194,8,530.13,378.21,130.89,312.74,0.7531,-1,-1,-1
194,23,1031.87,378.90,86.56,227.03,0.7263,-1,-1,-1
194,25,655.50,331.67,146.22,365.15,0.8254,-1,-1,-1
194,14,1755.50,363.65,67.97,79.30,0.4235,-1,-1,-1
195,2,802.46,273.63,202.63,611.51,0.8796,-1,-1,-1
195,6,1155.67,291.56,175.93,534.56,0.8688,-1,-1,-1
195,8,522.03,380.59,119.69,316.14,0.7484,-1,-1,-1
195,23,1026.94,381.49,89.32,225.96,0.7370,-1,-1,-1
195,25,646.92,336.41,151.15,367.55,0.8444,-1,-1,-1
195,14,1756.17,367.77,66.23,79.52,0.5027,-1,-1,-1
196,2,798.64,272.27,205.42,613.94,0.8865,-1,-1,-1
196,6,1150.14,294.10,175.61,536.35,0.8561,-1,-1,-1
196,8,514.90,379.96,116.75,321.86,0.7625,-1,-1,-1
196,23,1021.68,383.50,92.03,224.03,0.7187,-1,-1,-1
196,25,643.01,340.77,151.63,367.04,0.8286,-1,-1,-1
196,14,1758.70,369.53,61.64,79.29,0.3741,-1,-1,-1
197,2,795.61,271.72,208.08,614.84,0.8946,-1,-1,-1
197,6,1145.17,294.72,174.00,536.80,0.8556,-1,-1,-1
197,8,506.71,381.76,115.53,324.15,0.7712,-1,-1,-1
197,23,1017.97,386.70,93.10,222.48,0.7606,-1,-1,-1
197,25,634.92,341.66,153.75,369.76,0.8226,-1,-1,-1
198,2,795.81,273.34,207.92,615.54,0.8890,-1,-1,-1
198,6,1139.22,297.24,176.08,530.23,0.8547,-1,-1,-1
198,8,496.44,384.77,117.71,329.63,0.7919,-1,-1,-1
198,23,1014.73,390.39,92.43,221.26,0.7206,-1,-1,-1
198,25,622.42,343.48,157.86,374.55,0.8377,-1,-1,-1
199,2,801.52,276.16,199.99,601.00,0.8820,-1,-1,-1
199,6,1133.75,298.61,178.46,539.82,0.8628,-1,-1,-1
199,8,488.11,387.86,120.74,332.58,0.8202,-1,-1,-1
199,23,1009.85,396.38,91.81,216.67,0.7436,-1,-1,-1
199,25,607.86,347.45,162.96,381.31,0.8338,-1,-1,-1
200,2,800.09,280.42,200.85,589.41,0.8845,-1,-1,-1
200,6,1126.23,300.22,181.67,541.39,0.8618,-1,-1,-1
200,8,478.71,392.23,128.54,335.84,0.7003,-1,-1,-1
200,23,1007.80,404.46,89.08,210.96,0.6667,-1,-1,-1
200,25,605.65,349.45,155.82,383.90,0.8437,-1,-1,-1
200,14,1736.07,380.89,71.11,80.06,0.5504,-1,-1,-1
201,2,799.32,281.48,197.07,588.18,0.8868,-1,-1,-1
201,6,1117.51,303.47,185.94,534.25,0.8700,-1,-1,-1
201,8,467.65,395.20,120.44,335.66,0.7716,-1,-1,-1
201,23,1006.68,397.93,83.82,219.22,0.7350,-1,-1,-1
201,25,586.43,348.51,163.21,384.91,0.7974,-1,-1,-1
201,14,1731.71,384.19,72.50,79.54,0.4138,-1,-1,-1
202,2,796.42,282.07,195.17,590.78,0.8919,-1,-1,-1
202,6,1111.16,304.62,189.10,532.40,0.8721,-1,-1,-1
202,8,458.03,399.02,126.92,335.63,0.8071,-1,-1,-1
202,23,1004.72,403.68,80.93,215.60,0.6843,-1,-1,-1
202,25,582.32,347.48,157.30,389.03,0.8088,-1,-1,-1
202,14,1726.04,384.56,74.79,81.14,0.4245,-1,-1,-1
203,2,798.19,282.67,189.70,593.45,0.8817,-1,-1,-1
203,6,1106.44,305.06,192.37,532.04,0.8730,-1,-1,-1
203,8,445.64,398.13,115.23,342.95,0.6164,-1,-1,-1
203,23,1001.18,408.00,81.63,215.05,0.7235,-1,-1,-1
203,25,577.20,345.82,157.00,395.59,0.8281,-1,-1,-1
203,14,1726.75,384.79,70.69,82.06,0.4240,-1,-1,-1
204,2,804.68,284.68,180.29,595.06,0.8649,-1,-1,-1
204,6,1104.02,304.38,192.25,531.01,0.8713,-1,-1,-1
204,8,435.78,399.22,134.28,346.36,0.7254,-1,-1,-1
204,23,1002.79,412.07,78.54,216.24,0.7367,-1,-1,-1
204,25,572.39,345.23,157.14,397.82,0.8170,-1,-1,-1
204,14,1728.91,385.12,66.68,81.97,0.3566,-1,-1,-1
204,28,758.41,400.01,67.58,240.96,0.6661,-1,-1,-1
205,2,807.15,285.89,175.88,596.96,0.8643,-1,-1,-1
205,6,1102.40,303.84,193.15,529.99,0.8740,-1,-1,-1
205,8,426.32,399.25,142.54,349.05,0.7802,-1,-1,-1
205,23,1002.29,413.70,76.85,214.90,0.7013,-1,-1,-1
205,25,565.23,343.90,154.49,400.40,0.8010,-1,-1,-1
205,14,1724.38,383.25,69.32,83.87,0.4833,-1,-1,-1
205,28,758.03,397.88,68.27,244.34,0.6582,-1,-1,-1
206,2,808.41,287.38,172.96,598.79,0.8670,-1,-1,-1
206,6,1099.88,306.04,197.86,531.15,0.8667,-1,-1,-1
206,8,418.71,397.67,148.74,352.63,0.7964,-1,-1,-1
206,23,1000.46,415.40,78.06,212.17,0.6887,-1,-1,-1
206,25,559.21,342.77,155.50,404.61,0.8319,-1,-1,-1
206,14,1728.53,382.37,64.84,84.30,0.4242,-1,-1,-1
206,28,756.18,396.60,69.26,248.69,0.6906,-1,-1,-1
207,2,809.07,288.79,171.03,598.55,0.8644,-1,-1,-1
207,6,1096.83,307.21,202.80,533.04,0.8681,-1,-1,-1
207,8,412.16,395.89,149.52,356.25,0.8315,-1,-1,-1
207,23,1000.13,414.84,77.98,213.63,0.6988,-1,-1,-1
207,25,552.30,343.46,160.06,407.12,0.8531,-1,-1,-1
207,14,1733.57,382.14,60.14,84.32,0.3865,-1,-1,-1
207,28,753.99,395.86,71.35,249.27,0.6908,-1,-1,-1
208,2,809.71,289.62,169.11,598.15,0.8560,-1,-1,-1
208,6,1094.46,304.98,206.85,537.96,0.8680,-1,-1,-1
208,8,404.70,394.91,146.66,358.63,0.8411,-1,-1,-1
208,23,1002.16,411.20,75.87,212.24,0.7250,-1,-1,-1
208,25,546.43,337.71,161.51,413.31,0.8587,-1,-1,-1
208,28,753.42,393.92,71.76,250.83,0.6879,-1,-1,-1
209,2,808.92,291.19,169.11,598.13,0.8554,-1,-1,-1
209,6,1094.34,305.17,209.30,540.92,0.8675,-1,-1,-1
209,8,399.03,392.48,148.10,362.29,0.8273,-1,-1,-1
209,23,1002.31,405.85,75.81,215.51,0.7163,-1,-1,-1
209,25,538.33,335.95,170.40,419.39,0.8640,-1,-1,-1
209,28,753.97,393.96,68.99,252.11,0.6314,-1,-1,-1
209,14,1744.23,383.06,52.53,81.26,0.3861,-1,-1,-1
210,2,806.45,294.24,171.28,597.52,0.8648,-1,-1,-1
210,6,1095.14,307.95,211.13,540.49,0.8719,-1,-1,-1
210,8,392.34,390.61,148.15,365.81,0.8246,-1,-1,-1
210,23,1002.02,404.75,77.14,216.33,0.5577,-1,-1,-1
210,25,532.30,338.56,175.87,422.71,0.8500,-1,-1,-1
210,28,749.60,393.27,71.12,254.63,0.6425,-1,-1,-1
210,14,1730.29,382.97,66.46,83.54,0.4033,-1,-1,-1
211,2,804.71,294.46,173.26,599.95,0.8700,-1,-1,-1
211,6,1095.89,309.71,211.29,544.00,0.8726,-1,-1,-1
211,8,384.90,389.71,148.67,367.82,0.8251,-1,-1,-1
211,23,1003.49,414.85,74.67,206.13,0.5496,-1,-1,-1
211,25,522.21,331.74,183.73,437.39,0.8323,-1,-1,-1
211,28,746.30,393.78,71.92,257.60,0.6490,-1,-1,-1
211,14,1740.93,382.78,57.01,83.32,0.4628,-1,-1,-1
212,2,799.79,293.06,180.15,600.53,0.8607,-1,-1,-1
212,6,1095.40,313.42,213.44,542.35,0.8651,-1,-1,-1
212,8,377.10,389.26,145.86,374.80,0.8260,-1,-1,-1
212,23,1000.61,407.89,77.57,214.99,0.6690,-1,-1,-1
212,25,507.74,330.76,195.72,446.79,0.8215,-1,-1,-1
212,28,743.02,394.63,74.18,259.27,0.6524,-1,-1,-1
213,2,795.39,293.68,182.01,600.67,0.8643,-1,-1,-1
213,6,1094.99,312.31,213.36,545.86,0.8610,-1,-1,-1
213,8,368.47,390.07,149.56,384.47,0.8421,-1,-1,-1
213,23,997.05,404.45,80.52,220.16,0.7170,-1,-1,-1
213,25,504.87,337.06,194.51,446.57,0.8369,-1,-1,-1
213,28,740.15,396.09,71.57,262.92,0.6706,-1,-1,-1
214,2,792.75,298.60,183.84,593.07,0.8605,-1,-1,-1
214,6,1096.07,318.22,213.45,545.70,0.8704,-1,-1,-1
214,8,363.92,395.78,150.77,390.34,0.8436,-1,-1,-1
214,23,996.02,410.06,82.59,219.56,0.7443,-1,-1,-1
214,25,503.73,342.59,193.48,449.25,0.8455,-1,-1,-1
214,28,739.14,401.87,69.95,261.41,0.6719,-1,-1,-1
215,2,790.21,294.61,187.36,585.61,0.8647,-1,-1,-1
215,6,1100.22,314.16,211.16,552.75,0.8719,-1,-1,-1
215,8,359.96,395.79,151.03,396.15,0.8484,-1,-1,-1
215,23,995.63,406.82,85.15,221.92,0.7165,-1,-1,-1
215,25,502.20,341.05,194.76,455.30,0.8643,-1,-1,-1
215,28,738.81,400.83,68.82,261.00,0.6941,-1,-1,-1
216,2,788.39,292.64,191.10,587.18,0.8661,-1,-1,-1
216,6,1109.47,311.90,203.91,558.34,0.8832,-1,-1,-1
216,8,357.44,396.55,150.54,402.15,0.8469,-1,-1,-1
216,23,1002.25,411.78,81.54,217.95,0.7528,-1,-1,-1
216,25,500.82,338.16,193.86,465.17,0.8711,-1,-1,-1
216,28,740.98,400.71,67.59,260.16,0.6176,-1,-1,-1
216,14,1762.75,396.35,50.02,76.93,0.3599,-1,-1,-1
217,2,787.65,290.96,193.78,588.39,0.8724,-1,-1,-1
217,6,1115.73,309.81,202.12,559.93,0.8829,-1,-1,-1
217,8,355.79,397.08,150.11,403.67,0.8452,-1,-1,-1
217,23,1006.91,415.82,81.09,215.12,0.7734,-1,-1,-1
217,25,500.60,334.45,192.96,473.39,0.8698,-1,-1,-1
217,28,743.14,398.90,67.51,265.73,0.6353,-1,-1,-1
217,14,1769.40,394.86,46.53,78.14,0.3741,-1,-1,-1
218,2,790.72,290.32,194.38,590.87,0.8777,-1,-1,-1
218,6,1123.93,312.03,198.05,555.02,0.8741,-1,-1,-1
218,8,353.83,397.26,155.70,409.30,0.8514,-1,-1,-1
218,23,1011.33,421.97,80.33,209.59,0.7528,-1,-1,-1
218,25,502.25,328.42,190.46,483.57,0.8719,-1,-1,-1
218,28,747.37,397.85,65.83,269.84,0.6783,-1,-1,-1
218,29,663.46,399.48,55.66,197.94,0.4527,-1,-1,-1
219,2,795.16,290.83,194.99,591.76,0.8761,-1,-1,-1
219,6,1131.26,313.39,196.62,549.43,0.8745,-1,-1,-1
219,8,353.40,397.07,162.92,414.36,0.8510,-1,-1,-1
219,23,1016.59,420.89,81.16,214.62,0.7157,-1,-1,-1
219,25,506.11,325.00,189.53,488.78,0.8772,-1,-1,-1
219,28,750.82,398.06,66.46,272.65,0.6843,-1,-1,-1
219,29,666.65,406.04,56.09,186.72,0.3871,-1,-1,-1
220,2,795.87,294.14,197.43,592.79,0.8704,-1,-1,-1
220,6,1137.11,314.01,196.47,547.05,0.8721,-1,-1,-1
220,8,353.03,395.41,166.96,417.78,0.8582,-1,-1,-1
220,23,1021.02,420.00,81.21,216.13,0.7223,-1,-1,-1
220,25,509.17,322.68,188.85,492.64,0.8668,-1,-1,-1
220,28,751.74,398.25,70.42,273.43,0.6724,-1,-1,-1
220,29,666.14,405.54,59.78,179.67,0.5587,-1,-1,-1
220,14,1793.42,394.68,48.48,81.42,0.4104,-1,-1,-1
221,2,801.16,296.90,198.89,594.98,0.8588,-1,-1,-1
221,6,1145.07,314.58,198.16,546.32,0.8734,-1,-1,-1
221,8,351.98,391.25,170.53,423.47,0.8508,-1,-1,-1
221,23,1026.11,422.35,80.90,215.05,0.7113,-1,-1,-1
221,25,510.38,318.93,188.72,497.72,0.8655,-1,-1,-1
221,28,754.20,396.90,73.85,276.54,0.7016,-1,-1,-1
221,29,665.66,404.88,64.08,182.90,0.5403,-1,-1,-1
221,14,1799.06,394.76,51.89,84.70,0.4943,-1,-1,-1
222,2,807.18,299.29,197.03,597.43,0.8565,-1,-1,-1
222,6,1154.67,317.42,194.25,546.03,0.8892,-1,-1,-1
222,8,351.21,387.74,172.67,428.39,0.8544,-1,-1,-1
222,23,1026.10,423.63,85.68,216.26,0.7125,-1,-1,-1
222,25,511.57,315.82,189.06,503.26,0.8748,-1,-1,-1
222,28,757.50,396.94,76.77,278.17,0.7174,-1,-1,-1
222,29,667.58,406.47,68.23,186.22,0.5036,-1,-1,-1
222,14,1810.58,398.51,50.56,82.29,0.4915,-1,-1,-1
223,2,815.29,301.76,193.96,596.79,0.8708,-1,-1,-1
223,6,1162.74,317.38,191.43,547.55,0.8806,-1,-1,-1
223,8,348.47,385.89,175.56,431.31,0.8500,-1,-1,-1
223,23,1033.55,421.63,80.86,218.60,0.7051,-1,-1,-1
223,25,511.44,312.82,191.55,504.39,0.8739,-1,-1,-1
223,28,759.98,395.85,79.05,279.76,0.7206,-1,-1,-1
223,29,668.66,407.00,70.62,189.13,0.5438,-1,-1,-1
223,14,1816.84,396.58,52.62,84.97,0.4957,-1,-1,-1
223,31,1432.58,523.86,157.31,334.49,0.3559,-1,-1,-1
224,2,821.96,304.36,193.89,594.67,0.8797,-1,-1,-1
224,6,1169.38,313.55,189.49,553.54,0.8861,-1,-1,-1
224,8,347.30,384.76,174.93,432.77,0.8485,-1,-1,-1
224,23,1038.44,419.78,80.79,219.16,0.7569,-1,-1,-1
224,25,509.96,306.59,195.12,512.59,0.8763,-1,-1,-1
224,28,761.46,393.57,82.05,284.63,0.8186,-1,-1,-1
224,29,670.83,406.75,70.82,193.98,0.4122,-1,-1,-1
224,14,1822.92,395.45,55.92,87.63,0.4430,-1,-1,-1
224,31,1443.39,531.07,147.45,327.21,0.4139,-1,-1,-1
225,2,826.31,304.20,198.39,594.16,0.8805,-1,-1,-1
225,6,1175.96,313.58,188.80,555.06,0.8826,-1,-1,-1
225,8,346.72,383.88,170.96,435.78,0.8529,-1,-1,-1
225,23,1040.10,420.62,81.59,216.95,0.7666,-1,-1,-1
225,25,507.57,301.19,199.79,523.58,0.8707,-1,-1,-1
225,28,761.45,393.02,87.02,286.76,0.8124,-1,-1,-1
225,29,672.12,405.11,70.32,199.83,0.5326,-1,-1,-1
225,14,1833.36,397.33,54.66,85.09,0.4404,-1,-1,-1
226,2,834.42,302.74,196.64,589.50,0.8721,-1,-1,-1
226,6,1179.95,313.52,187.40,557.61,0.8714,-1,-1,-1
226,8,341.27,381.96,171.14,438.99,0.8615,-1,-1,-1
226,23,1039.79,422.26,82.48,214.30,0.7552,-1,-1,-1
226,25,500.96,299.62,206.07,532.37,0.8715,-1,-1,-1
226,28,760.56,393.28,92.71,288.25,0.7939,-1,-1,-1
226,29,671.79,405.37,72.13,210.57,0.6469,-1,-1,-1
226,14,1836.82,395.92,58.40,86.97,0.6333,-1,-1,-1
227,2,837.35,301.96,197.52,582.19,0.8734,-1,-1,-1
227,6,1182.97,314.26,187.93,558.63,0.8638,-1,-1,-1
227,8,334.70,379.39,171.70,447.33,0.8500,-1,-1,-1
227,23,1041.07,425.58,84.90,209.86,0.7621,-1,-1,-1
227,25,493.90,296.39,211.36,544.37,0.8762,-1,-1,-1
227,28,756.61,393.29,99.34,290.45,0.7856,-1,-1,-1
227,29,671.09,404.05,73.61,216.54,0.6699,-1,-1,-1
227,14,1839.32,397.39,62.90,86.10,0.4284,-1,-1,-1
228,2,840.23,299.65,196.25,592.31,0.8665,-1,-1,-1
228,6,1184.83,314.97,187.22,562.75,0.8641,-1,-1,-1
228,8,329.69,373.55,165.98,460.03,0.8496,-1,-1,-1
228,23,1042.51,421.88,85.49,212.66,0.7660,-1,-1,-1
228,25,477.84,292.16,225.72,553.39,0.8746,-1,-1,-1
228,28,754.51,392.97,103.82,293.11,0.7976,-1,-1,-1
228,29,667.37,401.78,77.82,224.39,0.6481,-1,-1,-1
228,14,1841.68,397.69,65.68,85.70,0.3610,-1,-1,-1
229,2,846.31,297.74,191.63,592.77,0.8580,-1,-1,-1
229,6,1185.29,316.41,186.96,565.11,0.8663,-1,-1,-1
229,8,321.84,370.02,163.73,471.51,0.8455,-1,-1,-1
229,23,1045.45,421.34,83.89,212.93,0.7605,-1,-1,-1
229,25,471.51,290.57,228.05,557.10,0.8690,-1,-1,-1
229,28,754.06,393.84,103.75,296.28,0.8024,-1,-1,-1
229,29,663.53,401.56,80.74,227.19,0.6379,-1,-1,-1
229,14,1846.79,397.21,63.63,88.09,0.4354,-1,-1,-1
230,2,852.88,297.92,188.14,585.87,0.8512,-1,-1,-1
230,6,1186.12,317.29,186.52,565.71,0.8678,-1,-1,-1
230,8,310.22,370.86,171.56,481.06,0.8695,-1,-1,-1
230,23,1047.65,420.43,81.58,215.19,0.7608,-1,-1,-1
230,25,455.93,290.35,239.62,566.64,0.8506,-1,-1,-1
230,28,754.05,395.77,103.46,297.92,0.8084,-1,-1,-1
230,29,658.93,399.65,85.06,231.70,0.6842,-1,-1,-1
230,14,1849.73,399.03,65.35,89.07,0.4781,-1,-1,-1
231,2,859.39,298.48,183.02,578.24,0.8566,-1,-1,-1
231,6,1185.29,316.56,186.61,567.64,0.8617,-1,-1,-1
231,8,296.08,374.21,176.00,483.24,0.8449,-1,-1,-1
231,23,1047.33,418.10,80.96,217.98,0.7489,-1,-1,-1
231,25,444.99,288.40,246.98,579.51,0.8316,-1,-1,-1
231,28,753.46,395.81,103.33,300.47,0.8185,-1,-1,-1
231,29,653.22,398.44,90.15,242.30,0.6942,-1,-1,-1
231,14,1850.77,401.12,66.63,89.43,0.5355,-1,-1,-1
232,2,861.85,298.80,180.31,575.12,0.8498,-1,-1,-1
232,6,1183.28,316.84,186.43,570.44,0.8622,-1,-1,-1
232,8,278.60,373.11,177.87,492.95,0.8270,-1,-1,-1
232,23,1045.04,421.05,79.91,215.93,0.7541,-1,-1,-1
232,25,436.71,287.09,246.36,589.02,0.8570,-1,-1,-1
232,28,749.41,399.18,103.53,301.09,0.8366,-1,-1,-1
232,29,646.44,398.69,93.10,260.43,0.7756,-1,-1,-1
232,14,1851.39,402.85,66.25,90.84,0.5292,-1,-1,-1
233,2,857.80,301.54,182.20,580.38,0.8623,-1,-1,-1
233,6,1179.73,318.73,188.67,575.74,0.8610,-1,-1,-1
233,8,257.34,371.50,188.97,507.14,0.8720,-1,-1,-1
233,23,1042.19,422.54,79.85,218.80,0.7545,-1,-1,-1
233,25,425.84,285.19,247.39,603.46,0.8818,-1,-1,-1
233,28,737.85,397.15,109.89,306.02,0.8273,-1,-1,-1
233,29,637.59,404.06,95.58,274.89,0.7756,-1,-1,-1
233,14,1849.93,407.76,67.10,89.43,0.5334,-1,-1,-1
234,2,856.42,302.91,183.32,583.32,0.8706,-1,-1,-1
234,6,1174.38,321.27,192.17,575.78,0.8715,-1,-1,-1
234,8,246.15,368.75,190.27,519.85,0.8782,-1,-1,-1
234,23,1037.05,425.59,80.72,218.40,0.7211,-1,-1,-1
234,25,411.87,281.36,245.77,615.34,0.8917,-1,-1,-1
234,28,733.72,393.31,109.22,311.35,0.8217,-1,-1,-1
234,29,630.28,404.07,97.47,285.40,0.7807,-1,-1,-1
234,14,1848.27,411.64,67.27,86.59,0.4891,-1,-1,-1
235,2,855.47,303.53,184.34,587.09,0.8744,-1,-1,-1
235,6,1166.03,320.91,197.04,577.68,0.8778,-1,-1,-1
235,8,231.95,364.41,191.19,532.31,0.8850,-1,-1,-1
235,23,1036.13,426.12,79.43,217.79,0.7091,-1,-1,-1
235,25,396.46,274.13,248.65,626.25,0.8765,-1,-1,-1
235,28,724.01,391.51,111.42,314.49,0.8088,-1,-1,-1
235,29,623.73,404.13,96.64,291.11,0.7868,-1,-1,-1
235,14,1849.76,413.23,65.82,86.50,0.4449,-1,-1,-1
236,2,856.51,306.37,182.04,589.02,0.8761,-1,-1,-1
236,6,1159.13,322.94,202.14,577.50,0.8717,-1,-1,-1
236,8,218.64,362.81,194.04,537.89,0.8438,-1,-1,-1
236,23,1032.82,428.32,81.21,215.06,0.6686,-1,-1,-1
236,25,385.89,269.94,245.30,635.84,0.8691,-1,-1,-1
236,28,720.69,391.92,110.43,318.66,0.7960,-1,-1,-1
236,29,614.27,405.41,100.21,301.26,0.8308,-1,-1,-1
236,14,1850.22,415.71,65.95,85.96,0.5017,-1,-1,-1
237,2,857.78,310.48,178.41,589.00,0.8785,-1,-1,-1
237,6,1154.11,324.75,206.48,573.04,0.8788,-1,-1,-1
237,8,204.31,360.79,197.67,543.99,0.8655,-1,-1,-1
237,23,1033.49,428.21,78.15,218.22,0.6896,-1,-1,-1
237,25,375.19,265.98,243.97,643.54,0.8657,-1,-1,-1
237,28,710.92,392.81,116.42,322.01,0.7996,-1,-1,-1
237,29,607.04,406.15,99.98,306.25,0.7910,-1,-1,-1
237,14,1849.34,416.91,66.80,87.53,0.5011,-1,-1,-1
238,2,857.63,312.61,175.23,591.72,0.8762,-1,-1,-1
238,6,1148.84,328.27,211.60,566.72,0.8780,-1,-1,-1
238,8,190.10,353.97,198.71,555.85,0.8589,-1,-1,-1
238,23,1034.80,427.77,75.47,221.10,0.5366,-1,-1,-1
238,25,361.00,261.02,242.05,656.57,0.8688,-1,-1,-1
238,28,710.36,389.78,114.66,326.55,0.8143,-1,-1,-1
238,29,598.90,406.52,102.68,308.88,0.7958,-1,-1,-1
238,14,1847.39,417.09,68.58,90.50,0.5431,-1,-1,-1
239,2,856.21,317.09,173.54,591.24,0.8672,-1,-1,-1
239,6,1145.21,328.38,212.79,565.03,0.8812,-1,-1,-1
239,8,175.70,350.39,195.53,565.26,0.8871,-1,-1,-1
239,23,1031.76,427.43,72.50,224.40,0.5556,-1,-1,-1
239,25,340.61,257.58,251.99,663.50,0.8638,-1,-1,-1
239,28,702.45,388.18,118.03,330.76,0.8320,-1,-1,-1
239,29,591.94,405.61,102.41,313.74,0.7615,-1,-1,-1
239,14,1846.79,418.70,67.19,91.22,0.5655,-1,-1,-1
240,2,851.61,321.68,170.51,590.18,0.8586,-1,-1,-1
240,6,1137.09,328.20,217.23,567.14,0.8883,-1,-1,-1
240,8,154.63,346.48,202.42,574.81,0.8435,-1,-1,-1
240,23,1029.59,431.94,73.17,227.28,0.5882,-1,-1,-1
240,25,313.78,253.20,273.05,671.45,0.8766,-1,-1,-1
240,28,696.48,387.97,119.39,334.50,0.8186,-1,-1,-1
240,29,586.42,406.80,102.11,316.01,0.7665,-1,-1,-1
240,14,1842.29,420.97,68.31,92.28,0.5895,-1,-1,-1
241,2,845.63,323.51,168.40,589.61,0.8659,-1,-1,-1
241,6,1131.83,327.34,217.68,569.98,0.8763,-1,-1,-1
241,8,137.07,346.24,206.24,576.30,0.8463,-1,-1,-1
241,23,1021.07,428.91,78.04,226.81,0.5001,-1,-1,-1
241,25,302.69,250.05,268.90,678.34,0.8830,-1,-1,-1
241,28,690.88,388.99,121.01,335.71,0.8160,-1,-1,-1
241,29,578.01,407.04,102.82,322.85,0.8256,-1,-1,-1
241,14,1840.12,423.77,68.37,89.93,0.4500,-1,-1,-1
242,2,836.30,324.31,169.01,588.87,0.8502,-1,-1,-1
242,6,1128.28,327.92,217.20,570.30,0.8683,-1,-1,-1
242,8,105.73,341.27,224.30,588.63,0.8460,-1,-1,-1
242,23,1013.60,425.47,78.39,231.54,0.5244,-1,-1,-1
242,25,283.32,245.74,277.92,693.17,0.8867,-1,-1,-1
242,28,682.58,389.11,122.44,338.42,0.8128,-1,-1,-1
242,29,568.80,404.85,103.78,328.64,0.8340,-1,-1,-1
242,14,1831.64,422.12,74.29,92.89,0.4366,-1,-1,-1
243,2,827.01,321.19,172.65,590.89,0.8415,-1,-1,-1
243,6,1123.54,329.00,215.93,571.32,0.8705,-1,-1,-1
243,8,83.41,338.98,231.09,597.32,0.8169,-1,-1,-1
243,23,1007.82,425.90,78.49,239.34,0.5487,-1,-1,-1
243,25,253.77,241.82,298.05,714.26,0.8871,-1,-1,-1
243,28,678.75,389.37,118.72,342.67,0.8163,-1,-1,-1
243,29,555.41,403.64,110.75,332.09,0.8132,-1,-1,-1
243,14,1826.49,420.96,72.85,93.99,0.5541,-1,-1,-1
243,31,1442.05,473.99,159.91,424.92,0.4282,-1,-1,-1
244,2,817.48,318.91,176.85,591.40,0.8400,-1,-1,-1
244,6,1117.56,331.36,216.55,571.09,0.8609,-1,-1,-1
244,8,64.32,336.56,233.58,621.04,0.8239,-1,-1,-1
244,23,1004.34,425.82,78.74,236.68,0.6817,-1,-1,-1
244,25,222.24,237.47,319.53,748.46,0.8653,-1,-1,-1
244,28,674.13,391.52,115.82,343.28,0.8385,-1,-1,-1
244,29,544.22,401.43,113.89,338.29,0.7688,-1,-1,-1
244,14,1823.08,420.95,71.80,92.92,0.5693,-1,-1,-1
245,2,805.31,317.73,182.49,587.72,0.8472,-1,-1,-1
245,6,1113.32,332.63,216.20,571.25,0.8654,-1,-1,-1
245,8,29.92,335.52,250.09,633.96,0.8575,-1,-1,-1
245,23,1002.03,416.53,76.97,241.01,0.5801,-1,-1,-1
245,25,202.53,235.81,328.10,752.26,0.8577,-1,-1,-1
245,28,666.13,392.81,117.82,345.79,0.8310,-1,-1,-1
245,29,532.41,399.63,115.46,345.13,0.7878,-1,-1,-1
245,14,1820.62,421.53,69.64,92.75,0.5659,-1,-1,-1
246,2,795.02,317.12,189.89,580.56,0.8482,-1,-1,-1
246,6,1108.98,333.21,217.98,572.89,0.8730,-1,-1,-1
246,8,11.98,334.22,248.47,643.69,0.8509,-1,-1,-1
246,23,998.30,417.56,75.62,235.16,0.6107,-1,-1,-1
246,25,182.80,232.98,338.98,789.29,0.8850,-1,-1,-1
246,28,654.90,392.38,121.93,351.99,0.8209,-1,-1,-1
246,29,520.97,398.09,120.54,350.78,0.8026,-1,-1,-1
246,14,1817.83,421.62,68.57,92.29,0.5320,-1,-1,-1
247,2,788.50,317.26,194.13,577.45,0.8435,-1,-1,-1
247,6,1104.42,335.28,220.27,573.63,0.8730,-1,-1,-1
247,8,-3.61,335.10,248.42,656.45,0.8650,-1,-1,-1
247,23,994.48,427.14,74.75,225.64,0.5124,-1,-1,-1
247,25,151.85,230.25,357.72,811.20,0.8751,-1,-1,-1
247,28,646.40,393.29,125.77,355.66,0.8230,-1,-1,-1
247,29,512.42,398.50,119.50,358.70,0.7667,-1,-1,-1
247,14,1811.74,421.14,69.83,92.69,0.5251,-1,-1,-1
248,2,782.88,320.32,201.11,576.66,0.8274,-1,-1,-1
248,6,1099.76,336.68,221.94,580.44,0.8771,-1,-1,-1
248,8,-8.28,336.40,240.46,674.94,0.8501,-1,-1,-1
248,23,991.59,426.52,73.18,235.09,0.4323,-1,-1,-1
248,25,117.77,230.27,379.90,816.03,0.8777,-1,-1,-1
248,28,639.76,397.15,126.12,358.38,0.7828,-1,-1,-1
248,29,504.54,400.52,117.83,366.14,0.8086,-1,-1,-1
248,14,1814.37,424.68,62.00,92.09,0.3500,-1,-1,-1
249,2,778.50,323.08,197.88,577.80,0.8299,-1,-1,-1
249,6,1099.59,338.91,220.53,585.24,0.8771,-1,-1,-1
249,8,-9.40,349.15,217.12,686.25,0.8294,-1,-1,-1
249,25,95.20,227.25,386.23,835.52,0.8828,-1,-1,-1
249,28,631.92,397.05,130.50,366.05,0.7800,-1,-1,-1
249,29,496.37,403.37,121.96,375.86,0.7966,-1,-1,-1
249,14,1807.08,425.51,68.20,91.54,0.4916,-1,-1,-1
249,34,940.60,370.52,66.32,378.54,0.5872,-1,-1,-1
249,31,1410.32,478.91,170.07,437.93,0.3767,-1,-1,-1
250,2,775.48,322.72,197.86,581.52,0.8365,-1,-1,-1
250,6,1100.76,339.74,219.57,588.19,0.8789,-1,-1,-1
250,8,-7.20,346.03,195.82,714.73,0.8306,-1,-1,-1
250,25,79.29,222.87,388.12,849.35,0.8588,-1,-1,-1
250,28,628.42,397.00,132.16,371.93,0.8158,-1,-1,-1
250,29,492.31,406.29,121.98,380.85,0.7875,-1,-1,-1
250,14,1809.87,426.18,66.84,90.74,0.3875,-1,-1,-1
250,34,937.87,373.05,70.75,378.61,0.5605,-1,-1,-1
251,2,773.99,326.52,196.78,584.77,0.8483,-1,-1,-1
251,6,1102.25,339.92,218.18,591.71,0.8795,-1,-1,-1
251,8,-5.88,342.29,180.23,730.08,0.8394,-1,-1,-1
251,25,68.63,218.69,382.16,859.82,0.8853,-1,-1,-1
251,28,625.03,398.92,134.01,376.12,0.8166,-1,-1,-1
251,29,486.29,411.55,126.17,383.35,0.8385,-1,-1,-1
251,14,1809.84,428.90,69.31,88.48,0.3565,-1,-1,-1
251,34,938.57,372.80,68.57,382.16,0.4815,-1,-1,-1
251,23,983.87,452.08,73.89,284.89,0.3732,-1,-1,-1
252,2,773.46,329.21,193.00,589.25,0.8510,-1,-1,-1
252,6,1103.35,341.68,217.33,592.12,0.8808,-1,-1,-1
252,8,-4.16,340.29,162.61,736.19,0.8276,-1,-1,-1
252,25,62.71,213.17,373.49,866.84,0.8886,-1,-1,-1
252,28,614.31,400.15,142.76,379.97,0.8205,-1,-1,-1
252,29,479.21,413.83,131.68,386.11,0.8333,-1,-1,-1
252,34,937.00,364.20,74.78,393.45,0.4319,-1,-1,-1
253,2,772.81,329.78,192.49,594.94,0.8524,-1,-1,-1
253,6,1107.41,340.61,215.97,594.99,0.8716,-1,-1,-1
253,8,-3.53,337.25,144.16,742.32,0.8347,-1,-1,-1
253,25,61.31,204.70,361.02,870.73,0.9057,-1,-1,-1
253,28,604.63,397.98,150.78,380.42,0.8344,-1,-1,-1
253,29,472.82,413.22,135.89,390.80,0.8362,-1,-1,-1
253,34,933.81,368.46,78.86,388.21,0.4860,-1,-1,-1
254,2,774.27,333.64,194.17,595.63,0.8485,-1,-1,-1
254,6,1111.62,340.38,213.14,593.40,0.8704,-1,-1,-1
254,8,-1.35,337.55,127.18,741.88,0.8302,-1,-1,-1
254,25,49.57,199.04,357.52,875.82,0.9119,-1,-1,-1
254,28,602.68,399.19,153.56,381.55,0.8474,-1,-1,-1
254,29,469.99,416.27,135.94,396.02,0.8381,-1,-1,-1
254,34,940.59,384.60,102.07,379.15,0.6336,-1,-1,-1
255,2,776.77,337.88,198.59,594.13,0.8591,-1,-1,-1
255,6,1115.72,338.73,213.81,591.43,0.8779,-1,-1,-1
255,8,-0.26,334.81,108.82,744.50,0.7594,-1,-1,-1
255,25,33.48,190.54,363.88,885.43,0.9113,-1,-1,-1
255,28,600.93,399.48,156.63,384.39,0.8397,-1,-1,-1
255,29,468.58,416.73,135.71,400.77,0.8349,-1,-1,-1
255,34,944.68,393.96,115.56,372.69,0.6911,-1,-1,-1
255,14,1820.94,423.43,75.05,91.04,0.4649,-1,-1,-1
256,2,783.91,344.73,194.87,590.29,0.8654,-1,-1,-1
256,6,1121.00,340.84,215.24,586.23,0.8770,-1,-1,-1
256,8,0.31,334.43,94.08,742.86,0.7020,-1,-1,-1
256,25,16.75,181.04,373.06,897.06,0.9072,-1,-1,-1
256,28,597.98,401.47,162.08,388.17,0.8375,-1,-1,-1
256,29,466.68,416.54,139.29,407.11,0.8296,-1,-1,-1
256,34,948.93,397.06,125.61,372.32,0.6654,-1,-1,-1
256,14,1823.63,424.03,81.84,92.50,0.5411,-1,-1,-1
257,2,789.87,350.48,194.48,584.57,0.8737,-1,-1,-1
257,6,1127.53,341.56,214.02,581.16,0.8827,-1,-1,-1
257,8,0.21,397.11,81.89,674.37,0.5349,-1,-1,-1
257,25,6.48,178.75,374.57,894.80,0.9080,-1,-1,-1
257,28,596.31,401.07,163.49,395.42,0.8301,-1,-1,-1
257,29,465.00,416.19,140.95,412.13,0.8238,-1,-1,-1
257,34,954.16,416.02,129.71,355.42,0.5360,-1,-1,-1
257,14,1830.73,424.93,79.13,92.91,0.3615,-1,-1,-1
258,2,796.28,350.51,191.76,584.39,0.8659,-1,-1,-1
258,6,1134.02,340.49,212.00,580.88,0.8778,-1,-1,-1
258,25,-0.80,173.40,375.29,897.63,0.9188,-1,-1,-1
258,28,594.16,400.41,165.11,403.61,0.8384,-1,-1,-1
258,29,463.30,413.65,140.47,416.20,0.8267,-1,-1,-1
258,34,960.26,435.21,129.80,335.61,0.5041,-1,-1,-1
258,14,1829.60,421.73,85.14,95.44,0.4484,-1,-1,-1
259,2,800.29,350.87,190.98,586.13,0.8702,-1,-1,-1
259,6,1139.11,340.41,209.42,581.03,0.8936,-1,-1,-1
259,25,-4.01,167.71,373.73,902.23,0.9222,-1,-1,-1
259,28,588.89,403.01,169.60,403.75,0.8511,-1,-1,-1
259,29,459.63,410.55,138.75,416.58,0.8326,-1,-1,-1
259,34,963.61,431.10,129.38,340.69,0.5857,-1,-1,-1
259,14,1843.60,421.68,75.29,94.55,0.4241,-1,-1,-1
260,2,804.45,348.95,191.40,587.67,0.8502,-1,-1,-1
260,6,1144.97,340.01,206.15,585.74,0.8958,-1,-1,-1
260,25,-4.83,159.63,369.51,910.84,0.9303,-1,-1,-1
260,28,584.72,407.17,173.56,403.28,0.8413,-1,-1,-1
260,29,453.96,407.83,141.73,421.46,0.8239,-1,-1,-1
260,34,975.44,433.38,121.21,336.51,0.5954,-1,-1,-1
260,14,1850.83,422.92,69.60,93.97,0.3700,-1,-1,-1
261,2,814.22,345.32,185.58,578.42,0.8508,-1,-1,-1
261,6,1148.55,339.92,204.32,588.28,0.9040,-1,-1,-1
261,25,-4.93,151.00,363.06,921.05,0.9334,-1,-1,-1
261,28,584.60,409.47,171.72,405.98,0.8246,-1,-1,-1
261,29,449.95,404.48,143.67,425.39,0.8191,-1,-1,-1
261,34,977.35,433.09,121.76,338.60,0.6728,-1,-1,-1
261,14,1853.72,423.53,66.99,94.53,0.3957,-1,-1,-1
262,2,821.00,342.63,182.04,570.86,0.8614,-1,-1,-1
262,6,1151.96,339.38,203.35,590.36,0.9056,-1,-1,-1
262,25,-4.52,142.87,353.70,930.30,0.9327,-1,-1,-1
262,28,589.12,410.40,162.94,409.12,0.7843,-1,-1,-1
262,29,445.81,403.17,144.18,432.20,0.8476,-1,-1,-1
262,34,978.51,431.33,124.15,341.19,0.6619,-1,-1,-1
262,14,1859.74,423.04,60.95,95.14,0.4688,-1,-1,-1
262,36,784.08,455.09,58.18,207.60,0.5739,-1,-1,-1
263,2,826.20,341.15,177.01,566.13,0.8499,-1,-1,-1
263,6,1156.00,337.20,202.23,593.36,0.9056,-1,-1,-1
263,25,-4.04,130.76,341.82,941.81,0.9310,-1,-1,-1
263,28,588.53,408.04,157.07,417.41,0.7176,-1,-1,-1
263,29,440.38,400.26,144.52,439.57,0.8475,-1,-1,-1
263,34,983.59,428.61,123.66,343.81,0.6632,-1,-1,-1
263,14,1863.93,422.93,56.45,94.32,0.3665,-1,-1,-1
263,36,784.23,451.90,60.32,211.40,0.5935,-1,-1,-1
264,2,827.10,339.68,176.04,564.10,0.8387,-1,-1,-1
264,6,1158.71,335.55,202.21,595.43,0.8980,-1,-1,-1
264,25,-3.45,122.14,327.97,948.52,0.9193,-1,-1,-1
264,28,585.76,404.28,154.09,424.36,0.7754,-1,-1,-1
264,29,428.81,395.24,154.15,452.64,0.8479,-1,-1,-1
264,34,984.77,423.51,130.14,349.63,0.6285,-1,-1,-1
264,36,786.41,448.76,59.37,216.04,0.6360,-1,-1,-1
265,2,829.88,331.64,171.05,567.12,0.8412,-1,-1,-1
265,6,1160.02,333.42,202.69,597.78,0.8975,-1,-1,-1
265,25,-2.99,113.26,310.27,954.94,0.8963,-1,-1,-1
265,28,583.19,397.81,148.91,425.13,0.7813,-1,-1,-1
265,29,416.81,393.44,161.70,456.61,0.8463,-1,-1,-1
265,34,993.61,416.52,128.39,354.39,0.7843,-1,-1,-1
265,36,786.54,444.87,61.55,226.81,0.6928,-1,-1,-1
265,14,1868.88,419.91,51.40,95.12,0.3803,-1,-1,-1
266,2,832.66,325.49,168.70,573.99,0.8497,-1,-1,-1
266,6,1161.38,331.43,202.56,600.85,0.8977,-1,-1,-1
266,25,-2.23,114.26,287.45,948.54,0.8300,-1,-1,-1
266,28,576.28,391.16,150.71,428.33,0.7629,-1,-1,-1
266,29,407.42,394.86,161.14,457.47,0.8253,-1,-1,-1
266,34,997.13,410.83,136.87,357.82,0.7644,-1,-1,-1
266,36,786.15,443.18,64.62,230.35,0.7496,-1,-1,-1
266,14,1875.65,419.26,44.55,95.40,0.4607,-1,-1,-1
267,2,836.65,323.01,165.34,577.24,0.8438,-1,-1,-1
267,6,1163.20,329.93,202.57,603.08,0.8954,-1,-1,-1
267,25,-1.87,194.80,259.28,862.26,0.8202,-1,-1,-1
267,28,554.24,381.92,169.59,441.46,0.8281,-1,-1,-1
267,29,403.14,390.25,156.49,464.87,0.8342,-1,-1,-1
267,34,1005.33,406.87,134.74,358.91,0.7736,-1,-1,-1
267,36,786.33,441.89,67.35,235.07,0.7603,-1,-1,-1
267,14,1881.32,418.35,38.76,95.10,0.4992,-1,-1,-1
268,2,842.41,323.12,158.15,579.16,0.8447,-1,-1,-1
268,6,1163.95,327.98,202.80,604.60,0.8972,-1,-1,-1
268,25,-1.34,225.88,220.06,784.45,0.8358,-1,-1,-1
268,28,551.00,375.55,169.46,450.67,0.8388,-1,-1,-1
268,29,400.32,389.03,154.88,469.74,0.8425,-1,-1,-1
268,34,1010.50,404.49,132.79,361.57,0.8020,-1,-1,-1
268,36,785.68,440.93,70.81,237.37,0.7924,-1,-1,-1
268,14,1883.90,416.66,35.92,95.65,0.4886,-1,-1,-1
269,2,846.55,323.19,151.98,579.42,0.8460,-1,-1,-1
269,6,1163.29,324.68,203.33,610.37,0.8879,-1,-1,-1
269,25,-1.14,224.48,187.73,806.75,0.8226,-1,-1,-1
269,28,546.95,364.83,168.32,461.51,0.8323,-1,-1,-1
269,29,393.66,380.90,156.02,480.43,0.8694,-1,-1,-1
269,34,1006.16,401.13,140.15,368.54,0.7269,-1,-1,-1
269,36,784.51,438.09,71.40,237.20,0.7777,-1,-1,-1
269,14,1885.12,413.43,34.13,98.30,0.4547,-1,-1,-1
270,2,836.45,319.73,162.00,581.67,0.8153,-1,-1,-1
270,6,1162.03,318.85,203.07,614.47,0.8820,-1,-1,-1
270,25,-1.14,222.15,156.37,606.42,0.5927,-1,-1,-1
270,28,542.14,353.28,171.01,471.71,0.8410,-1,-1,-1
270,29,385.03,371.68,161.78,488.74,0.8759,-1,-1,-1
270,34,1004.38,397.13,145.68,372.12,0.6434,-1,-1,-1
270,36,782.79,434.36,71.77,234.92,0.7537,-1,-1,-1
270,14,1887.47,410.47,31.51,100.23,0.3749,-1,-1,-1
271,2,833.85,319.57,163.06,579.60,0.7982,-1,-1,-1
271,6,1161.25,316.11,202.38,612.63,0.8905,-1,-1,-1
271,25,-0.62,220.40,128.43,583.57,0.3997,-1,-1,-1
271,28,536.08,347.73,174.44,475.57,0.8421,-1,-1,-1
271,29,375.55,365.13,168.22,495.01,0.8749,-1,-1,-1
271,34,1008.68,395.89,141.82,373.73,0.7603,-1,-1,-1
271,36,780.85,430.65,72.14,233.65,0.7617,-1,-1,-1
272,2,837.03,317.00,152.52,577.28,0.8419,-1,-1,-1
272,6,1159.12,309.70,200.67,611.46,0.8948,-1,-1,-1
272,28,529.26,342.74,175.15,478.71,0.8574,-1,-1,-1
272,29,359.34,353.16,170.89,505.80,0.8720,-1,-1,-1
272,34,1009.15,392.88,140.07,373.28,0.7888,-1,-1,-1
272,36,776.39,425.25,72.36,230.35,0.7922,-1,-1,-1
272,14,1886.91,404.04,31.72,101.21,0.3504,-1,-1,-1
273,2,831.84,315.80,152.91,572.86,0.8369,-1,-1,-1
273,6,1155.32,304.77,200.45,610.35,0.8988,-1,-1,-1
273,28,522.95,338.13,173.32,480.55,0.8674,-1,-1,-1
273,29,343.66,343.86,170.79,512.75,0.8805,-1,-1,-1
273,34,1007.66,390.66,139.49,374.71,0.7887,-1,-1,-1
273,36,769.36,419.27,74.10,229.15,0.7440,-1,-1,-1
273,38,960.78,359.31,67.46,397.91,0.3736,-1,-1,-1
273,39,703.40,449.79,44.09,138.83,0.3991,-1,-1,-1
273,14,1882.61,398.15,35.83,103.28,0.4524,-1,-1,-1
274,2,826.68,307.98,153.52,575.79,0.8517,-1,-1,-1
274,6,1150.57,300.73,202.36,606.54,0.8962,-1,-1,-1
274,28,516.89,332.94,179.08,488.52,0.8622,-1,-1,-1
274,29,331.21,333.86,168.26,518.44,0.8699,-1,-1,-1
274,34,1000.69,386.90,144.58,377.53,0.7957,-1,-1,-1
274,36,765.09,412.94,72.65,238.45,0.7062,-1,-1,-1
274,39,699.29,444.14,42.47,139.32,0.4361,-1,-1,-1
274,14,1879.47,391.39,38.55,106.99,0.4736,-1,-1,-1
275,2,815.38,301.66,163.25,575.37,0.8566,-1,-1,-1
275,6,1141.26,294.36,208.90,602.01,0.8890,-1,-1,-1
275,28,506.72,325.47,184.99,496.10,0.8633,-1,-1,-1
275,29,316.65,322.56,174.75,525.11,0.8608,-1,-1,-1
275,34,990.87,381.07,151.74,381.24,0.8148,-1,-1,-1
275,36,758.43,404.40,72.09,247.75,0.6669,-1,-1,-1
275,14,1873.57,391.69,44.33,103.80,0.4515,-1,-1,-1
275,40,-1.35,663.86,199.18,414.39,0.5315,-1,-1,-1
276,2,806.74,290.90,164.30,579.82,0.8376,-1,-1,-1
276,6,1135.90,288.64,212.12,596.63,0.8892,-1,-1,-1
276,28,498.23,317.80,187.47,505.29,0.8690,-1,-1,-1
276,29,301.21,315.65,180.77,531.38,0.8736,-1,-1,-1
276,34,983.95,373.98,154.59,386.02,0.8270,-1,-1,-1
276,36,752.63,398.31,70.29,252.00,0.6720,-1,-1,-1
276,14,1870.15,390.01,47.22,101.67,0.3672,-1,-1,-1
276,38,941.58,325.99,61.54,414.40,0.4675,-1,-1,-1
277,2,798.30,282.83,164.73,571.23,0.8437,-1,-1,-1
277,6,1130.29,280.85,215.06,595.49,0.8845,-1,-1,-1
277,28,488.48,306.01,188.71,509.65,0.8566,-1,-1,-1
277,29,288.10,303.67,178.89,545.16,0.8823,-1,-1,-1
277,34,988.59,366.75,145.80,392.56,0.7620,-1,-1,-1
277,36,744.57,391.68,69.07,250.34,0.6607,-1,-1,-1
277,38,938.70,323.95,65.63,413.74,0.4957,-1,-1,-1
278,2,788.00,277.20,167.43,564.23,0.8564,-1,-1,-1
278,6,1124.88,274.44,215.43,596.03,0.8730,-1,-1,-1
278,28,480.04,297.64,185.75,523.41,0.8626,-1,-1,-1
278,29,273.78,298.58,178.03,553.91,0.8595,-1,-1,-1
278,34,980.00,356.38,151.67,398.41,0.7672,-1,-1,-1
278,36,739.83,386.70,65.39,243.12,0.6240,-1,-1,-1
278,38,935.58,337.28,84.00,390.63,0.4709,-1,-1,-1
279,2,778.27,268.99,173.74,563.15,0.8401,-1,-1,-1
279,6,1121.66,266.33,217.22,596.64,0.8719,-1,-1,-1
279,28,472.90,292.21,185.04,530.74,0.8795,-1,-1,-1
279,29,259.13,291.89,185.39,566.52,0.8747,-1,-1,-1
279,34,977.00,346.43,153.71,402.16,0.7964,-1,-1,-1
279,36,733.83,377.14,66.11,243.08,0.6374,-1,-1,-1
279,38,928.47,312.42,78.41,402.58,0.6060,-1,-1,-1
279,14,1862.08,374.27,55.51,98.98,0.4475,-1,-1,-1
280,2,774.08,260.14,173.66,562.07,0.8441,-1,-1,-1
280,6,1118.56,256.99,219.62,600.22,0.8695,-1,-1,-1
280,28,468.57,281.60,184.51,542.83,0.8746,-1,-1,-1
280,29,246.89,279.20,188.18,579.49,0.8668,-1,-1,-1
280,34,979.77,335.55,150.98,406.86,0.7760,-1,-1,-1
280,36,730.41,369.93,66.00,246.20,0.6923,-1,-1,-1
280,38,926.06,300.51,77.54,407.54,0.4328,-1,-1,-1
280,14,1862.74,369.47,56.42,96.90,0.4234,-1,-1,-1
281,2,774.92,251.16,173.71,557.19,0.8472,-1,-1,-1
281,6,1119.62,249.84,219.05,600.53,0.8827,-1,-1,-1
281,28,463.92,271.57,187.29,552.96,0.8880,-1,-1,-1
281,29,235.26,270.18,196.88,589.68,0.8720,-1,-1,-1
281,34,982.33,322.07,149.71,416.67,0.7972,-1,-1,-1
281,36,729.03,364.99,62.82,239.12,0.6350,-1,-1,-1
281,38,923.58,282.40,82.01,417.20,0.6050,-1,-1,-1
281,14,1865.53,362.99,54.52,96.20,0.4040,-1,-1,-1
282,2,765.86,238.60,183.13,565.89,0.8554,-1,-1,-1
282,6,1117.76,240.08,220.12,604.56,0.8779,-1,-1,-1
282,28,458.91,250.60,191.82,568.89,0.8817,-1,-1,-1
282,29,225.35,253.52,203.90,599.78,0.8827,-1,-1,-1
282,34,985.28,308.64,146.72,421.92,0.7747,-1,-1,-1
282,36,727.43,355.27,62.65,245.01,0.6161,-1,-1,-1
282,38,920.62,270.70,79.96,414.62,0.4667,-1,-1,-1
282,14,1869.26,354.06,51.19,98.78,0.3751,-1,-1,-1
283,2,762.96,230.33,187.28,567.99,0.8244,-1,-1,-1
283,6,1118.88,229.39,221.78,607.35,0.8831,-1,-1,-1
283,28,453.46,232.51,197.40,577.05,0.8749,-1,-1,-1
283,29,213.42,239.60,212.32,610.21,0.8723,-1,-1,-1
283,34,985.72,298.54,148.03,428.44,0.7855,-1,-1,-1
283,36,726.39,346.10,62.50,250.47,0.6342,-1,-1,-1
283,38,920.22,261.37,76.55,415.24,0.5171,-1,-1,-1
283,14,1871.30,344.98,49.79,101.29,0.4123,-1,-1,-1
284,2,763.58,222.62,189.04,568.70,0.8239,-1,-1,-1
284,6,1120.87,220.57,223.10,613.55,0.8841,-1,-1,-1
284,28,445.11,220.82,206.84,577.73,0.8762,-1,-1,-1
284,29,204.52,226.78,216.91,626.60,0.8726,-1,-1,-1
284,34,981.00,288.86,157.66,434.87,0.7918,-1,-1,-1
284,36,725.39,340.67,63.71,247.04,0.6229,-1,-1,-1
284,38,919.60,253.23,75.04,418.41,0.5826,-1,-1,-1
285,2,766.38,214.82,187.10,572.22,0.8502,-1,-1,-1
285,6,1122.67,212.34,225.17,618.40,0.8895,-1,-1,-1
285,28,437.71,207.94,215.75,589.34,0.8818,-1,-1,-1
285,29,194.81,213.73,222.48,636.12,0.8813,-1,-1,-1
285,34,981.97,281.36,161.28,439.62,0.7205,-1,-1,-1
285,36,725.82,332.76,64.97,250.52,0.6386,-1,-1,-1
285,38,921.84,246.19,72.97,420.74,0.3618,-1,-1,-1
285,39,664.77,364.49,37.91,139.28,0.4340,-1,-1,-1
286,2,770.68,209.52,184.47,573.45,0.8569,-1,-1,-1
286,6,1125.15,205.81,225.83,622.80,0.8912,-1,-1,-1
286,28,434.63,193.29,219.59,597.30,0.8973,-1,-1,-1
286,29,182.67,201.32,226.60,646.04,0.8712,-1,-1,-1
286,34,979.48,272.37,170.85,450.80,0.7823,-1,-1,-1
286,36,725.31,324.34,68.00,253.50,0.6692,-1,-1,-1
286,38,921.67,236.66,74.72,424.90,0.4863,-1,-1,-1
286,39,666.27,359.95,37.70,143.49,0.4434,-1,-1,-1
287,2,777.02,202.92,179.16,574.33,0.8645,-1,-1,-1
287,6,1126.48,200.27,231.59,621.65,0.8860,-1,-1,-1
287,28,432.05,179.29,222.73,607.18,0.9020,-1,-1,-1
287,29,173.04,187.79,229.39,655.20,0.8780,-1,-1,-1
287,34,977.17,261.98,181.62,458.16,0.7521,-1,-1,-1
287,36,726.26,314.20,71.52,259.16,0.7310,-1,-1,-1
287,38,922.85,230.41,78.79,423.84,0.5898,-1,-1,-1
288,2,779.06,198.74,180.57,571.67,0.8553,-1,-1,-1
288,6,1137.60,192.13,229.07,624.70,0.8755,-1,-1,-1
288,28,430.39,166.76,224.43,618.84,0.8978,-1,-1,-1
288,29,166.81,177.19,229.31,662.58,0.8819,-1,-1,-1
288,34,985.06,256.61,182.60,463.25,0.6573,-1,-1,-1
288,36,730.08,305.19,71.02,261.20,0.7738,-1,-1,-1
288,38,921.83,225.35,82.44,417.08,0.4561,-1,-1,-1
288,39,672.02,341.45,40.14,150.70,0.4636,-1,-1,-1
289,2,782.36,191.05,185.28,570.45,0.8407,-1,-1,-1
289,6,1146.46,185.19,230.29,627.84,0.8709,-1,-1,-1
289,28,422.49,160.00,234.14,633.75,0.9002,-1,-1,-1
289,29,155.09,163.79,233.95,674.82,0.8979,-1,-1,-1
289,34,1001.00,253.58,172.74,468.17,0.6337,-1,-1,-1
289,36,732.23,298.66,73.27,267.40,0.7495,-1,-1,-1
289,38,927.52,222.74,77.52,407.03,0.5352,-1,-1,-1
290,2,788.22,188.35,189.84,570.38,0.8397,-1,-1,-1
290,6,1157.93,182.11,225.82,625.58,0.8728,-1,-1,-1
290,28,416.82,153.45,241.78,650.83,0.9081,-1,-1,-1
290,29,148.28,151.13,234.24,686.70,0.9037,-1,-1,-1
290,34,1019.38,246.74,162.07,478.75,0.7887,-1,-1,-1
290,36,735.11,295.17,74.23,267.46,0.7411,-1,-1,-1
290,38,936.78,223.94,93.14,408.44,0.4270,-1,-1,-1
290,39,683.73,332.83,40.98,153.34,0.4234,-1,-1,-1
291,2,796.42,183.81,185.43,567.24,0.8224,-1,-1,-1
291,6,1171.76,178.11,218.28,623.50,0.8647,-1,-1,-1
291,28,410.73,148.36,249.53,660.40,0.9073,-1,-1,-1
291,29,137.94,140.04,238.79,696.95,0.9060,-1,-1,-1
291,34,1028.78,239.04,161.38,489.07,0.7919,-1,-1,-1
291,36,738.53,288.22,76.13,269.04,0.7281,-1,-1,-1
291,38,943.16,215.78,92.07,411.22,0.3617,-1,-1,-1
292,2,798.71,180.89,188.04,562.06,0.8276,-1,-1,-1
292,6,1181.93,173.14,216.89,619.44,0.8789,-1,-1,-1
292,28,405.55,147.38,256.41,672.09,0.9081,-1,-1,-1
292,29,129.39,133.86,237.09,710.56,0.9045,-1,-1,-1
292,34,1034.08,233.32,165.48,492.70,0.8052,-1,-1,-1
292,36,740.48,283.24,79.82,272.28,0.7391,-1,-1,-1
292,38,948.03,208.29,87.27,414.76,0.3783,-1,-1,-1
293,2,808.16,176.25,184.42,555.65,0.8413,-1,-1,-1
293,6,1191.84,170.50,214.33,612.53,0.8885,-1,-1,-1
293,28,400.88,144.65,259.98,687.78,0.9056,-1,-1,-1
293,29,113.48,131.55,245.19,731.45,0.8795,-1,-1,-1
293,34,1038.81,229.96,175.14,497.15,0.8317,-1,-1,-1
293,36,744.69,278.87,82.91,274.37,0.7465,-1,-1,-1
293,38,958.93,202.13,91.18,415.37,0.6726,-1,-1,-1
294,2,818.91,173.51,180.05,553.57,0.8254,-1,-1,-1
294,6,1207.59,169.99,209.57,611.55,0.8749,-1,-1,-1
294,28,398.68,143.75,261.99,701.30,0.9052,-1,-1,-1
294,29,87.35,131.61,266.22,752.82,0.8919,-1,-1,-1
294,34,1047.10,226.86,179.40,501.02,0.8480,-1,-1,-1
294,36,750.92,278.51,86.79,274.68,0.7556,-1,-1,-1
294,38,965.90,200.30,96.45,426.51,0.7163,-1,-1,-1
295,2,827.89,179.84,179.69,550.73,0.8323,-1,-1,-1
295,6,1223.28,171.09,202.46,613.66,0.8756,-1,-1,-1
295,28,394.82,142.08,265.88,726.20,0.9053,-1,-1,-1
295,29,62.06,130.34,285.40,769.03,0.8917,-1,-1,-1
295,34,1054.37,222.26,183.67,511.12,0.8541,-1,-1,-1
295,36,757.17,278.83,89.15,277.10,0.7888,-1,-1,-1
295,38,972.58,201.04,91.44,430.64,0.6424,-1,-1,-1
296,2,837.40,177.16,174.68,553.99,0.8425,-1,-1,-1
296,6,1235.82,172.13,197.30,616.79,0.8677,-1,-1,-1
296,28,389.09,137.04,272.50,746.15,0.9054,-1,-1,-1
296,29,38.44,129.56,300.18,782.10,0.8953,-1,-1,-1
296,34,1062.00,213.00,184.62,530.39,0.8656,-1,-1,-1
296,36,760.55,277.23,92.23,279.43,0.7957,-1,-1,-1
296,38,975.28,199.94,95.76,430.44,0.6072,-1,-1,-1
297,2,849.42,177.71,165.06,555.81,0.8250,-1,-1,-1
297,6,1249.85,172.24,192.95,624.29,0.8732,-1,-1,-1
297,28,381.66,131.07,277.85,760.80,0.9120,-1,-1,-1
297,29,26.94,126.62,304.77,800.82,0.8992,-1,-1,-1
297,34,1070.71,208.32,191.69,539.85,0.8557,-1,-1,-1
297,36,767.34,276.43,90.68,279.64,0.7943,-1,-1,-1
297,38,980.08,205.01,108.88,418.55,0.6994,-1,-1,-1
298,2,856.82,179.27,163.62,556.36,0.8204,-1,-1,-1
298,6,1261.57,171.91,188.91,629.95,0.8680,-1,-1,-1
298,28,375.02,120.87,281.88,777.71,0.9057,-1,-1,-1
298,29,22.24,123.45,302.73,817.61,0.9005,-1,-1,-1
298,34,1077.80,204.62,195.60,547.83,0.8599,-1,-1,-1
298,36,772.59,277.65,90.18,276.36,0.8060,-1,-1,-1
298,38,985.83,211.85,106.11,418.84,0.6983,-1,-1,-1
299,2,865.43,180.53,157.79,556.04,0.8373,-1,-1,-1
299,6,1266.15,169.57,189.45,635.62,0.8653,-1,-1,-1
299,28,366.97,108.64,285.46,795.74,0.9076,-1,-1,-1
299,29,15.78,114.33,304.22,843.47,0.8968,-1,-1,-1
299,34,1079.90,203.22,204.99,554.25,0.8725,-1,-1,-1
299,36,777.43,277.20,91.35,279.14,0.7903,-1,-1,-1
299,38,991.31,205.24,101.65,426.31,0.6974,-1,-1,-1
300,2,868.74,183.51,156.34,558.38,0.8301,-1,-1,-1
300,6,1262.66,168.85,199.41,640.32,0.8556,-1,-1,-1
300,28,354.19,98.07,296.18,812.29,0.9086,-1,-1,-1
300,29,5.82,107.30,310.19,871.48,0.8934,-1,-1,-1
300,34,1085.21,201.29,212.73,568.45,0.8651,-1,-1,-1
300,36,780.99,277.07,94.11,280.05,0.7577,-1,-1,-1
300,38,997.46,202.73,98.71,426.95,0.7377,-1,-1,-1
301,2,872.03,182.83,154.66,559.11,0.8477,-1,-1,-1
301,6,1257.51,166.75,210.89,647.59,0.8449,-1,-1,-1
301,28,340.95,84.63,305.77,831.40,0.9149,-1,-1,-1
301,29,-3.89,98.40,311.61,892.27,0.9063,-1,-1,-1
301,34,1089.34,199.96,217.48,583.15,0.8557,-1,-1,-1
301,36,782.81,277.01,95.76,279.74,0.7729,-1,-1,-1
301,38,1003.18,201.89,103.55,425.90,0.7582,-1,-1,-1
302,2,875.13,184.16,153.12,558.99,0.8388,-1,-1,-1
302,6,1261.13,168.63,210.87,649.79,0.8352,-1,-1,-1
302,28,325.17,75.34,317.47,844.44,0.8990,-1,-1,-1
302,29,-7.76,86.12,301.45,915.38,0.8998,-1,-1,-1
302,34,1095.08,198.38,217.25,585.69,0.8601,-1,-1,-1
302,36,782.05,277.19,98.62,280.97,0.7839,-1,-1,-1
302,38,1006.94,201.29,102.21,426.52,0.7561,-1,-1,-1
303,2,878.27,184.65,149.66,558.23,0.8489,-1,-1,-1
303,6,1264.59,170.51,207.91,650.80,0.8203,-1,-1,-1
303,28,310.95,61.36,327.27,862.31,0.9052,-1,-1,-1
303,29,-8.84,68.48,286.67,941.32,0.9199,-1,-1,-1
303,34,1102.25,198.46,211.21,586.53,0.8450,-1,-1,-1
303,36,781.26,277.51,100.53,281.36,0.7872,-1,-1,-1
303,38,1009.19,202.12,97.96,426.52,0.7692,-1,-1,-1
304,2,875.70,184.39,150.00,560.60,0.8529,-1,-1,-1
304,6,1271.13,170.90,201.20,653.20,0.8169,-1,-1,-1
304,28,297.45,55.61,336.40,875.06,0.9151,-1,-1,-1
304,29,-8.41,52.08,258.71,962.48,0.9052,-1,-1,-1
304,34,1104.86,197.03,208.37,607.79,0.8094,-1,-1,-1
304,36,782.94,278.43,98.12,281.06,0.7860,-1,-1,-1
304,38,1010.22,205.95,97.39,423.64,0.7773,-1,-1,-1
305,2,869.25,186.73,153.88,563.71,0.8582,-1,-1,-1
305,6,1278.18,170.75,192.99,655.46,0.8155,-1,-1,-1
305,28,288.07,47.93,341.29,910.40,0.9232,-1,-1,-1
305,29,-6.85,37.71,227.15,982.27,0.8994,-1,-1,-1
305,34,1105.28,197.27,208.85,619.66,0.8278,-1,-1,-1
305,36,782.87,279.51,96.81,281.41,0.7693,-1,-1,-1
305,38,1010.02,210.03,96.87,420.61,0.7822,-1,-1,-1
306,2,861.98,185.90,158.52,563.55,0.8555,-1,-1,-1
306,6,1281.81,170.09,187.75,653.39,0.8278,-1,-1,-1
306,28,272.48,43.47,350.83,944.51,0.9223,-1,-1,-1
306,29,-5.54,31.50,203.12,1000.89,0.9007,-1,-1,-1
306,34,1104.52,196.19,210.24,640.32,0.8549,-1,-1,-1
306,36,782.59,278.98,96.56,285.24,0.7622,-1,-1,-1
306,38,1008.82,209.58,97.18,422.35,0.7794,-1,-1,-1
307,2,858.16,184.36,158.87,555.25,0.8397,-1,-1,-1
307,6,1291.05,168.80,178.00,656.12,0.8341,-1,-1,-1
307,28,252.57,38.01,365.45,974.64,0.9121,-1,-1,-1
307,29,-4.45,30.20,180.00,1027.28,0.8720,-1,-1,-1
307,34,1103.79,194.22,214.57,653.42,0.8695,-1,-1,-1
307,36,781.22,276.32,94.74,290.09,0.7257,-1,-1,-1
307,38,1004.75,211.71,100.55,420.33,0.7993,-1,-1,-1
308,2,855.32,182.16,159.79,552.24,0.8263,-1,-1,-1
308,6,1293.11,166.88,173.51,657.98,0.8201,-1,-1,-1
308,28,237.95,33.09,369.46,1003.79,0.9127,-1,-1,-1
308,29,-3.21,97.44,152.49,965.27,0.7841,-1,-1,-1
308,34,1102.75,190.70,220.70,668.89,0.8624,-1,-1,-1
308,36,779.32,275.92,93.18,289.80,0.7535,-1,-1,-1
308,38,1001.67,212.22,102.04,423.42,0.7789,-1,-1,-1
309,2,850.21,182.92,163.16,551.29,0.8233,-1,-1,-1
309,6,1293.36,168.85,167.48,654.25,0.8161,-1,-1,-1
309,28,219.75,33.26,375.77,1022.59,0.9073,-1,-1,-1
309,29,-1.68,151.48,128.78,903.80,0.8346,-1,-1,-1
309,34,1098.11,189.21,226.03,679.17,0.8720,-1,-1,-1
309,36,776.75,278.95,88.43,282.86,0.7654,-1,-1,-1
309,38,999.10,212.83,103.19,425.17,0.7740,-1,-1,-1
310,2,846.64,181.56,167.36,547.54,0.8142,-1,-1,-1
310,6,1295.95,166.60,163.85,659.90,0.8175,-1,-1,-1
310,28,199.59,26.93,385.63,1033.46,0.9193,-1,-1,-1
310,29,-1.13,175.76,109.34,635.08,0.7405,-1,-1,-1
310,34,1096.45,179.77,231.94,696.05,0.8821,-1,-1,-1
310,36,776.17,276.89,85.13,286.30,0.7569,-1,-1,-1
310,38,998.14,211.53,105.30,425.81,0.7732,-1,-1,-1
311,2,834.51,183.09,180.31,547.53,0.8268,-1,-1,-1
311,6,1299.90,165.59,160.51,656.60,0.8227,-1,-1,-1
311,28,182.74,16.59,391.97,1058.34,0.9179,-1,-1,-1
311,29,-0.44,196.63,92.08,523.66,0.7666,-1,-1,-1
311,34,1095.47,174.49,238.53,705.53,0.8850,-1,-1,-1
311,36,776.18,273.57,82.66,289.92,0.7439,-1,-1,-1
311,38,998.32,209.38,102.77,427.87,0.7597,-1,-1,-1
312,2,827.19,183.42,187.99,550.74,0.8292,-1,-1,-1
312,6,1307.14,164.78,156.08,650.52,0.8073,-1,-1,-1
312,28,164.87,7.14,399.90,1073.21,0.9187,-1,-1,-1
312,34,1100.35,163.91,240.85,720.32,0.8852,-1,-1,-1
312,36,774.65,271.93,81.38,292.77,0.7623,-1,-1,-1
312,38,998.94,206.66,102.32,432.27,0.7451,-1,-1,-1
313,2,820.12,183.51,194.49,553.82,0.8409,-1,-1,-1
313,6,1307.95,163.89,154.81,649.61,0.8350,-1,-1,-1
313,28,142.82,2.38,413.07,1075.39,0.9193,-1,-1,-1
313,34,1103.34,150.07,244.57,740.61,0.9039,-1,-1,-1
313,36,771.47,270.35,81.51,296.24,0.7449,-1,-1,-1
313,38,999.40,207.97,102.49,432.03,0.7384,-1,-1,-1
314,2,815.89,183.65,195.96,553.70,0.8280,-1,-1,-1
314,6,1307.25,160.90,156.29,653.06,0.8442,-1,-1,-1
314,28,121.25,-0.32,427.51,1077.52,0.9262,-1,-1,-1
314,34,1102.78,140.91,249.73,757.07,0.9015,-1,-1,-1
314,36,767.38,270.27,83.80,294.64,0.7470,-1,-1,-1
314,38,997.71,209.88,99.47,433.27,0.7384,-1,-1,-1
315,2,817.66,182.59,191.48,552.10,0.8237,-1,-1,-1
315,6,1311.95,157.66,152.64,646.62,0.8539,-1,-1,-1
315,28,92.06,-1.63,448.44,1078.45,0.9281,-1,-1,-1
315,34,1105.41,132.98,250.86,781.66,0.8932,-1,-1,-1
315,36,765.08,269.10,84.15,296.32,0.7850,-1,-1,-1
315,38,995.35,215.00,103.19,424.95,0.7509,-1,-1,-1
316,2,816.74,182.86,191.18,552.34,0.8323,-1,-1,-1
316,6,1312.13,154.48,153.42,647.99,0.8470,-1,-1,-1
316,28,58.47,-2.33,470.86,1078.45,0.9244,-1,-1,-1
316,34,1109.20,126.26,253.22,807.37,0.8757,-1,-1,-1
316,36,761.72,266.16,85.00,298.11,0.8009,-1,-1,-1
316,38,995.58,214.70,99.50,429.03,0.7437,-1,-1,-1
317,2,815.53,181.34,191.78,553.30,0.8486,-1,-1,-1
317,6,1317.31,150.09,147.54,655.26,0.8292,-1,-1,-1
317,28,26.49,-1.02,491.94,1079.62,0.9127,-1,-1,-1
317,34,1111.27,116.53,259.85,832.55,0.8755,-1,-1,-1
317,36,760.73,263.64,84.93,299.41,0.8029,-1,-1,-1
317,38,993.45,215.43,99.17,428.46,0.7488,-1,-1,-1
318,2,816.31,181.00,189.76,550.64,0.8554,-1,-1,-1
318,6,1320.79,147.75,142.78,659.94,0.8405,-1,-1,-1
318,28,2.55,-0.59,500.08,1077.17,0.9352,-1,-1,-1
318,34,1114.07,109.81,267.30,849.72,0.8674,-1,-1,-1
318,36,756.97,261.57,87.27,298.82,0.8061,-1,-1,-1
318,38,990.31,213.42,102.26,427.17,0.7450,-1,-1,-1
319,2,814.79,177.08,190.48,553.00,0.8723,-1,-1,-1
319,6,1324.70,144.29,138.28,661.04,0.7976,-1,-1,-1
319,28,-6.70,1.59,494.87,1072.78,0.9363,-1,-1,-1
319,34,1117.38,99.24,274.96,876.67,0.8562,-1,-1,-1
319,36,747.07,260.04,96.14,300.84,0.7688,-1,-1,-1
319,38,987.36,210.49,104.54,427.87,0.7699,-1,-1,-1
320,2,811.74,172.23,192.80,552.16,0.8588,-1,-1,-1
320,6,1333.55,139.43,130.55,664.62,0.7605,-1,-1,-1
320,28,-9.78,2.63,479.20,1070.58,0.9442,-1,-1,-1
320,34,1120.53,94.24,281.23,898.82,0.8739,-1,-1,-1
320,36,742.90,257.77,98.76,304.47,0.7759,-1,-1,-1
320,38,984.41,206.31,107.09,428.40,0.7800,-1,-1,-1
321,2,807.93,167.03,195.31,556.06,0.8603,-1,-1,-1
321,6,1340.32,134.43,126.72,665.07,0.6842,-1,-1,-1
321,28,-9.56,1.65,456.20,1071.11,0.9350,-1,-1,-1
321,34,1128.72,88.16,285.36,930.01,0.8598,-1,-1,-1
321,36,739.83,255.47,99.72,306.69,0.7512,-1,-1,-1
321,38,981.67,203.07,109.74,427.92,0.7956,-1,-1,-1
322,2,816.20,165.34,186.98,554.57,0.8671,-1,-1,-1
322,28,-8.28,3.80,431.06,1068.48,0.9326,-1,-1,-1
322,34,1136.81,80.53,311.28,959.48,0.8695,-1,-1,-1
322,36,736.40,252.56,100.65,309.20,0.7628,-1,-1,-1
322,38,979.03,199.00,111.03,427.28,0.8070,-1,-1,-1
323,2,819.71,162.89,182.11,549.71,0.8678,-1,-1,-1
323,28,-6.58,4.23,402.11,1064.43,0.9174,-1,-1,-1
323,34,1141.48,71.07,328.34,982.43,0.8946,-1,-1,-1
323,36,732.01,250.30,103.33,312.94,0.7618,-1,-1,-1
323,38,976.26,196.72,113.02,423.74,0.7989,-1,-1,-1
324,2,820.58,166.64,178.48,539.39,0.8712,-1,-1,-1
324,28,-5.72,5.77,369.05,1064.75,0.9323,-1,-1,-1
324,34,1151.22,62.19,329.98,1006.46,0.9057,-1,-1,-1
324,36,728.53,251.18,103.44,316.34,0.7621,-1,-1,-1
324,38,974.72,196.07,114.07,422.42,0.7913,-1,-1,-1
325,2,826.87,166.08,171.64,538.70,0.8730,-1,-1,-1
325,28,-4.17,7.02,332.19,1062.75,0.9180,-1,-1,-1
325,34,1160.10,51.23,328.41,1025.80,0.9014,-1,-1,-1
325,36,722.96,251.95,106.17,318.04,0.7681,-1,-1,-1
325,38,974.59,195.13,114.39,423.99,0.7899,-1,-1,-1
326,2,829.77,165.02,168.55,540.40,0.8595,-1,-1,-1
326,28,-2.83,7.28,319.00,1063.11,0.8382,-1,-1,-1
326,34,1166.79,35.06,331.44,1043.18,0.9037,-1,-1,-1
326,36,715.49,250.74,111.88,320.87,0.8042,-1,-1,-1
326,38,974.81,193.87,114.19,427.40,0.7920,-1,-1,-1
327,2,831.79,167.04,166.68,542.17,0.8587,-1,-1,-1
327,28,-1.41,8.17,256.90,1063.08,0.7926,-1,-1,-1
327,34,1175.96,24.20,338.28,1055.62,0.8797,-1,-1,-1
327,36,712.64,252.36,113.20,321.79,0.8104,-1,-1,-1
327,38,975.69,195.41,112.95,428.99,0.8011,-1,-1,-1
328,2,832.50,166.96,165.48,543.37,0.8507,-1,-1,-1
328,28,-0.84,8.07,193.01,1059.42,0.5432,-1,-1,-1
328,34,1181.68,11.30,355.38,1068.55,0.8863,-1,-1,-1
328,36,712.61,251.08,110.70,320.52,0.8146,-1,-1,-1
328,38,975.91,194.91,111.94,429.88,0.7967,-1,-1,-1
329,2,839.33,165.45,162.29,550.23,0.8472,-1,-1,-1
329,28,0.09,43.14,136.50,737.79,0.6088,-1,-1,-1
329,34,1192.70,3.18,366.56,1074.36,0.8879,-1,-1,-1
329,36,710.51,249.97,113.25,323.56,0.8111,-1,-1,-1
329,38,977.23,196.44,111.82,430.99,0.7774,-1,-1,-1
330,2,844.32,163.87,159.24,558.77,0.8478,-1,-1,-1
330,34,1209.58,-0.09,369.49,1080.01,0.9027,-1,-1,-1
330,36,710.15,250.21,113.88,327.80,0.8102,-1,-1,-1
330,38,981.51,199.24,113.04,430.25,0.7866,-1,-1,-1
330,42,557.97,300.33,49.84,161.55,0.3653,-1,-1,-1
331,2,847.99,170.77,157.52,559.18,0.8281,-1,-1,-1
331,34,1226.32,-1.38,382.99,1077.12,0.9053,-1,-1,-1
331,36,711.38,251.65,112.69,331.20,0.7928,-1,-1,-1
331,38,985.94,202.69,113.22,431.20,0.7897,-1,-1,-1
332,2,853.07,178.04,155.06,560.40,0.8326,-1,-1,-1
332,34,1241.51,-1.43,394.10,1075.87,0.9074,-1,-1,-1
332,36,710.80,253.83,113.77,331.23,0.8178,-1,-1,-1
332,38,988.63,205.39,113.36,433.78,0.7768,-1,-1,-1
333,2,853.22,182.83,154.53,561.60,0.8341,-1,-1,-1
333,34,1260.27,-1.54,403.38,1079.76,0.8985,-1,-1,-1
333,36,708.09,255.45,115.82,331.88,0.8161,-1,-1,-1
333,38,989.16,209.02,113.24,432.72,0.7654,-1,-1,-1
333,43,826.13,235.60,65.17,287.27,0.4486,-1,-1,-1
334,2,851.20,188.91,156.52,562.09,0.8281,-1,-1,-1
334,34,1270.27,0.87,424.34,1074.30,0.8801,-1,-1,-1
334,36,704.77,256.35,118.44,336.18,0.8241,-1,-1,-1
334,38,989.48,215.12,115.37,431.80,0.7870,-1,-1,-1
334,43,824.81,237.23,66.68,268.04,0.4503,-1,-1,-1
335,2,850.53,194.11,155.20,558.92,0.8272,-1,-1,-1
335,34,1274.74,0.93,456.06,1072.08,0.8816,-1,-1,-1
335,36,702.43,257.71,119.68,339.22,0.8352,-1,-1,-1
335,38,991.46,220.20,115.28,431.57,0.7873,-1,-1,-1
335,43,823.38,238.44,68.21,322.27,0.4022,-1,-1,-1
336,2,847.28,195.99,155.73,560.98,0.8164,-1,-1,-1
336,34,1304.66,0.72,470.89,1074.08,0.8630,-1,-1,-1
336,36,699.48,259.80,120.25,340.21,0.8275,-1,-1,-1
336,38,989.53,222.54,118.52,434.25,0.7730,-1,-1,-1
336,43,819.88,238.97,69.20,327.99,0.4093,-1,-1,-1
337,2,843.57,197.05,158.73,561.56,0.8060,-1,-1,-1
337,34,1326.76,-1.20,509.30,1081.12,0.8613,-1,-1,-1
337,36,693.26,259.29,122.29,347.82,0.8259,-1,-1,-1
337,38,985.74,223.70,119.50,436.34,0.7443,-1,-1,-1
337,44,1247.42,165.51,190.72,644.76,0.8165,-1,-1,-1
338,2,836.12,197.95,165.77,561.78,0.8051,-1,-1,-1
338,34,1314.37,-2.40,580.94,1081.54,0.8668,-1,-1,-1
338,36,688.45,263.74,124.32,348.53,0.8236,-1,-1,-1
338,38,982.84,226.34,125.09,439.99,0.7655,-1,-1,-1
338,44,1240.25,164.62,202.53,664.57,0.7975,-1,-1,-1
338,43,811.84,241.53,71.63,367.48,0.4705,-1,-1,-1
339,2,829.44,192.51,172.89,559.48,0.8115,-1,-1,-1
339,34,1313.20,-3.31,614.70,1076.83,0.8687,-1,-1,-1
339,36,684.14,267.16,126.37,353.28,0.8341,-1,-1,-1
339,38,980.99,228.59,127.57,440.87,0.7799,-1,-1,-1
339,44,1237.01,162.27,205.42,692.43,0.7665,-1,-1,-1
339,43,810.10,247.82,70.61,372.05,0.5078,-1,-1,-1
340,2,823.62,188.63,176.50,554.33,0.8298,-1,-1,-1
340,34,1314.58,-2.95,628.31,1073.80,0.9070,-1,-1,-1
340,36,681.12,267.09,124.56,354.92,0.8166,-1,-1,-1
340,38,979.47,227.75,127.11,440.81,0.7769,-1,-1,-1
340,44,1237.13,165.84,188.09,691.28,0.7243,-1,-1,-1
340,43,806.57,248.37,71.27,372.11,0.5407,-1,-1,-1
341,2,821.42,188.91,175.78,546.98,0.8321,-1,-1,-1
341,34,1315.62,-1.43,620.89,1066.87,0.7955,-1,-1,-1
341,36,678.42,266.69,122.90,356.24,0.8113,-1,-1,-1
341,38,979.80,226.64,125.36,439.07,0.7800,-1,-1,-1
341,44,1232.77,161.83,206.96,701.07,0.8385,-1,-1,-1
341,43,802.24,247.54,72.58,372.85,0.5494,-1,-1,-1
342,2,815.80,188.35,181.06,546.14,0.8409,-1,-1,-1
342,34,1323.51,-1.26,608.22,1066.59,0.7259,-1,-1,-1
342,36,673.17,262.84,125.75,362.00,0.8044,-1,-1,-1
342,38,981.02,225.86,122.88,438.03,0.7763,-1,-1,-1
342,44,1230.78,162.36,210.28,696.86,0.8681,-1,-1,-1
342,43,800.27,244.89,71.95,372.64,0.4384,-1,-1,-1
343,2,810.50,190.37,184.80,544.44,0.8416,-1,-1,-1
343,34,1332.97,-0.13,594.33,1060.68,0.8408,-1,-1,-1
343,36,668.24,258.97,126.10,365.36,0.8082,-1,-1,-1
343,38,977.65,225.71,125.90,436.72,0.7749,-1,-1,-1
343,44,1227.54,162.18,212.59,693.61,0.8766,-1,-1,-1
343,43,787.34,241.28,79.94,375.61,0.4872,-1,-1,-1
344,2,809.16,187.64,185.64,550.14,0.8396,-1,-1,-1
344,34,1360.75,-0.33,565.23,1063.72,0.6128,-1,-1,-1
344,36,663.63,257.06,125.42,366.09,0.8235,-1,-1,-1
344,38,977.96,224.14,124.99,437.57,0.7764,-1,-1,-1
344,44,1225.58,160.44,212.49,699.03,0.8708,-1,-1,-1
344,43,783.92,238.87,79.41,388.89,0.5839,-1,-1,-1
345,2,804.32,186.29,188.94,554.29,0.8206,-1,-1,-1
345,36,659.60,254.12,124.01,371.06,0.8163,-1,-1,-1
345,38,979.55,222.70,123.27,433.64,0.7704,-1,-1,-1
345,44,1221.34,150.52,219.65,708.97,0.8771,-1,-1,-1
345,43,781.08,236.06,78.39,395.19,0.5977,-1,-1,-1
346,2,797.06,187.22,191.40,555.52,0.8373,-1,-1,-1
346,36,654.57,250.81,123.60,372.66,0.8276,-1,-1,-1
346,38,971.75,218.48,129.82,432.21,0.7826,-1,-1,-1
346,44,1212.28,147.55,235.00,713.74,0.8884,-1,-1,-1
346,43,774.94,234.13,79.42,393.65,0.5100,-1,-1,-1
346,34,1445.08,2.47,480.01,906.83,0.4370,-1,-1,-1
347,2,794.88,188.72,187.39,554.21,0.8248,-1,-1,-1
347,36,645.94,248.80,124.78,373.32,0.8120,-1,-1,-1
347,38,966.43,217.16,129.75,429.77,0.7905,-1,-1,-1
347,44,1199.09,147.30,246.65,710.41,0.8844,-1,-1,-1
347,43,766.89,233.42,84.26,390.58,0.5976,-1,-1,-1
347,34,1492.62,6.76,428.66,919.43,0.7921,-1,-1,-1
348,2,796.23,189.47,184.46,552.72,0.8372,-1,-1,-1
348,36,637.89,244.90,126.90,376.85,0.8081,-1,-1,-1
348,38,963.42,215.42,129.70,427.81,0.7690,-1,-1,-1
348,44,1191.84,143.62,253.39,708.31,0.8904,-1,-1,-1
348,43,759.53,230.83,88.51,396.66,0.6803,-1,-1,-1
348,34,1555.89,15.65,364.66,921.37,0.8337,-1,-1,-1
349,2,796.94,189.72,183.47,553.43,0.8327,-1,-1,-1
349,36,629.59,237.90,130.38,386.75,0.8215,-1,-1,-1
349,38,959.96,214.35,131.75,428.48,0.7866,-1,-1,-1
349,44,1184.55,141.97,257.75,700.04,0.8941,-1,-1,-1
349,43,757.22,226.92,88.58,402.50,0.6883,-1,-1,-1
349,34,1630.16,41.77,290.55,844.47,0.6176,-1,-1,-1
350,2,796.24,191.69,183.29,549.81,0.8527,-1,-1,-1
350,36,622.77,235.72,132.10,389.64,0.8170,-1,-1,-1
350,38,960.00,216.09,128.38,428.57,0.7826,-1,-1,-1
350,44,1177.42,142.51,260.99,694.03,0.9023,-1,-1,-1
350,43,753.54,225.31,91.41,407.66,0.7421,-1,-1,-1
351,2,794.42,192.37,185.10,546.41,0.8548,-1,-1,-1
351,36,617.62,236.83,132.81,393.29,0.8097,-1,-1,-1
351,38,963.10,217.07,121.42,429.67,0.7630,-1,-1,-1
351,44,1169.33,143.77,265.24,692.94,0.9032,-1,-1,-1
351,43,749.53,222.81,92.47,413.09,0.7204,-1,-1,-1
351,42,477.64,301.38,56.85,182.79,0.3561,-1,-1,-1
352,2,797.13,191.35,181.72,546.68,0.8531,-1,-1,-1
352,36,611.38,235.52,133.57,397.07,0.8204,-1,-1,-1
352,38,960.25,217.20,120.88,432.45,0.7865,-1,-1,-1
352,44,1161.81,143.74,270.32,696.21,0.9019,-1,-1,-1
352,43,742.63,219.86,96.35,419.02,0.7638,-1,-1,-1
352,46,1081.14,328.44,68.59,183.01,0.4210,-1,-1,-1
353,2,799.15,189.65,181.12,547.95,0.8543,-1,-1,-1
353,36,606.41,230.61,131.24,401.83,0.8316,-1,-1,-1
353,38,958.10,216.56,119.28,431.98,0.7816,-1,-1,-1
353,44,1156.07,143.02,270.78,700.31,0.9061,-1,-1,-1
353,43,735.58,214.42,100.02,426.07,0.7592,-1,-1,-1
354,2,796.75,191.17,180.20,541.00,0.8785,-1,-1,-1
354,36,595.98,228.85,134.72,403.20,0.8405,-1,-1,-1
354,38,957.26,217.83,115.11,430.64,0.8014,-1,-1,-1
354,44,1149.21,143.55,271.24,705.56,0.9090,-1,-1,-1
354,43,727.17,212.74,106.13,430.38,0.7822,-1,-1,-1
354,46,1055.41,322.00,75.31,185.29,0.4923,-1,-1,-1
355,2,795.55,190.29,177.12,534.90,0.8716,-1,-1,-1
355,36,587.85,228.60,133.23,405.44,0.8503,-1,-1,-1
355,38,951.85,219.03,112.91,429.07,0.8027,-1,-1,-1
355,44,1143.60,143.59,273.17,709.14,0.9113,-1,-1,-1
355,43,717.55,209.01,113.17,437.34,0.7992,-1,-1,-1
355,46,1045.29,318.43,79.00,187.67,0.6035,-1,-1,-1
356,2,794.15,188.06,175.18,530.42,0.8465,-1,-1,-1
356,36,574.23,225.47,139.47,410.97,0.7328,-1,-1,-1
356,38,945.33,219.90,112.52,428.71,0.7970,-1,-1,-1
356,44,1136.38,142.54,277.50,711.80,0.9122,-1,-1,-1
356,43,711.46,207.28,112.68,441.26,0.7953,-1,-1,-1
356,46,1038.00,315.66,77.06,189.08,0.4227,-1,-1,-1
357,2,792.83,188.57,172.56,526.11,0.8535,-1,-1,-1
357,36,566.95,223.99,137.43,416.09,0.8210,-1,-1,-1
357,38,939.68,217.00,111.00,430.49,0.7731,-1,-1,-1
357,44,1133.35,141.25,275.14,715.43,0.9101,-1,-1,-1
357,43,699.43,204.59,118.23,446.91,0.8154,-1,-1,-1
357,46,1034.19,320.81,68.36,184.23,0.5088,-1,-1,-1
358,2,786.62,185.48,171.41,533.32,0.8457,-1,-1,-1
358,36,555.28,221.33,138.18,416.41,0.8381,-1,-1,-1
358,38,936.02,216.13,108.32,433.85,0.7533,-1,-1,-1
358,44,1127.06,141.38,276.46,718.19,0.9095,-1,-1,-1
358,43,685.99,200.24,124.69,452.88,0.8256,-1,-1,-1
358,46,1025.00,319.21,67.63,183.35,0.6306,-1,-1,-1
358,42,420.61,294.03,59.60,188.05,0.4939,-1,-1,-1
359,2,786.05,182.52,164.83,537.36,0.8552,-1,-1,-1
359,36,540.62,221.46,141.03,420.04,0.8263,-1,-1,-1
359,38,925.87,216.53,109.82,437.27,0.7789,-1,-1,-1
359,44,1120.60,140.87,278.48,719.97,0.9080,-1,-1,-1
359,43,673.07,196.09,133.96,453.52,0.7880,-1,-1,-1
359,46,1015.59,314.97,69.33,188.74,0.4345,-1,-1,-1
360,2,780.60,180.10,163.61,542.87,0.8695,-1,-1,-1
360,36,526.31,220.52,144.85,426.75,0.8212,-1,-1,-1
360,38,917.74,215.02,108.66,441.51,0.8034,-1,-1,-1
360,44,1114.58,140.61,278.38,723.35,0.9102,-1,-1,-1
360,43,658.86,193.97,140.20,458.42,0.8508,-1,-1,-1
360,46,1005.48,315.45,69.70,188.22,0.5754,-1,-1,-1
361,2,774.07,179.51,163.10,544.86,0.8703,-1,-1,-1
361,36,511.89,219.08,147.04,430.88,0.8110,-1,-1,-1
361,38,912.39,215.00,105.29,443.79,0.8195,-1,-1,-1
361,44,1109.95,140.99,276.61,726.04,0.9073,-1,-1,-1
361,43,650.06,191.31,141.63,466.30,0.8321,-1,-1,-1
361,46,994.82,313.97,72.62,190.59,0.6072,-1,-1,-1
361,42,391.34,293.78,56.82,188.45,0.4515,-1,-1,-1
362,2,768.91,181.01,161.62,549.80,0.8696,-1,-1,-1
362,36,494.58,222.49,151.31,431.88,0.8178,-1,-1,-1
362,38,905.72,216.72,103.87,441.06,0.7838,-1,-1,-1
362,44,1106.05,141.70,274.64,725.91,0.9081,-1,-1,-1
362,43,634.79,192.07,150.69,467.20,0.8564,-1,-1,-1
362,46,988.25,317.94,73.83,187.83,0.6276,-1,-1,-1
363,2,764.39,183.84,159.28,549.09,0.8486,-1,-1,-1
363,36,481.66,222.42,153.18,441.86,0.7933,-1,-1,-1
363,38,900.10,213.65,100.54,441.64,0.7348,-1,-1,-1
363,44,1101.81,140.46,274.55,732.50,0.9079,-1,-1,-1
363,43,619.69,191.91,158.63,470.23,0.8520,-1,-1,-1
363,46,981.98,319.32,74.47,190.13,0.5422,-1,-1,-1
364,2,763.09,188.82,155.17,549.56,0.8127,-1,-1,-1
364,36,466.17,219.93,159.46,454.13,0.7916,-1,-1,-1
364,38,896.92,211.31,98.42,441.24,0.7017,-1,-1,-1
364,44,1101.01,137.77,273.10,736.05,0.9065,-1,-1,-1
364,43,607.09,190.02,167.42,478.81,0.8517,-1,-1,-1
364,46,973.47,314.04,78.71,195.82,0.5646,-1,-1,-1
365,2,762.88,193.21,156.02,548.64,0.8136,-1,-1,-1
365,36,442.32,221.53,178.06,458.90,0.8290,-1,-1,-1
365,38,895.76,210.48,93.85,445.27,0.6427,-1,-1,-1
365,44,1101.58,137.54,270.78,737.82,0.8993,-1,-1,-1
365,43,593.08,191.70,179.35,483.78,0.8249,-1,-1,-1
365,46,968.42,316.41,81.04,195.94,0.5232,-1,-1,-1
366,2,760.64,199.04,154.27,544.63,0.8146,-1,-1,-1
366,36,438.02,222.64,174.71,462.09,0.8048,-1,-1,-1
366,38,893.80,212.36,89.96,441.49,0.6742,-1,-1,-1
366,44,1099.75,138.34,269.06,732.66,0.9022,-1,-1,-1
366,43,586.06,195.97,182.62,483.82,0.8613,-1,-1,-1
366,46,963.54,321.14,83.19,194.07,0.4412,-1,-1,-1
366,42,357.24,304.30,61.69,188.72,0.3821,-1,-1,-1
367,2,760.42,198.57,153.07,543.99,0.8246,-1,-1,-1
367,36,434.50,222.04,170.41,466.49,0.7961,-1,-1,-1
367,38,893.87,208.51,87.54,441.05,0.6701,-1,-1,-1
367,44,1100.14,135.55,269.05,727.47,0.9027,-1,-1,-1
367,43,587.29,193.51,180.43,489.68,0.8712,-1,-1,-1
367,46,963.09,313.99,82.80,198.55,0.4087,-1,-1,-1
368,2,760.24,198.39,153.92,545.37,0.8273,-1,-1,-1
368,36,431.60,221.11,173.63,471.81,0.8179,-1,-1,-1
368,38,894.27,206.78,85.00,437.70,0.6243,-1,-1,-1
368,44,1100.31,133.81,268.48,722.79,0.9022,-1,-1,-1
368,43,590.18,192.92,175.15,498.17,0.8600,-1,-1,-1
368,46,959.77,310.45,83.43,199.45,0.4087,-1,-1,-1
369,2,759.77,196.02,158.74,546.86,0.8538,-1,-1,-1
369,36,426.71,220.62,173.86,474.37,0.8271,-1,-1,-1
369,38,895.16,204.36,83.45,437.71,0.5822,-1,-1,-1
369,44,1102.64,133.40,266.21,717.19,0.9053,-1,-1,-1
369,43,590.03,191.20,171.05,505.12,0.8630,-1,-1,-1
369,46,959.17,313.75,85.14,197.73,0.4771,-1,-1,-1
370,2,759.73,194.74,163.22,542.15,0.8224,-1,-1,-1
370,36,422.66,221.71,174.61,476.35,0.8256,-1,-1,-1
370,38,895.95,205.39,83.77,437.88,0.6348,-1,-1,-1
370,44,1104.36,133.18,264.91,716.46,0.9057,-1,-1,-1
370,43,587.26,192.91,169.06,509.43,0.8552,-1,-1,-1
371,2,758.90,195.68,165.47,539.08,0.8487,-1,-1,-1
371,36,418.65,223.45,177.34,479.33,0.8529,-1,-1,-1
371,38,897.64,207.16,83.70,440.09,0.6904,-1,-1,-1
371,44,1106.44,133.40,261.62,720.26,0.9058,-1,-1,-1
371,43,584.30,194.68,168.46,516.49,0.8635,-1,-1,-1
372,2,761.40,195.41,164.19,539.49,0.8478,-1,-1,-1
372,36,415.81,223.69,178.22,481.76,0.8712,-1,-1,-1
372,38,901.01,208.49,81.44,442.29,0.6813,-1,-1,-1
372,44,1110.78,133.12,256.77,726.44,0.9056,-1,-1,-1
372,43,580.39,193.65,170.02,524.22,0.8650,-1,-1,-1
372,46,963.34,317.51,79.75,196.49,0.4474,-1,-1,-1
373,2,762.13,198.14,166.07,539.19,0.8569,-1,-1,-1
373,36,413.25,225.34,177.57,483.62,0.8656,-1,-1,-1
373,38,902.25,209.98,80.65,439.96,0.6622,-1,-1,-1
373,44,1113.40,136.73,254.04,729.85,0.8971,-1,-1,-1
373,43,574.91,193.40,174.30,529.15,0.8677,-1,-1,-1
373,46,965.37,322.51,81.63,195.33,0.4448,-1,-1,-1
374,2,763.18,198.33,167.47,540.42,0.8473,-1,-1,-1
374,36,409.10,225.90,176.55,487.52,0.8637,-1,-1,-1
374,38,903.32,210.72,83.52,443.38,0.6743,-1,-1,-1
374,44,1115.51,139.44,250.88,735.24,0.8924,-1,-1,-1
374,43,568.89,192.02,178.61,533.19,0.8708,-1,-1,-1
374,46,966.90,327.63,82.99,192.71,0.4817,-1,-1,-1
375,2,765.54,200.72,166.63,543.34,0.8541,-1,-1,-1
375,36,403.56,228.99,175.18,489.13,0.8465,-1,-1,-1
375,38,906.40,211.21,81.79,446.40,0.6614,-1,-1,-1
375,44,1118.48,141.22,246.56,741.13,0.8946,-1,-1,-1
375,43,561.46,191.56,186.19,541.49,0.8768,-1,-1,-1
375,46,967.35,330.34,81.87,195.04,0.5216,-1,-1,-1
376,2,768.86,203.46,164.69,546.50,0.8526,-1,-1,-1
376,36,396.52,229.43,173.23,499.43,0.8513,-1,-1,-1
376,38,908.60,217.73,81.22,447.23,0.6488,-1,-1,-1
376,44,1121.35,143.36,240.40,746.94,0.8951,-1,-1,-1
376,43,557.66,191.42,189.13,549.10,0.8625,-1,-1,-1
376,46,967.55,322.37,83.37,206.63,0.3924,-1,-1,-1
377,2,773.14,206.20,162.26,549.31,0.8857,-1,-1,-1
377,36,393.48,226.19,171.89,513.02,0.8408,-1,-1,-1
377,38,913.18,222.53,77.21,447.36,0.7023,-1,-1,-1
377,44,1122.43,150.59,238.36,748.18,0.8949,-1,-1,-1
377,43,550.97,188.67,194.45,554.11,0.8650,-1,-1,-1
377,46,971.17,333.86,81.90,199.64,0.4268,-1,-1,-1
378,2,780.05,211.08,157.97,547.94,0.8389,-1,-1,-1
378,36,388.72,222.18,172.04,524.58,0.8224,-1,-1,-1
378,38,915.81,230.07,76.81,441.32,0.7252,-1,-1,-1
378,44,1123.52,156.40,237.23,748.67,0.8988,-1,-1,-1
378,43,544.81,187.83,200.17,555.88,0.8595,-1,-1,-1
378,46,973.70,338.35,81.37,198.40,0.3575,-1,-1,-1
379,2,780.54,214.03,159.63,551.66,0.8406,-1,-1,-1
379,36,385.53,220.74,168.24,534.01,0.8022,-1,-1,-1
379,38,917.92,234.93,75.81,437.20,0.6470,-1,-1,-1
379,44,1124.50,157.39,235.92,754.31,0.8962,-1,-1,-1
379,43,537.66,188.94,205.69,560.80,0.8639,-1,-1,-1
379,46,972.93,338.72,82.76,201.14,0.4149,-1,-1,-1
379,49,737.33,318.65,51.13,197.38,0.4672,-1,-1,-1
380,2,783.51,216.68,158.80,550.02,0.8445,-1,-1,-1
380,36,377.42,216.30,172.88,546.38,0.8127,-1,-1,-1
380,38,916.68,238.71,79.69,434.56,0.7157,-1,-1,-1
380,44,1124.45,159.17,234.80,757.08,0.8913,-1,-1,-1
380,43,532.94,187.66,208.51,568.28,0.8708,-1,-1,-1
380,49,736.79,317.35,56.14,202.48,0.5993,-1,-1,-1
381,2,784.46,220.03,159.54,548.57,0.8391,-1,-1,-1
381,36,373.94,212.83,173.89,556.94,0.8112,-1,-1,-1
381,38,916.63,242.54,80.40,432.96,0.7360,-1,-1,-1
381,44,1121.93,158.92,234.33,756.45,0.8835,-1,-1,-1
381,43,524.11,184.80,213.09,577.63,0.8744,-1,-1,-1
381,49,735.17,316.41,59.27,209.73,0.6483,-1,-1,-1
381,46,979.15,342.22,78.94,200.29,0.3933,-1,-1,-1
382,2,784.85,220.36,159.21,546.02,0.8464,-1,-1,-1
382,36,370.42,210.42,177.21,566.79,0.8096,-1,-1,-1
382,38,918.26,244.07,82.20,434.26,0.7017,-1,-1,-1
382,44,1119.26,157.46,232.83,760.04,0.8809,-1,-1,-1
382,43,520.71,182.72,214.49,588.58,0.8719,-1,-1,-1
382,49,733.00,316.58,61.48,213.05,0.6501,-1,-1,-1
382,46,981.83,350.66,76.87,192.92,0.4970,-1,-1,-1
383,2,785.40,218.33,159.38,543.01,0.8409,-1,-1,-1
383,36,364.53,207.19,177.32,571.33,0.8213,-1,-1,-1
383,38,918.96,243.86,83.59,436.76,0.6829,-1,-1,-1
383,44,1114.24,154.82,233.20,762.12,0.8807,-1,-1,-1
383,43,513.32,179.49,220.03,599.65,0.8766,-1,-1,-1
383,49,731.48,317.07,61.39,210.59,0.6424,-1,-1,-1
383,46,983.29,352.84,74.57,190.54,0.4690,-1,-1,-1
384,2,785.83,217.59,160.79,541.32,0.8468,-1,-1,-1
384,36,356.47,205.84,180.44,574.18,0.8231,-1,-1,-1
384,38,919.76,244.82,93.94,435.46,0.5746,-1,-1,-1
384,44,1110.21,152.85,234.31,766.43,0.8833,-1,-1,-1
384,43,506.32,177.26,223.03,607.81,0.8648,-1,-1,-1
384,49,728.06,319.14,62.54,211.21,0.6527,-1,-1,-1
385,2,785.72,217.90,163.04,543.09,0.8420,-1,-1,-1
385,36,348.55,208.56,187.13,574.94,0.8392,-1,-1,-1
385,38,919.39,246.40,99.60,434.99,0.6022,-1,-1,-1
385,44,1106.88,155.83,238.53,763.16,0.8836,-1,-1,-1
385,43,504.75,176.12,222.76,616.51,0.8603,-1,-1,-1
385,49,726.48,321.56,64.55,212.65,0.6966,-1,-1,-1
386,2,782.50,215.56,166.87,536.10,0.8173,-1,-1,-1
386,36,341.48,206.90,185.26,574.05,0.8332,-1,-1,-1
386,38,920.87,244.72,91.33,429.91,0.5442,-1,-1,-1
386,44,1098.56,156.60,248.41,758.77,0.8873,-1,-1,-1
386,43,495.36,173.13,229.84,622.48,0.8638,-1,-1,-1
386,49,726.87,320.10,62.29,211.35,0.6586,-1,-1,-1
387,2,778.85,213.82,169.20,532.34,0.8361,-1,-1,-1
387,36,332.45,201.70,187.18,583.97,0.8386,-1,-1,-1
387,38,919.43,244.83,83.96,430.56,0.6177,-1,-1,-1
387,44,1088.36,156.59,259.85,752.48,0.8935,-1,-1,-1
387,43,486.11,169.04,235.48,631.48,0.8619,-1,-1,-1
387,49,722.53,318.04,64.94,212.40,0.6780,-1,-1,-1
387,46,978.37,350.58,75.95,197.40,0.3533,-1,-1,-1
388,2,777.72,211.95,170.83,531.78,0.8342,-1,-1,-1
388,36,322.09,194.41,190.41,595.31,0.8473,-1,-1,-1
388,38,918.03,241.30,85.03,433.16,0.5092,-1,-1,-1
388,44,1083.50,157.93,266.15,746.67,0.8875,-1,-1,-1
388,43,478.91,166.44,237.72,646.34,0.8643,-1,-1,-1
388,49,718.85,317.26,67.78,211.47,0.7095,-1,-1,-1
388,46,976.39,348.61,76.30,199.39,0.3795,-1,-1,-1
389,2,778.33,209.81,167.05,536.50,0.8425,-1,-1,-1
389,36,314.97,187.04,190.83,604.84,0.8409,-1,-1,-1
389,38,916.68,242.37,83.89,433.83,0.5926,-1,-1,-1
389,44,1081.70,157.57,268.74,747.75,0.8912,-1,-1,-1
389,43,476.46,162.15,236.53,657.87,0.8636,-1,-1,-1
389,49,717.14,316.85,68.88,212.60,0.6895,-1,-1,-1
390,2,777.66,210.02,164.44,539.48,0.8471,-1,-1,-1
390,36,306.39,183.66,195.83,609.63,0.8351,-1,-1,-1
390,38,915.33,242.26,81.75,433.48,0.6593,-1,-1,-1
390,44,1078.11,157.12,273.91,750.09,0.8853,-1,-1,-1
390,43,475.86,156.57,235.54,669.06,0.8716,-1,-1,-1
390,49,715.29,316.78,71.25,213.24,0.7294,-1,-1,-1
390,46,976.40,341.45,78.15,210.41,0.3826,-1,-1,-1
391,2,773.67,209.61,164.69,542.48,0.8497,-1,-1,-1
391,36,295.35,180.64,200.83,614.52,0.8368,-1,-1,-1
391,38,911.74,238.36,83.67,436.28,0.6521,-1,-1,-1
391,44,1069.40,157.25,283.29,754.52,0.8883,-1,-1,-1
391,43,474.38,149.77,236.95,678.89,0.8718,-1,-1,-1
391,49,711.63,316.23,74.25,213.67,0.7363,-1,-1,-1
391,46,976.76,342.40,75.01,209.78,0.5991,-1,-1,-1
392,2,771.17,210.78,164.11,545.62,0.8334,-1,-1,-1
392,36,286.70,175.73,203.00,624.66,0.8498,-1,-1,-1
392,38,908.95,235.82,82.95,439.11,0.6610,-1,-1,-1
392,44,1062.30,156.61,290.06,762.97,0.8943,-1,-1,-1
392,43,473.95,143.90,235.92,689.18,0.8749,-1,-1,-1
392,49,708.01,314.70,77.42,214.96,0.7611,-1,-1,-1
392,46,976.76,335.93,73.73,215.49,0.4807,-1,-1,-1
393,2,769.20,216.75,165.87,540.04,0.8210,-1,-1,-1
393,36,273.61,171.82,209.13,633.34,0.8570,-1,-1,-1
393,38,906.28,238.02,84.24,437.05,0.6171,-1,-1,-1
393,44,1058.08,156.78,293.96,768.52,0.8968,-1,-1,-1
393,43,471.93,139.39,234.13,696.71,0.8783,-1,-1,-1
393,49,706.12,313.97,78.37,216.80,0.7598,-1,-1,-1
393,46,974.75,331.22,74.72,219.48,0.5629,-1,-1,-1
394,2,767.16,218.67,163.06,538.70,0.8075,-1,-1,-1
394,36,260.65,165.20,216.90,642.68,0.8637,-1,-1,-1
394,38,904.80,234.99,82.33,435.99,0.6200,-1,-1,-1
394,44,1055.57,156.18,295.67,771.84,0.9046,-1,-1,-1
394,43,465.71,133.41,235.84,704.95,0.8821,-1,-1,-1
394,49,703.01,313.34,79.18,216.26,0.7509,-1,-1,-1
394,46,972.63,329.85,76.53,220.09,0.6039,-1,-1,-1
395,2,761.95,220.11,164.36,538.76,0.8037,-1,-1,-1
395,36,231.33,160.52,238.94,648.63,0.8655,-1,-1,-1
395,38,901.75,232.74,81.88,436.84,0.6272,-1,-1,-1
395,44,1052.51,155.91,298.05,776.29,0.9005,-1,-1,-1
395,43,461.33,127.31,234.96,714.61,0.8771,-1,-1,-1
395,49,700.84,311.77,79.00,217.46,0.7432,-1,-1,-1
395,46,970.98,338.14,74.16,210.64,0.6172,-1,-1,-1
396,2,759.28,222.26,162.78,535.29,0.8089,-1,-1,-1
396,36,223.33,157.32,235.09,659.89,0.8676,-1,-1,-1
396,38,899.80,235.73,81.73,433.92,0.6878,-1,-1,-1
396,44,1050.76,155.91,300.55,777.89,0.8992,-1,-1,-1
396,43,454.95,118.47,237.13,726.14,0.8803,-1,-1,-1
396,49,697.79,309.76,78.66,218.50,0.7345,-1,-1,-1
396,46,969.32,338.11,73.66,210.19,0.6424,-1,-1,-1
397,2,756.70,222.08,160.57,532.05,0.8136,-1,-1,-1
397,36,198.54,155.69,251.33,667.26,0.8703,-1,-1,-1
397,38,897.04,237.71,81.89,430.12,0.6890,-1,-1,-1
397,44,1050.23,155.75,300.44,779.90,0.8981,-1,-1,-1
397,43,445.49,110.56,242.09,736.83,0.8861,-1,-1,-1
397,49,695.73,309.13,75.64,219.95,0.7451,-1,-1,-1
397,46,967.88,337.07,75.18,210.26,0.6286,-1,-1,-1
398,2,752.14,218.93,159.76,536.00,0.8314,-1,-1,-1
398,36,174.39,148.74,268.68,684.60,0.8857,-1,-1,-1
398,38,894.06,238.31,82.82,430.14,0.6817,-1,-1,-1
398,44,1049.77,155.61,298.33,781.47,0.8983,-1,-1,-1
398,43,435.31,102.18,248.95,747.57,0.8952,-1,-1,-1
398,49,693.08,307.11,72.78,221.56,0.7580,-1,-1,-1
398,46,967.52,338.00,75.61,208.62,0.6039,-1,-1,-1
399,2,747.25,216.37,158.97,537.41,0.8550,-1,-1,-1
399,36,142.80,144.18,288.01,697.84,0.8967,-1,-1,-1
399,38,888.42,238.22,87.31,430.49,0.7182,-1,-1,-1
399,44,1050.35,155.20,295.40,784.58,0.8965,-1,-1,-1
399,43,426.90,94.36,254.05,757.06,0.8931,-1,-1,-1
399,49,691.09,304.64,69.68,224.22,0.7869,-1,-1,-1
399,46,966.93,336.09,75.87,210.71,0.6223,-1,-1,-1
400,2,740.62,216.37,159.42,531.63,0.8431,-1,-1,-1
400,36,126.15,141.50,294.35,705.83,0.8945,-1,-1,-1
400,38,882.01,238.83,91.35,431.26,0.7514,-1,-1,-1
400,44,1050.17,154.93,294.01,787.83,0.8989,-1,-1,-1
400,43,418.70,90.06,262.76,764.56,0.8945,-1,-1,-1
400,49,690.03,305.01,67.09,223.64,0.7741,-1,-1,-1
400,46,964.94,330.89,81.05,217.06,0.5423,-1,-1,-1
401,2,731.72,216.28,163.55,521.70,0.8634,-1,-1,-1
401,36,114.56,139.59,294.76,717.92,0.8956,-1,-1,-1
401,38,877.76,235.91,93.48,437.28,0.7814,-1,-1,-1
401,44,1051.27,154.55,290.73,784.91,0.8997,-1,-1,-1
401,43,412.23,84.86,270.22,775.14,0.8992,-1,-1,-1
401,49,687.31,304.11,66.02,223.82,0.7250,-1,-1,-1
401,46,964.56,329.98,83.42,217.84,0.6045,-1,-1,-1
402,2,727.78,213.42,165.45,520.38,0.8793,-1,-1,-1
402,36,109.52,136.23,290.32,728.04,0.8979,-1,-1,-1
402,38,874.65,235.12,96.94,438.64,0.8049,-1,-1,-1
402,44,1054.28,149.66,286.08,790.78,0.8974,-1,-1,-1
402,43,405.76,79.90,277.75,791.21,0.8986,-1,-1,-1
402,49,686.80,302.46,63.87,225.46,0.5684,-1,-1,-1
402,46,965.75,329.68,81.20,216.92,0.6072,-1,-1,-1
403,2,725.35,212.74,166.04,521.40,0.8770,-1,-1,-1
403,36,102.53,135.07,284.98,746.63,0.8964,-1,-1,-1
403,38,873.22,236.42,98.14,438.79,0.8050,-1,-1,-1
403,44,1058.11,149.53,281.81,796.22,0.8966,-1,-1,-1
403,43,398.41,75.63,285.88,813.31,0.9080,-1,-1,-1
403,49,686.74,303.10,62.82,227.87,0.5816,-1,-1,-1
403,46,968.86,338.87,77.65,208.06,0.5802,-1,-1,-1
404,2,723.14,212.90,166.61,523.85,0.8641,-1,-1,-1
404,36,92.42,132.11,283.26,768.05,0.9013,-1,-1,-1
404,38,872.88,237.51,99.13,443.24,0.8011,-1,-1,-1
404,44,1063.19,149.49,281.81,796.59,0.8900,-1,-1,-1
404,43,389.66,73.58,292.72,835.90,0.9092,-1,-1,-1
404,49,686.26,304.33,62.62,228.75,0.5457,-1,-1,-1
404,46,970.33,339.27,78.22,210.29,0.6394,-1,-1,-1
405,2,724.56,214.26,164.36,524.78,0.8625,-1,-1,-1
405,36,78.05,129.84,288.56,782.50,0.8915,-1,-1,-1
405,38,872.91,238.58,99.39,442.14,0.8016,-1,-1,-1
405,44,1063.85,150.50,285.35,793.26,0.8890,-1,-1,-1
405,43,378.21,73.32,302.57,842.58,0.9082,-1,-1,-1
405,49,687.20,304.10,61.32,229.82,0.5207,-1,-1,-1
405,46,972.00,338.94,79.65,211.28,0.6545,-1,-1,-1
406,2,723.47,215.67,166.47,526.04,0.8494,-1,-1,-1
406,36,58.64,128.81,301.06,791.58,0.8919,-1,-1,-1
406,38,873.23,239.23,101.48,439.71,0.7964,-1,-1,-1
406,44,1065.56,150.05,287.41,785.91,0.8774,-1,-1,-1
406,43,367.20,71.75,313.77,853.10,0.9054,-1,-1,-1
406,49,688.70,304.68,61.97,231.49,0.4919,-1,-1,-1
406,46,975.35,342.10,83.12,211.57,0.6669,-1,-1,-1
407,2,725.86,217.32,165.25,527.56,0.8585,-1,-1,-1
407,36,55.13,122.75,301.73,805.06,0.8889,-1,-1,-1
407,38,873.53,239.16,102.48,441.46,0.7979,-1,-1,-1
407,44,1070.72,149.59,284.66,780.86,0.8777,-1,-1,-1
407,43,357.10,72.51,325.98,861.61,0.9049,-1,-1,-1
407,49,689.69,305.36,63.51,234.95,0.5951,-1,-1,-1
407,46,978.20,345.77,84.17,209.26,0.6536,-1,-1,-1
408,2,725.78,219.55,166.87,528.43,0.8643,-1,-1,-1
408,36,41.42,118.09,311.57,814.59,0.9036,-1,-1,-1
408,38,872.89,239.81,104.72,441.34,0.7925,-1,-1,-1
408,44,1076.20,149.21,280.88,779.15,0.8891,-1,-1,-1
408,43,350.73,70.13,332.14,875.66,0.9037,-1,-1,-1
408,49,693.23,305.19,60.93,237.51,0.4718,-1,-1,-1
408,46,980.98,338.06,84.98,218.21,0.6139,-1,-1,-1
409,2,728.55,220.90,166.69,532.60,0.8602,-1,-1,-1
409,36,42.27,114.56,310.56,826.24,0.9047,-1,-1,-1
409,38,873.55,241.71,106.93,438.22,0.8036,-1,-1,-1
409,44,1083.46,149.94,276.16,782.68,0.8948,-1,-1,-1
409,43,350.86,67.80,330.47,894.68,0.9088,-1,-1,-1
409,49,699.18,306.73,55.34,240.44,0.4872,-1,-1,-1
409,46,986.53,342.53,79.61,212.92,0.6588,-1,-1,-1
410,2,731.91,223.58,165.82,533.91,0.8374,-1,-1,-1
410,36,38.70,111.29,314.14,837.02,0.9031,-1,-1,-1
410,38,875.37,240.55,113.51,438.20,0.7897,-1,-1,-1
410,44,1090.99,151.19,272.20,785.77,0.8921,-1,-1,-1
410,43,355.25,65.29,322.03,912.34,0.9161,-1,-1,-1
410,49,704.37,308.82,56.78,242.19,0.6068,-1,-1,-1
410,46,993.91,345.82,76.22,210.12,0.6306,-1,-1,-1
411,2,733.82,224.47,168.87,535.43,0.8012,-1,-1,-1
411,36,30.21,105.39,313.70,847.79,0.9078,-1,-1,-1
411,38,880.55,239.68,113.55,438.38,0.7871,-1,-1,-1
411,44,1099.32,149.66,267.41,793.71,0.8893,-1,-1,-1
411,43,356.34,61.19,318.16,925.59,0.9157,-1,-1,-1
411,49,710.00,308.80,54.94,242.26,0.5892,-1,-1,-1
411,46,999.77,349.72,80.04,207.94,0.6635,-1,-1,-1
412,2,736.13,225.71,171.14,533.02,0.8134,-1,-1,-1
412,36,19.82,96.53,314.12,859.90,0.9168,-1,-1,-1
412,38,887.62,236.37,110.55,442.55,0.7516,-1,-1,-1
412,44,1103.33,152.36,269.23,798.31,0.8925,-1,-1,-1
412,43,352.42,55.76,318.94,954.45,0.9129,-1,-1,-1
412,49,715.66,308.27,55.11,240.82,0.5475,-1,-1,-1
412,46,1003.93,347.12,82.39,211.46,0.7007,-1,-1,-1
412,51,653.27,342.61,54.25,191.20,0.6279,-1,-1,-1
413,2,740.73,225.98,172.00,529.73,0.8176,-1,-1,-1
413,36,5.12,89.52,320.41,869.83,0.9265,-1,-1,-1
413,38,891.10,231.52,113.38,445.12,0.7523,-1,-1,-1
413,44,1105.61,153.46,273.47,802.84,0.8973,-1,-1,-1
413,43,346.06,48.74,323.89,977.04,0.9111,-1,-1,-1
413,49,723.14,306.56,53.81,241.06,0.4627,-1,-1,-1
413,46,1010.28,344.64,80.12,213.52,0.5993,-1,-1,-1
413,51,653.17,345.62,57.93,187.90,0.6629,-1,-1,-1
414,2,748.75,226.43,168.73,526.81,0.8207,-1,-1,-1
414,36,-2.32,82.35,321.38,880.68,0.9296,-1,-1,-1
414,38,893.61,232.66,119.50,445.47,0.7817,-1,-1,-1
414,44,1109.72,153.48,274.05,807.03,0.8896,-1,-1,-1
414,43,337.67,38.95,326.77,996.86,0.9023,-1,-1,-1
414,49,727.38,303.56,55.96,241.85,0.4853,-1,-1,-1
414,46,1016.45,341.51,78.74,216.53,0.6413,-1,-1,-1
414,51,653.86,342.49,63.49,195.77,0.6435,-1,-1,-1
415,2,752.70,224.15,168.72,528.04,0.8247,-1,-1,-1
415,36,-4.50,76.70,319.48,887.38,0.9252,-1,-1,-1
415,38,899.19,236.85,118.73,441.87,0.8091,-1,-1,-1
415,44,1115.25,153.19,272.75,810.19,0.8864,-1,-1,-1
415,43,328.31,27.27,335.52,1017.31,0.9131,-1,-1,-1
415,49,731.20,302.28,56.69,238.11,0.4371,-1,-1,-1
415,46,1020.43,346.93,82.05,212.85,0.6747,-1,-1,-1
415,51,654.69,341.93,67.12,190.05,0.6437,-1,-1,-1
416,2,750.47,221.01,174.26,524.69,0.8439,-1,-1,-1
416,36,-5.45,66.68,315.24,907.03,0.9217,-1,-1,-1
416,38,903.71,236.59,120.03,444.95,0.7922,-1,-1,-1
416,44,1119.55,151.73,272.05,814.34,0.8904,-1,-1,-1
416,43,317.94,14.47,343.96,1037.23,0.9137,-1,-1,-1
416,46,1022.91,348.43,84.53,211.49,0.5938,-1,-1,-1
416,51,655.49,340.92,68.41,187.74,0.6566,-1,-1,-1
417,2,747.79,220.96,179.29,522.29,0.8358,-1,-1,-1
417,36,-6.05,57.13,311.56,941.55,0.9180,-1,-1,-1
417,38,905.76,236.84,120.78,445.08,0.7985,-1,-1,-1
417,44,1123.48,150.94,269.54,822.45,0.8915,-1,-1,-1
417,43,298.30,5.00,360.19,1053.86,0.9091,-1,-1,-1
417,46,1027.70,345.41,83.18,213.27,0.6630,-1,-1,-1
417,51,655.72,341.01,69.44,188.71,0.6612,-1,-1,-1
418,2,746.39,219.30,182.11,521.30,0.8437,-1,-1,-1
418,36,-6.10,48.94,289.37,975.78,0.9163,-1,-1,-1
418,38,908.72,234.21,122.49,445.05,0.7834,-1,-1,-1
418,44,1126.42,148.30,268.02,826.65,0.8920,-1,-1,-1
418,43,279.64,0.10,374.68,1062.81,0.9150,-1,-1,-1
418,46,1030.52,337.82,83.34,218.42,0.6665,-1,-1,-1
418,51,655.08,339.74,69.74,190.89,0.6720,-1,-1,-1
419,2,744.79,212.43,182.89,528.55,0.8542,-1,-1,-1
419,36,-5.60,41.32,269.40,992.22,0.9105,-1,-1,-1
419,38,909.96,233.78,121.26,443.90,0.7779,-1,-1,-1
419,44,1126.65,146.80,268.53,826.04,0.8903,-1,-1,-1
419,43,259.17,-1.01,390.00,1069.12,0.9215,-1,-1,-1
419,46,1032.06,336.82,84.37,219.23,0.6328,-1,-1,-1
419,51,652.64,337.69,69.56,198.70,0.6744,-1,-1,-1
420,2,742.25,209.18,184.22,532.43,0.8565,-1,-1,-1
420,36,-4.64,37.55,251.81,1005.86,0.9036,-1,-1,-1
420,38,909.42,234.87,123.34,445.64,0.7856,-1,-1,-1
420,44,1126.39,144.07,269.40,827.48,0.8896,-1,-1,-1
420,43,241.81,-0.50,401.60,1075.43,0.9256,-1,-1,-1
420,46,1031.64,333.66,89.23,224.81,0.6361,-1,-1,-1
420,51,650.06,337.29,68.72,204.60,0.6767,-1,-1,-1
421,2,741.38,209.88,185.62,530.96,0.8576,-1,-1,-1
421,36,-3.67,27.42,234.98,994.09,0.9001,-1,-1,-1
421,38,908.63,234.67,122.78,444.41,0.7928,-1,-1,-1
421,44,1123.53,139.63,274.22,830.40,0.8914,-1,-1,-1
421,43,222.75,0.06,415.03,1076.68,0.9258,-1,-1,-1
421,46,1031.53,334.04,90.82,224.28,0.6427,-1,-1,-1
421,51,648.51,336.54,69.47,205.62,0.6762,-1,-1,-1
422,2,739.63,210.45,184.49,537.98,0.8470,-1,-1,-1
422,36,-3.33,17.08,216.71,992.90,0.8890,-1,-1,-1
422,38,907.15,235.18,122.54,445.16,0.7920,-1,-1,-1
422,44,1119.55,132.19,279.01,835.51,0.8866,-1,-1,-1
422,43,202.56,-0.77,425.19,1080.04,0.9196,-1,-1,-1
422,46,1031.09,337.50,89.99,220.51,0.5482,-1,-1,-1
422,51,644.22,334.14,69.89,209.44,0.6859,-1,-1,-1
423,2,737.65,210.99,179.76,537.91,0.8480,-1,-1,-1
423,36,-2.55,12.45,196.10,997.07,0.8902,-1,-1,-1
423,38,906.45,237.38,121.78,444.91,0.7742,-1,-1,-1
423,44,1112.00,127.76,286.92,839.11,0.8932,-1,-1,-1
423,43,185.76,-1.13,430.44,1082.15,0.9225,-1,-1,-1
423,46,1030.39,340.14,90.24,218.96,0.5633,-1,-1,-1
423,51,640.00,332.56,72.93,213.11,0.7181,-1,-1,-1
424,2,736.36,213.43,175.03,533.55,0.8379,-1,-1,-1
424,36,-1.94,9.02,175.26,1005.61,0.8763,-1,-1,-1
424,38,902.86,240.29,126.21,442.44,0.7507,-1,-1,-1
424,44,1106.60,126.69,294.13,838.76,0.9005,-1,-1,-1
424,43,164.40,-0.07,439.11,1082.28,0.9273,-1,-1,-1
424,46,1028.41,340.87,88.17,218.76,0.6045,-1,-1,-1
424,51,636.26,332.10,76.02,213.73,0.7001,-1,-1,-1
425,2,731.92,213.16,176.24,535.58,0.8378,-1,-1,-1
425,36,-1.54,6.15,150.21,1011.83,0.8434,-1,-1,-1
425,38,899.15,239.24,127.73,440.68,0.7747,-1,-1,-1
425,44,1100.87,125.17,300.47,832.24,0.9028,-1,-1,-1
425,43,138.13,-0.72,455.55,1079.79,0.9243,-1,-1,-1
425,46,1028.06,338.69,86.18,219.38,0.6204,-1,-1,-1
425,51,632.00,327.65,76.48,218.92,0.7005,-1,-1,-1
426,2,731.74,212.96,173.39,535.50,0.8401,-1,-1,-1
426,36,-1.51,5.11,129.72,805.66,0.5761,-1,-1,-1
426,38,896.36,237.08,130.79,440.45,0.7949,-1,-1,-1
426,44,1093.31,125.33,309.77,820.64,0.9032,-1,-1,-1
426,43,111.00,-0.67,469.73,1077.64,0.9261,-1,-1,-1
426,46,1026.56,334.85,85.35,220.05,0.6320,-1,-1,-1
426,51,629.62,326.22,74.94,218.00,0.6848,-1,-1,-1
426,53,559.62,316.73,43.18,196.35,0.4465,-1,-1,-1
427,2,728.27,214.51,176.86,536.93,0.8309,-1,-1,-1
427,36,-0.55,110.16,98.39,598.56,0.7120,-1,-1,-1
427,38,896.12,236.51,132.06,441.89,0.7799,-1,-1,-1
427,44,1086.98,127.62,316.52,813.06,0.9002,-1,-1,-1
427,43,76.64,0.70,489.97,1073.70,0.9224,-1,-1,-1
427,46,1025.14,332.91,84.92,222.63,0.5847,-1,-1,-1
427,51,625.87,326.64,74.16,221.00,0.7197,-1,-1,-1
427,53,549.89,329.61,50.88,183.27,0.5202,-1,-1,-1
428,2,720.39,218.65,181.40,531.69,0.8338,-1,-1,-1
428,36,0.13,149.23,102.48,773.87,0.4077,-1,-1,-1
428,38,892.50,236.22,135.71,442.10,0.7977,-1,-1,-1
428,44,1081.57,129.26,321.41,813.35,0.9039,-1,-1,-1
428,43,46.49,2.34,510.99,1070.66,0.9213,-1,-1,-1
428,46,1024.80,332.80,81.55,223.35,0.5001,-1,-1,-1
428,51,620.75,327.04,74.37,221.27,0.7152,-1,-1,-1
428,53,541.98,316.04,55.46,194.03,0.5877,-1,-1,-1
429,2,711.41,216.65,186.05,538.94,0.8319,-1,-1,-1
429,38,893.07,235.04,132.93,441.49,0.7765,-1,-1,-1
429,44,1076.37,130.90,322.93,815.78,0.9048,-1,-1,-1
429,43,10.34,2.45,534.29,1070.81,0.9302,-1,-1,-1
429,46,1027.10,331.03,77.73,226.89,0.4859,-1,-1,-1
429,51,615.71,328.26,71.60,222.28,0.7548,-1,-1,-1
429,53,536.93,319.71,57.14,194.13,0.5868,-1,-1,-1
430,2,704.28,215.14,179.71,544.07,0.8380,-1,-1,-1
430,38,894.02,234.35,129.53,437.19,0.7791,-1,-1,-1
430,44,1070.30,133.04,328.53,819.21,0.9091,-1,-1,-1
430,43,-4.87,3.17,540.86,1070.31,0.9266,-1,-1,-1
430,46,1030.95,329.85,74.67,224.37,0.4600,-1,-1,-1
430,51,612.26,325.72,71.35,224.50,0.7129,-1,-1,-1
430,53,532.41,331.41,55.35,178.12,0.4663,-1,-1,-1
431,2,695.60,212.85,175.19,551.50,0.8260,-1,-1,-1
431,38,893.13,233.45,128.34,434.48,0.7827,-1,-1,-1
431,44,1067.39,133.73,329.92,823.17,0.9051,-1,-1,-1
431,43,-10.07,3.61,535.11,1070.02,0.9298,-1,-1,-1
431,46,1034.12,329.08,72.31,225.04,0.3722,-1,-1,-1
431,51,606.72,326.16,75.03,227.86,0.6761,-1,-1,-1
431,53,527.29,334.18,55.08,182.32,0.4577,-1,-1,-1
432,2,686.33,209.75,175.53,566.03,0.8332,-1,-1,-1
432,38,893.71,231.74,127.18,432.75,0.7884,-1,-1,-1
432,44,1065.85,134.07,331.22,827.60,0.9038,-1,-1,-1
432,43,-10.27,4.80,527.20,1069.69,0.9352,-1,-1,-1
432,46,1036.06,328.13,71.41,224.79,0.3761,-1,-1,-1
432,51,603.79,326.60,73.84,228.78,0.6595,-1,-1,-1
432,53,522.46,342.71,55.62,209.87,0.4128,-1,-1,-1
432,55,994.93,314.93,77.62,236.87,0.4671,-1,-1,-1
433,2,680.12,206.42,178.08,562.46,0.8283,-1,-1,-1
433,38,893.76,231.15,126.22,431.11,0.7957,-1,-1,-1
433,44,1066.89,133.06,330.91,831.60,0.9033,-1,-1,-1
433,43,-9.30,5.86,515.37,1065.12,0.9355,-1,-1,-1
433,51,600.89,325.14,74.41,228.66,0.6440,-1,-1,-1
433,53,519.34,343.86,55.22,191.08,0.4226,-1,-1,-1
433,55,997.10,310.45,76.35,241.05,0.5636,-1,-1,-1
434,2,676.63,202.63,176.58,572.69,0.8402,-1,-1,-1
434,38,893.41,228.34,126.41,431.59,0.7956,-1,-1,-1
434,44,1070.06,131.17,328.81,833.33,0.9013,-1,-1,-1
434,43,-7.57,4.49,503.70,1064.52,0.9388,-1,-1,-1
434,51,598.17,321.66,72.77,231.54,0.6852,-1,-1,-1
434,53,518.09,333.12,55.46,187.08,0.4292,-1,-1,-1
434,55,1001.82,309.22,72.96,240.33,0.5198,-1,-1,-1
435,2,674.69,199.04,173.92,565.51,0.8254,-1,-1,-1
435,38,891.96,225.72,127.90,431.47,0.7789,-1,-1,-1
435,44,1071.69,128.54,327.99,836.47,0.9037,-1,-1,-1
435,43,-6.18,2.70,492.11,1065.05,0.9396,-1,-1,-1
435,51,595.84,319.30,73.48,233.10,0.6861,-1,-1,-1
435,53,516.26,317.10,54.38,193.80,0.6669,-1,-1,-1
435,55,1001.14,305.14,72.21,240.97,0.5412,-1,-1,-1
436,2,672.45,195.98,174.30,558.13,0.7972,-1,-1,-1
436,38,896.96,224.06,123.18,431.86,0.7699,-1,-1,-1
436,44,1074.16,125.56,326.85,841.59,0.9069,-1,-1,-1
436,43,-5.03,1.76,481.28,1066.73,0.9397,-1,-1,-1
436,51,595.20,317.47,73.13,233.00,0.7086,-1,-1,-1
436,53,514.60,309.52,53.51,198.79,0.6147,-1,-1,-1
436,55,999.03,302.87,73.63,242.12,0.5426,-1,-1,-1
437,2,669.54,193.49,173.63,539.40,0.8138,-1,-1,-1
437,38,900.40,223.05,120.23,432.04,0.7562,-1,-1,-1
437,44,1078.17,121.14,324.90,845.19,0.9055,-1,-1,-1
437,43,-3.77,1.47,466.64,1071.39,0.9357,-1,-1,-1
437,51,592.09,313.49,74.95,232.64,0.7239,-1,-1,-1
437,53,514.31,334.17,51.76,170.86,0.5876,-1,-1,-1
437,55,996.79,301.17,72.04,241.37,0.5714,-1,-1,-1
437,56,819.88,300.87,80.86,230.39,0.6742,-1,-1,-1
437,46,1047.49,313.14,65.14,233.04,0.4987,-1,-1,-1
438,2,663.96,194.02,175.77,530.92,0.8385,-1,-1,-1
438,38,903.69,223.18,116.88,433.61,0.7557,-1,-1,-1
438,44,1079.78,118.36,324.37,839.72,0.9003,-1,-1,-1
438,43,-2.94,3.19,444.64,1069.95,0.9349,-1,-1,-1
438,51,589.35,312.57,75.26,233.79,0.7310,-1,-1,-1
438,53,512.47,335.53,51.25,170.78,0.4226,-1,-1,-1
438,55,995.20,300.87,72.44,240.06,0.5703,-1,-1,-1
438,56,816.58,300.77,83.46,231.54,0.6724,-1,-1,-1
438,46,1049.95,313.32,62.58,232.04,0.3874,-1,-1,-1
439,2,661.23,194.60,174.83,528.07,0.8541,-1,-1,-1
439,38,905.41,223.33,114.21,435.68,0.7576,-1,-1,-1
439,44,1083.94,115.33,321.11,841.03,0.9012,-1,-1,-1
439,43,-2.96,3.49,420.05,1070.82,0.9277,-1,-1,-1
439,51,585.38,312.28,75.98,234.50,0.7222,-1,-1,-1
439,53,509.98,330.84,51.64,174.00,0.4344,-1,-1,-1
439,55,994.73,300.83,72.57,237.89,0.6396,-1,-1,-1
439,56,812.35,299.52,85.47,236.83,0.7251,-1,-1,-1
439,46,1050.85,312.30,65.82,232.95,0.4693,-1,-1,-1
440,2,657.11,193.81,175.82,527.41,0.8672,-1,-1,-1
440,38,905.07,221.59,112.96,437.54,0.7696,-1,-1,-1
440,44,1087.64,111.48,321.06,840.91,0.8845,-1,-1,-1
440,43,-2.65,3.38,394.20,1067.02,0.9269,-1,-1,-1
440,51,582.60,308.72,77.46,241.45,0.7692,-1,-1,-1
440,53,506.78,325.94,52.82,177.99,0.4083,-1,-1,-1
440,55,994.15,300.36,73.92,236.60,0.7043,-1,-1,-1
440,56,808.76,297.24,85.02,239.67,0.7016,-1,-1,-1
440,46,1051.85,308.85,67.86,236.46,0.5687,-1,-1,-1
441,2,656.28,195.58,176.98,528.56,0.8638,-1,-1,-1
441,38,906.81,222.34,112.00,437.77,0.7790,-1,-1,-1
441,44,1092.51,107.36,321.50,841.83,0.8998,-1,-1,-1
441,43,-1.68,3.70,365.18,1065.47,0.9199,-1,-1,-1
441,51,582.88,306.26,76.96,246.12,0.7663,-1,-1,-1
441,53,506.38,315.78,53.86,188.94,0.4084,-1,-1,-1
441,55,994.92,298.34,75.29,238.48,0.7097,-1,-1,-1
441,56,808.60,296.43,84.03,241.66,0.6951,-1,-1,-1
441,46,1052.57,307.94,70.19,240.59,0.6098,-1,-1,-1
442,2,657.57,198.21,176.35,529.41,0.8552,-1,-1,-1
442,38,910.12,224.42,109.40,435.74,0.7337,-1,-1,-1
442,44,1098.11,107.07,321.94,832.61,0.8974,-1,-1,-1
442,43,-0.66,3.81,332.06,1064.92,0.9135,-1,-1,-1
442,51,583.79,306.01,76.29,249.11,0.7718,-1,-1,-1
442,53,509.73,326.64,52.00,177.84,0.4269,-1,-1,-1
442,55,996.18,298.13,75.59,242.09,0.6774,-1,-1,-1
442,56,811.54,297.41,86.77,238.40,0.7282,-1,-1,-1
442,46,1056.51,313.39,71.25,238.13,0.6573,-1,-1,-1
443,2,662.35,199.44,173.26,527.29,0.8510,-1,-1,-1
443,38,911.44,225.20,109.58,435.24,0.7467,-1,-1,-1
443,44,1104.08,110.51,323.32,820.84,0.8968,-1,-1,-1
443,43,0.44,4.80,299.63,1062.79,0.8932,-1,-1,-1
443,51,584.67,308.68,78.34,249.11,0.7730,-1,-1,-1
443,53,513.60,334.73,50.82,172.16,0.4492,-1,-1,-1
443,55,998.72,296.34,79.26,243.28,0.6435,-1,-1,-1
443,56,814.54,299.75,87.25,232.63,0.7588,-1,-1,-1
443,46,1061.33,314.00,70.60,238.95,0.5988,-1,-1,-1
444,2,668.14,201.06,169.32,521.04,0.8447,-1,-1,-1
444,38,915.50,226.11,107.46,432.42,0.7104,-1,-1,-1
444,44,1112.65,112.99,319.51,813.50,0.9003,-1,-1,-1
444,43,1.02,4.90,268.19,1060.92,0.8391,-1,-1,-1
444,51,586.63,307.64,79.88,250.82,0.7619,-1,-1,-1
444,53,517.13,341.77,50.50,164.30,0.4909,-1,-1,-1
444,55,1000.45,297.68,82.25,243.02,0.6357,-1,-1,-1
444,56,818.03,299.80,85.34,233.55,0.7716,-1,-1,-1
444,46,1063.95,304.11,71.95,245.84,0.5814,-1,-1,-1
445,2,673.78,203.35,169.12,511.95,0.8418,-1,-1,-1
445,38,913.45,223.18,113.52,438.15,0.7751,-1,-1,-1
445,44,1120.47,118.69,316.45,816.80,0.8972,-1,-1,-1
445,43,1.60,5.52,234.72,1061.00,0.3817,-1,-1,-1
445,51,587.12,307.77,82.24,251.19,0.7621,-1,-1,-1
445,53,521.79,334.28,50.60,172.55,0.4917,-1,-1,-1
445,55,1007.08,292.73,82.88,246.27,0.7155,-1,-1,-1
445,56,821.25,298.73,87.12,235.24,0.7829,-1,-1,-1
445,46,1071.20,303.48,72.57,243.73,0.5705,-1,-1,-1
446,2,681.61,202.65,165.92,502.24,0.8350,-1,-1,-1
446,38,911.55,221.28,118.68,445.28,0.8089,-1,-1,-1
446,44,1129.29,124.60,314.58,817.93,0.9060,-1,-1,-1
446,43,1.74,5.25,276.81,1062.38,0.7284,-1,-1,-1
446,51,587.36,309.03,86.81,250.57,0.7387,-1,-1,-1
446,53,525.28,342.50,53.21,164.55,0.5357,-1,-1,-1
446,55,1013.02,294.94,80.95,248.09,0.7716,-1,-1,-1
446,56,826.51,296.32,86.55,237.82,0.7908,-1,-1,-1
446,46,1079.01,301.97,70.74,245.55,0.6520,-1,-1,-1
447,2,685.89,201.61,169.41,507.75,0.8358,-1,-1,-1
447,38,916.65,220.78,121.60,449.64,0.7667,-1,-1,-1
447,44,1139.90,127.06,309.95,823.09,0.9060,-1,-1,-1
447,51,589.97,310.51,88.37,249.25,0.6903,-1,-1,-1
447,53,530.78,352.41,52.22,153.63,0.5007,-1,-1,-1
447,55,1018.17,293.37,83.39,250.07,0.7646,-1,-1,-1
447,56,833.60,296.06,87.41,239.03,0.7574,-1,-1,-1
447,46,1086.96,300.89,68.72,248.81,0.6898,-1,-1,-1
448,2,690.09,201.80,175.19,517.82,0.8418,-1,-1,-1
448,38,923.10,220.04,123.35,453.36,0.7441,-1,-1,-1
448,44,1147.99,136.50,311.87,823.56,0.9052,-1,-1,-1
448,51,591.54,312.33,89.88,248.83,0.6969,-1,-1,-1
448,53,536.23,335.22,52.52,175.08,0.5000,-1,-1,-1
448,55,1026.49,296.37,81.80,250.63,0.7389,-1,-1,-1
448,56,841.13,296.99,85.44,239.49,0.7971,-1,-1,-1
448,46,1095.17,303.72,69.41,248.15,0.6797,-1,-1,-1
449,2,698.84,203.19,172.94,518.14,0.8163,-1,-1,-1
449,38,931.48,218.13,118.70,454.27,0.7735,-1,-1,-1
449,44,1154.21,142.28,313.92,823.89,0.9073,-1,-1,-1
449,51,600.11,314.88,87.04,250.87,0.7450,-1,-1,-1
449,53,541.27,323.04,55.52,189.91,0.5244,-1,-1,-1
449,55,1037.00,297.49,78.19,249.92,0.7118,-1,-1,-1
449,56,846.67,297.89,85.79,239.26,0.7501,-1,-1,-1
449,46,1102.58,313.21,70.13,240.43,0.6747,-1,-1,-1
450,2,706.23,202.32,172.21,514.20,0.8152,-1,-1,-1
450,38,931.27,218.65,119.45,453.56,0.7803,-1,-1,-1
450,44,1162.20,147.43,309.46,827.06,0.9099,-1,-1,-1
450,51,606.18,314.96,84.68,251.00,0.7175,-1,-1,-1
450,53,546.58,325.63,54.48,185.14,0.4893,-1,-1,-1
450,55,1040.43,299.13,79.39,247.76,0.7048,-1,-1,-1
450,56,852.15,298.40,83.38,236.22,0.7160,-1,-1,-1
450,46,1108.09,314.56,71.06,240.42,0.7050,-1,-1,-1
451,2,710.69,201.97,172.41,512.82,0.8245,-1,-1,-1
451,38,939.39,220.47,117.14,447.60,0.7806,-1,-1,-1
451,44,1170.53,151.86,306.22,830.70,0.9031,-1,-1,-1
451,51,606.40,314.98,87.35,253.69,0.7410,-1,-1,-1
451,53,552.39,319.09,54.52,190.94,0.4583,-1,-1,-1
451,55,1050.75,291.96,74.45,253.14,0.6920,-1,-1,-1
451,56,856.52,295.30,88.82,240.41,0.7238,-1,-1,-1
451,46,1116.46,319.14,70.94,236.60,0.6990,-1,-1,-1
452,2,718.94,201.21,167.61,511.19,0.8417,-1,-1,-1
452,38,946.36,220.70,120.54,440.58,0.7662,-1,-1,-1
452,44,1177.71,154.86,306.67,834.29,0.9043,-1,-1,-1
452,51,608.05,315.42,89.46,253.53,0.7349,-1,-1,-1
452,53,558.50,319.27,53.11,186.63,0.4508,-1,-1,-1
452,55,1057.25,294.13,78.37,251.13,0.7423,-1,-1,-1
452,56,858.99,298.05,91.17,237.75,0.7779,-1,-1,-1
452,46,1124.33,317.17,71.18,240.85,0.6754,-1,-1,-1
453,2,726.33,202.86,164.58,512.46,0.8454,-1,-1,-1
453,38,951.95,217.96,122.95,441.39,0.7951,-1,-1,-1
453,44,1185.12,157.82,305.09,838.74,0.9097,-1,-1,-1
453,51,615.40,314.95,84.61,256.17,0.7707,-1,-1,-1
453,53,565.17,313.72,54.63,191.78,0.5491,-1,-1,-1
453,55,1065.41,297.60,77.41,252.33,0.7401,-1,-1,-1
453,56,870.41,297.51,84.79,240.93,0.7866,-1,-1,-1
453,46,1132.23,317.62,69.90,241.28,0.7208,-1,-1,-1
453,57,710.96,256.65,63.36,301.90,0.3697,-1,-1,-1
454,2,733.64,202.54,164.91,512.91,0.8184,-1,-1,-1
454,38,954.57,218.92,129.71,441.48,0.7834,-1,-1,-1
454,44,1192.60,159.96,304.26,841.90,0.9113,-1,-1,-1
454,51,619.78,310.63,85.42,258.22,0.7545,-1,-1,-1
454,53,572.60,319.40,52.97,186.96,0.3961,-1,-1,-1
454,55,1074.62,299.27,77.43,251.66,0.7129,-1,-1,-1
454,56,878.84,298.37,83.91,242.19,0.7319,-1,-1,-1
454,46,1140.58,313.66,70.42,245.80,0.6243,-1,-1,-1
454,57,711.22,256.82,66.57,312.54,0.6271,-1,-1,-1
455,2,738.64,199.43,168.31,519.14,0.8353,-1,-1,-1
455,38,961.82,220.35,128.27,437.24,0.7785,-1,-1,-1
455,44,1197.17,159.23,306.58,843.90,0.9117,-1,-1,-1
455,51,625.90,304.50,83.77,265.35,0.7662,-1,-1,-1
455,53,580.22,315.60,54.09,190.23,0.5633,-1,-1,-1
455,55,1082.76,300.33,75.66,251.52,0.7150,-1,-1,-1
455,56,885.95,302.79,84.29,235.04,0.6953,-1,-1,-1
455,46,1152.15,313.37,67.16,246.07,0.6147,-1,-1,-1
455,57,716.19,257.47,67.21,311.83,0.5842,-1,-1,-1
456,2,749.93,198.79,164.03,520.21,0.8262,-1,-1,-1
456,38,966.14,213.96,128.18,442.55,0.7562,-1,-1,-1
456,44,1201.37,158.37,310.06,838.55,0.9041,-1,-1,-1
456,51,630.56,301.17,84.57,268.98,0.7505,-1,-1,-1
456,53,583.33,316.60,56.25,191.38,0.5166,-1,-1,-1
456,55,1089.76,299.41,74.65,248.44,0.7140,-1,-1,-1
456,56,894.76,300.40,80.70,238.42,0.6623,-1,-1,-1
456,46,1157.89,313.34,66.60,245.77,0.5434,-1,-1,-1
456,57,720.06,255.04,72.96,317.69,0.6258,-1,-1,-1
457,2,760.24,200.53,162.71,519.61,0.8138,-1,-1,-1
457,38,974.43,212.71,124.29,442.10,0.7678,-1,-1,-1
457,44,1205.98,156.81,314.00,836.40,0.9002,-1,-1,-1
457,51,632.67,299.51,89.08,268.50,0.7410,-1,-1,-1
457,53,589.30,308.57,56.83,200.72,0.5272,-1,-1,-1
457,55,1095.11,297.45,76.31,250.26,0.6782,-1,-1,-1
457,56,901.39,298.51,81.24,239.62,0.6763,-1,-1,-1
457,46,1161.05,309.87,68.17,249.19,0.3958,-1,-1,-1
457,57,725.25,251.80,75.82,321.17,0.6760,-1,-1,-1
458,2,768.96,199.92,160.90,518.72,0.8166,-1,-1,-1
458,38,989.10,211.29,120.27,441.13,0.7767,-1,-1,-1
458,44,1208.14,155.25,317.77,834.99,0.8970,-1,-1,-1
458,51,634.84,297.11,90.95,271.12,0.7157,-1,-1,-1
458,53,596.35,307.08,55.27,199.31,0.4865,-1,-1,-1
458,55,1102.41,293.33,73.86,255.34,0.7095,-1,-1,-1
458,56,907.59,297.91,86.19,240.00,0.7448,-1,-1,-1
458,57,727.93,250.18,76.70,319.90,0.7532,-1,-1,-1
459,2,775.88,203.46,159.79,517.01,0.8482,-1,-1,-1
459,38,996.79,206.89,121.51,444.17,0.8080,-1,-1,-1
459,44,1206.52,150.47,329.29,839.77,0.9080,-1,-1,-1
459,51,638.99,296.48,91.49,272.79,0.7248,-1,-1,-1
459,53,599.32,302.82,55.97,202.78,0.4793,-1,-1,-1
459,55,1106.45,293.14,79.15,257.01,0.7441,-1,-1,-1
459,56,912.96,297.24,83.73,238.64,0.7837,-1,-1,-1
459,57,729.91,250.20,77.54,322.56,0.7666,-1,-1,-1
460,2,783.20,203.00,156.42,513.45,0.8534,-1,-1,-1
460,38,997.48,207.11,129.42,444.79,0.7900,-1,-1,-1
460,44,1204.95,143.48,340.53,836.99,0.9100,-1,-1,-1
460,51,640.28,295.50,92.48,272.94,0.7373,-1,-1,-1
460,55,1109.69,294.32,80.23,255.93,0.7272,-1,-1,-1
460,56,920.33,296.00,80.92,238.50,0.7892,-1,-1,-1
460,57,732.27,247.19,79.69,328.25,0.7716,-1,-1,-1
461,2,786.58,202.80,157.39,509.80,0.8307,-1,-1,-1
461,38,1003.03,209.09,126.62,445.19,0.7849,-1,-1,-1
461,44,1203.61,137.73,347.66,833.83,0.9076,-1,-1,-1
461,51,641.81,293.61,92.56,276.04,0.7432,-1,-1,-1
461,55,1110.89,293.33,84.53,254.13,0.7290,-1,-1,-1
461,56,927.32,295.73,79.14,237.45,0.7533,-1,-1,-1
461,57,734.43,243.02,81.36,331.58,0.7557,-1,-1,-1
462,2,788.28,201.58,157.94,508.03,0.8074,-1,-1,-1
462,38,1003.34,208.60,128.05,450.48,0.7936,-1,-1,-1
462,44,1203.03,132.97,352.88,829.99,0.9069,-1,-1,-1
462,51,643.25,292.33,91.72,278.31,0.7776,-1,-1,-1
462,55,1113.67,294.05,84.48,254.12,0.6673,-1,-1,-1
462,56,931.97,295.16,79.68,235.64,0.7295,-1,-1,-1
462,57,736.43,241.90,82.36,330.27,0.7590,-1,-1,-1
462,53,615.12,293.01,48.17,200.27,0.3995,-1,-1,-1
463,2,787.51,198.47,160.17,511.44,0.8199,-1,-1,-1
463,38,1002.72,207.27,130.97,451.49,0.8012,-1,-1,-1
463,44,1203.18,131.35,354.40,822.37,0.9067,-1,-1,-1
463,51,642.70,291.86,91.63,279.08,0.7689,-1,-1,-1
463,55,1117.50,292.19,83.22,252.29,0.6627,-1,-1,-1
463,56,935.50,290.46,79.36,236.14,0.7368,-1,-1,-1
463,57,736.31,239.19,82.05,333.67,0.7517,-1,-1,-1
464,2,783.81,191.25,163.38,511.06,0.8135,-1,-1,-1
464,38,1001.97,205.57,133.92,452.15,0.8048,-1,-1,-1
464,44,1207.77,128.03,349.91,823.52,0.9036,-1,-1,-1
464,51,639.36,289.20,90.82,277.68,0.7708,-1,-1,-1
464,55,1117.64,287.60,82.58,253.95,0.6683,-1,-1,-1
464,56,934.86,284.97,80.23,236.64,0.7363,-1,-1,-1
464,57,734.37,237.97,82.35,333.54,0.7739,-1,-1,-1
464,53,617.09,288.43,47.34,202.88,0.4230,-1,-1,-1
465,2,779.83,185.90,166.27,512.20,0.8151,-1,-1,-1
465,38,1002.02,205.84,135.00,451.00,0.7875,-1,-1,-1
465,44,1209.93,123.49,346.20,829.12,0.9071,-1,-1,-1
465,51,635.82,284.46,91.02,282.90,0.7539,-1,-1,-1
465,55,1123.01,287.17,77.31,252.18,0.6099,-1,-1,-1
465,56,933.93,280.23,80.13,239.07,0.7206,-1,-1,-1
465,57,729.23,233.19,84.80,336.79,0.7614,-1,-1,-1
466,2,774.46,181.10,170.39,512.57,0.8062,-1,-1,-1
466,38,1002.08,204.73,135.92,447.52,0.7770,-1,-1,-1
466,44,1208.37,119.93,347.40,836.90,0.9075,-1,-1,-1
466,51,632.45,282.40,90.20,284.76,0.7082,-1,-1,-1
466,55,1126.20,285.78,72.02,251.66,0.5958,-1,-1,-1
466,56,933.05,276.12,80.74,241.37,0.7321,-1,-1,-1
466,57,725.38,228.61,85.43,339.88,0.7359,-1,-1,-1
467,2,769.82,180.65,177.35,508.89,0.8209,-1,-1,-1
467,38,1002.27,204.60,134.32,449.15,0.7820,-1,-1,-1
467,44,1204.56,119.02,351.28,842.91,0.9090,-1,-1,-1
467,51,624.69,277.81,94.01,291.98,0.7180,-1,-1,-1
467,55,1125.71,283.61,72.03,253.55,0.6252,-1,-1,-1
467,56,931.46,275.03,82.58,242.25,0.7590,-1,-1,-1
467,57,719.05,224.89,88.55,343.86,0.7122,-1,-1,-1
468,2,766.85,179.56,177.27,509.23,0.8275,-1,-1,-1
468,38,999.39,203.94,133.39,450.09,0.7760,-1,-1,-1
468,44,1197.77,117.89,356.55,851.82,0.9128,-1,-1,-1
468,51,618.20,275.36,94.81,296.02,0.7475,-1,-1,-1
468,55,1120.76,280.91,75.56,254.03,0.5720,-1,-1,-1
468,56,929.41,274.70,82.80,242.50,0.7661,-1,-1,-1
468,57,713.40,220.50,88.73,351.75,0.7292,-1,-1,-1
469,2,764.02,179.61,175.63,507.55,0.8286,-1,-1,-1
469,38,998.16,203.45,130.62,445.75,0.7855,-1,-1,-1
469,44,1193.67,117.44,359.22,860.62,0.9113,-1,-1,-1
469,51,612.58,270.14,92.57,301.72,0.8044,-1,-1,-1
469,55,1113.77,279.87,82.20,254.57,0.5771,-1,-1,-1
469,56,925.68,272.93,84.39,243.51,0.7717,-1,-1,-1
469,57,706.99,218.23,87.42,354.81,0.7504,-1,-1,-1
470,2,761.89,176.93,177.26,512.88,0.8396,-1,-1,-1
470,38,995.64,200.13,132.03,447.53,0.8002,-1,-1,-1
470,44,1190.18,118.14,359.31,865.49,0.9142,-1,-1,-1
470,51,602.38,267.78,97.71,303.50,0.7811,-1,-1,-1
470,55,1110.94,277.96,82.69,257.11,0.6249,-1,-1,-1
470,56,922.53,272.62,82.80,243.28,0.7862,-1,-1,-1
470,57,702.25,215.89,89.35,357.68,0.7716,-1,-1,-1
471,2,759.92,175.38,176.02,513.20,0.8406,-1,-1,-1
471,38,993.90,196.94,131.28,449.96,0.7971,-1,-1,-1
471,44,1183.34,118.02,364.53,874.66,0.9087,-1,-1,-1
471,51,595.19,265.31,98.08,307.32,0.7760,-1,-1,-1
471,55,1106.53,273.96,81.73,260.07,0.5646,-1,-1,-1
471,56,918.19,272.71,84.36,243.58,0.8015,-1,-1,-1
471,57,693.59,213.33,92.33,359.82,0.7391,-1,-1,-1
472,2,754.87,173.86,177.08,512.83,0.8625,-1,-1,-1
472,38,991.19,196.42,131.40,449.92,0.7826,-1,-1,-1
472,44,1183.37,118.12,360.64,876.37,0.9108,-1,-1,-1
472,51,590.10,264.13,98.54,308.41,0.8218,-1,-1,-1
472,55,1103.89,271.28,82.16,264.29,0.6575,-1,-1,-1
472,56,916.57,271.50,83.17,243.41,0.8050,-1,-1,-1
472,57,686.30,209.42,96.20,362.37,0.7867,-1,-1,-1
473,2,755.21,174.01,176.09,513.59,0.8754,-1,-1,-1
473,38,988.55,196.20,129.23,450.40,0.7751,-1,-1,-1
473,44,1183.33,117.66,357.68,874.16,0.9105,-1,-1,-1
473,51,585.21,262.41,98.50,310.59,0.8206,-1,-1,-1
473,55,1102.74,270.77,85.05,265.84,0.6943,-1,-1,-1
473,56,916.09,272.14,81.90,242.83,0.7932,-1,-1,-1
473,57,680.39,206.48,99.89,365.01,0.8142,-1,-1,-1
474,2,756.98,175.02,174.33,513.55,0.8765,-1,-1,-1
474,38,986.65,195.33,127.75,450.26,0.7776,-1,-1,-1
474,44,1185.06,115.16,352.11,867.87,0.9124,-1,-1,-1
474,51,581.02,261.27,96.27,311.33,0.8550,-1,-1,-1
474,55,1100.80,269.11,83.03,267.87,0.7442,-1,-1,-1
474,56,915.80,273.60,79.83,242.87,0.7574,-1,-1,-1
474,57,675.05,205.20,103.43,368.89,0.8078,-1,-1,-1
475,2,757.89,175.20,174.98,513.86,0.8670,-1,-1,-1
475,38,987.27,195.56,119.88,441.05,0.7674,-1,-1,-1
475,44,1185.34,112.14,350.34,862.79,0.9117,-1,-1,-1
475,51,575.20,259.63,97.26,312.14,0.8385,-1,-1,-1
475,55,1097.28,266.76,81.37,268.18,0.7515,-1,-1,-1
475,56,916.21,275.75,79.29,239.13,0.7593,-1,-1,-1
475,57,668.27,203.26,107.18,371.43,0.8245,-1,-1,-1
476,2,759.10,175.88,176.26,512.82,0.8655,-1,-1,-1
476,38,984.88,194.48,117.00,436.18,0.7693,-1,-1,-1
476,44,1187.15,107.60,349.00,862.00,0.9087,-1,-1,-1
476,51,571.22,258.32,95.11,314.03,0.8237,-1,-1,-1
476,55,1097.64,264.10,77.90,270.55,0.7605,-1,-1,-1
476,56,917.91,276.76,75.64,235.63,0.7491,-1,-1,-1
476,57,662.64,202.40,110.49,374.63,0.8288,-1,-1,-1
477,2,763.07,177.88,174.98,511.46,0.8641,-1,-1,-1
477,38,983.90,194.83,115.57,434.17,0.7659,-1,-1,-1
477,44,1189.86,104.55,346.93,858.05,0.9085,-1,-1,-1
477,51,569.31,260.49,94.68,315.71,0.8306,-1,-1,-1
477,55,1098.45,263.92,76.29,272.06,0.7608,-1,-1,-1
477,56,919.26,279.81,73.73,233.51,0.7563,-1,-1,-1
477,57,658.09,203.39,114.32,378.63,0.8371,-1,-1,-1
478,2,767.84,179.91,173.62,509.97,0.8511,-1,-1,-1
478,38,982.06,196.22,116.40,433.99,0.7656,-1,-1,-1
478,44,1190.80,103.10,348.09,848.84,0.9091,-1,-1,-1
478,51,561.36,263.58,98.89,321.06,0.8092,-1,-1,-1
478,55,1097.15,265.82,77.17,272.57,0.7684,-1,-1,-1
478,56,920.94,280.78,72.06,235.14,0.6689,-1,-1,-1
478,57,654.44,205.69,117.27,383.88,0.8425,-1,-1,-1
479,2,773.21,179.86,172.73,507.86,0.8615,-1,-1,-1
479,38,980.15,196.44,120.15,433.30,0.7526,-1,-1,-1
479,44,1192.30,101.87,348.97,842.31,0.9118,-1,-1,-1
479,51,553.23,262.89,105.37,324.56,0.8061,-1,-1,-1
479,55,1097.32,265.89,76.63,273.55,0.7660,-1,-1,-1
479,56,919.21,252.79,78.21,265.83,0.5591,-1,-1,-1
479,57,651.94,205.86,120.58,387.36,0.8354,-1,-1,-1
480,2,776.91,180.96,174.12,504.64,0.8562,-1,-1,-1
480,38,979.60,195.54,121.12,440.89,0.7588,-1,-1,-1
480,44,1194.38,101.46,349.60,842.82,0.9094,-1,-1,-1
480,51,548.40,264.10,107.00,327.90,0.8075,-1,-1,-1
480,55,1097.47,266.35,77.30,275.97,0.7607,-1,-1,-1
480,56,919.43,240.49,79.42,278.61,0.4905,-1,-1,-1
480,57,648.41,206.37,126.67,390.22,0.8168,-1,-1,-1
481,2,781.58,181.08,172.57,503.27,0.8587,-1,-1,-1
481,38,979.63,196.60,122.93,446.75,0.7733,-1,-1,-1
481,44,1196.92,103.07,350.18,848.95,0.9125,-1,-1,-1
481,51,545.14,267.33,108.24,329.81,0.8048,-1,-1,-1
481,55,1097.68,271.24,79.05,273.34,0.7871,-1,-1,-1
481,56,924.76,264.25,73.43,253.81,0.3711,-1,-1,-1
481,57,647.31,208.04,131.22,393.76,0.8177,-1,-1,-1
482,2,785.69,185.77,175.28,502.66,0.8504,-1,-1,-1
482,38,979.37,199.97,124.98,444.25,0.7630,-1,-1,-1
482,44,1200.06,107.01,353.50,854.78,0.9112,-1,-1,-1
482,51,544.10,272.52,108.49,329.72,0.7955,-1,-1,-1
482,55,1098.47,275.67,80.20,271.74,0.7674,-1,-1,-1
482,57,648.78,211.37,133.12,395.75,0.8242,-1,-1,-1
483,2,789.44,183.97,176.97,505.87,0.8503,-1,-1,-1
483,38,981.94,200.40,128.73,446.31,0.7989,-1,-1,-1
483,44,1202.40,107.88,355.62,860.40,0.9091,-1,-1,-1
483,51,545.15,271.61,106.80,331.94,0.7801,-1,-1,-1
483,55,1101.09,274.84,83.76,274.27,0.7718,-1,-1,-1
483,57,649.53,210.41,136.62,398.12,0.8171,-1,-1,-1
484,2,797.85,183.55,172.74,508.35,0.8523,-1,-1,-1
484,38,986.55,202.77,126.94,448.23,0.8211,-1,-1,-1
484,44,1205.15,111.32,355.04,865.96,0.9080,-1,-1,-1
484,51,546.35,270.41,104.66,337.37,0.7712,-1,-1,-1
484,55,1103.15,275.67,86.83,274.61,0.7832,-1,-1,-1
484,57,650.72,209.39,134.26,403.42,0.8115,-1,-1,-1
485,2,805.63,188.95,171.92,502.98,0.8442,-1,-1,-1
485,38,993.04,206.75,123.87,449.57,0.8209,-1,-1,-1
485,44,1209.02,114.10,354.80,876.91,0.9015,-1,-1,-1
485,51,545.60,271.83,106.65,341.60,0.7962,-1,-1,-1
485,55,1105.91,275.92,86.52,278.08,0.7893,-1,-1,-1
485,57,652.79,208.84,131.57,410.49,0.8025,-1,-1,-1
486,2,812.39,191.92,171.55,505.10,0.8458,-1,-1,-1
486,38,998.93,210.95,121.73,448.87,0.8140,-1,-1,-1
486,44,1215.25,118.10,351.19,888.45,0.9045,-1,-1,-1
486,51,546.13,272.30,109.00,345.57,0.7993,-1,-1,-1
486,55,1107.03,279.44,94.09,277.37,0.7857,-1,-1,-1
486,57,655.40,208.80,135.29,413.17,0.8146,-1,-1,-1
487,2,820.17,195.59,171.13,510.16,0.8609,-1,-1,-1
487,38,1005.36,217.28,121.02,448.99,0.7953,-1,-1,-1
487,44,1223.06,128.17,349.00,892.16,0.9047,-1,-1,-1
487,51,544.94,271.56,111.49,351.03,0.8128,-1,-1,-1
487,55,1113.22,283.47,93.70,279.54,0.7877,-1,-1,-1
487,57,658.02,209.83,144.55,418.00,0.8056,-1,-1,-1
488,2,826.39,202.01,172.66,509.95,0.8573,-1,-1,-1
488,38,1007.46,222.27,123.93,449.01,0.8016,-1,-1,-1
488,44,1227.25,137.19,347.36,894.18,0.9043,-1,-1,-1
488,51,544.84,272.38,112.75,354.73,0.8079,-1,-1,-1
488,55,1118.80,286.61,93.35,278.76,0.7799,-1,-1,-1
488,57,660.84,211.50,146.63,419.93,0.8049,-1,-1,-1
489,2,833.99,206.56,175.74,510.13,0.8522,-1,-1,-1
489,38,1012.36,228.21,121.45,443.83,0.7790,-1,-1,-1
489,44,1229.62,142.27,346.35,894.06,0.9077,-1,-1,-1
489,51,543.45,271.10,116.32,359.66,0.7908,-1,-1,-1
489,55,1127.54,292.02,89.93,278.07,0.7963,-1,-1,-1
489,57,663.09,211.83,151.74,422.19,0.8045,-1,-1,-1
490,2,839.51,212.87,176.97,508.87,0.8672,-1,-1,-1
490,38,1015.12,230.18,122.73,446.60,0.7753,-1,-1,-1
490,44,1231.29,144.45,348.75,892.21,0.9106,-1,-1,-1
490,51,538.12,271.93,125.75,363.05,0.7836,-1,-1,-1
490,55,1132.48,296.42,90.45,275.18,0.8023,-1,-1,-1
490,57,664.39,213.10,153.73,426.41,0.8000,-1,-1,-1
491,2,844.43,218.00,177.82,508.32,0.8648,-1,-1,-1
491,38,1016.40,229.98,122.93,447.71,0.7798,-1,-1,-1
491,44,1229.90,144.76,353.02,894.17,0.9101,-1,-1,-1
491,51,532.88,272.85,131.33,365.68,0.7807,-1,-1,-1
491,55,1135.52,300.03,92.14,273.89,0.8188,-1,-1,-1
491,57,664.65,213.68,158.14,429.78,0.8142,-1,-1,-1
492,2,848.12,223.73,177.71,507.42,0.8461,-1,-1,-1
492,38,1015.09,232.14,125.11,450.45,0.7858,-1,-1,-1
492,44,1226.80,143.66,362.80,894.79,0.9084,-1,-1,-1
492,51,527.64,273.42,139.21,367.18,0.8083,-1,-1,-1
492,55,1136.59,303.97,95.01,274.56,0.8235,-1,-1,-1
492,57,665.37,213.87,158.75,432.49,0.8302,-1,-1,-1
493,2,851.07,229.95,174.56,505.76,0.8308,-1,-1,-1
493,38,1015.16,233.28,127.27,452.08,0.8115,-1,-1,-1
493,44,1224.03,139.61,362.09,901.30,0.8988,-1,-1,-1
493,51,523.26,274.33,143.08,369.42,0.7981,-1,-1,-1
493,55,1136.07,308.47,98.75,273.02,0.8215,-1,-1,-1
493,57,661.42,213.81,160.64,436.12,0.8134,-1,-1,-1
494,2,854.83,231.27,173.88,498.11,0.8308,-1,-1,-1
494,38,1014.49,233.76,127.59,449.58,0.8160,-1,-1,-1
494,44,1219.51,135.98,356.02,895.61,0.8984,-1,-1,-1
494,51,519.40,275.20,145.35,374.93,0.8202,-1,-1,-1
494,55,1134.80,310.87,101.77,272.08,0.7905,-1,-1,-1
494,57,659.65,213.38,159.71,442.56,0.8268,-1,-1,-1
495,2,858.21,231.28,172.17,496.37,0.8385,-1,-1,-1
495,38,1010.49,234.48,128.95,448.05,0.8096,-1,-1,-1
495,44,1214.41,132.87,355.20,888.97,0.9058,-1,-1,-1
495,51,515.15,276.99,146.57,379.42,0.7913,-1,-1,-1
495,55,1135.63,312.44,100.77,273.48,0.7831,-1,-1,-1
495,57,655.45,213.02,162.36,449.89,0.8196,-1,-1,-1
496,2,859.81,230.55,172.75,495.61,0.8124,-1,-1,-1
496,38,1009.68,234.64,129.23,445.95,0.8065,-1,-1,-1
496,44,1213.08,128.70,353.19,882.98,0.9091,-1,-1,-1
496,51,511.59,279.82,145.87,382.21,0.8007,-1,-1,-1
496,55,1139.14,312.82,98.53,274.83,0.7659,-1,-1,-1
496,57,646.70,213.15,170.80,454.59,0.8374,-1,-1,-1
497,2,860.55,229.97,174.42,476.64,0.8114,-1,-1,-1
497,38,1008.55,234.18,129.70,446.18,0.8103,-1,-1,-1
497,44,1211.49,123.18,352.81,885.50,0.9161,-1,-1,-1
497,51,508.10,281.99,145.53,384.53,0.8176,-1,-1,-1
497,55,1140.71,312.69,97.83,277.59,0.7448,-1,-1,-1
497,57,639.11,212.84,177.48,457.05,0.8462,-1,-1,-1
498,2,860.04,229.60,176.90,462.08,0.8130,-1,-1,-1
498,38,1007.36,234.97,130.24,446.88,0.8241,-1,-1,-1
498,44,1209.63,119.20,353.35,893.63,0.9115,-1,-1,-1
498,51,505.50,284.98,141.36,384.31,0.8261,-1,-1,-1
498,55,1141.13,312.77,97.75,279.07,0.7723,-1,-1,-1
498,57,634.02,212.66,179.07,460.61,0.8764,-1,-1,-1
499,2,859.55,228.07,178.37,480.44,0.8190,-1,-1,-1
499,38,1006.90,233.53,129.79,448.76,0.8061,-1,-1,-1
499,44,1209.60,115.72,352.55,903.44,0.9119,-1,-1,-1
499,51,498.72,286.66,143.84,387.23,0.8103,-1,-1,-1
499,55,1142.42,312.10,96.39,282.19,0.7386,-1,-1,-1
499,57,629.09,213.49,176.67,463.99,0.8768,-1,-1,-1
500,2,859.27,227.01,177.38,484.85,0.8311,-1,-1,-1
500,38,1007.08,232.80,127.21,452.19,0.8008,-1,-1,-1
500,44,1207.44,114.05,354.09,914.89,0.9101,-1,-1,-1
500,51,492.78,288.85,143.36,390.95,0.8253,-1,-1,-1
500,55,1141.22,312.46,97.29,284.91,0.7397,-1,-1,-1
500,57,624.00,213.49,173.97,471.34,0.8415,-1,-1,-1
501,2,857.93,226.81,179.03,489.50,0.8407,-1,-1,-1
501,38,1006.69,233.04,127.28,453.56,0.8120,-1,-1,-1
501,44,1206.92,113.39,354.15,924.03,0.9116,-1,-1,-1
501,51,486.31,285.20,143.90,398.18,0.8323,-1,-1,-1
501,55,1142.30,312.22,96.09,284.97,0.7571,-1,-1,-1
501,57,620.60,212.15,171.85,480.36,0.8424,-1,-1,-1
502,2,857.95,227.22,180.41,489.11,0.8464,-1,-1,-1
502,38,1004.15,234.40,128.49,453.47,0.8182,-1,-1,-1
502,44,1207.16,113.24,353.33,930.20,0.9147,-1,-1,-1
502,51,480.03,283.71,142.44,404.37,0.8263,-1,-1,-1
502,55,1141.61,311.58,96.88,284.24,0.7961,-1,-1,-1
502,57,615.42,212.48,174.61,484.91,0.8389,-1,-1,-1
503,2,855.51,225.54,180.19,494.40,0.8427,-1,-1,-1
503,38,1001.42,234.40,130.73,450.70,0.8122,-1,-1,-1
503,44,1206.78,113.82,352.44,934.22,0.9156,-1,-1,-1
503,51,470.81,278.81,142.72,410.46,0.8174,-1,-1,-1
503,55,1138.66,309.35,97.13,285.23,0.8152,-1,-1,-1
503,57,608.50,207.59,168.69,488.56,0.8484,-1,-1,-1
504,2,852.67,224.12,182.49,493.18,0.8406,-1,-1,-1
504,38,1000.71,232.93,129.51,449.30,0.8055,-1,-1,-1
504,44,1205.86,114.30,352.68,938.69,0.9172,-1,-1,-1
504,51,461.86,274.90,144.77,415.15,0.8153,-1,-1,-1
504,55,1136.83,305.86,98.49,288.17,0.8100,-1,-1,-1
504,57,601.36,198.55,168.92,498.72,0.8538,-1,-1,-1
505,2,853.69,224.04,183.50,495.42,0.8217,-1,-1,-1
505,38,1002.91,230.46,122.43,449.41,0.7635,-1,-1,-1
505,44,1206.55,114.19,352.88,942.99,0.9195,-1,-1,-1
505,51,452.21,270.11,145.22,421.90,0.8092,-1,-1,-1
505,55,1135.35,302.81,98.14,288.67,0.8121,-1,-1,-1
505,57,591.69,194.91,172.53,504.40,0.8638,-1,-1,-1
506,2,853.75,223.47,183.93,501.23,0.8192,-1,-1,-1
506,38,1002.01,231.14,120.18,442.86,0.7542,-1,-1,-1
506,44,1206.48,112.90,353.94,945.98,0.9161,-1,-1,-1
506,51,441.47,266.73,151.15,427.59,0.8196,-1,-1,-1
506,55,1130.49,299.48,103.04,290.20,0.8074,-1,-1,-1
506,57,582.60,189.24,170.63,508.47,0.8523,-1,-1,-1
507,2,856.95,226.56,179.27,501.43,0.8122,-1,-1,-1
507,38,1000.32,232.33,119.03,441.04,0.7591,-1,-1,-1
507,44,1208.35,111.70,352.70,939.31,0.9159,-1,-1,-1
507,51,432.06,263.50,151.42,434.28,0.8503,-1,-1,-1
507,55,1128.76,297.62,103.23,291.01,0.8149,-1,-1,-1
507,57,573.33,186.78,170.59,509.59,0.8500,-1,-1,-1
508,2,854.38,228.46,177.50,499.46,0.8231,-1,-1,-1
508,38,1001.46,228.66,111.37,445.10,0.7304,-1,-1,-1
508,44,1209.46,108.17,350.84,936.08,0.9172,-1,-1,-1
508,51,418.90,259.85,151.35,439.69,0.8385,-1,-1,-1
508,55,1130.24,295.90,99.51,290.76,0.7944,-1,-1,-1
508,57,562.79,181.40,170.52,518.17,0.8463,-1,-1,-1
509,2,853.29,228.40,175.06,494.96,0.8010,-1,-1,-1
509,38,1000.92,226.89,100.96,448.17,0.7385,-1,-1,-1
509,44,1208.74,104.52,349.60,935.62,0.9159,-1,-1,-1
509,51,407.89,255.90,150.73,444.19,0.8459,-1,-1,-1
509,55,1126.92,294.64,97.65,290.24,0.7944,-1,-1,-1
509,57,550.59,175.41,172.88,526.10,0.8653,-1,-1,-1
510,2,850.58,228.34,173.88,490.69,0.7937,-1,-1,-1
510,38,997.72,227.03,98.49,448.24,0.7135,-1,-1,-1
510,44,1206.17,100.77,355.37,934.11,0.9113,-1,-1,-1
510,51,393.90,254.43,151.08,450.23,0.8394,-1,-1,-1
510,55,1121.69,292.98,98.48,290.74,0.8061,-1,-1,-1
510,57,536.74,171.06,178.14,534.35,0.8797,-1,-1,-1
511,2,855.50,226.38,165.29,485.91,0.7536,-1,-1,-1
511,38,993.19,221.11,99.64,456.30,0.6840,-1,-1,-1
511,44,1203.58,94.87,359.27,925.66,0.9119,-1,-1,-1
511,51,377.01,252.02,157.60,459.36,0.8520,-1,-1,-1
511,55,1118.44,289.45,97.85,293.84,0.8111,-1,-1,-1
511,57,523.35,169.68,179.48,538.08,0.8655,-1,-1,-1
511,59,1071.18,310.32,57.23,205.19,0.5247,-1,-1,-1
512,2,855.53,221.43,161.80,482.76,0.7488,-1,-1,-1
512,38,990.10,217.22,100.84,462.58,0.6843,-1,-1,-1
512,44,1203.20,88.45,356.95,912.64,0.9077,-1,-1,-1
512,51,363.38,251.03,159.63,468.53,0.8264,-1,-1,-1
512,55,1114.46,285.50,98.04,296.56,0.7846,-1,-1,-1
512,57,511.44,167.77,183.22,546.06,0.8665,-1,-1,-1
512,59,1066.95,307.43,58.90,202.91,0.4562,-1,-1,-1
513,2,852.76,215.85,161.31,482.68,0.8258,-1,-1,-1
513,38,988.68,219.26,88.78,455.51,0.6107,-1,-1,-1
513,44,1205.21,82.98,353.81,903.08,0.9028,-1,-1,-1
513,51,351.00,246.63,161.79,478.89,0.8543,-1,-1,-1
513,55,1111.65,283.02,98.02,296.78,0.7460,-1,-1,-1
513,57,500.90,162.10,188.11,557.71,0.8584,-1,-1,-1
513,59,1061.27,307.62,62.78,203.54,0.5036,-1,-1,-1
514,2,851.41,207.70,159.85,486.21,0.7775,-1,-1,-1
514,38,987.33,213.65,88.68,453.21,0.6747,-1,-1,-1
514,44,1208.83,75.22,350.81,899.56,0.9053,-1,-1,-1
514,51,340.71,245.92,164.76,478.97,0.8289,-1,-1,-1
514,55,1108.86,278.15,99.72,297.52,0.7838,-1,-1,-1
514,57,488.88,157.64,195.26,569.55,0.8478,-1,-1,-1
514,59,1058.98,300.59,62.92,211.57,0.4238,-1,-1,-1
515,2,850.80,204.35,158.42,486.18,0.7923,-1,-1,-1
515,38,987.33,210.66,88.95,453.20,0.6658,-1,-1,-1
515,44,1212.33,68.71,347.67,903.10,0.9065,-1,-1,-1
515,51,329.50,244.84,168.64,482.23,0.8546,-1,-1,-1
515,55,1105.64,274.49,101.46,298.83,0.8050,-1,-1,-1
515,57,480.26,154.62,197.79,579.29,0.8479,-1,-1,-1
515,59,1056.95,294.29,59.59,219.73,0.4457,-1,-1,-1
516,2,849.65,201.55,158.35,486.36,0.8172,-1,-1,-1
516,38,987.49,205.97,88.12,450.06,0.6717,-1,-1,-1
516,44,1216.05,62.80,343.92,908.06,0.9067,-1,-1,-1
516,51,318.46,243.81,172.75,490.30,0.8640,-1,-1,-1
516,55,1104.78,272.27,101.09,299.19,0.8175,-1,-1,-1
516,57,470.58,151.11,204.31,586.28,0.8653,-1,-1,-1
516,59,1054.47,294.42,60.81,218.03,0.4489,-1,-1,-1
517,2,851.26,199.23,155.80,488.90,0.8159,-1,-1,-1
517,38,988.24,204.11,85.28,441.88,0.6636,-1,-1,-1
517,44,1219.51,59.69,341.74,916.54,0.9086,-1,-1,-1
517,51,308.99,241.01,172.88,502.52,0.8546,-1,-1,-1
517,55,1105.68,270.90,101.24,300.83,0.8211,-1,-1,-1
517,57,464.49,150.40,208.57,595.51,0.8866,-1,-1,-1
517,59,1054.89,295.05,61.08,215.33,0.5308,-1,-1,-1
518,2,852.63,197.61,153.42,491.90,0.7926,-1,-1,-1
518,38,988.51,201.80,82.46,438.35,0.6680,-1,-1,-1
518,44,1220.94,57.35,341.25,926.97,0.9089,-1,-1,-1
518,51,299.43,236.46,174.29,515.64,0.8636,-1,-1,-1
518,55,1104.35,269.05,103.83,304.27,0.8105,-1,-1,-1
518,57,458.58,147.66,212.81,605.10,0.8801,-1,-1,-1
518,59,1054.01,289.69,57.82,218.84,0.4944,-1,-1,-1
519,2,852.37,195.96,153.77,493.88,0.7934,-1,-1,-1
519,38,988.32,199.30,81.24,436.98,0.6409,-1,-1,-1
519,44,1221.89,56.20,340.71,933.12,0.9035,-1,-1,-1
519,51,290.45,231.35,176.84,527.86,0.8634,-1,-1,-1
519,55,1102.13,265.05,106.43,307.67,0.8085,-1,-1,-1
519,57,451.82,143.62,217.48,615.10,0.8663,-1,-1,-1
519,59,1055.37,289.91,57.16,220.71,0.5483,-1,-1,-1
520,2,853.96,193.94,152.69,495.77,0.7846,-1,-1,-1
520,38,988.37,196.76,80.89,438.58,0.6352,-1,-1,-1
520,44,1226.58,55.10,337.95,941.16,0.9025,-1,-1,-1
520,51,279.78,226.49,181.76,535.86,0.8733,-1,-1,-1
520,55,1102.82,264.37,107.53,306.36,0.8029,-1,-1,-1
520,57,447.16,139.70,222.15,624.21,0.8580,-1,-1,-1
520,59,1056.48,286.41,54.49,222.08,0.5431,-1,-1,-1
521,2,857.77,196.38,150.78,496.31,0.7859,-1,-1,-1
521,38,990.72,196.81,80.85,439.63,0.6697,-1,-1,-1
521,44,1232.04,58.09,335.82,947.02,0.9021,-1,-1,-1
521,51,273.47,227.09,184.63,538.71,0.8841,-1,-1,-1
521,55,1107.71,264.68,108.41,307.17,0.7964,-1,-1,-1
521,57,445.76,136.27,225.39,631.75,0.8568,-1,-1,-1
521,59,1059.95,293.56,55.82,215.49,0.5822,-1,-1,-1
522,2,859.52,196.93,150.31,493.91,0.8082,-1,-1,-1
522,38,990.90,194.89,80.96,441.24,0.6516,-1,-1,-1
522,44,1234.88,56.72,331.24,954.89,0.9047,-1,-1,-1
522,51,266.15,222.97,187.54,545.17,0.8767,-1,-1,-1
522,55,1108.98,261.96,107.64,307.11,0.7994,-1,-1,-1
522,57,442.77,130.33,228.73,639.51,0.8673,-1,-1,-1
522,59,1060.53,286.15,56.02,216.28,0.5766,-1,-1,-1
523,2,863.18,196.31,148.49,493.11,0.8158,-1,-1,-1
523,38,991.32,192.73,81.69,445.15,0.6678,-1,-1,-1
523,44,1236.28,54.26,326.59,963.31,0.9078,-1,-1,-1
523,51,256.14,217.41,195.47,552.90,0.8787,-1,-1,-1
523,55,1109.04,259.37,109.11,306.18,0.7870,-1,-1,-1
523,57,437.33,120.11,233.64,652.90,0.8747,-1,-1,-1
523,59,1060.78,284.36,58.63,215.88,0.6367,-1,-1,-1
524,2,868.77,197.97,145.74,492.14,0.8324,-1,-1,-1
524,38,994.05,196.37,79.84,449.10,0.6190,-1,-1,-1
524,44,1237.93,53.39,323.58,963.96,0.9067,-1,-1,-1
524,51,248.92,215.25,200.48,561.57,0.8795,-1,-1,-1
524,55,1108.00,258.38,112.49,306.90,0.7972,-1,-1,-1
524,57,433.50,117.24,237.35,659.64,0.8761,-1,-1,-1
524,59,1061.03,282.29,60.91,217.18,0.6621,-1,-1,-1
525,2,873.48,199.34,147.80,491.18,0.8535,-1,-1,-1
525,38,995.83,200.11,82.55,442.17,0.5599,-1,-1,-1
525,44,1238.20,49.84,326.15,966.71,0.9048,-1,-1,-1
525,51,241.50,212.85,203.56,567.44,0.8766,-1,-1,-1
525,55,1111.49,256.93,114.11,307.25,0.8084,-1,-1,-1
525,57,432.18,113.08,241.44,667.37,0.8756,-1,-1,-1
525,59,1064.80,280.58,61.72,218.77,0.6508,-1,-1,-1
526,2,878.40,199.70,148.82,493.14,0.8614,-1,-1,-1
526,38,997.83,202.00,86.09,444.74,0.5397,-1,-1,-1
526,44,1241.48,48.40,327.10,966.75,0.9025,-1,-1,-1
526,51,233.49,210.52,206.53,574.61,0.8671,-1,-1,-1
526,55,1114.89,256.24,116.90,310.26,0.8281,-1,-1,-1
526,57,429.79,110.73,247.25,672.91,0.8780,-1,-1,-1
526,59,1069.66,278.14,60.36,221.06,0.7115,-1,-1,-1
527,2,881.80,200.77,150.34,492.17,0.8385,-1,-1,-1
527,38,998.92,203.78,89.25,447.28,0.6073,-1,-1,-1
527,44,1245.68,49.06,325.75,964.90,0.9087,-1,-1,-1
527,51,225.89,206.56,207.80,583.89,0.8561,-1,-1,-1
527,55,1118.06,258.35,119.05,309.78,0.8429,-1,-1,-1
527,57,425.85,110.06,254.15,676.37,0.8747,-1,-1,-1
527,59,1072.88,278.78,62.11,224.34,0.7562,-1,-1,-1
528,2,881.21,200.35,154.85,492.98,0.8258,-1,-1,-1
528,38,1000.57,203.68,91.64,450.31,0.5892,-1,-1,-1
528,44,1245.50,47.27,329.62,965.37,0.9093,-1,-1,-1
528,51,222.38,205.61,209.69,590.54,0.8462,-1,-1,-1
528,55,1124.67,260.06,114.50,310.52,0.8396,-1,-1,-1
528,57,421.36,107.88,259.69,682.57,0.8841,-1,-1,-1
528,59,1078.30,278.44,62.65,225.11,0.7222,-1,-1,-1
529,2,879.77,199.64,156.90,491.04,0.8120,-1,-1,-1
529,38,1003.09,203.86,90.61,452.18,0.6239,-1,-1,-1
529,44,1245.26,47.73,332.91,958.74,0.9104,-1,-1,-1
529,51,220.62,205.44,210.61,605.47,0.8253,-1,-1,-1
529,55,1132.20,261.60,110.42,311.66,0.8123,-1,-1,-1
529,57,416.89,104.83,267.51,692.73,0.8814,-1,-1,-1
529,59,1084.49,282.56,60.03,226.36,0.7214,-1,-1,-1
530,2,887.64,197.93,148.18,490.96,0.7795,-1,-1,-1
530,38,1008.14,207.43,88.22,452.22,0.7039,-1,-1,-1
530,44,1248.10,48.85,338.72,946.12,0.9049,-1,-1,-1
530,51,213.89,205.30,216.54,624.94,0.8275,-1,-1,-1
530,55,1137.37,262.38,108.36,313.45,0.7998,-1,-1,-1
530,57,407.17,101.52,278.51,709.35,0.8805,-1,-1,-1
530,59,1089.34,293.45,61.08,215.10,0.6525,-1,-1,-1
531,2,882.91,196.68,155.19,491.37,0.7962,-1,-1,-1
531,38,1011.28,207.71,91.18,457.06,0.7154,-1,-1,-1
531,44,1249.84,49.22,342.92,940.57,0.9107,-1,-1,-1
531,51,208.66,207.21,218.36,635.38,0.8438,-1,-1,-1
531,55,1143.76,264.77,106.61,312.46,0.8074,-1,-1,-1
531,57,402.45,95.65,283.45,734.94,0.8831,-1,-1,-1
531,59,1094.29,294.17,63.09,214.00,0.7253,-1,-1,-1
532,2,887.12,197.84,155.91,488.30,0.8206,-1,-1,-1
532,38,1014.19,203.85,91.85,461.53,0.6445,-1,-1,-1
532,44,1251.81,47.90,347.07,946.59,0.9081,-1,-1,-1
532,51,202.99,209.62,222.01,638.30,0.8572,-1,-1,-1
532,55,1147.58,265.31,106.01,313.78,0.8128,-1,-1,-1
532,57,397.41,92.24,288.63,754.08,0.8872,-1,-1,-1
532,59,1099.59,294.56,61.33,215.63,0.7338,-1,-1,-1
533,2,892.29,199.69,154.29,486.43,0.8351,-1,-1,-1
533,38,1016.58,203.59,92.20,461.09,0.7145,-1,-1,-1
533,44,1253.93,48.12,352.82,952.45,0.9008,-1,-1,-1
533,51,197.58,212.42,222.67,642.93,0.8669,-1,-1,-1
533,55,1151.96,268.49,105.52,314.87,0.8025,-1,-1,-1
533,57,389.95,90.41,296.38,763.93,0.8827,-1,-1,-1
533,59,1103.56,288.56,61.72,222.64,0.6588,-1,-1,-1
534,2,895.81,200.93,153.52,493.18,0.8349,-1,-1,-1
534,38,1017.17,199.82,92.02,465.33,0.6620,-1,-1,-1
534,44,1259.46,45.41,357.20,962.59,0.9035,-1,-1,-1
534,51,189.13,214.80,222.92,645.62,0.8753,-1,-1,-1
534,55,1154.97,269.95,106.32,316.23,0.7685,-1,-1,-1
534,57,381.80,89.09,303.19,768.60,0.8852,-1,-1,-1
534,59,1106.77,287.53,63.56,229.60,0.5998,-1,-1,-1
535,2,896.98,203.50,153.55,493.20,0.8422,-1,-1,-1
535,38,1018.27,199.21,93.84,470.69,0.6862,-1,-1,-1
535,44,1263.27,43.53,358.13,974.12,0.9082,-1,-1,-1
535,51,179.84,211.33,227.02,669.06,0.8801,-1,-1,-1
535,55,1154.88,270.03,110.85,317.31,0.7878,-1,-1,-1
535,57,374.28,86.19,305.55,779.10,0.8757,-1,-1,-1
535,59,1107.82,288.48,61.22,231.53,0.4037,-1,-1,-1
536,2,899.72,204.60,152.34,494.33,0.8319,-1,-1,-1
536,38,1019.06,197.31,93.17,469.76,0.7122,-1,-1,-1
536,44,1263.73,41.72,364.16,984.37,0.9050,-1,-1,-1
536,51,168.41,208.84,232.64,681.80,0.8807,-1,-1,-1
536,55,1155.31,269.64,111.85,317.99,0.8018,-1,-1,-1
536,57,369.52,82.38,304.00,802.26,0.8701,-1,-1,-1
536,59,1109.11,292.36,59.68,226.67,0.3572,-1,-1,-1
537,2,902.19,208.34,151.21,493.59,0.8229,-1,-1,-1
537,38,1019.58,198.14,93.02,465.75,0.6988,-1,-1,-1
537,44,1264.27,40.68,369.69,992.70,0.9050,-1,-1,-1
537,51,153.38,205.97,239.52,694.18,0.8765,-1,-1,-1
537,55,1156.00,269.99,111.73,318.48,0.7667,-1,-1,-1
537,57,362.14,78.77,304.39,825.40,0.8744,-1,-1,-1
537,59,1111.95,286.20,64.07,238.86,0.3746,-1,-1,-1
538,2,903.65,211.13,151.54,491.59,0.8181,-1,-1,-1
538,38,1019.81,199.19,98.19,462.08,0.7039,-1,-1,-1
538,44,1266.41,40.24,374.38,1000.06,0.9047,-1,-1,-1
538,51,137.82,199.96,243.78,708.00,0.8730,-1,-1,-1
538,55,1157.87,268.74,110.51,320.87,0.8011,-1,-1,-1
538,57,351.24,68.99,302.02,846.27,0.8846,-1,-1,-1
538,59,1114.27,283.00,63.95,244.59,0.3623,-1,-1,-1
539,2,902.76,210.99,151.02,491.88,0.8156,-1,-1,-1
539,38,1019.50,198.67,102.11,454.80,0.7196,-1,-1,-1
539,44,1267.51,38.81,377.56,1007.58,0.9043,-1,-1,-1
539,51,115.03,190.27,250.00,721.45,0.8693,-1,-1,-1
539,55,1155.42,265.64,110.56,323.22,0.7894,-1,-1,-1
539,57,341.24,55.86,306.35,864.99,0.8803,-1,-1,-1
540,2,902.57,212.48,151.13,491.31,0.8094,-1,-1,-1
540,38,1019.86,198.66,95.54,454.51,0.6255,-1,-1,-1
540,44,1270.92,40.65,375.81,1014.62,0.9040,-1,-1,-1
540,51,98.79,181.54,246.49,735.69,0.8850,-1,-1,-1
540,55,1152.20,266.36,109.42,323.25,0.7982,-1,-1,-1
540,57,327.45,50.51,309.77,875.99,0.8769,-1,-1,-1
541,2,902.69,213.79,149.78,487.32,0.8055,-1,-1,-1
541,38,1018.06,200.13,95.89,454.18,0.7100,-1,-1,-1
541,44,1271.23,48.30,376.84,1013.69,0.9000,-1,-1,-1
541,51,78.42,179.48,251.36,745.46,0.8952,-1,-1,-1
541,55,1140.06,268.61,115.45,322.52,0.7807,-1,-1,-1
541,57,307.40,43.40,310.74,888.67,0.8857,-1,-1,-1
542,2,897.95,211.72,150.26,488.09,0.7968,-1,-1,-1
542,38,1016.05,197.97,88.95,454.92,0.6573,-1,-1,-1
542,44,1271.53,50.78,377.84,1010.28,0.8952,-1,-1,-1
542,51,55.09,168.67,256.41,755.84,0.8870,-1,-1,-1
542,55,1138.78,266.43,112.37,323.67,0.8210,-1,-1,-1
542,57,290.70,33.94,307.84,902.91,0.8866,-1,-1,-1
542,61,584.36,291.30,70.02,248.97,0.6276,-1,-1,-1
543,2,892.65,209.20,151.92,489.43,0.8218,-1,-1,-1
543,38,1015.93,194.97,84.28,455.49,0.6314,-1,-1,-1
543,44,1274.39,50.84,376.77,1006.31,0.8989,-1,-1,-1
543,51,30.59,159.88,262.09,770.30,0.8898,-1,-1,-1
543,55,1132.97,264.99,111.55,322.63,0.7960,-1,-1,-1
543,57,264.13,21.40,319.76,919.59,0.8778,-1,-1,-1
543,61,580.77,287.53,74.24,254.61,0.5996,-1,-1,-1
544,2,890.84,206.42,151.97,487.57,0.8168,-1,-1,-1
544,38,1014.43,192.05,84.87,459.49,0.5615,-1,-1,-1
544,44,1276.79,52.14,375.58,1008.04,0.8985,-1,-1,-1
544,51,6.56,154.49,269.55,782.47,0.8870,-1,-1,-1
544,55,1120.81,263.67,118.61,326.42,0.8356,-1,-1,-1
544,57,251.68,12.11,315.89,937.00,0.8982,-1,-1,-1
544,61,578.55,286.88,74.83,257.78,0.6436,-1,-1,-1
545,2,888.81,204.91,151.49,484.63,0.8098,-1,-1,-1
545,38,1011.70,198.02,85.13,459.59,0.6116,-1,-1,-1
545,44,1278.98,53.97,373.41,1004.24,0.9040,-1,-1,-1
545,51,-4.93,147.42,261.16,799.98,0.8815,-1,-1,-1
545,55,1110.91,264.66,123.35,328.27,0.8421,-1,-1,-1
545,57,225.19,4.35,326.12,951.49,0.8899,-1,-1,-1
545,61,576.93,289.13,73.50,256.15,0.6476,-1,-1,-1
546,2,884.38,202.92,154.69,484.24,0.8076,-1,-1,-1
546,38,1008.89,198.67,90.87,448.78,0.4936,-1,-1,-1
546,44,1278.76,54.47,372.97,1002.23,0.9043,-1,-1,-1
546,51,-8.50,141.18,245.43,821.29,0.8869,-1,-1,-1
546,55,1108.09,267.46,120.92,325.90,0.8203,-1,-1,-1
546,57,203.07,1.98,335.85,962.28,0.9040,-1,-1,-1
546,61,573.78,288.55,71.65,254.56,0.6968,-1,-1,-1
547,2,878.73,201.44,155.34,484.34,0.8089,-1,-1,-1
547,38,1002.49,200.33,101.62,448.33,0.6085,-1,-1,-1
547,44,1277.74,53.80,371.12,995.45,0.9079,-1,-1,-1
547,51,-8.57,132.91,228.02,838.28,0.8793,-1,-1,-1
547,55,1108.44,267.90,113.57,324.17,0.7744,-1,-1,-1
547,57,182.44,-0.32,344.32,970.37,0.8975,-1,-1,-1
547,61,568.75,289.19,64.18,254.68,0.6280,-1,-1,-1
548,2,873.59,202.27,156.14,485.18,0.8154,-1,-1,-1
548,38,999.01,202.08,112.63,447.33,0.6328,-1,-1,-1
548,44,1277.05,53.16,369.43,983.58,0.9042,-1,-1,-1
548,51,-7.61,126.22,211.18,845.36,0.8606,-1,-1,-1
548,55,1098.54,269.40,115.78,325.16,0.8083,-1,-1,-1
548,57,159.96,0.35,358.10,986.44,0.8996,-1,-1,-1
548,61,563.20,288.33,62.21,258.12,0.6732,-1,-1,-1
549,2,868.13,202.23,153.11,488.62,0.8357,-1,-1,-1
549,38,994.05,213.11,126.18,435.02,0.6796,-1,-1,-1
549,44,1276.32,51.25,366.43,972.07,0.9045,-1,-1,-1
549,51,-6.16,125.65,199.01,851.17,0.8490,-1,-1,-1
549,55,1095.11,271.10,113.27,323.94,0.8210,-1,-1,-1
549,57,122.42,-0.28,389.37,1018.52,0.8783,-1,-1,-1
549,61,555.99,290.91,63.25,255.41,0.6638,-1,-1,-1
549,63,1629.57,295.30,60.54,157.02,0.4339,-1,-1,-1
550,2,865.06,203.42,152.98,491.26,0.8402,-1,-1,-1
550,38,987.96,209.09,99.96,443.00,0.4566,-1,-1,-1
550,44,1275.73,49.30,363.91,970.52,0.9036,-1,-1,-1
550,51,-5.62,149.63,167.05,834.82,0.8165,-1,-1,-1
550,55,1094.34,272.06,106.68,323.54,0.8089,-1,-1,-1
550,57,93.28,0.70,399.39,1054.04,0.8849,-1,-1,-1
550,61,547.49,287.93,69.43,259.56,0.6642,-1,-1,-1
550,63,1624.79,291.95,62.00,162.59,0.4784,-1,-1,-1
550,59,1027.46,276.16,108.19,346.18,0.6144,-1,-1,-1
551,2,863.59,207.13,149.73,488.23,0.8464,-1,-1,-1
551,44,1275.27,48.46,362.93,978.39,0.8995,-1,-1,-1
551,51,-3.34,219.39,147.90,769.75,0.8400,-1,-1,-1
551,55,1092.69,273.87,104.24,321.63,0.7984,-1,-1,-1
551,57,66.61,0.61,407.05,1072.49,0.8871,-1,-1,-1
551,61,541.71,283.29,65.54,265.59,0.7284,-1,-1,-1
551,63,1620.87,285.80,64.29,170.21,0.4938,-1,-1,-1
551,59,1021.79,283.53,111.56,344.05,0.6775,-1,-1,-1
552,2,859.25,211.22,148.76,482.43,0.8407,-1,-1,-1
552,44,1275.58,48.34,360.86,986.57,0.8993,-1,-1,-1
552,51,-2.64,235.32,128.46,758.42,0.7941,-1,-1,-1
552,55,1092.68,276.09,99.16,320.67,0.7478,-1,-1,-1
552,57,31.32,1.85,422.41,1076.24,0.9076,-1,-1,-1
552,61,535.04,283.27,68.34,267.15,0.7325,-1,-1,-1
552,63,1618.39,279.88,66.72,177.42,0.3790,-1,-1,-1
552,59,1013.91,283.25,120.93,349.18,0.6557,-1,-1,-1
552,38,976.54,211.02,91.02,414.19,0.4470,-1,-1,-1
553,2,853.69,215.47,146.97,480.40,0.8144,-1,-1,-1
553,44,1278.65,48.09,356.39,993.91,0.8958,-1,-1,-1
553,51,-1.37,237.42,115.71,762.64,0.4726,-1,-1,-1
553,55,1095.03,276.70,90.80,319.69,0.7468,-1,-1,-1
553,57,3.97,2.00,436.29,1074.00,0.9053,-1,-1,-1
553,61,530.39,288.92,69.63,263.35,0.7054,-1,-1,-1
553,59,1011.85,275.96,123.78,361.11,0.6269,-1,-1,-1
553,38,973.00,212.27,87.28,419.80,0.5710,-1,-1,-1
554,2,851.67,220.13,140.22,479.88,0.8399,-1,-1,-1
554,44,1276.37,47.80,353.74,1001.01,0.9025,-1,-1,-1
554,55,1095.44,277.86,89.56,325.49,0.6847,-1,-1,-1
554,57,-6.61,3.39,436.30,1070.94,0.9108,-1,-1,-1
554,61,527.12,287.77,70.29,267.21,0.7209,-1,-1,-1
554,59,1013.91,271.43,121.33,369.79,0.6174,-1,-1,-1
554,38,966.35,213.33,85.61,452.21,0.6291,-1,-1,-1
554,63,1613.18,285.90,71.12,172.67,0.5703,-1,-1,-1
555,2,852.06,222.74,134.46,481.32,0.8489,-1,-1,-1
555,44,1271.50,50.29,353.23,1005.63,0.9051,-1,-1,-1
555,55,1096.96,279.60,83.96,332.93,0.4513,-1,-1,-1
555,57,-9.30,3.55,404.32,1069.13,0.8840,-1,-1,-1
555,61,523.25,290.01,73.15,267.73,0.7479,-1,-1,-1
555,59,1013.86,270.25,122.75,375.14,0.6405,-1,-1,-1
555,38,961.31,214.85,86.51,461.65,0.6513,-1,-1,-1
555,63,1607.89,290.35,75.58,169.84,0.6565,-1,-1,-1
556,2,850.53,223.97,133.56,481.29,0.8435,-1,-1,-1
556,44,1268.90,53.61,352.41,1011.73,0.9004,-1,-1,-1
556,57,-8.76,5.65,369.90,1065.11,0.9233,-1,-1,-1
556,61,521.10,291.02,71.53,269.60,0.7282,-1,-1,-1
556,59,1015.81,265.56,125.82,382.51,0.6034,-1,-1,-1
556,38,960.40,216.85,89.69,465.26,0.7287,-1,-1,-1
556,63,1607.22,292.59,76.69,170.59,0.6453,-1,-1,-1
557,2,847.07,221.89,135.02,482.76,0.8358,-1,-1,-1
557,44,1270.46,55.15,347.24,1012.58,0.8958,-1,-1,-1
557,57,-7.23,4.53,348.88,1065.89,0.9184,-1,-1,-1
557,61,517.97,292.20,71.18,269.75,0.7237,-1,-1,-1
557,59,1033.11,262.58,124.18,381.79,0.7520,-1,-1,-1
557,38,959.94,214.39,92.23,465.90,0.7581,-1,-1,-1
557,63,1605.91,290.23,77.80,173.90,0.5225,-1,-1,-1
558,2,841.66,220.18,139.25,486.23,0.8393,-1,-1,-1
558,44,1276.03,56.45,337.83,1014.26,0.8953,-1,-1,-1
558,57,-5.33,4.27,336.32,1065.98,0.8744,-1,-1,-1
558,61,516.94,292.87,71.97,270.57,0.7387,-1,-1,-1
558,59,1044.43,258.02,120.02,388.52,0.7895,-1,-1,-1
558,38,960.63,215.56,92.82,463.06,0.8013,-1,-1,-1
558,63,1605.47,289.10,81.58,175.39,0.4428,-1,-1,-1
559,2,835.41,221.12,145.60,483.57,0.8349,-1,-1,-1
559,44,1282.94,57.77,327.91,1012.47,0.9023,-1,-1,-1
559,57,-3.89,6.09,347.11,1066.22,0.8955,-1,-1,-1
559,61,519.42,290.80,70.18,275.93,0.7438,-1,-1,-1
559,59,1047.28,256.32,121.24,392.74,0.7930,-1,-1,-1
559,38,958.91,214.63,97.19,458.38,0.7988,-1,-1,-1
559,63,1604.38,291.53,90.23,175.08,0.5061,-1,-1,-1
560,2,827.84,224.21,154.19,477.33,0.8430,-1,-1,-1
560,44,1288.38,59.93,318.44,1008.80,0.8923,-1,-1,-1
560,57,-2.41,5.47,348.18,1065.58,0.7989,-1,-1,-1
560,61,520.84,291.80,70.72,277.52,0.7423,-1,-1,-1
560,59,1058.02,261.48,115.39,387.68,0.7205,-1,-1,-1
560,38,957.16,218.59,101.47,449.40,0.7663,-1,-1,-1
560,63,1602.75,293.11,99.00,174.91,0.6290,-1,-1,-1
561,2,824.19,221.59,158.88,474.97,0.8466,-1,-1,-1
561,44,1293.77,56.69,317.03,1010.20,0.8955,-1,-1,-1
561,57,-1.37,5.13,338.64,1064.09,0.8637,-1,-1,-1
561,61,523.46,287.65,74.30,280.73,0.7175,-1,-1,-1
561,59,1074.40,267.75,114.07,376.86,0.7064,-1,-1,-1
561,38,957.06,216.53,107.13,447.53,0.7844,-1,-1,-1
561,63,1605.60,285.42,112.15,180.49,0.5900,-1,-1,-1
562,2,820.32,219.52,163.14,472.40,0.8435,-1,-1,-1
562,44,1298.41,55.47,313.81,1015.81,0.9003,-1,-1,-1
562,57,-0.54,10.36,333.49,1058.83,0.8350,-1,-1,-1
562,61,525.65,288.50,74.53,279.81,0.6946,-1,-1,-1
562,59,1089.18,269.88,113.59,380.38,0.7618,-1,-1,-1
562,38,956.22,214.63,112.30,451.93,0.7993,-1,-1,-1
562,63,1613.99,285.43,112.70,181.23,0.6897,-1,-1,-1
563,2,819.72,218.93,165.70,474.53,0.8472,-1,-1,-1
563,44,1303.78,57.78,319.40,1015.89,0.8957,-1,-1,-1
563,57,0.38,8.11,320.65,1061.17,0.8743,-1,-1,-1
563,61,528.93,288.88,74.02,281.30,0.7386,-1,-1,-1
563,59,1101.45,270.86,124.18,382.87,0.7906,-1,-1,-1
563,38,958.88,215.48,114.05,454.14,0.8122,-1,-1,-1
563,63,1626.42,284.16,116.38,183.98,0.5992,-1,-1,-1
564,2,822.81,219.28,166.35,478.50,0.8585,-1,-1,-1
564,44,1308.20,54.69,332.14,1020.16,0.8986,-1,-1,-1
564,57,1.01,6.85,308.49,1064.25,0.8592,-1,-1,-1
564,61,534.75,292.28,72.89,280.56,0.7501,-1,-1,-1
564,59,1113.63,270.58,140.73,387.78,0.7521,-1,-1,-1
564,38,963.80,214.78,116.24,460.03,0.7957,-1,-1,-1
564,63,1641.65,280.64,111.45,189.06,0.6527,-1,-1,-1
565,2,831.31,223.34,163.85,478.18,0.8560,-1,-1,-1
565,44,1311.00,54.26,349.14,1024.25,0.9025,-1,-1,-1
565,57,1.76,10.36,291.56,1058.86,0.7608,-1,-1,-1
565,61,542.85,300.17,72.90,275.34,0.7164,-1,-1,-1
565,59,1129.73,270.84,157.89,391.67,0.7976,-1,-1,-1
565,38,971.71,216.73,117.80,463.12,0.7982,-1,-1,-1
565,63,1656.33,280.94,113.93,194.64,0.6562,-1,-1,-1
565,64,1082.06,274.77,92.78,340.03,0.6706,-1,-1,-1
566,2,838.64,225.84,161.91,477.76,0.8489,-1,-1,-1
566,44,1316.46,53.87,360.85,1018.09,0.8979,-1,-1,-1
566,57,1.56,9.09,271.69,1060.33,0.7997,-1,-1,-1
566,61,549.07,302.76,72.47,273.69,0.7250,-1,-1,-1
566,59,1139.66,273.07,175.89,394.85,0.7253,-1,-1,-1
566,38,976.66,216.00,121.18,463.12,0.7561,-1,-1,-1
566,63,1672.10,281.40,107.16,195.68,0.7205,-1,-1,-1
566,64,1087.84,273.68,101.32,341.40,0.6526,-1,-1,-1
567,2,845.26,230.02,162.04,478.77,0.8364,-1,-1,-1
567,44,1321.97,54.16,375.26,1010.51,0.9167,-1,-1,-1
567,57,0.93,6.22,250.50,1063.31,0.7284,-1,-1,-1
567,61,553.75,304.30,73.50,273.02,0.7416,-1,-1,-1
567,59,1145.78,271.81,198.41,399.93,0.7990,-1,-1,-1
567,38,981.65,220.89,119.06,453.04,0.7655,-1,-1,-1
567,63,1688.68,282.08,105.55,194.72,0.6559,-1,-1,-1
567,64,1092.57,273.26,107.67,349.78,0.7415,-1,-1,-1
568,2,849.62,231.02,163.73,479.88,0.8452,-1,-1,-1
568,44,1318.09,54.54,394.85,1014.82,0.9163,-1,-1,-1
568,61,558.81,302.07,75.78,275.38,0.7535,-1,-1,-1
568,59,1152.89,278.97,197.54,397.29,0.8634,-1,-1,-1
568,38,987.15,224.34,120.97,453.16,0.8194,-1,-1,-1
568,63,1702.86,283.17,105.57,197.23,0.6213,-1,-1,-1
568,64,1096.38,272.07,114.46,354.04,0.7459,-1,-1,-1
569,2,854.48,232.76,163.30,480.60,0.8513,-1,-1,-1
569,44,1322.18,55.15,405.34,1016.63,0.9097,-1,-1,-1
569,61,564.23,301.26,78.00,278.31,0.7622,-1,-1,-1
569,59,1157.48,283.44,198.57,396.98,0.8654,-1,-1,-1
569,38,995.90,226.71,119.68,459.63,0.8183,-1,-1,-1
569,63,1715.87,285.75,104.29,198.89,0.6676,-1,-1,-1
569,64,1103.08,274.84,114.51,355.01,0.7735,-1,-1,-1
569,55,1104.59,276.12,111.63,353.55,0.7735,-1,-1,-1
570,2,861.92,239.76,159.37,476.63,0.8608,-1,-1,-1
570,44,1320.98,53.79,421.99,1020.60,0.9009,-1,-1,-1
570,61,568.36,297.52,79.63,283.28,0.7627,-1,-1,-1
570,59,1166.96,282.63,199.71,402.22,0.8486,-1,-1,-1
570,38,1006.13,230.57,116.54,461.32,0.8221,-1,-1,-1
570,63,1729.09,288.50,103.72,199.07,0.6613,-1,-1,-1
570,64,1110.12,276.00,118.32,353.89,0.7815,-1,-1,-1
570,55,1109.88,276.37,116.34,353.02,0.7815,-1,-1,-1
571,2,869.03,244.29,157.54,474.54,0.8513,-1,-1,-1
571,44,1327.42,54.33,423.95,1020.76,0.9150,-1,-1,-1
571,61,572.05,301.78,79.30,283.12,0.7941,-1,-1,-1
571,59,1173.23,281.23,203.27,410.00,0.8297,-1,-1,-1
571,38,1012.53,233.17,113.62,463.84,0.7976,-1,-1,-1
571,63,1740.44,289.75,104.26,201.11,0.5997,-1,-1,-1
571,64,1112.04,274.62,127.10,357.33,0.8051,-1,-1,-1
571,55,1111.44,274.77,125.30,356.68,0.8051,-1,-1,-1
572,2,874.58,241.25,157.14,476.31,0.8206,-1,-1,-1
572,44,1329.10,53.84,431.34,1022.45,0.9047,-1,-1,-1
572,61,576.63,304.51,77.31,280.92,0.8195,-1,-1,-1
572,59,1190.60,281.71,195.43,412.01,0.8295,-1,-1,-1
572,38,1016.36,233.83,114.75,462.98,0.7808,-1,-1,-1
572,63,1751.77,290.23,105.38,202.15,0.5636,-1,-1,-1
572,64,1118.37,274.61,130.79,360.51,0.7914,-1,-1,-1
572,55,1117.54,274.63,129.25,359.98,0.7914,-1,-1,-1
573,2,880.12,239.88,154.24,476.81,0.8284,-1,-1,-1
573,44,1333.13,54.57,440.06,1022.35,0.8942,-1,-1,-1
573,61,580.37,307.39,75.41,279.75,0.7776,-1,-1,-1
573,59,1210.20,284.04,182.20,412.08,0.8170,-1,-1,-1
573,38,1022.07,233.91,114.72,460.29,0.7584,-1,-1,-1
573,63,1762.28,292.71,104.74,201.89,0.6057,-1,-1,-1
573,64,1122.53,275.67,134.31,360.88,0.8218,-1,-1,-1
573,55,1121.70,275.62,132.99,360.50,0.8218,-1,-1,-1
574,2,884.09,239.87,156.91,477.36,0.8418,-1,-1,-1
574,44,1339.66,54.08,443.64,1021.84,0.9082,-1,-1,-1
574,61,584.44,306.67,75.68,280.95,0.7115,-1,-1,-1
574,59,1230.67,283.82,170.61,415.10,0.7741,-1,-1,-1
574,38,1026.26,235.89,115.43,457.37,0.7596,-1,-1,-1
574,63,1774.24,294.05,106.47,203.89,0.5547,-1,-1,-1
574,64,1127.31,277.74,134.78,362.40,0.8300,-1,-1,-1
574,55,1126.51,277.64,133.68,362.10,0.8300,-1,-1,-1
575,2,886.67,239.52,157.52,475.98,0.8422,-1,-1,-1
575,44,1347.78,55.92,440.55,1017.30,0.9107,-1,-1,-1
575,61,588.33,305.29,75.12,281.90,0.6912,-1,-1,-1
575,59,1247.97,283.27,159.82,418.33,0.7158,-1,-1,-1
575,38,1030.36,236.12,113.60,459.57,0.7714,-1,-1,-1
575,64,1132.90,277.99,133.80,364.76,0.8403,-1,-1,-1
575,55,1132.13,277.88,132.91,364.50,0.8403,-1,-1,-1
576,2,889.19,239.44,156.81,473.91,0.8240,-1,-1,-1
576,44,1355.16,59.15,438.00,1012.65,0.9127,-1,-1,-1
576,61,591.29,312.21,74.38,276.60,0.7103,-1,-1,-1
576,59,1267.83,282.01,146.75,423.26,0.7410,-1,-1,-1
576,38,1031.34,236.69,113.38,457.55,0.7834,-1,-1,-1
576,64,1138.49,275.82,134.31,368.77,0.8365,-1,-1,-1
576,55,1137.76,275.75,133.58,368.53,0.8365,-1,-1,-1
576,63,1788.36,296.38,113.64,205.42,0.5534,-1,-1,-1
577,2,891.84,237.33,155.05,471.76,0.8184,-1,-1,-1
577,44,1359.78,59.74,436.96,1011.06,0.9074,-1,-1,-1
577,61,588.91,315.17,77.37,273.86,0.6705,-1,-1,-1
577,59,1289.22,285.76,139.74,425.36,0.7621,-1,-1,-1
577,38,1031.24,229.51,112.97,469.81,0.7901,-1,-1,-1
577,64,1140.55,274.16,135.86,371.38,0.8279,-1,-1,-1
577,55,1139.89,274.09,135.22,371.17,0.8279,-1,-1,-1
577,63,1795.85,295.94,115.05,202.87,0.6057,-1,-1,-1
578,2,893.26,236.76,154.07,471.42,0.8287,-1,-1,-1
578,44,1366.05,62.06,438.08,1008.72,0.9024,-1,-1,-1
578,61,589.34,315.14,77.59,274.85,0.6976,-1,-1,-1
578,59,1313.13,283.48,126.83,431.14,0.7278,-1,-1,-1
578,38,1031.25,225.95,112.91,475.44,0.7903,-1,-1,-1
578,64,1143.06,274.06,129.86,373.52,0.8225,-1,-1,-1
578,55,1142.46,273.99,129.36,373.33,0.8225,-1,-1,-1
578,63,1800.38,298.80,116.76,202.25,0.5934,-1,-1,-1
579,2,890.90,240.29,153.83,471.58,0.8382,-1,-1,-1
579,44,1379.71,69.45,429.74,1001.46,0.9034,-1,-1,-1
579,61,588.88,311.02,75.26,286.03,0.7378,-1,-1,-1
579,59,1328.84,285.20,123.34,440.53,0.7857,-1,-1,-1
579,38,1028.52,231.16,114.44,473.61,0.7847,-1,-1,-1
579,64,1142.57,276.81,130.37,376.97,0.8301,-1,-1,-1
579,55,1142.05,276.75,129.97,376.80,0.8301,-1,-1,-1
579,63,1803.10,304.16,118.15,207.21,0.6259,-1,-1,-1
580,2,890.98,241.64,150.54,468.80,0.8433,-1,-1,-1
580,44,1390.43,71.72,424.69,997.23,0.9024,-1,-1,-1
580,61,585.53,305.83,75.28,293.57,0.6819,-1,-1,-1
580,59,1334.89,284.62,125.31,448.26,0.7709,-1,-1,-1
580,38,1023.72,233.58,118.05,469.18,0.7729,-1,-1,-1
580,64,1141.28,275.53,130.12,379.91,0.8005,-1,-1,-1
580,55,1140.81,275.47,129.77,379.77,0.8005,-1,-1,-1
580,63,1807.71,304.62,114.14,211.21,0.6582,-1,-1,-1
581,2,887.37,242.04,150.33,466.62,0.8372,-1,-1,-1
581,44,1405.33,69.96,418.40,995.82,0.9016,-1,-1,-1
581,61,583.21,306.65,73.20,293.41,0.7292,-1,-1,-1
581,59,1338.12,283.34,141.56,454.07,0.7723,-1,-1,-1
581,38,1019.99,234.01,121.79,464.54,0.7764,-1,-1,-1
581,64,1144.36,281.71,123.42,373.93,0.7879,-1,-1,-1
581,55,1143.93,281.64,123.15,373.82,0.7879,-1,-1,-1
581,63,1815.61,304.70,106.43,214.86,0.6046,-1,-1,-1
582,2,885.74,244.39,147.04,465.09,0.8439,-1,-1,-1
582,44,1420.02,70.47,415.09,999.70,0.9084,-1,-1,-1
582,61,581.41,307.51,72.57,293.84,0.7597,-1,-1,-1
582,59,1340.34,284.50,159.52,453.75,0.8255,-1,-1,-1
582,38,1016.72,233.84,125.32,462.44,0.7827,-1,-1,-1
582,64,1146.70,284.19,119.42,371.59,0.7751,-1,-1,-1
582,55,1146.32,284.12,119.21,371.50,0.7751,-1,-1,-1
582,63,1825.85,304.86,96.18,215.86,0.5276,-1,-1,-1
582,65,1230.70,311.04,62.61,282.57,0.4564,-1,-1,-1
583,2,883.08,247.92,144.82,470.11,0.8496,-1,-1,-1
583,44,1428.80,72.31,415.86,1000.17,0.9085,-1,-1,-1
583,61,577.54,309.94,73.68,293.58,0.7641,-1,-1,-1
583,59,1343.69,285.02,164.41,453.95,0.8009,-1,-1,-1
583,38,1013.40,233.22,128.51,463.64,0.7638,-1,-1,-1
583,64,1144.44,284.05,118.56,374.86,0.7815,-1,-1,-1
583,55,1144.12,283.99,118.39,374.78,0.7815,-1,-1,-1
583,63,1835.50,306.66,85.82,217.63,0.5312,-1,-1,-1
583,65,1232.82,312.36,62.15,283.70,0.5575,-1,-1,-1
584,2,876.57,249.60,145.98,475.02,0.8481,-1,-1,-1
584,44,1437.06,71.27,416.78,1001.64,0.9091,-1,-1,-1
584,61,574.30,306.68,74.14,294.83,0.7625,-1,-1,-1
584,59,1343.31,282.94,167.81,457.18,0.7985,-1,-1,-1
584,38,1011.99,234.28,129.85,466.65,0.7648,-1,-1,-1
584,64,1142.57,284.67,120.42,376.86,0.7716,-1,-1,-1
584,55,1142.29,284.62,120.27,376.79,0.7716,-1,-1,-1
584,63,1840.83,307.93,79.62,223.02,0.5702,-1,-1,-1
584,65,1232.18,312.34,63.75,283.32,0.5493,-1,-1,-1
585,2,868.49,251.22,145.86,475.84,0.8630,-1,-1,-1
585,44,1442.81,71.73,417.24,997.73,0.9091,-1,-1,-1
585,61,571.85,307.54,72.23,293.24,0.7812,-1,-1,-1
585,59,1342.77,282.32,166.36,454.30,0.7659,-1,-1,-1
585,38,1006.87,233.53,132.89,469.18,0.7863,-1,-1,-1
585,64,1141.04,284.43,121.14,379.03,0.7748,-1,-1,-1
585,55,1140.79,284.38,121.00,378.96,0.7748,-1,-1,-1
585,63,1847.74,305.40,71.96,227.36,0.5226,-1,-1,-1
585,65,1229.97,310.70,64.45,277.42,0.4707,-1,-1,-1
586,2,862.31,252.79,146.27,474.99,0.8471,-1,-1,-1
586,44,1451.20,70.92,414.73,1000.52,0.9039,-1,-1,-1
586,61,567.53,300.88,72.75,300.92,0.7591,-1,-1,-1
586,59,1343.07,283.35,167.89,453.29,0.7410,-1,-1,-1
586,38,1006.05,234.09,129.95,469.77,0.8059,-1,-1,-1
586,64,1139.84,284.34,124.77,379.01,0.7452,-1,-1,-1
586,55,1139.61,284.30,124.65,378.96,0.7452,-1,-1,-1
586,63,1851.79,305.94,67.85,230.25,0.4465,-1,-1,-1
587,2,859.94,253.84,144.61,473.39,0.8498,-1,-1,-1
587,44,1458.34,67.98,411.94,1005.84,0.8985,-1,-1,-1
587,61,563.45,303.79,72.50,299.31,0.7181,-1,-1,-1
587,59,1343.60,283.62,174.61,458.13,0.7565,-1,-1,-1
587,38,1005.81,235.85,125.57,469.19,0.8084,-1,-1,-1
587,64,1139.77,283.32,125.52,381.56,0.7569,-1,-1,-1
587,55,1139.57,283.28,125.41,381.52,0.7569,-1,-1,-1
587,63,1854.41,308.02,65.25,228.86,0.4818,-1,-1,-1
588,2,858.14,254.68,141.59,472.26,0.8394,-1,-1,-1
588,44,1464.53,66.20,406.99,1006.88,0.9019,-1,-1,-1
588,61,557.19,313.37,72.81,291.64,0.7262,-1,-1,-1
588,59,1343.03,283.91,182.18,460.52,0.7546,-1,-1,-1
588,38,1001.94,238.49,124.50,466.89,0.7910,-1,-1,-1
588,64,1140.07,284.99,127.18,380.65,0.7232,-1,-1,-1
588,55,1139.89,284.96,127.09,380.61,0.7232,-1,-1,-1
588,63,1856.67,308.51,62.53,226.77,0.5365,-1,-1,-1
589,2,854.09,253.74,138.21,473.76,0.8394,-1,-1,-1
589,44,1468.82,63.46,407.83,1010.94,0.9034,-1,-1,-1
589,61,552.03,319.67,70.94,285.72,0.7150,-1,-1,-1
589,59,1342.96,283.07,192.16,467.07,0.7694,-1,-1,-1
589,38,997.03,237.57,127.46,469.08,0.7998,-1,-1,-1
589,64,1139.74,283.80,133.14,383.77,0.7719,-1,-1,-1
589,55,1139.57,283.77,133.05,383.73,0.7719,-1,-1,-1
589,63,1860.66,310.50,59.02,223.45,0.4638,-1,-1,-1
590,2,849.72,252.74,137.70,476.00,0.8383,-1,-1,-1
590,44,1469.01,62.38,412.58,1012.83,0.9073,-1,-1,-1
590,61,548.79,318.62,71.47,287.58,0.7127,-1,-1,-1
590,59,1350.16,280.36,193.31,474.73,0.7313,-1,-1,-1
590,38,985.10,239.24,136.18,468.26,0.8109,-1,-1,-1
590,64,1139.00,284.69,138.94,386.19,0.8113,-1,-1,-1
590,55,1138.85,284.66,138.86,386.15,0.8113,-1,-1,-1
590,63,1864.46,312.87,55.12,222.26,0.3899,-1,-1,-1
591,2,838.91,250.71,144.71,474.65,0.8401,-1,-1,-1
591,44,1469.36,60.86,416.61,1012.21,0.9094,-1,-1,-1
591,61,543.36,318.91,73.63,288.32,0.7380,-1,-1,-1
591,59,1370.28,278.98,177.36,479.54,0.7155,-1,-1,-1
591,38,982.58,240.34,134.74,465.95,0.8065,-1,-1,-1
591,64,1139.38,282.39,139.64,389.99,0.8227,-1,-1,-1
591,55,1139.24,282.37,139.56,389.97,0.8227,-1,-1,-1
591,63,1868.23,315.38,51.56,219.89,0.3595,-1,-1,-1
592,2,830.24,250.30,147.74,470.44,0.8339,-1,-1,-1
592,44,1469.01,59.48,420.03,1011.65,0.9062,-1,-1,-1
592,61,539.60,311.23,77.28,298.52,0.7282,-1,-1,-1
592,59,1394.89,276.53,154.80,483.23,0.5635,-1,-1,-1
592,38,982.11,239.78,132.52,468.13,0.8134,-1,-1,-1
592,64,1140.80,279.18,137.64,394.01,0.8066,-1,-1,-1
592,55,1140.67,279.16,137.57,393.98,0.8066,-1,-1,-1
593,2,824.67,250.06,148.29,466.44,0.8350,-1,-1,-1
593,44,1466.99,59.78,424.45,1012.02,0.8957,-1,-1,-1
593,61,537.19,306.86,78.88,305.91,0.7112,-1,-1,-1
593,59,1414.82,299.67,142.83,460.76,0.4430,-1,-1,-1
593,38,982.36,239.36,129.46,470.52,0.8157,-1,-1,-1
593,64,1142.01,280.02,136.03,396.34,0.8260,-1,-1,-1
593,55,1141.90,280.01,135.98,396.32,0.8260,-1,-1,-1
593,66,1107.57,317.94,52.87,243.10,0.6201,-1,-1,-1
594,2,816.45,250.79,154.38,463.69,0.8366,-1,-1,-1
594,44,1471.15,61.27,420.03,1012.77,0.8955,-1,-1,-1
594,61,534.66,309.93,76.16,303.75,0.7298,-1,-1,-1
594,38,981.76,241.15,127.33,471.62,0.8135,-1,-1,-1
594,64,1145.42,281.64,132.84,397.28,0.8042,-1,-1,-1
594,55,1145.32,281.63,132.79,397.26,0.8042,-1,-1,-1
594,66,1108.26,318.17,54.21,244.04,0.6116,-1,-1,-1
595,2,809.77,250.69,158.17,463.69,0.8525,-1,-1,-1
595,44,1479.70,62.51,414.44,1010.93,0.9089,-1,-1,-1
595,61,531.45,308.15,80.36,309.86,0.7636,-1,-1,-1
595,38,981.82,243.04,126.67,471.86,0.8037,-1,-1,-1
595,64,1147.91,282.05,131.12,398.58,0.7976,-1,-1,-1
595,55,1147.82,282.04,131.08,398.56,0.7976,-1,-1,-1
595,66,1106.70,314.99,57.35,247.70,0.6604,-1,-1,-1
596,2,804.01,250.63,162.64,463.75,0.8477,-1,-1,-1
596,44,1487.14,59.95,406.34,1013.10,0.9160,-1,-1,-1
596,61,529.68,309.22,81.85,310.92,0.7564,-1,-1,-1
596,38,978.14,243.22,132.55,472.60,0.8122,-1,-1,-1
596,64,1148.76,278.53,131.77,402.77,0.7774,-1,-1,-1
596,55,1148.69,278.52,131.73,402.75,0.7774,-1,-1,-1
596,66,1106.27,312.21,59.12,250.60,0.5394,-1,-1,-1
597,2,800.97,249.05,163.63,466.69,0.8448,-1,-1,-1
597,44,1497.30,55.84,395.73,1017.65,0.9159,-1,-1,-1
597,61,530.31,307.07,79.32,312.91,0.7629,-1,-1,-1
597,38,976.92,243.86,136.74,473.51,0.8104,-1,-1,-1
597,64,1152.41,276.79,136.46,404.55,0.7710,-1,-1,-1
597,55,1152.34,276.79,136.43,404.54,0.7710,-1,-1,-1
597,66,1105.84,313.10,60.82,250.76,0.5779,-1,-1,-1
598,2,800.08,251.97,164.57,472.09,0.8461,-1,-1,-1
598,44,1507.09,57.83,384.68,1016.00,0.9145,-1,-1,-1
598,61,530.73,306.67,77.43,316.68,0.7486,-1,-1,-1
598,38,979.23,249.52,139.13,479.11,0.8235,-1,-1,-1
598,64,1152.91,281.87,145.52,403.83,0.8048,-1,-1,-1
598,55,1152.85,281.86,145.49,403.81,0.8048,-1,-1,-1
598,66,1107.78,317.08,60.81,245.54,0.4596,-1,-1,-1
599,2,800.48,254.11,165.60,473.46,0.8500,-1,-1,-1
599,44,1511.15,58.05,383.28,1017.00,0.9196,-1,-1,-1
599,61,531.35,310.18,82.25,317.98,0.7502,-1,-1,-1
599,38,984.79,251.80,138.33,479.09,0.8190,-1,-1,-1
599,64,1155.42,284.02,151.25,403.62,0.8043,-1,-1,-1
599,55,1155.36,284.02,151.22,403.61,0.8043,-1,-1,-1
599,66,1108.19,316.65,61.99,249.01,0.3660,-1,-1,-1
600,2,804.11,255.50,163.37,475.06,0.8402,-1,-1,-1
600,44,1513.82,55.34,388.14,1021.72,0.9233,-1,-1,-1
600,61,533.77,310.77,85.70,319.31,0.7337,-1,-1,-1
600,38,991.14,251.30,136.47,482.77,0.8009,-1,-1,-1
600,64,1161.44,286.59,152.57,402.20,0.8262,-1,-1,-1
600,55,1161.39,286.58,152.55,402.20,0.8262,-1,-1,-1
601,2,808.10,258.68,159.08,476.57,0.8456,-1,-1,-1
601,44,1514.28,55.74,397.25,1022.95,0.9238,-1,-1,-1
601,61,536.56,312.82,84.33,319.47,0.7297,-1,-1,-1
601,38,995.37,251.87,134.43,483.24,0.7932,-1,-1,-1
601,64,1166.59,283.97,154.71,406.65,0.7892,-1,-1,-1
601,55,1166.54,283.97,154.69,406.65,0.7892,-1,-1,-1
601,66,1117.04,325.64,62.00,238.75,0.3978,-1,-1,-1
602,2,813.30,263.21,157.84,477.38,0.8390,-1,-1,-1
602,44,1513.91,57.63,404.98,1019.62,0.9214,-1,-1,-1
602,61,540.00,317.28,84.14,317.45,0.7176,-1,-1,-1
602,38,996.45,252.57,135.54,485.45,0.7933,-1,-1,-1
602,64,1181.75,282.56,146.17,412.08,0.7393,-1,-1,-1
602,55,1181.72,282.56,146.15,412.08,0.7393,-1,-1,-1
602,66,1120.37,329.68,64.75,242.42,0.5205,-1,-1,-1
603,2,822.11,269.52,153.52,475.62,0.8151,-1,-1,-1
603,44,1518.91,60.96,403.69,1016.74,0.9261,-1,-1,-1
603,61,543.78,326.08,82.49,314.47,0.7382,-1,-1,-1
603,38,1003.89,256.81,129.90,481.92,0.7887,-1,-1,-1
603,64,1185.34,303.02,105.39,387.55,0.3739,-1,-1,-1
603,55,1192.87,285.38,145.26,418.45,0.7153,-1,-1,-1
603,66,1125.61,343.19,64.89,233.15,0.5775,-1,-1,-1
604,2,827.19,275.15,153.59,471.49,0.8229,-1,-1,-1
604,44,1524.60,63.08,399.09,1014.60,0.9279,-1,-1,-1
604,61,549.79,332.70,83.62,312.69,0.7057,-1,-1,-1
604,38,1010.51,261.12,126.28,478.70,0.8129,-1,-1,-1
604,64,1191.32,313.22,86.39,317.52,0.4482,-1,-1,-1
604,55,1203.34,288.12,144.91,420.93,0.7599,-1,-1,-1
604,66,1132.36,348.81,63.50,231.96,0.6594,-1,-1,-1
605,2,834.47,277.06,153.46,470.91,0.8312,-1,-1,-1
605,44,1527.62,62.78,396.07,1015.80,0.9181,-1,-1,-1
605,61,554.74,334.86,81.18,313.41,0.7405,-1,-1,-1
605,38,1015.35,260.80,126.24,472.76,0.8094,-1,-1,-1
605,64,1198.30,325.18,79.69,284.07,0.3806,-1,-1,-1
605,55,1211.09,289.45,145.28,422.14,0.7430,-1,-1,-1
605,66,1136.90,351.58,65.32,232.27,0.6532,-1,-1,-1
606,2,843.75,277.96,152.16,473.03,0.8151,-1,-1,-1
606,44,1535.42,63.67,387.71,1012.53,0.9223,-1,-1,-1
606,61,560.60,330.53,79.20,318.79,0.7158,-1,-1,-1
606,38,1018.63,260.80,126.15,469.76,0.7926,-1,-1,-1
606,64,1206.15,324.30,75.30,284.01,0.5184,-1,-1,-1
606,55,1222.94,290.16,145.53,425.09,0.6468,-1,-1,-1
606,66,1142.72,353.22,66.82,233.31,0.6471,-1,-1,-1
607,2,852.91,279.48,148.54,471.77,0.8365,-1,-1,-1
607,44,1543.94,65.40,379.22,1008.65,0.9140,-1,-1,-1
607,61,567.19,327.78,83.12,322.96,0.8039,-1,-1,-1
607,38,1028.43,262.13,121.08,468.75,0.8069,-1,-1,-1
607,64,1216.27,327.22,72.49,341.52,0.4792,-1,-1,-1
607,55,1237.09,291.60,140.84,425.08,0.6691,-1,-1,-1
607,66,1150.75,344.84,66.60,242.33,0.6655,-1,-1,-1
608,2,856.14,278.35,150.93,467.53,0.8294,-1,-1,-1
608,44,1553.28,66.83,369.42,1003.95,0.9174,-1,-1,-1
608,61,572.28,328.56,82.79,322.24,0.7611,-1,-1,-1
608,38,1035.78,263.53,124.24,464.50,0.7963,-1,-1,-1
608,64,1223.01,320.84,86.49,340.05,0.5473,-1,-1,-1
608,55,1246.36,291.37,146.17,429.48,0.5399,-1,-1,-1
608,66,1157.06,345.29,67.68,241.92,0.7179,-1,-1,-1
609,2,862.29,277.14,147.97,465.74,0.8195,-1,-1,-1
609,44,1561.72,69.15,359.99,1002.02,0.9201,-1,-1,-1
609,61,576.03,330.22,83.79,323.23,0.7840,-1,-1,-1
609,38,1039.16,262.14,130.98,468.41,0.8251,-1,-1,-1
609,64,1231.56,326.18,85.98,315.60,0.5669,-1,-1,-1
609,55,1258.57,287.05,140.99,436.63,0.7263,-1,-1,-1
609,66,1162.27,348.62,70.66,242.16,0.6233,-1,-1,-1
610,2,870.87,277.68,143.48,463.57,0.8263,-1,-1,-1
610,44,1569.21,71.95,351.99,1001.21,0.9221,-1,-1,-1
610,61,579.68,329.29,87.67,326.91,0.7515,-1,-1,-1
610,38,1043.06,263.83,132.49,471.47,0.8225,-1,-1,-1
610,64,1238.17,328.27,85.94,312.74,0.6004,-1,-1,-1
610,55,1272.14,286.56,142.04,435.99,0.7583,-1,-1,-1
610,66,1166.82,349.59,71.21,241.03,0.5564,-1,-1,-1
611,2,874.49,278.01,143.64,463.78,0.8167,-1,-1,-1
611,44,1580.43,70.69,339.56,1004.38,0.9176,-1,-1,-1
611,61,583.60,330.66,85.18,326.74,0.7412,-1,-1,-1
611,38,1043.29,267.40,133.64,470.22,0.7849,-1,-1,-1
611,64,1243.76,333.24,83.92,306.58,0.5943,-1,-1,-1
611,55,1282.53,288.71,137.24,439.29,0.6795,-1,-1,-1
611,66,1167.72,348.22,71.83,241.99,0.6943,-1,-1,-1
612,2,878.23,280.78,141.63,459.80,0.8332,-1,-1,-1
612,44,1595.35,74.49,323.65,1004.16,0.9152,-1,-1,-1
612,61,586.34,333.58,80.05,323.45,0.7758,-1,-1,-1
612,38,1035.64,273.16,141.52,470.84,0.8124,-1,-1,-1
612,64,1245.96,339.61,81.26,299.65,0.6034,-1,-1,-1
612,55,1289.56,291.41,138.20,432.80,0.6940,-1,-1,-1
612,66,1170.99,348.23,71.78,245.82,0.6507,-1,-1,-1
613,2,878.84,282.74,143.98,459.97,0.8367,-1,-1,-1
613,44,1607.56,77.47,311.26,998.10,0.9119,-1,-1,-1
613,61,587.40,333.93,79.36,323.77,0.7652,-1,-1,-1
613,38,1031.89,276.06,149.21,475.61,0.8459,-1,-1,-1
613,64,1247.10,337.45,84.08,308.31,0.5562,-1,-1,-1
613,55,1298.36,295.08,134.99,438.35,0.6173,-1,-1,-1
613,66,1174.96,352.94,71.32,240.45,0.6581,-1,-1,-1
614,2,882.90,286.99,143.73,463.50,0.8327,-1,-1,-1
614,44,1620.12,80.41,298.80,996.38,0.9143,-1,-1,-1
614,61,587.90,335.84,79.12,325.51,0.7686,-1,-1,-1
614,38,1031.31,278.39,156.64,478.78,0.8504,-1,-1,-1
614,64,1255.58,327.77,89.00,331.32,0.4752,-1,-1,-1
614,55,1307.72,297.91,132.18,445.96,0.6624,-1,-1,-1
614,66,1180.34,359.03,68.56,240.12,0.6000,-1,-1,-1
615,2,886.31,289.04,145.18,464.99,0.8359,-1,-1,-1
615,44,1635.03,82.07,284.03,993.54,0.9026,-1,-1,-1
615,61,589.42,342.95,80.26,322.67,0.7329,-1,-1,-1
615,38,1031.35,280.20,158.26,478.75,0.8323,-1,-1,-1
615,64,1263.79,324.49,91.82,344.40,0.5935,-1,-1,-1
615,55,1317.98,296.11,122.83,454.05,0.7269,-1,-1,-1
615,66,1182.68,360.52,68.37,241.77,0.6274,-1,-1,-1
616,2,886.13,293.48,148.83,462.59,0.8301,-1,-1,-1
616,44,1643.63,81.99,274.72,994.33,0.8897,-1,-1,-1
616,61,590.59,344.90,97.22,321.83,0.7143,-1,-1,-1
616,38,1031.54,282.72,163.69,478.83,0.8242,-1,-1,-1
616,64,1269.19,322.28,91.24,352.81,0.6119,-1,-1,-1
616,55,1324.57,298.91,120.30,457.32,0.7243,-1,-1,-1
616,66,1186.37,362.21,66.17,238.99,0.5723,-1,-1,-1
617,2,885.09,295.31,151.35,466.22,0.8438,-1,-1,-1
617,44,1656.66,90.55,261.27,985.97,0.8845,-1,-1,-1
617,61,589.93,342.79,95.26,327.69,0.7333,-1,-1,-1
617,38,1029.89,285.81,167.82,479.19,0.8451,-1,-1,-1
617,64,1272.17,323.68,91.48,360.84,0.5931,-1,-1,-1
617,55,1329.08,300.07,118.52,462.19,0.7326,-1,-1,-1
617,66,1187.31,368.87,65.22,235.05,0.5998,-1,-1,-1
618,2,885.51,298.67,151.13,468.34,0.8354,-1,-1,-1
618,44,1665.92,99.80,251.63,976.64,0.8813,-1,-1,-1
618,61,588.97,337.57,87.43,335.70,0.7859,-1,-1,-1
618,38,1029.04,288.60,172.73,480.95,0.8495,-1,-1,-1
618,64,1273.11,327.17,93.06,364.96,0.5695,-1,-1,-1
618,55,1329.75,301.34,119.83,465.41,0.7380,-1,-1,-1
618,66,1188.18,372.01,65.14,239.99,0.5619,-1,-1,-1
619,2,883.27,300.68,148.58,466.84,0.8364,-1,-1,-1
619,44,1668.03,104.61,249.04,969.78,0.8953,-1,-1,-1
619,61,586.49,336.39,83.13,337.74,0.7602,-1,-1,-1
619,38,1026.74,289.30,173.97,482.37,0.8099,-1,-1,-1
619,64,1273.54,327.76,96.93,370.67,0.6001,-1,-1,-1
619,55,1329.72,301.89,127.62,466.58,0.7373,-1,-1,-1
619,66,1186.52,369.48,66.63,245.70,0.5265,-1,-1,-1
619,68,1242.68,359.21,72.84,311.95,0.4382,-1,-1,-1
620,2,880.94,303.05,142.25,465.15,0.8232,-1,-1,-1
620,44,1679.10,111.01,238.70,963.51,0.8855,-1,-1,-1
620,61,581.87,337.95,84.07,341.27,0.6970,-1,-1,-1
620,38,1026.60,289.14,175.56,482.10,0.7863,-1,-1,-1
620,64,1269.12,328.50,101.53,377.19,0.6080,-1,-1,-1
620,55,1331.21,302.19,125.08,468.90,0.7528,-1,-1,-1
620,66,1184.73,372.53,65.41,237.39,0.5807,-1,-1,-1
620,68,1243.27,358.95,73.12,318.56,0.4093,-1,-1,-1
621,2,875.93,302.72,137.23,462.10,0.8241,-1,-1,-1
621,44,1686.41,119.55,230.81,954.90,0.8791,-1,-1,-1
621,61,578.47,336.68,82.26,345.04,0.7251,-1,-1,-1
621,38,1025.70,288.34,165.47,481.36,0.6809,-1,-1,-1
621,64,1266.70,329.51,105.22,380.72,0.6266,-1,-1,-1
621,55,1330.65,303.95,123.51,466.45,0.7444,-1,-1,-1
621,66,1183.16,375.48,65.52,229.21,0.5058,-1,-1,-1
622,2,869.35,303.12,146.15,461.24,0.8023,-1,-1,-1
622,44,1688.76,120.88,228.72,954.03,0.8936,-1,-1,-1
622,61,574.60,341.16,79.25,341.46,0.7759,-1,-1,-1
622,38,1024.16,287.99,149.65,479.62,0.7513,-1,-1,-1
622,64,1261.06,329.27,109.67,388.91,0.5654,-1,-1,-1
622,55,1330.46,304.19,123.04,472.06,0.6597,-1,-1,-1
622,66,1184.22,378.29,62.84,201.27,0.3887,-1,-1,-1
622,69,1127.98,327.63,90.88,356.39,0.6474,-1,-1,-1
623,2,862.83,303.20,146.20,463.12,0.7995,-1,-1,-1
623,44,1692.72,121.00,225.23,955.23,0.8980,-1,-1,-1
623,61,569.36,340.69,84.37,344.07,0.7379,-1,-1,-1
623,38,1018.19,288.48,145.58,479.53,0.7786,-1,-1,-1
623,64,1255.98,330.65,113.14,393.46,0.5243,-1,-1,-1
623,55,1329.51,306.28,124.69,475.16,0.6555,-1,-1,-1
623,69,1121.02,329.12,95.61,370.03,0.7151,-1,-1,-1
624,2,853.94,304.46,154.26,460.25,0.8460,-1,-1,-1
624,44,1695.74,117.15,222.03,957.70,0.8972,-1,-1,-1
624,61,564.67,340.47,85.36,343.02,0.7642,-1,-1,-1
624,38,1014.09,288.24,140.65,477.10,0.8127,-1,-1,-1
624,64,1254.28,330.37,110.51,399.13,0.6016,-1,-1,-1
624,55,1327.76,307.89,123.57,472.85,0.7071,-1,-1,-1
624,69,1118.75,332.13,96.40,382.19,0.6837,-1,-1,-1
625,2,849.50,304.68,155.40,456.56,0.8465,-1,-1,-1
625,44,1698.74,113.80,219.33,960.26,0.9030,-1,-1,-1
625,61,558.44,341.87,85.66,343.82,0.7329,-1,-1,-1
625,38,1009.01,285.33,136.43,474.18,0.7939,-1,-1,-1
625,64,1245.46,331.28,114.57,403.73,0.6450,-1,-1,-1
625,55,1328.73,305.98,120.05,475.96,0.7265,-1,-1,-1
625,69,1115.98,334.13,95.13,395.40,0.7392,-1,-1,-1
626,2,846.14,303.88,153.38,455.88,0.8219,-1,-1,-1
626,44,1702.26,115.62,215.96,957.70,0.9060,-1,-1,-1
626,61,552.39,344.38,83.37,344.37,0.7146,-1,-1,-1
626,38,1003.82,285.91,134.71,474.41,0.7880,-1,-1,-1
626,64,1241.31,331.65,116.61,406.95,0.6938,-1,-1,-1
626,55,1327.02,305.02,120.78,477.98,0.7759,-1,-1,-1
626,69,1109.80,335.21,95.69,398.53,0.7471,-1,-1,-1
627,2,839.64,302.16,156.35,457.42,0.8352,-1,-1,-1
627,44,1704.48,117.82,213.88,954.23,0.9040,-1,-1,-1
627,61,545.80,343.09,83.27,349.63,0.7493,-1,-1,-1
627,38,996.90,283.45,138.46,476.87,0.7867,-1,-1,-1
627,64,1236.17,330.76,117.39,410.67,0.6725,-1,-1,-1
627,55,1325.72,304.39,121.48,478.60,0.7619,-1,-1,-1
627,69,1106.83,334.86,92.95,401.24,0.7331,-1,-1,-1
628,2,828.94,301.41,163.22,456.85,0.8428,-1,-1,-1
628,44,1702.42,116.04,216.03,954.51,0.9048,-1,-1,-1
628,61,540.71,339.52,82.04,354.02,0.7777,-1,-1,-1
628,38,989.06,280.57,147.47,477.43,0.7586,-1,-1,-1
628,64,1235.05,330.53,114.24,412.23,0.6842,-1,-1,-1
628,55,1324.31,302.51,121.53,480.15,0.7795,-1,-1,-1
628,69,1100.86,331.37,98.32,410.72,0.7133,-1,-1,-1
629,2,824.92,300.80,166.01,456.47,0.8505,-1,-1,-1
629,44,1684.94,112.72,234.01,956.67,0.8828,-1,-1,-1
629,61,536.17,341.86,88.14,353.67,0.6971,-1,-1,-1
629,38,982.99,282.35,135.46,475.52,0.7739,-1,-1,-1
629,64,1233.39,330.01,111.56,416.49,0.6715,-1,-1,-1
629,55,1323.44,301.10,121.32,481.69,0.7741,-1,-1,-1
629,69,1093.09,328.85,106.47,418.55,0.7528,-1,-1,-1
630,2,822.89,302.31,164.49,453.93,0.8433,-1,-1,-1
630,44,1644.16,114.09,274.92,955.50,0.8887,-1,-1,-1
630,61,530.94,340.40,88.03,358.38,0.7635,-1,-1,-1
630,38,975.32,281.16,132.08,475.34,0.8153,-1,-1,-1
630,64,1238.51,327.82,104.07,420.36,0.6425,-1,-1,-1
630,55,1322.89,300.58,120.79,483.44,0.7799,-1,-1,-1
630,69,1087.09,326.90,113.65,423.13,0.7896,-1,-1,-1
631,2,820.48,303.52,165.14,454.19,0.8504,-1,-1,-1
631,44,1672.71,111.19,247.19,958.61,0.8921,-1,-1,-1
631,61,526.95,343.72,85.34,353.93,0.7334,-1,-1,-1
631,38,971.50,280.71,130.25,474.61,0.8285,-1,-1,-1
631,64,1236.63,328.71,106.54,422.20,0.6409,-1,-1,-1
631,55,1323.63,300.64,120.84,483.70,0.7566,-1,-1,-1
631,69,1083.47,326.50,122.26,424.45,0.8122,-1,-1,-1
632,2,816.29,305.51,167.05,455.13,0.8557,-1,-1,-1
632,44,1691.71,109.39,228.27,961.50,0.9015,-1,-1,-1
632,61,524.78,345.10,83.60,354.15,0.7612,-1,-1,-1
632,38,970.36,280.95,127.06,474.23,0.7855,-1,-1,-1
632,64,1237.47,327.11,108.35,426.10,0.6625,-1,-1,-1
632,55,1325.49,302.13,123.56,484.15,0.7626,-1,-1,-1
632,69,1082.36,326.12,125.73,426.42,0.8183,-1,-1,-1
633,2,814.14,307.92,168.78,455.78,0.8614,-1,-1,-1
633,44,1706.57,103.96,214.11,967.60,0.9040,-1,-1,-1
633,61,523.29,343.17,84.71,358.49,0.7708,-1,-1,-1
633,38,971.25,281.66,126.05,476.40,0.7672,-1,-1,-1
633,64,1238.40,323.53,110.34,428.72,0.6769,-1,-1,-1
633,55,1328.26,300.95,123.23,486.41,0.7736,-1,-1,-1
633,69,1085.92,326.34,123.42,429.43,0.8144,-1,-1,-1
634,2,812.84,310.01,170.08,456.93,0.8618,-1,-1,-1
634,44,1719.55,94.14,201.75,978.18,0.9050,-1,-1,-1
634,61,521.72,347.25,86.69,359.57,0.7824,-1,-1,-1
634,38,970.41,282.57,127.14,474.54,0.7817,-1,-1,-1
634,64,1238.20,321.70,115.10,432.11,0.6787,-1,-1,-1
634,55,1332.58,303.20,123.17,487.76,0.7410,-1,-1,-1
634,69,1090.37,327.86,123.46,432.26,0.8319,-1,-1,-1
635,2,812.49,310.60,172.23,459.10,0.8565,-1,-1,-1
635,44,1724.59,89.22,196.61,979.09,0.8870,-1,-1,-1
635,61,521.01,349.45,87.06,361.15,0.7915,-1,-1,-1
635,38,975.48,282.94,123.89,478.45,0.7799,-1,-1,-1
635,64,1244.40,320.38,112.65,432.30,0.5888,-1,-1,-1
635,55,1336.45,300.44,124.76,491.65,0.6898,-1,-1,-1
635,69,1094.79,325.71,125.40,437.89,0.8294,-1,-1,-1
635,68,1235.13,346.86,72.29,380.52,0.3710,-1,-1,-1
636,2,812.96,313.70,174.25,457.76,0.8367,-1,-1,-1
636,44,1722.56,85.87,198.75,985.79,0.8775,-1,-1,-1
636,61,520.36,353.79,86.41,363.16,0.7789,-1,-1,-1
636,38,981.05,284.79,124.13,483.41,0.7953,-1,-1,-1
636,64,1248.10,317.58,113.67,436.29,0.6006,-1,-1,-1
636,55,1340.42,302.08,128.96,492.93,0.7264,-1,-1,-1
636,69,1099.79,327.14,124.71,441.19,0.8234,-1,-1,-1
637,2,817.11,319.03,172.45,449.47,0.8472,-1,-1,-1
637,44,1722.17,86.59,198.68,985.55,0.8706,-1,-1,-1
637,61,519.41,359.59,88.51,362.15,0.7448,-1,-1,-1
637,38,987.70,292.61,118.90,484.01,0.7991,-1,-1,-1
637,64,1251.33,319.62,113.91,431.85,0.6426,-1,-1,-1
637,55,1343.25,304.73,130.56,496.48,0.7880,-1,-1,-1
637,69,1102.93,328.23,121.48,442.66,0.8153,-1,-1,-1
637,68,1234.48,353.50,75.05,377.35,0.4402,-1,-1,-1
638,2,825.35,318.66,165.65,445.04,0.8644,-1,-1,-1
638,44,1716.24,84.10,203.82,986.35,0.8831,-1,-1,-1
638,61,518.07,354.86,90.51,367.10,0.7295,-1,-1,-1
638,38,989.84,293.86,117.20,481.38,0.8015,-1,-1,-1
638,64,1255.13,315.94,111.52,433.74,0.6180,-1,-1,-1
638,55,1346.23,303.78,130.20,498.77,0.7828,-1,-1,-1
638,69,1104.29,329.57,124.68,439.84,0.8120,-1,-1,-1
638,68,1233.64,352.84,76.81,378.39,0.4989,-1,-1,-1
639,2,834.27,319.48,158.51,449.29,0.8580,-1,-1,-1
639,44,1712.66,82.94,208.33,989.38,0.8780,-1,-1,-1
639,61,519.01,363.03,92.71,361.28,0.7412,-1,-1,-1
639,38,993.43,298.46,113.29,477.42,0.7984,-1,-1,-1
639,64,1257.36,314.27,117.88,444.17,0.6935,-1,-1,-1
639,55,1353.62,304.29,129.70,500.48,0.7293,-1,-1,-1
639,69,1107.77,331.22,130.65,439.76,0.8285,-1,-1,-1
639,68,1237.24,353.18,71.83,377.07,0.4227,-1,-1,-1
640,2,841.11,319.29,154.79,450.15,0.8472,-1,-1,-1
640,44,1707.53,77.59,213.25,995.01,0.8778,-1,-1,-1
640,61,520.01,366.15,92.65,361.83,0.7259,-1,-1,-1
640,38,998.01,301.23,112.46,476.58,0.7988,-1,-1,-1
640,64,1258.87,314.97,122.72,454.78,0.7229,-1,-1,-1
640,55,1362.06,300.92,128.11,509.41,0.7234,-1,-1,-1
640,69,1110.08,331.48,137.24,441.63,0.8086,-1,-1,-1
640,68,1241.35,351.07,72.56,378.71,0.4240,-1,-1,-1
641,2,847.61,320.35,152.61,448.19,0.8312,-1,-1,-1
641,44,1704.58,78.34,216.49,992.61,0.8735,-1,-1,-1
641,61,520.84,362.16,94.20,368.04,0.7316,-1,-1,-1
641,38,1002.62,304.77,111.19,471.25,0.7952,-1,-1,-1
641,64,1259.71,312.24,127.36,462.04,0.7419,-1,-1,-1
641,55,1369.54,300.11,127.76,508.00,0.7788,-1,-1,-1
641,69,1114.40,330.19,144.54,444.27,0.7948,-1,-1,-1
642,2,853.14,321.60,153.59,448.49,0.8221,-1,-1,-1
642,44,1702.02,85.19,218.91,986.54,0.8823,-1,-1,-1
642,61,525.46,360.87,104.73,372.79,0.7049,-1,-1,-1
642,38,1005.70,308.02,114.65,471.36,0.7902,-1,-1,-1
642,64,1265.51,315.05,129.35,469.02,0.7779,-1,-1,-1
642,55,1377.76,302.47,128.15,510.98,0.7982,-1,-1,-1
642,69,1120.71,330.90,148.96,447.20,0.7788,-1,-1,-1
643,2,857.45,321.63,153.61,445.90,0.8647,-1,-1,-1
643,44,1695.17,88.83,226.27,979.80,0.8824,-1,-1,-1
643,61,527.44,361.77,104.85,374.04,0.7174,-1,-1,-1
643,38,1007.19,308.65,117.31,479.12,0.8073,-1,-1,-1
643,64,1274.65,315.36,127.47,473.60,0.6709,-1,-1,-1
643,55,1382.58,302.79,131.64,514.23,0.7876,-1,-1,-1
643,69,1124.90,328.40,151.64,456.06,0.8043,-1,-1,-1
644,2,863.19,322.24,152.95,448.29,0.8759,-1,-1,-1
644,44,1690.82,95.48,230.16,977.42,0.8596,-1,-1,-1
644,61,529.03,362.11,104.00,378.29,0.7459,-1,-1,-1
644,38,1010.63,308.71,115.05,483.81,0.7889,-1,-1,-1
644,64,1284.99,318.02,123.16,475.98,0.6629,-1,-1,-1
644,55,1390.74,300.52,134.15,522.25,0.8012,-1,-1,-1
644,69,1131.67,323.89,153.74,467.32,0.8332,-1,-1,-1
645,2,868.21,323.63,153.36,449.97,0.8722,-1,-1,-1
645,44,1686.95,200.54,233.60,874.48,0.8213,-1,-1,-1
645,61,532.25,363.72,101.82,378.31,0.7625,-1,-1,-1
645,38,1011.52,309.66,118.01,487.25,0.7784,-1,-1,-1
645,64,1295.62,314.26,118.32,481.49,0.6768,-1,-1,-1
645,55,1395.32,297.85,137.16,525.84,0.7464,-1,-1,-1
645,69,1135.24,320.35,155.98,477.32,0.8499,-1,-1,-1
646,2,873.46,324.56,150.78,454.30,0.8633,-1,-1,-1
646,44,1687.61,243.85,232.74,820.03,0.8087,-1,-1,-1
646,61,532.71,363.40,101.28,381.15,0.7656,-1,-1,-1
646,38,1008.89,309.00,124.48,487.67,0.8057,-1,-1,-1
646,64,1299.32,312.48,122.71,486.44,0.7244,-1,-1,-1
646,55,1404.03,295.40,133.20,529.16,0.7536,-1,-1,-1
646,69,1135.78,318.17,160.17,483.06,0.8515,-1,-1,-1
647,2,876.02,325.81,151.34,456.24,0.8577,-1,-1,-1
647,44,1685.64,270.91,234.37,797.03,0.8294,-1,-1,-1
647,61,533.51,363.15,101.19,383.47,0.7414,-1,-1,-1
647,38,1014.64,308.81,124.11,486.63,0.7979,-1,-1,-1
647,64,1307.41,308.82,120.88,493.33,0.6981,-1,-1,-1
647,55,1411.03,292.67,131.22,538.43,0.7699,-1,-1,-1
647,69,1136.51,319.41,165.31,487.16,0.8493,-1,-1,-1
647,68,1276.90,344.81,74.92,411.13,0.5058,-1,-1,-1
648,2,879.61,329.00,147.60,453.00,0.8507,-1,-1,-1
648,44,1687.00,284.48,232.65,786.63,0.8618,-1,-1,-1
648,61,533.73,361.38,100.56,387.29,0.7390,-1,-1,-1
648,38,1019.97,308.74,119.91,485.24,0.7957,-1,-1,-1
648,64,1308.60,308.38,125.49,498.78,0.7373,-1,-1,-1
648,55,1416.49,294.14,131.48,540.29,0.7606,-1,-1,-1
648,69,1136.58,317.43,170.87,492.19,0.8571,-1,-1,-1
648,68,1280.64,344.17,70.95,413.54,0.4303,-1,-1,-1
649,2,881.18,331.71,146.34,450.82,0.8449,-1,-1,-1
649,44,1692.82,292.39,226.85,776.88,0.8482,-1,-1,-1
649,61,534.13,360.85,101.17,389.05,0.7398,-1,-1,-1
649,38,1021.87,308.91,118.37,481.15,0.8047,-1,-1,-1
649,64,1308.13,307.08,130.60,498.91,0.7510,-1,-1,-1
649,55,1423.16,293.93,132.24,541.38,0.7932,-1,-1,-1
649,69,1136.26,322.27,177.11,492.12,0.8705,-1,-1,-1
649,70,831.28,400.93,55.68,222.41,0.5072,-1,-1,-1
650,2,881.45,334.13,150.10,449.51,0.8349,-1,-1,-1
650,44,1702.01,294.70,217.30,772.99,0.8022,-1,-1,-1
650,61,533.69,360.77,104.43,390.81,0.7372,-1,-1,-1
650,38,1026.66,308.65,114.75,477.62,0.8102,-1,-1,-1
650,64,1306.76,306.11,136.51,501.55,0.7610,-1,-1,-1
650,55,1427.78,293.54,135.82,544.12,0.8080,-1,-1,-1
650,69,1135.34,318.85,183.05,504.28,0.8693,-1,-1,-1
650,70,829.62,401.95,59.12,222.74,0.4736,-1,-1,-1
651,2,881.00,334.97,154.94,449.18,0.8464,-1,-1,-1
651,44,1710.26,293.61,208.65,777.84,0.5788,-1,-1,-1
651,61,533.17,360.28,106.41,391.97,0.7276,-1,-1,-1
651,38,1029.71,307.08,113.38,475.59,0.7955,-1,-1,-1
651,64,1309.75,305.15,138.37,506.74,0.7873,-1,-1,-1
651,55,1431.82,292.31,140.97,548.97,0.8440,-1,-1,-1
651,69,1134.24,319.60,187.40,508.38,0.8503,-1,-1,-1
651,70,827.55,404.99,62.19,221.08,0.5593,-1,-1,-1
652,2,878.70,335.93,159.47,446.66,0.8388,-1,-1,-1
652,44,1722.94,294.52,195.97,669.98,0.6948,-1,-1,-1
652,61,531.80,361.96,112.44,391.03,0.7141,-1,-1,-1
652,38,1030.51,306.65,113.44,475.94,0.8056,-1,-1,-1
652,64,1312.32,302.52,141.01,509.73,0.7737,-1,-1,-1
652,55,1434.61,294.88,144.13,548.48,0.8219,-1,-1,-1
652,69,1132.09,319.75,192.18,513.25,0.8325,-1,-1,-1
652,70,820.66,406.70,67.50,221.54,0.6325,-1,-1,-1
653,2,875.73,338.44,163.04,442.13,0.8445,-1,-1,-1
653,44,1733.63,294.65,185.15,628.66,0.7907,-1,-1,-1
653,61,529.48,361.90,113.97,393.39,0.7024,-1,-1,-1
653,38,1031.12,306.61,113.77,477.64,0.8000,-1,-1,-1
653,64,1312.58,306.04,144.97,507.53,0.7694,-1,-1,-1
653,55,1438.74,293.60,144.15,554.45,0.7718,-1,-1,-1
653,69,1129.02,316.51,195.12,526.31,0.8397,-1,-1,-1
653,70,815.05,404.64,70.77,228.37,0.6532,-1,-1,-1
654,2,871.60,336.25,165.72,441.02,0.8418,-1,-1,-1
654,44,1746.23,291.33,172.16,655.98,0.7754,-1,-1,-1
654,61,526.09,358.99,105.42,396.80,0.7308,-1,-1,-1
654,38,1030.15,304.14,113.96,479.39,0.7949,-1,-1,-1
654,64,1313.17,304.41,146.67,509.49,0.7868,-1,-1,-1
654,55,1441.01,292.79,145.76,553.45,0.7604,-1,-1,-1
654,69,1125.27,311.97,198.88,536.85,0.8530,-1,-1,-1
654,70,808.91,402.60,75.65,230.13,0.6977,-1,-1,-1
655,2,868.07,334.09,167.44,444.39,0.8410,-1,-1,-1
655,44,1755.55,290.01,162.80,696.07,0.7633,-1,-1,-1
655,61,523.43,357.86,115.80,397.89,0.7642,-1,-1,-1
655,38,1028.39,303.34,115.52,478.83,0.7754,-1,-1,-1
655,64,1315.36,297.56,146.26,519.79,0.8100,-1,-1,-1
655,55,1445.42,293.19,145.19,554.05,0.7369,-1,-1,-1
655,69,1120.90,310.36,203.79,543.36,0.8419,-1,-1,-1
655,70,805.99,402.03,73.51,230.30,0.6970,-1,-1,-1
656,2,864.89,333.62,166.23,443.27,0.8472,-1,-1,-1
656,44,1765.69,288.40,152.25,730.21,0.7910,-1,-1,-1
656,61,517.79,358.75,112.93,402.10,0.7331,-1,-1,-1
656,38,1026.43,304.96,115.61,477.28,0.7897,-1,-1,-1
656,64,1315.42,297.04,146.88,526.13,0.8154,-1,-1,-1
656,55,1448.33,293.09,144.79,558.53,0.7548,-1,-1,-1
656,69,1116.27,311.12,204.52,545.67,0.8420,-1,-1,-1
656,70,804.51,405.13,70.15,228.84,0.7180,-1,-1,-1
657,2,860.32,336.33,167.15,439.04,0.8642,-1,-1,-1
657,44,1776.99,295.58,141.44,740.01,0.7590,-1,-1,-1
657,61,514.75,360.48,114.43,405.00,0.7416,-1,-1,-1
657,38,1025.54,307.03,114.65,480.47,0.7683,-1,-1,-1
657,64,1314.59,298.09,149.13,531.94,0.8075,-1,-1,-1
657,55,1450.11,293.32,145.97,560.14,0.7550,-1,-1,-1
657,69,1113.51,312.03,204.27,544.02,0.8435,-1,-1,-1
657,70,802.22,402.90,67.41,235.05,0.6986,-1,-1,-1
658,2,855.20,332.55,169.65,444.20,0.8728,-1,-1,-1
658,44,1788.11,292.67,130.86,756.36,0.7506,-1,-1,-1
658,61,510.16,359.41,118.45,405.82,0.8041,-1,-1,-1
658,38,1023.43,305.89,114.62,480.03,0.7672,-1,-1,-1
658,64,1312.75,295.54,151.94,537.22,0.8143,-1,-1,-1
658,55,1452.53,290.35,145.92,562.02,0.7764,-1,-1,-1
658,69,1111.24,309.86,204.50,538.30,0.8412,-1,-1,-1
658,70,797.20,405.28,68.10,232.66,0.6547,-1,-1,-1
659,2,852.39,330.30,170.35,444.18,0.8717,-1,-1,-1
659,44,1798.80,291.43,120.24,763.69,0.7336,-1,-1,-1
659,61,505.32,361.55,106.83,402.06,0.6655,-1,-1,-1
659,38,1020.62,305.39,113.81,480.10,0.7720,-1,-1,-1
659,64,1310.82,294.75,155.06,540.79,0.8338,-1,-1,-1
659,55,1454.87,287.87,145.92,564.71,0.7846,-1,-1,-1
659,69,1108.51,306.88,207.58,547.72,0.8460,-1,-1,-1
659,70,792.24,403.84,70.23,230.01,0.6917,-1,-1,-1
660,2,850.16,328.84,170.61,443.16,0.8650,-1,-1,-1
660,44,1806.64,286.39,112.51,778.10,0.7412,-1,-1,-1
660,61,500.79,362.62,102.26,400.08,0.7048,-1,-1,-1
660,38,1017.42,305.94,114.53,482.23,0.7696,-1,-1,-1
660,64,1308.56,292.29,158.58,546.12,0.8386,-1,-1,-1
660,55,1456.43,286.54,146.75,567.60,0.7904,-1,-1,-1
660,69,1105.58,303.32,209.64,555.98,0.8483,-1,-1,-1
660,70,788.25,398.08,72.32,233.87,0.7191,-1,-1,-1
660,68,1263.57,329.15,86.76,432.87,0.3600,-1,-1,-1
661,2,847.84,327.63,169.14,445.82,0.8620,-1,-1,-1
661,44,1811.73,284.34,107.34,787.85,0.7534,-1,-1,-1
661,61,496.04,361.51,119.36,405.83,0.7473,-1,-1,-1
661,38,1013.59,305.99,114.75,486.74,0.7685,-1,-1,-1
661,64,1306.74,290.09,161.52,553.08,0.8141,-1,-1,-1
661,55,1456.13,285.37,147.66,572.13,0.7938,-1,-1,-1
661,69,1103.26,299.73,209.74,562.83,0.8683,-1,-1,-1
661,70,785.69,394.85,70.43,239.37,0.7366,-1,-1,-1
662,2,846.18,328.19,168.09,450.69,0.8514,-1,-1,-1
662,44,1813.34,285.26,105.41,790.43,0.7514,-1,-1,-1
662,61,490.39,360.54,111.86,408.50,0.7765,-1,-1,-1
662,38,1013.40,310.55,109.40,486.17,0.7677,-1,-1,-1
662,64,1303.89,287.12,165.11,559.41,0.8080,-1,-1,-1
662,55,1454.63,285.57,150.86,574.94,0.8015,-1,-1,-1
662,69,1098.92,299.50,209.95,567.06,0.8828,-1,-1,-1
662,70,781.17,391.57,70.11,245.63,0.7737,-1,-1,-1
663,2,838.53,328.71,169.89,449.24,0.8380,-1,-1,-1
663,44,1812.73,283.08,105.63,793.74,0.7607,-1,-1,-1
663,61,482.12,357.97,111.67,412.91,0.7900,-1,-1,-1
663,38,1009.61,311.87,110.68,489.39,0.8036,-1,-1,-1
663,64,1296.10,287.55,170.84,562.58,0.8233,-1,-1,-1
663,55,1452.06,285.57,153.71,576.40,0.8120,-1,-1,-1
663,69,1093.03,296.84,212.96,572.89,0.8785,-1,-1,-1
664,2,832.99,331.06,171.99,444.18,0.8538,-1,-1,-1
664,44,1812.30,282.35,105.95,794.84,0.7673,-1,-1,-1
664,61,474.71,355.84,119.55,416.31,0.7977,-1,-1,-1
664,38,1006.44,311.81,110.01,490.62,0.8055,-1,-1,-1
664,64,1288.20,287.97,177.47,566.18,0.8258,-1,-1,-1
664,55,1450.41,285.02,157.42,578.61,0.8186,-1,-1,-1
664,69,1090.52,297.19,208.12,578.95,0.8739,-1,-1,-1
664,70,773.76,394.32,67.19,236.61,0.5361,-1,-1,-1
665,2,838.96,332.11,159.93,436.66,0.8441,-1,-1,-1
665,44,1814.01,276.22,104.47,800.93,0.7559,-1,-1,-1
665,61,468.08,355.82,113.79,418.69,0.7519,-1,-1,-1
665,38,1000.42,309.05,114.07,491.85,0.7883,-1,-1,-1
665,64,1284.85,282.52,178.59,574.51,0.8553,-1,-1,-1
665,55,1448.78,283.93,159.13,580.97,0.8175,-1,-1,-1
665,69,1086.71,294.32,213.98,584.16,0.8689,-1,-1,-1
665,70,765.57,395.44,72.82,239.33,0.6893,-1,-1,-1
666,2,841.14,332.07,155.29,439.80,0.8453,-1,-1,-1
666,44,1805.86,268.76,112.61,808.42,0.7587,-1,-1,-1
666,61,462.31,355.32,113.82,420.62,0.7394,-1,-1,-1
666,38,994.74,305.68,115.60,492.11,0.7845,-1,-1,-1
666,64,1276.12,281.09,184.01,578.53,0.8586,-1,-1,-1
666,55,1447.72,283.06,162.43,582.88,0.8404,-1,-1,-1
666,69,1084.59,291.25,219.97,593.92,0.8738,-1,-1,-1
666,70,763.50,395.62,70.97,241.90,0.6975,-1,-1,-1
667,2,839.28,332.63,154.67,443.89,0.8483,-1,-1,-1
667,44,1795.75,263.74,123.16,811.57,0.7676,-1,-1,-1
667,61,454.10,355.08,108.95,420.28,0.7102,-1,-1,-1
667,38,988.66,304.11,117.60,481.53,0.7903,-1,-1,-1
667,64,1273.63,275.86,183.32,584.90,0.8727,-1,-1,-1
667,55,1444.38,283.62,166.52,581.69,0.8499,-1,-1,-1
667,69,1083.14,287.98,224.42,609.63,0.8776,-1,-1,-1
667,70,759.52,396.61,70.80,242.95,0.7137,-1,-1,-1
668,2,836.59,332.38,156.59,441.20,0.8554,-1,-1,-1
668,44,1792.18,260.33,127.01,814.87,0.7446,-1,-1,-1
668,61,446.36,353.00,107.70,423.95,0.7818,-1,-1,-1
668,38,982.41,302.20,119.15,486.17,0.7940,-1,-1,-1
668,64,1270.35,270.57,183.41,589.90,0.8742,-1,-1,-1
668,55,1442.38,284.14,171.29,581.43,0.8600,-1,-1,-1
668,69,1079.54,284.87,228.97,619.10,0.8780,-1,-1,-1
668,70,755.27,391.41,72.14,249.48,0.7267,-1,-1,-1
669,2,835.57,331.71,158.75,434.53,0.8532,-1,-1,-1
669,44,1796.09,255.49,123.55,820.51,0.7749,-1,-1,-1
669,61,440.74,346.75,109.15,432.10,0.7759,-1,-1,-1
669,38,976.84,299.77,122.12,489.89,0.8047,-1,-1,-1
669,64,1266.59,266.31,184.61,592.83,0.8621,-1,-1,-1
669,55,1440.75,282.17,176.71,582.81,0.8604,-1,-1,-1
669,69,1076.00,282.45,234.55,633.67,0.8837,-1,-1,-1
669,70,750.06,391.76,74.14,249.76,0.6924,-1,-1,-1
670,2,834.57,330.62,156.89,431.46,0.8456,-1,-1,-1
670,44,1798.54,249.76,121.65,826.65,0.7924,-1,-1,-1
670,61,433.59,347.77,111.48,434.63,0.7886,-1,-1,-1
670,38,975.19,298.58,120.34,488.78,0.8182,-1,-1,-1
670,64,1265.90,252.68,184.24,609.26,0.8559,-1,-1,-1
670,55,1441.15,280.75,178.92,584.75,0.8579,-1,-1,-1
670,69,1073.64,280.76,238.03,649.51,0.8828,-1,-1,-1
670,70,742.66,389.02,79.87,254.09,0.7227,-1,-1,-1
671,2,834.96,330.30,151.23,432.25,0.8526,-1,-1,-1
671,44,1798.68,243.78,121.94,832.69,0.7864,-1,-1,-1
671,61,429.51,348.98,113.39,435.16,0.8084,-1,-1,-1
671,38,973.38,298.26,121.09,486.11,0.8109,-1,-1,-1
671,64,1269.74,254.83,182.98,610.05,0.8529,-1,-1,-1
671,55,1441.10,278.65,181.79,588.23,0.8560,-1,-1,-1
671,69,1073.96,280.97,239.45,664.56,0.8848,-1,-1,-1
671,70,740.38,385.66,80.20,258.48,0.7259,-1,-1,-1
672,2,836.20,329.86,149.41,433.60,0.8553,-1,-1,-1
672,44,1797.87,228.47,123.76,844.24,0.7837,-1,-1,-1
672,61,424.93,348.61,118.70,440.03,0.7895,-1,-1,-1
672,38,971.20,296.69,124.45,488.15,0.8134,-1,-1,-1
672,64,1270.98,247.55,185.24,622.90,0.8495,-1,-1,-1
672,55,1442.13,276.32,183.57,590.29,0.8604,-1,-1,-1
672,69,1075.00,279.64,241.29,682.58,0.8893,-1,-1,-1
672,70,737.73,384.09,81.98,261.81,0.7200,-1,-1,-1
673,2,838.00,328.56,142.91,433.58,0.8484,-1,-1,-1
673,44,1794.71,168.91,127.66,903.19,0.7709,-1,-1,-1
673,61,421.11,350.66,120.20,440.34,0.7848,-1,-1,-1
673,38,970.57,294.23,126.09,486.34,0.8160,-1,-1,-1
673,64,1273.01,242.39,186.87,635.02,0.8357,-1,-1,-1
673,55,1444.27,274.28,184.66,593.89,0.8489,-1,-1,-1
673,69,1075.65,274.99,246.93,697.12,0.8860,-1,-1,-1
673,70,736.83,380.94,80.82,265.13,0.7210,-1,-1,-1
674,2,839.07,328.55,138.83,433.25,0.8471,-1,-1,-1
674,44,1789.00,156.25,133.01,915.71,0.7815,-1,-1,-1
674,61,419.55,352.99,119.59,441.07,0.7687,-1,-1,-1
674,38,970.53,294.44,125.97,485.96,0.8089,-1,-1,-1
674,64,1277.70,240.63,183.26,650.95,0.8243,-1,-1,-1
674,55,1445.96,273.85,188.04,593.97,0.8414,-1,-1,-1
674,69,1074.47,268.90,255.86,710.13,0.8774,-1,-1,-1
674,70,736.81,380.65,82.64,263.88,0.7019,-1,-1,-1
675,2,839.51,328.82,138.21,434.16,0.8531,-1,-1,-1
675,44,1781.55,191.55,139.97,879.77,0.7948,-1,-1,-1
675,61,416.95,350.98,122.08,446.80,0.7740,-1,-1,-1
675,38,969.68,293.52,127.11,489.14,0.8133,-1,-1,-1
675,64,1282.42,245.57,184.68,662.64,0.8162,-1,-1,-1
675,55,1447.74,273.56,190.64,594.99,0.8448,-1,-1,-1
675,69,1071.41,265.46,265.66,719.55,0.8752,-1,-1,-1
675,70,736.52,382.04,82.38,260.72,0.7085,-1,-1,-1
676,2,839.13,329.67,138.87,435.62,0.8513,-1,-1,-1
676,44,1774.79,212.12,146.79,857.19,0.8226,-1,-1,-1
676,61,414.76,351.43,124.83,450.19,0.7923,-1,-1,-1
676,38,969.74,293.24,128.33,489.69,0.8216,-1,-1,-1
676,64,1288.77,239.95,187.82,676.39,0.7948,-1,-1,-1
676,55,1455.33,273.05,188.10,589.75,0.8381,-1,-1,-1
676,69,1069.22,260.43,277.23,729.04,0.8542,-1,-1,-1
676,70,735.16,382.28,84.22,261.33,0.7247,-1,-1,-1
677,2,838.59,327.28,141.10,437.12,0.8419,-1,-1,-1
677,44,1764.80,226.36,156.80,842.43,0.8335,-1,-1,-1
677,61,411.54,347.50,126.51,454.15,0.7923,-1,-1,-1
677,38,971.81,291.09,126.34,487.85,0.8248,-1,-1,-1
677,64,1295.44,230.66,201.36,695.18,0.7771,-1,-1,-1
677,55,1460.72,267.46,189.37,592.91,0.8357,-1,-1,-1
677,69,1066.25,252.14,288.34,713.70,0.8502,-1,-1,-1
677,70,734.20,379.50,86.37,264.11,0.7435,-1,-1,-1
678,2,839.19,326.32,141.68,439.18,0.8475,-1,-1,-1
678,44,1758.17,232.10,163.72,839.79,0.8555,-1,-1,-1
678,61,409.21,347.50,128.25,455.52,0.7956,-1,-1,-1
678,38,972.44,290.53,127.73,488.83,0.8164,-1,-1,-1
678,64,1301.41,226.71,205.74,705.50,0.8078,-1,-1,-1
678,55,1467.55,264.28,185.44,595.71,0.8228,-1,-1,-1
678,69,1063.15,243.91,303.94,708.73,0.8709,-1,-1,-1
678,70,734.18,379.10,86.87,266.19,0.7411,-1,-1,-1
679,2,838.94,326.65,144.73,438.80,0.8424,-1,-1,-1
679,44,1752.19,240.75,169.97,833.16,0.8450,-1,-1,-1
679,61,408.24,347.37,127.71,456.04,0.7842,-1,-1,-1
679,38,977.26,290.54,125.85,486.52,0.7903,-1,-1,-1
679,64,1309.50,226.63,203.97,721.66,0.8381,-1,-1,-1
679,55,1476.44,262.77,182.51,595.55,0.8157,-1,-1,-1
679,69,1062.24,237.16,314.23,730.84,0.8623,-1,-1,-1
679,70,734.52,377.98,86.29,266.82,0.7337,-1,-1,-1
680,2,837.71,328.69,154.18,438.67,0.8464,-1,-1,-1
680,44,1745.37,245.16,177.34,814.93,0.7732,-1,-1,-1
680,61,408.70,347.19,129.12,458.89,0.7866,-1,-1,-1
680,38,982.11,292.05,122.52,484.56,0.7722,-1,-1,-1
680,64,1318.28,233.04,207.26,730.36,0.8708,-1,-1,-1
680,55,1485.91,261.87,183.41,602.48,0.8343,-1,-1,-1
680,69,1064.60,231.85,306.25,758.33,0.8740,-1,-1,-1
680,70,735.88,377.82,87.12,269.69,0.7450,-1,-1,-1
681,2,839.01,331.28,159.63,437.83,0.8542,-1,-1,-1
681,44,1739.60,249.65,183.34,740.94,0.7893,-1,-1,-1
681,61,410.72,346.27,130.56,462.34,0.7833,-1,-1,-1
681,38,985.63,295.22,120.36,481.76,0.7802,-1,-1,-1
681,64,1328.92,237.48,204.85,733.90,0.8649,-1,-1,-1
681,55,1491.79,261.86,186.29,607.67,0.8323,-1,-1,-1
681,69,1071.18,226.72,295.48,781.04,0.8695,-1,-1,-1
681,70,736.44,381.02,91.06,271.00,0.7564,-1,-1,-1
682,2,840.23,332.48,166.74,441.03,0.8251,-1,-1,-1
682,44,1735.67,254.64,187.01,597.10,0.8295,-1,-1,-1
682,61,412.91,345.43,129.02,464.91,0.7895,-1,-1,-1
682,38,991.96,295.70,117.20,482.37,0.8020,-1,-1,-1
682,64,1340.54,235.05,202.53,741.33,0.8558,-1,-1,-1
682,55,1500.66,259.97,180.76,617.00,0.8326,-1,-1,-1
682,69,1077.86,222.95,291.38,793.41,0.8819,-1,-1,-1
682,70,737.88,381.20,92.99,274.13,0.7632,-1,-1,-1
683,2,845.33,334.76,166.27,433.30,0.8037,-1,-1,-1
683,44,1740.08,259.05,182.23,536.57,0.7001,-1,-1,-1
683,61,414.17,346.37,127.00,464.81,0.7797,-1,-1,-1
683,38,996.89,294.83,118.31,486.47,0.8023,-1,-1,-1
683,64,1350.05,232.73,212.08,751.40,0.8695,-1,-1,-1
683,55,1508.62,257.40,171.55,622.60,0.8320,-1,-1,-1
683,69,1083.28,219.68,293.72,811.86,0.8782,-1,-1,-1
683,70,740.09,382.02,92.44,274.51,0.7640,-1,-1,-1
684,2,849.95,336.55,163.66,435.45,0.8396,-1,-1,-1
684,44,1746.20,263.08,176.29,509.57,0.6229,-1,-1,-1
684,61,416.76,347.60,126.87,465.89,0.7942,-1,-1,-1
684,38,1002.60,296.36,115.65,488.79,0.8059,-1,-1,-1
684,64,1359.82,226.85,219.97,763.01,0.8636,-1,-1,-1
684,55,1515.52,258.42,171.42,627.52,0.8200,-1,-1,-1
684,69,1090.65,216.99,295.36,842.88,0.8764,-1,-1,-1
684,70,745.90,382.56,90.95,277.49,0.7768,-1,-1,-1
685,2,860.65,333.58,157.20,438.78,0.8129,-1,-1,-1
685,44,1754.28,266.93,168.25,508.86,0.4472,-1,-1,-1
685,61,420.43,342.24,128.58,472.29,0.7976,-1,-1,-1
685,38,1009.44,296.64,113.94,489.44,0.8055,-1,-1,-1
685,64,1370.49,220.96,222.63,769.99,0.8326,-1,-1,-1
685,55,1523.28,259.60,164.72,623.83,0.7560,-1,-1,-1
685,69,1097.12,213.75,299.22,863.07,0.8874,-1,-1,-1
685,70,752.53,382.07,88.80,280.65,0.7896,-1,-1,-1
686,2,872.42,333.38,149.11,435.37,0.8559,-1,-1,-1
686,44,1766.01,277.81,156.40,501.96,0.6645,-1,-1,-1
686,61,424.81,341.61,125.62,473.98,0.8146,-1,-1,-1
686,38,1017.05,294.19,116.50,490.71,0.7973,-1,-1,-1
686,64,1384.63,212.21,232.17,781.13,0.8309,-1,-1,-1
686,55,1541.89,266.12,149.31,619.52,0.4322,-1,-1,-1
686,69,1103.67,210.02,301.19,872.47,0.8993,-1,-1,-1
686,70,757.61,382.70,88.18,279.28,0.8152,-1,-1,-1
687,2,878.59,330.18,155.52,438.58,0.8462,-1,-1,-1
687,44,1784.43,297.10,138.01,529.73,0.6377,-1,-1,-1
687,61,427.65,337.52,126.34,476.00,0.7955,-1,-1,-1
687,38,1021.00,294.73,120.36,495.26,0.7962,-1,-1,-1
687,64,1395.65,203.22,258.40,795.07,0.8369,-1,-1,-1
687,69,1107.10,206.05,308.08,878.17,0.9021,-1,-1,-1
687,70,764.70,379.54,87.68,282.65,0.8176,-1,-1,-1
688,2,884.19,326.98,151.99,435.50,0.8325,-1,-1,-1
688,44,1801.99,323.90,120.00,526.32,0.6850,-1,-1,-1
688,61,432.71,332.63,124.93,479.47,0.7645,-1,-1,-1
688,38,1028.94,293.31,119.16,490.85,0.8103,-1,-1,-1
688,64,1408.24,193.19,278.61,808.39,0.8662,-1,-1,-1
688,69,1109.74,197.32,315.74,885.30,0.8989,-1,-1,-1
688,70,767.05,377.18,90.91,282.45,0.7854,-1,-1,-1
689,2,891.05,322.77,150.77,432.07,0.8102,-1,-1,-1
689,44,1823.02,360.96,98.28,500.60,0.5573,-1,-1,-1
689,61,436.05,328.41,124.03,477.61,0.8084,-1,-1,-1
689,38,1036.83,290.46,116.63,489.21,0.7759,-1,-1,-1
689,64,1419.45,187.44,290.94,809.82,0.8775,-1,-1,-1
689,69,1112.63,177.15,323.31,903.21,0.8956,-1,-1,-1
689,70,770.08,372.55,95.65,283.06,0.7698,-1,-1,-1
690,2,895.98,317.53,157.63,433.57,0.7928,-1,-1,-1
690,61,438.28,322.16,122.70,476.75,0.7845,-1,-1,-1
690,38,1044.73,286.44,115.68,487.99,0.8153,-1,-1,-1
690,64,1428.62,178.70,310.94,816.08,0.8656,-1,-1,-1
690,69,1112.52,168.88,334.50,906.94,0.8985,-1,-1,-1
690,70,773.84,363.46,94.21,288.24,0.7459,-1,-1,-1
690,74,869.14,379.46,49.06,227.71,0.4062,-1,-1,-1
691,2,900.97,311.86,162.42,432.74,0.8085,-1,-1,-1
691,61,440.26,318.38,122.50,478.24,0.7143,-1,-1,-1
691,38,1048.78,283.07,115.52,487.01,0.7609,-1,-1,-1
691,64,1437.86,166.11,330.48,830.73,0.8798,-1,-1,-1
691,69,1111.94,171.70,342.09,905.28,0.9032,-1,-1,-1
691,70,777.22,360.88,93.98,290.18,0.7827,-1,-1,-1
691,74,869.85,380.77,51.77,220.99,0.3540,-1,-1,-1
692,2,905.99,307.25,151.19,433.04,0.7951,-1,-1,-1
692,61,440.52,313.61,123.93,483.12,0.7422,-1,-1,-1
692,38,1052.93,279.66,116.90,491.08,0.7501,-1,-1,-1
692,64,1445.74,154.64,344.89,854.79,0.8965,-1,-1,-1
692,69,1109.28,159.56,355.91,919.56,0.8951,-1,-1,-1
692,70,779.30,355.90,93.59,293.43,0.7837,-1,-1,-1
692,74,867.80,374.80,57.08,219.13,0.5091,-1,-1,-1
693,2,909.65,302.43,148.89,435.42,0.7914,-1,-1,-1
693,61,440.10,309.18,141.17,487.55,0.6776,-1,-1,-1
693,38,1058.63,273.52,109.08,512.03,0.6056,-1,-1,-1
693,64,1452.29,144.38,358.62,885.62,0.9008,-1,-1,-1
693,69,1106.35,138.94,372.16,937.74,0.8890,-1,-1,-1
693,70,778.91,353.03,93.95,293.31,0.7796,-1,-1,-1
693,74,866.34,370.98,61.81,220.33,0.5338,-1,-1,-1
694,2,910.63,298.97,144.62,437.55,0.8126,-1,-1,-1
694,61,438.78,304.08,139.32,492.21,0.6920,-1,-1,-1
694,38,1062.34,267.37,100.85,518.25,0.5499,-1,-1,-1
694,64,1457.10,137.50,377.14,910.13,0.8983,-1,-1,-1
694,69,1103.38,126.92,391.73,949.90,0.8896,-1,-1,-1
694,70,779.63,350.88,93.88,294.46,0.7484,-1,-1,-1
694,74,865.03,367.10,62.97,218.22,0.5096,-1,-1,-1
695,2,911.60,297.78,142.93,436.21,0.8101,-1,-1,-1
695,61,435.10,298.93,130.89,494.98,0.7971,-1,-1,-1
695,38,1061.25,259.97,125.15,606.54,0.5272,-1,-1,-1
695,64,1462.52,130.15,396.37,922.67,0.8994,-1,-1,-1
695,69,1096.05,113.57,416.39,962.91,0.8794,-1,-1,-1
695,70,780.11,346.59,91.15,296.02,0.7458,-1,-1,-1
695,74,865.48,363.29,65.05,223.23,0.6099,-1,-1,-1
696,2,911.11,299.60,139.70,433.42,0.8454,-1,-1,-1
696,61,432.44,296.55,127.82,497.87,0.8191,-1,-1,-1
696,38,1051.69,253.12,148.56,649.64,0.6172,-1,-1,-1
696,64,1467.35,125.00,410.95,937.04,0.9045,-1,-1,-1
696,69,1096.13,101.59,428.74,975.55,0.8823,-1,-1,-1
696,70,777.42,343.86,92.97,297.60,0.7685,-1,-1,-1
696,74,865.95,363.43,64.51,227.38,0.6269,-1,-1,-1
697,2,914.09,296.37,135.29,431.63,0.8156,-1,-1,-1
697,61,426.79,293.74,130.97,499.22,0.7917,-1,-1,-1
697,38,1046.72,248.29,153.57,675.01,0.6701,-1,-1,-1
697,64,1475.92,115.21,418.54,955.19,0.8910,-1,-1,-1
697,69,1103.96,85.84,438.88,990.60,0.8937,-1,-1,-1
697,70,775.91,337.65,94.73,300.37,0.7627,-1,-1,-1
697,74,865.38,361.05,64.07,228.76,0.6716,-1,-1,-1
698,2,916.96,291.07,138.71,435.58,0.8322,-1,-1,-1
698,61,425.59,286.65,127.64,501.60,0.7802,-1,-1,-1
698,38,1046.70,230.67,164.33,703.01,0.6730,-1,-1,-1
698,64,1482.45,109.18,429.74,960.68,0.9017,-1,-1,-1
698,69,1105.97,69.20,446.71,1007.29,0.9040,-1,-1,-1
698,70,774.94,336.41,96.93,300.73,0.7804,-1,-1,-1
698,74,863.34,357.65,65.87,228.54,0.6887,-1,-1,-1
699,2,918.81,285.05,146.31,438.87,0.8355,-1,-1,-1
699,61,422.97,280.32,135.59,504.32,0.7729,-1,-1,-1
699,38,1046.89,211.89,168.43,730.08,0.6958,-1,-1,-1
699,64,1492.25,97.26,432.55,968.40,0.9050,-1,-1,-1
699,69,1112.59,51.11,451.19,1026.19,0.9052,-1,-1,-1
699,70,773.39,333.25,101.24,301.89,0.7892,-1,-1,-1
699,74,863.72,351.90,66.05,229.23,0.6887,-1,-1,-1
700,2,920.07,282.28,148.23,440.02,0.8451,-1,-1,-1
700,61,421.19,275.84,132.39,506.14,0.7966,-1,-1,-1
700,38,1050.30,197.89,164.54,748.42,0.7592,-1,-1,-1
700,64,1501.22,82.32,427.86,984.87,0.9101,-1,-1,-1
700,69,1124.97,33.75,452.24,1043.24,0.8994,-1,-1,-1
700,70,772.13,331.08,102.92,303.86,0.7658,-1,-1,-1
700,74,865.49,347.33,63.75,230.83,0.6506,-1,-1,-1
701,2,920.86,282.25,147.51,437.88,0.8551,-1,-1,-1
701,61,417.34,271.85,130.96,511.58,0.8243,-1,-1,-1
701,38,1052.81,189.52,148.07,758.30,0.7720,-1,-1,-1
701,64,1510.54,73.94,418.50,993.14,0.9082,-1,-1,-1
701,69,1133.82,22.54,451.99,1054.10,0.8951,-1,-1,-1
701,70,772.40,328.86,103.47,305.55,0.7539,-1,-1,-1
701,74,864.43,345.53,65.47,233.40,0.6731,-1,-1,-1
702,2,921.42,279.32,142.14,435.17,0.8404,-1,-1,-1
702,61,414.36,267.10,131.22,517.13,0.8278,-1,-1,-1
702,38,1047.88,180.30,165.47,768.34,0.8140,-1,-1,-1
702,64,1514.50,63.72,413.92,1003.14,0.9111,-1,-1,-1
702,69,1137.50,10.05,454.34,1065.25,0.8915,-1,-1,-1
702,70,773.22,324.73,99.62,306.60,0.7640,-1,-1,-1
702,74,859.76,339.56,71.17,237.61,0.7016,-1,-1,-1
703,2,922.39,276.86,136.47,432.84,0.8366,-1,-1,-1
703,61,407.86,260.67,135.34,522.91,0.8181,-1,-1,-1
703,38,1044.70,170.55,174.88,778.31,0.8353,-1,-1,-1
703,64,1521.84,50.61,406.72,1018.85,0.9060,-1,-1,-1
703,69,1145.76,0.82,455.25,1074.38,0.8957,-1,-1,-1
703,70,772.43,319.22,100.65,311.15,0.7657,-1,-1,-1
703,74,859.92,333.86,71.93,244.49,0.6811,-1,-1,-1
704,2,922.29,271.48,127.68,432.08,0.8205,-1,-1,-1
704,61,400.61,253.90,137.62,524.62,0.8432,-1,-1,-1
704,38,1037.98,159.55,197.94,788.12,0.8461,-1,-1,-1
704,64,1532.20,37.79,395.31,1032.20,0.9108,-1,-1,-1
704,69,1152.56,-4.16,456.67,1077.75,0.9025,-1,-1,-1
704,70,771.76,313.67,103.99,313.53,0.7672,-1,-1,-1
704,74,860.05,328.48,71.18,247.30,0.6798,-1,-1,-1
705,2,921.65,264.10,123.38,431.68,0.8179,-1,-1,-1
705,61,395.29,249.48,142.10,524.12,0.8586,-1,-1,-1
705,38,1029.88,148.15,205.38,798.43,0.8461,-1,-1,-1
705,64,1544.81,15.63,382.99,1051.45,0.9014,-1,-1,-1
705,69,1159.00,-5.77,456.89,1078.03,0.9049,-1,-1,-1
705,70,774.07,309.13,99.43,314.98,0.7492,-1,-1,-1
705,74,856.60,322.77,72.57,246.59,0.6568,-1,-1,-1
706,2,922.50,258.40,122.40,430.19,0.8050,-1,-1,-1
706,61,391.97,242.65,142.46,529.02,0.8134,-1,-1,-1
706,38,1012.66,136.71,214.47,818.92,0.8300,-1,-1,-1
706,64,1557.53,2.00,370.79,1066.25,0.9176,-1,-1,-1
706,69,1168.93,-6.10,461.44,1079.16,0.9111,-1,-1,-1
706,70,773.54,302.98,97.04,317.31,0.7619,-1,-1,-1
706,74,854.20,317.97,74.00,249.79,0.6819,-1,-1,-1
707,2,922.37,254.08,122.78,427.90,0.7560,-1,-1,-1
707,61,388.42,236.18,143.13,530.86,0.8206,-1,-1,-1
707,38,999.33,122.15,221.91,852.02,0.8319,-1,-1,-1
707,64,1577.75,-2.67,350.78,1076.51,0.9170,-1,-1,-1
707,69,1179.57,-5.32,471.71,1081.34,0.9136,-1,-1,-1
707,70,776.65,295.76,92.05,317.91,0.7830,-1,-1,-1
707,74,854.02,312.45,74.19,249.92,0.6648,-1,-1,-1
708,2,923.67,242.41,109.31,433.77,0.6975,-1,-1,-1
708,61,386.34,229.66,144.72,532.73,0.7949,-1,-1,-1
708,38,985.64,108.04,228.44,880.69,0.8468,-1,-1,-1
708,64,1600.41,-2.95,327.08,1079.55,0.9075,-1,-1,-1
708,69,1185.54,-4.39,488.21,1078.57,0.9134,-1,-1,-1
708,70,773.95,288.72,97.78,319.36,0.7738,-1,-1,-1
708,74,853.35,305.27,74.79,256.25,0.6085,-1,-1,-1
709,2,916.81,231.93,116.00,437.06,0.5542,-1,-1,-1
709,61,381.82,218.02,145.08,543.23,0.8030,-1,-1,-1
709,38,974.55,97.01,252.52,905.99,0.8609,-1,-1,-1
709,64,1628.28,-1.25,297.63,1084.94,0.8982,-1,-1,-1
709,69,1199.79,-3.25,502.39,1078.12,0.9183,-1,-1,-1
709,70,769.39,281.71,103.18,322.92,0.7603,-1,-1,-1
709,74,852.56,300.56,74.38,255.16,0.5358,-1,-1,-1
710,61,377.30,210.99,145.90,546.60,0.7941,-1,-1,-1
710,38,949.95,85.52,287.77,931.26,0.8828,-1,-1,-1
710,64,1659.16,-1.38,267.91,1088.15,0.8971,-1,-1,-1
710,69,1217.33,-2.77,521.03,1077.22,0.9315,-1,-1,-1
710,70,767.79,274.83,104.78,327.32,0.7693,-1,-1,-1
710,74,854.38,296.74,71.37,253.10,0.4975,-1,-1,-1
711,61,372.66,206.13,147.72,550.16,0.8141,-1,-1,-1
711,38,934.00,76.84,309.85,952.04,0.8934,-1,-1,-1
711,64,1694.97,-1.77,233.14,1076.42,0.8806,-1,-1,-1
711,69,1232.89,-4.05,562.62,1076.94,0.9216,-1,-1,-1
711,70,772.19,269.92,100.32,330.79,0.7467,-1,-1,-1
711,74,854.06,294.42,70.98,256.29,0.4928,-1,-1,-1
712,61,368.54,201.44,147.16,554.05,0.8205,-1,-1,-1
712,38,919.55,63.29,325.21,978.95,0.9029,-1,-1,-1
712,64,1732.27,-2.18,192.78,957.24,0.7732,-1,-1,-1
712,69,1252.97,-1.80,578.80,1077.07,0.9110,-1,-1,-1
712,70,764.66,265.48,108.04,334.37,0.7433,-1,-1,-1
712,74,853.23,292.49,68.48,255.01,0.5976,-1,-1,-1
713,61,365.17,195.50,147.33,557.04,0.8164,-1,-1,-1
713,38,909.06,51.77,330.67,1005.40,0.8966,-1,-1,-1
713,64,1775.81,0.87,143.87,866.00,0.5931,-1,-1,-1
713,69,1270.93,2.00,599.77,1071.23,0.9159,-1,-1,-1
713,70,759.60,260.78,114.18,337.18,0.7596,-1,-1,-1
713,74,851.73,285.71,71.41,260.08,0.5328,-1,-1,-1
714,61,363.51,193.04,147.73,558.07,0.8265,-1,-1,-1
714,38,899.99,43.26,330.70,1022.59,0.8874,-1,-1,-1
714,69,1288.07,3.44,620.97,1067.42,0.9254,-1,-1,-1
714,70,756.55,258.62,116.41,338.78,0.7817,-1,-1,-1
714,74,852.37,284.46,68.90,261.48,0.5903,-1,-1,-1
715,61,357.42,190.28,154.91,562.04,0.8251,-1,-1,-1
715,38,890.73,33.09,335.66,1041.33,0.8908,-1,-1,-1
715,69,1293.32,-1.82,640.10,1070.80,0.9283,-1,-1,-1
715,70,756.62,254.93,121.92,341.62,0.7665,-1,-1,-1
715,74,851.71,279.91,62.35,266.34,0.4198,-1,-1,-1
716,61,355.03,187.82,153.32,564.83,0.8274,-1,-1,-1
716,38,878.00,14.49,335.30,1058.42,0.8965,-1,-1,-1
716,69,1282.38,-1.76,652.76,1069.87,0.9285,-1,-1,-1
716,70,756.32,252.61,120.89,341.47,0.7612,-1,-1,-1
716,74,848.49,274.37,55.62,269.34,0.3654,-1,-1,-1
716,76,1239.01,316.32,60.11,207.61,0.5867,-1,-1,-1
717,61,350.48,187.58,158.55,564.51,0.8039,-1,-1,-1
717,38,860.79,2.72,344.46,1077.39,0.9083,-1,-1,-1
717,69,1272.31,-0.93,660.99,1068.11,0.9286,-1,-1,-1
717,70,754.38,248.59,125.36,345.71,0.8058,-1,-1,-1
717,76,1241.99,311.14,61.05,212.02,0.5067,-1,-1,-1
718,61,345.98,182.79,161.92,570.95,0.8186,-1,-1,-1
718,38,845.16,4.92,345.56,1076.68,0.9027,-1,-1,-1
718,69,1266.71,0.48,665.73,1069.20,0.9181,-1,-1,-1
718,70,753.99,245.22,118.95,350.61,0.8089,-1,-1,-1
718,76,1240.02,307.98,67.40,214.98,0.5917,-1,-1,-1
719,61,342.66,179.45,160.41,575.32,0.8280,-1,-1,-1
719,38,821.43,0.61,351.28,1077.30,0.8994,-1,-1,-1
719,69,1265.34,2.10,663.22,1069.65,0.9180,-1,-1,-1
719,70,752.37,241.34,109.27,354.73,0.7687,-1,-1,-1
719,76,1240.28,310.96,71.57,210.79,0.5578,-1,-1,-1
720,61,340.83,179.39,157.93,578.52,0.8484,-1,-1,-1
720,38,795.41,0.83,358.03,1076.42,0.8882,-1,-1,-1
720,69,1271.70,5.15,652.10,1059.00,0.9174,-1,-1,-1
720,70,754.28,241.42,91.07,355.05,0.6818,-1,-1,-1
720,76,1240.83,307.97,75.12,214.46,0.6397,-1,-1,-1
720,78,1099.12,168.48,112.89,513.64,0.7164,-1,-1,-1
721,61,336.38,174.96,159.04,586.37,0.8475,-1,-1,-1
721,38,770.91,-0.35,362.67,1082.86,0.9126,-1,-1,-1
721,69,1286.83,4.89,636.46,1061.68,0.8841,-1,-1,-1
721,76,1241.19,304.01,76.95,216.58,0.6068,-1,-1,-1
721,78,1094.51,165.73,125.51,519.55,0.7448,-1,-1,-1
722,61,331.99,170.57,161.42,591.89,0.8438,-1,-1,-1
722,38,748.89,-0.03,367.68,1080.23,0.9107,-1,-1,-1
722,69,1299.44,4.69,620.50,1060.47,0.9198,-1,-1,-1
722,76,1242.52,296.59,70.40,223.02,0.4933,-1,-1,-1
722,78,1089.11,162.62,137.31,520.12,0.7897,-1,-1,-1
722,79,1317.17,117.25,156.12,489.73,0.7094,-1,-1,-1
723,61,325.96,167.38,164.00,596.36,0.8462,-1,-1,-1
723,38,725.52,-0.06,371.98,1081.55,0.9036,-1,-1,-1
723,69,1310.14,4.74,609.40,1061.99,0.9027,-1,-1,-1
723,76,1244.97,307.90,66.58,213.28,0.5249,-1,-1,-1
723,78,1083.58,162.04,143.02,513.40,0.8312,-1,-1,-1
723,79,1306.64,112.58,165.21,543.47,0.7295,-1,-1,-1
724,61,320.47,164.27,165.39,599.91,0.8366,-1,-1,-1
724,38,699.09,0.21,386.62,1075.30,0.9060,-1,-1,-1
724,69,1318.45,6.38,599.22,1060.03,0.9020,-1,-1,-1
724,78,1077.26,159.22,150.60,509.90,0.8437,-1,-1,-1
724,79,1269.45,108.63,194.82,619.22,0.7753,-1,-1,-1
725,61,314.50,159.46,166.62,603.51,0.8384,-1,-1,-1
725,38,664.39,1.41,396.42,1072.23,0.9040,-1,-1,-1
725,69,1328.58,7.93,585.81,1058.70,0.8823,-1,-1,-1
725,78,1072.14,157.24,153.26,507.52,0.8371,-1,-1,-1
725,79,1242.09,102.19,213.41,663.24,0.8576,-1,-1,-1
726,61,306.48,153.15,167.99,607.79,0.8181,-1,-1,-1
726,38,631.67,1.21,404.95,1073.93,0.9086,-1,-1,-1
726,69,1342.92,8.00,573.22,1058.59,0.8127,-1,-1,-1
726,78,1067.84,153.61,160.57,508.60,0.8424,-1,-1,-1
726,79,1217.13,103.21,236.14,704.42,0.8565,-1,-1,-1
727,61,286.84,144.50,172.80,618.13,0.8199,-1,-1,-1
727,38,596.40,-2.03,415.31,1081.86,0.9053,-1,-1,-1
727,69,1376.07,0.89,545.48,1071.34,0.8127,-1,-1,-1
727,78,1061.48,148.23,166.84,515.28,0.8543,-1,-1,-1
727,79,1188.15,100.16,267.91,721.12,0.8693,-1,-1,-1
728,61,275.99,136.27,171.42,625.84,0.8495,-1,-1,-1
728,38,557.16,-3.88,434.55,1085.83,0.9091,-1,-1,-1
728,69,1483.92,0.00,438.79,1063.39,0.7390,-1,-1,-1
728,78,1058.88,143.25,155.37,516.95,0.6669,-1,-1,-1
728,79,1151.93,96.14,304.98,729.09,0.8592,-1,-1,-1
728,82,942.01,182.05,117.01,444.82,0.7890,-1,-1,-1
729,61,264.84,124.64,171.55,634.39,0.8670,-1,-1,-1
729,38,511.25,-6.88,454.45,1086.75,0.9076,-1,-1,-1
729,69,1640.93,15.19,281.48,1049.38,0.6981,-1,-1,-1
729,78,1055.93,139.87,140.38,515.44,0.7568,-1,-1,-1
729,79,1120.17,87.91,336.49,734.09,0.8772,-1,-1,-1
729,82,931.13,180.90,121.32,443.19,0.8450,-1,-1,-1
730,61,255.05,119.46,173.98,637.10,0.8432,-1,-1,-1
730,38,462.09,-5.85,476.05,1085.51,0.9227,-1,-1,-1
730,78,1050.32,137.27,138.67,517.61,0.8078,-1,-1,-1
730,79,1101.47,87.57,354.45,730.04,0.9000,-1,-1,-1
730,82,918.26,182.40,139.53,439.65,0.8501,-1,-1,-1
731,61,246.58,116.67,174.31,640.59,0.8305,-1,-1,-1
731,38,417.06,-1.98,489.55,1079.70,0.9070,-1,-1,-1
731,78,1046.97,136.76,135.19,517.37,0.7969,-1,-1,-1
731,79,1096.10,89.23,357.11,725.82,0.8963,-1,-1,-1
731,82,909.34,183.04,145.56,439.28,0.8388,-1,-1,-1
732,61,244.61,109.76,163.14,647.21,0.8457,-1,-1,-1
732,38,365.98,2.26,513.32,1066.37,0.9133,-1,-1,-1
732,78,1047.95,137.35,128.12,514.21,0.8125,-1,-1,-1
732,79,1080.52,89.43,370.34,722.47,0.8786,-1,-1,-1
732,82,904.76,184.51,153.51,436.25,0.8396,-1,-1,-1
733,38,268.56,2.38,576.61,1064.30,0.9026,-1,-1,-1
733,78,1045.10,133.41,121.96,514.05,0.8047,-1,-1,-1
733,79,1077.92,79.16,363.46,729.92,0.8631,-1,-1,-1
733,82,898.05,181.23,163.78,436.44,0.8548,-1,-1,-1
734,38,221.27,8.25,588.26,1056.91,0.9264,-1,-1,-1
734,78,1041.82,137.11,118.46,512.80,0.8037,-1,-1,-1
734,79,1067.72,81.15,358.53,737.68,0.8614,-1,-1,-1
734,82,895.28,185.14,154.64,433.39,0.8418,-1,-1,-1
735,38,164.33,8.59,613.64,1054.69,0.9090,-1,-1,-1
735,78,1034.94,138.72,114.81,516.11,0.7601,-1,-1,-1
735,79,1052.04,82.42,352.23,743.17,0.8627,-1,-1,-1
735,82,889.59,185.31,147.59,424.85,0.8574,-1,-1,-1
735,84,741.07,212.15,105.96,399.03,0.6852,-1,-1,-1
736,38,70.26,7.24,669.47,1057.64,0.8624,-1,-1,-1
736,78,1027.47,137.27,108.66,521.43,0.6481,-1,-1,-1
736,79,1038.87,79.05,335.57,734.83,0.8803,-1,-1,-1
736,82,885.70,184.41,142.45,425.42,0.8479,-1,-1,-1
736,84,713.48,186.98,125.87,409.54,0.6402,-1,-1,-1
737,38,6.50,10.04,695.86,1053.49,0.9244,-1,-1,-1
737,78,1015.71,140.22,103.75,521.21,0.6680,-1,-1,-1
737,79,1036.30,75.27,300.75,730.18,0.8519,-1,-1,-1
737,82,879.53,183.09,138.40,425.13,0.8367,-1,-1,-1
737,84,677.31,177.42,152.55,425.31,0.7136,-1,-1,-1
738,38,-18.15,8.01,694.42,1052.13,0.9043,-1,-1,-1
738,78,1004.71,143.21,91.27,516.50,0.4704,-1,-1,-1
738,79,1016.60,71.02,271.44,737.38,0.8716,-1,-1,-1
738,82,865.11,179.64,136.55,428.24,0.8225,-1,-1,-1
738,84,645.58,169.22,160.56,437.48,0.7850,-1,-1,-1
738,86,748.32,211.17,65.83,318.59,0.4610,-1,-1,-1
739,38,-26.06,5.99,672.77,1049.54,0.9128,-1,-1,-1
739,79,997.21,71.08,234.83,736.40,0.8283,-1,-1,-1
739,82,844.77,179.13,136.65,431.78,0.8441,-1,-1,-1
739,84,618.97,163.98,170.94,446.83,0.8122,-1,-1,-1
740,38,-24.17,7.19,628.02,1047.32,0.9056,-1,-1,-1
740,79,974.82,68.69,207.18,737.05,0.8287,-1,-1,-1
740,82,829.00,178.91,142.31,430.11,0.8411,-1,-1,-1
740,84,606.58,161.16,167.91,459.66,0.8236,-1,-1,-1
741,38,-18.75,5.93,572.82,1051.86,0.8886,-1,-1,-1
741,79,952.91,68.76,199.00,751.60,0.8714,-1,-1,-1
741,82,821.00,179.30,141.66,429.85,0.8179,-1,-1,-1
741,84,593.11,159.26,171.43,463.40,0.8470,-1,-1,-1
741,87,1145.98,282.94,64.35,225.99,0.5357,-1,-1,-1
742,38,-15.75,7.02,488.52,1055.39,0.8363,-1,-1,-1
742,79,923.67,68.39,205.82,759.54,0.8391,-1,-1,-1
742,82,810.30,179.35,141.25,432.84,0.8409,-1,-1,-1
742,84,577.62,156.49,174.93,467.41,0.8487,-1,-1,-1
742,87,1139.14,275.80,58.15,250.47,0.4856,-1,-1,-1
743,38,-11.00,11.26,347.37,1044.57,0.7071,-1,-1,-1
743,79,897.24,68.73,217.21,762.29,0.8162,-1,-1,-1
743,82,800.43,181.75,141.70,434.52,0.8274,-1,-1,-1
743,84,569.28,157.03,169.43,471.12,0.8280,-1,-1,-1
744,79,855.65,65.92,231.15,764.14,0.8343,-1,-1,-1
744,82,782.66,181.55,145.52,431.28,0.8211,-1,-1,-1
744,84,552.60,156.15,171.95,478.94,0.8404,-1,-1,-1
744,88,1074.18,229.66,91.12,303.50,0.6837,-1,-1,-1
745,79,811.74,62.43,256.04,763.15,0.7783,-1,-1,-1
745,82,768.40,182.21,139.37,429.30,0.7266,-1,-1,-1
745,84,534.62,153.94,179.39,488.42,0.8415,-1,-1,-1
745,88,1063.72,230.19,99.79,305.36,0.7484,-1,-1,-1
745,89,-3.64,54.62,185.99,772.52,0.8732,-1,-1,-1
746,79,750.05,56.93,300.24,778.18,0.8057,-1,-1,-1
746,82,754.97,182.42,131.43,423.89,0.7471,-1,-1,-1
746,84,515.65,151.65,187.30,496.49,0.8398,-1,-1,-1
746,88,1051.54,225.04,102.18,311.98,0.7226,-1,-1,-1
746,89,-4.02,54.15,163.56,769.23,0.8565,-1,-1,-1
747,79,702.25,46.28,338.71,789.50,0.8326,-1,-1,-1
747,82,736.98,183.60,121.53,403.27,0.6148,-1,-1,-1
747,84,496.51,150.46,189.83,503.04,0.8302,-1,-1,-1
747,88,1048.62,222.86,96.58,315.89,0.7044,-1,-1,-1
747,89,-1.66,53.42,138.56,771.86,0.8304,-1,-1,-1
748,79,661.12,48.30,368.03,788.72,0.8794,-1,-1,-1
748,82,721.70,174.69,112.14,406.91,0.5251,-1,-1,-1
748,84,481.09,148.44,192.50,507.41,0.8526,-1,-1,-1
748,88,1042.40,219.83,94.99,322.13,0.7131,-1,-1,-1
748,89,-0.21,60.25,116.54,770.80,0.8119,-1,-1,-1
749,79,655.80,48.85,363.15,789.55,0.8155,-1,-1,-1
749,84,464.26,148.11,199.55,516.98,0.8423,-1,-1,-1
749,88,1035.12,220.29,93.43,323.34,0.6747,-1,-1,-1
749,89,-0.03,97.01,101.03,730.51,0.7606,-1,-1,-1
749,78,921.23,140.15,85.98,366.01,0.4583,-1,-1,-1
750,79,636.44,53.67,371.55,791.73,0.8593,-1,-1,-1
750,84,450.03,148.27,202.36,523.01,0.7513,-1,-1,-1
750,88,1030.01,225.06,93.81,321.07,0.7403,-1,-1,-1
750,89,0.07,164.87,80.91,660.87,0.7268,-1,-1,-1
750,90,981.44,237.84,81.82,320.39,0.6540,-1,-1,-1
750,78,908.37,137.84,90.40,458.52,0.3710,-1,-1,-1
751,79,618.15,52.96,381.26,801.39,0.8737,-1,-1,-1
751,84,435.38,148.65,206.86,539.53,0.8016,-1,-1,-1
751,88,1030.13,226.64,91.13,322.10,0.7152,-1,-1,-1
751,90,977.71,240.55,83.46,322.06,0.6530,-1,-1,-1
751,78,891.17,137.85,103.77,494.87,0.6958,-1,-1,-1
751,86,564.93,210.78,81.91,345.25,0.4249,-1,-1,-1
752,79,605.19,53.48,377.12,808.46,0.8716,-1,-1,-1
752,84,425.82,144.22,206.72,551.28,0.8281,-1,-1,-1
752,88,1029.29,227.39,90.88,322.94,0.7481,-1,-1,-1
752,90,965.51,244.15,97.77,325.02,0.6890,-1,-1,-1
752,78,876.09,138.82,114.87,515.35,0.7588,-1,-1,-1
753,79,595.70,49.16,368.86,819.54,0.8886,-1,-1,-1
753,84,413.13,139.94,214.77,560.63,0.8387,-1,-1,-1
753,88,1031.08,229.59,89.98,319.61,0.7369,-1,-1,-1
753,90,960.63,249.82,109.88,326.09,0.7034,-1,-1,-1
753,78,865.65,143.14,121.42,525.56,0.7679,-1,-1,-1
754,79,588.06,48.30,353.34,826.90,0.8870,-1,-1,-1
754,84,397.33,136.80,226.65,566.65,0.8194,-1,-1,-1
754,88,1029.71,231.52,92.37,323.73,0.7434,-1,-1,-1
754,90,956.87,252.31,115.22,327.70,0.6714,-1,-1,-1
754,78,858.13,147.31,124.87,530.15,0.7951,-1,-1,-1
754,92,1833.79,332.41,86.08,369.42,0.5085,-1,-1,-1
755,79,572.26,44.67,349.07,836.45,0.8894,-1,-1,-1
755,84,390.94,133.80,226.82,571.37,0.8486,-1,-1,-1
755,88,1031.25,230.34,94.40,326.14,0.7178,-1,-1,-1
755,90,955.60,251.91,119.01,330.15,0.6924,-1,-1,-1
755,78,851.34,148.31,129.99,534.58,0.7995,-1,-1,-1
755,92,1827.11,314.65,93.51,389.80,0.5029,-1,-1,-1
756,79,545.04,40.35,343.22,849.25,0.8892,-1,-1,-1
756,84,382.13,131.66,225.13,582.66,0.8421,-1,-1,-1
756,88,1030.99,229.85,100.22,331.06,0.7036,-1,-1,-1
756,90,954.00,252.34,119.25,333.02,0.6798,-1,-1,-1
756,78,846.91,151.93,135.05,531.41,0.8011,-1,-1,-1
757,79,510.74,35.67,342.00,861.75,0.8795,-1,-1,-1
757,84,375.51,133.68,209.64,583.61,0.8539,-1,-1,-1
757,88,1030.92,230.49,105.51,333.90,0.7000,-1,-1,-1
757,90,953.67,253.06,119.06,337.52,0.7570,-1,-1,-1
757,78,842.09,156.65,141.13,528.50,0.8022,-1,-1,-1
757,92,1818.52,302.53,102.14,407.15,0.3701,-1,-1,-1
758,79,475.46,35.76,344.28,869.97,0.8792,-1,-1,-1
758,84,370.94,130.77,206.38,589.46,0.7722,-1,-1,-1
758,88,1036.03,229.68,112.53,335.29,0.7047,-1,-1,-1
758,90,955.76,252.42,125.82,342.80,0.7994,-1,-1,-1
758,78,843.25,162.47,139.73,526.54,0.8242,-1,-1,-1
759,79,456.94,34.41,330.81,880.71,0.8467,-1,-1,-1
759,84,368.83,132.56,205.47,596.90,0.7958,-1,-1,-1
759,88,1042.23,230.45,112.11,344.62,0.7294,-1,-1,-1
759,90,959.30,255.24,124.33,343.84,0.8125,-1,-1,-1
759,78,843.47,167.31,137.71,527.15,0.8312,-1,-1,-1
759,93,713.55,199.70,130.18,444.38,0.3995,-1,-1,-1
760,79,445.68,38.77,306.54,884.30,0.7887,-1,-1,-1
760,84,367.44,130.32,205.05,609.69,0.7837,-1,-1,-1
760,88,1049.56,229.20,108.42,358.70,0.7450,-1,-1,-1
760,90,964.55,256.01,122.15,347.54,0.8079,-1,-1,-1
760,78,843.09,169.73,136.67,527.87,0.8298,-1,-1,-1
760,93,690.51,197.89,154.04,497.91,0.6894,-1,-1,-1
761,79,416.56,41.02,315.72,893.02,0.7626,-1,-1,-1
761,84,367.35,131.51,200.30,611.84,0.7333,-1,-1,-1
761,88,1056.23,229.44,105.33,363.80,0.7627,-1,-1,-1
761,90,969.24,257.38,122.28,350.13,0.8297,-1,-1,-1
761,78,844.94,172.10,134.48,530.01,0.8356,-1,-1,-1
761,93,704.72,201.04,143.33,461.20,0.8252,-1,-1,-1
762,79,392.71,39.70,330.12,901.15,0.7497,-1,-1,-1
762,84,361.65,133.75,198.14,614.61,0.7185,-1,-1,-1
762,88,1062.29,230.25,100.73,364.93,0.7787,-1,-1,-1
762,90,970.87,253.14,127.82,356.79,0.8052,-1,-1,-1
762,78,845.23,173.49,134.03,530.70,0.8352,-1,-1,-1
762,93,706.01,202.22,144.22,444.97,0.8180,-1,-1,-1
763,79,361.82,37.87,350.40,910.42,0.6403,-1,-1,-1
763,84,349.07,136.71,191.78,614.18,0.7551,-1,-1,-1
763,88,1065.98,230.62,104.61,367.49,0.7901,-1,-1,-1
763,90,974.46,251.35,134.76,360.55,0.8006,-1,-1,-1
763,78,847.79,173.40,133.32,528.16,0.8248,-1,-1,-1
763,93,705.67,203.40,149.30,449.05,0.8338,-1,-1,-1
764,79,332.21,37.19,375.68,917.53,0.8509,-1,-1,-1
764,84,334.49,122.98,192.22,635.74,0.5574,-1,-1,-1
764,88,1071.87,229.25,102.39,372.99,0.7762,-1,-1,-1
764,90,978.98,249.61,139.32,364.25,0.8010,-1,-1,-1
764,78,848.95,172.66,135.16,531.04,0.8134,-1,-1,-1
764,93,709.82,204.98,148.52,450.88,0.8355,-1,-1,-1
765,79,318.32,35.34,389.83,925.64,0.8614,-1,-1,-1
765,88,1078.32,228.00,101.85,375.42,0.7164,-1,-1,-1
765,90,983.46,249.91,142.76,368.66,0.7742,-1,-1,-1
765,78,850.61,169.41,140.38,524.98,0.8030,-1,-1,-1
765,93,713.01,206.68,147.54,449.66,0.8439,-1,-1,-1
766,79,301.53,33.06,406.54,929.67,0.9033,-1,-1,-1
766,88,1082.98,228.23,102.69,379.08,0.6850,-1,-1,-1
766,90,984.45,249.11,146.18,374.16,0.7987,-1,-1,-1
766,78,854.68,166.99,138.85,517.40,0.8123,-1,-1,-1
766,93,715.83,208.83,145.84,446.60,0.8415,-1,-1,-1
766,94,644.61,272.02,87.21,334.57,0.6819,-1,-1,-1
767,79,284.21,30.77,421.68,935.66,0.9007,-1,-1,-1
767,88,1087.72,225.73,113.75,386.89,0.7388,-1,-1,-1
767,90,980.17,249.05,159.13,379.12,0.8228,-1,-1,-1
767,78,855.20,163.40,140.06,514.96,0.8091,-1,-1,-1
767,93,717.39,209.53,144.48,442.85,0.8457,-1,-1,-1
767,94,635.06,271.70,96.65,340.28,0.7333,-1,-1,-1
768,79,265.42,29.44,435.30,940.79,0.9039,-1,-1,-1
768,88,1088.75,224.86,121.17,391.34,0.7686,-1,-1,-1
768,90,978.42,250.18,171.26,380.69,0.8123,-1,-1,-1
768,78,856.43,159.74,138.86,515.85,0.8118,-1,-1,-1
768,93,719.68,207.72,141.03,441.33,0.8232,-1,-1,-1
768,94,630.41,268.93,103.44,341.83,0.7526,-1,-1,-1
769,79,243.02,29.40,448.80,949.48,0.9093,-1,-1,-1
769,88,1091.25,225.53,116.28,395.77,0.7569,-1,-1,-1
769,90,976.14,251.14,182.37,385.15,0.8259,-1,-1,-1
769,78,853.68,158.04,142.84,518.17,0.8251,-1,-1,-1
769,93,720.69,207.48,138.23,440.00,0.8094,-1,-1,-1
769,94,627.60,266.41,106.53,347.36,0.7797,-1,-1,-1
770,79,219.74,25.03,459.08,961.66,0.8976,-1,-1,-1
770,88,1095.12,223.38,106.77,402.51,0.7138,-1,-1,-1
770,90,975.60,249.92,187.31,389.77,0.8340,-1,-1,-1
770,78,851.45,155.05,147.20,520.52,0.8247,-1,-1,-1
770,93,722.62,205.23,135.05,439.51,0.8270,-1,-1,-1
770,94,625.99,264.66,107.45,346.18,0.7877,-1,-1,-1
771,79,197.72,13.80,459.79,982.18,0.8926,-1,-1,-1
771,88,1098.38,219.51,102.01,409.05,0.7143,-1,-1,-1
771,90,974.40,244.76,189.80,396.22,0.8279,-1,-1,-1
771,78,846.31,151.95,151.88,521.11,0.8574,-1,-1,-1
771,93,720.38,198.16,133.61,443.15,0.8494,-1,-1,-1
771,94,624.04,256.05,108.64,348.16,0.7392,-1,-1,-1
772,79,175.87,9.74,460.19,985.44,0.8889,-1,-1,-1
772,88,1097.20,219.13,103.86,412.61,0.7856,-1,-1,-1
772,90,968.16,244.38,193.83,402.58,0.8342,-1,-1,-1
772,78,843.73,152.51,151.84,523.52,0.8600,-1,-1,-1
772,93,721.48,200.83,131.59,440.65,0.8349,-1,-1,-1
772,94,618.20,257.80,113.43,351.75,0.7898,-1,-1,-1
773,79,156.28,9.78,446.18,955.63,0.8626,-1,-1,-1
773,88,1094.23,215.17,108.51,417.86,0.7978,-1,-1,-1
773,90,963.43,241.16,197.01,407.86,0.8425,-1,-1,-1
773,78,841.34,153.47,147.31,523.36,0.8635,-1,-1,-1
773,93,720.74,199.81,127.15,438.94,0.8333,-1,-1,-1
773,94,614.79,258.04,113.42,351.72,0.8120,-1,-1,-1
774,79,140.98,3.96,413.72,947.92,0.8763,-1,-1,-1
774,88,1092.68,211.37,113.08,420.69,0.7753,-1,-1,-1
774,90,960.99,234.95,198.32,413.18,0.8589,-1,-1,-1
774,78,837.03,150.32,144.43,528.36,0.8137,-1,-1,-1
774,93,715.65,193.02,126.61,440.62,0.8315,-1,-1,-1
774,94,609.92,255.04,113.94,350.10,0.7972,-1,-1,-1
774,95,428.30,65.22,195.06,753.45,0.5838,-1,-1,-1
775,79,128.75,1.92,377.06,950.25,0.8709,-1,-1,-1
775,88,1087.85,207.09,119.00,423.89,0.7981,-1,-1,-1
775,90,958.63,229.39,200.03,415.86,0.8608,-1,-1,-1
775,78,831.10,150.86,135.48,526.39,0.7832,-1,-1,-1
775,93,710.44,189.24,130.13,442.87,0.8176,-1,-1,-1
775,94,606.39,249.98,114.84,357.39,0.7793,-1,-1,-1
775,95,404.22,56.27,215.80,772.32,0.7692,-1,-1,-1
776,79,110.38,0.71,355.82,960.35,0.8845,-1,-1,-1
776,88,1085.59,202.41,121.49,428.81,0.8108,-1,-1,-1
776,90,955.53,225.16,199.06,420.17,0.8485,-1,-1,-1
776,78,820.87,151.16,137.97,528.03,0.7805,-1,-1,-1
776,93,701.57,188.63,134.48,442.91,0.8011,-1,-1,-1
776,94,600.23,247.91,114.76,359.57,0.7790,-1,-1,-1
776,95,381.26,47.64,236.99,782.49,0.7164,-1,-1,-1
777,79,92.78,1.82,344.03,959.63,0.8973,-1,-1,-1
777,88,1083.38,199.36,127.80,433.28,0.8341,-1,-1,-1
777,90,953.24,222.58,194.55,424.76,0.8349,-1,-1,-1
777,78,813.86,152.65,140.97,528.22,0.8012,-1,-1,-1
777,93,692.79,191.64,137.27,441.57,0.7899,-1,-1,-1
777,94,592.47,247.00,114.08,365.64,0.7136,-1,-1,-1
777,95,352.41,41.98,260.12,798.86,0.7782,-1,-1,-1
778,79,74.66,2.81,331.99,974.23,0.8957,-1,-1,-1
778,88,1082.27,193.16,129.77,441.45,0.8311,-1,-1,-1
778,90,950.28,220.26,188.55,427.90,0.8406,-1,-1,-1
778,78,810.66,153.30,140.65,527.88,0.8065,-1,-1,-1
778,93,682.50,191.30,137.60,446.30,0.7418,-1,-1,-1
778,94,586.09,246.44,111.05,363.65,0.7245,-1,-1,-1
778,95,330.97,36.91,279.35,826.92,0.8290,-1,-1,-1
779,79,51.48,2.39,328.40,995.58,0.8964,-1,-1,-1
779,88,1080.08,193.67,127.02,441.97,0.8096,-1,-1,-1
779,90,951.27,216.49,179.08,434.21,0.8365,-1,-1,-1
779,78,801.09,155.10,143.88,523.56,0.7422,-1,-1,-1
779,93,673.23,191.78,137.99,441.00,0.7599,-1,-1,-1
779,94,573.90,244.71,116.69,365.90,0.7647,-1,-1,-1
779,95,324.01,32.10,280.88,855.89,0.8167,-1,-1,-1
780,79,25.97,2.02,327.43,999.12,0.9100,-1,-1,-1
780,88,1076.47,192.68,128.95,447.48,0.8098,-1,-1,-1
780,90,949.55,214.10,173.09,437.99,0.8449,-1,-1,-1
780,78,791.69,155.22,146.06,528.35,0.8080,-1,-1,-1
780,93,664.29,190.23,140.49,447.22,0.7400,-1,-1,-1
780,94,566.77,243.88,115.75,362.30,0.6802,-1,-1,-1
780,95,315.49,26.88,281.85,881.86,0.8464,-1,-1,-1
781,79,1.39,3.68,327.04,1005.26,0.9109,-1,-1,-1
781,88,1074.65,191.23,135.37,454.12,0.8178,-1,-1,-1
781,90,950.36,212.37,166.60,445.11,0.8393,-1,-1,-1
781,78,789.69,153.69,143.94,530.88,0.8175,-1,-1,-1
781,93,672.67,190.27,127.70,446.75,0.6148,-1,-1,-1
781,94,564.60,243.09,108.68,360.15,0.6030,-1,-1,-1
781,95,303.73,20.41,291.95,893.20,0.8435,-1,-1,-1
782,79,-6.17,5.28,310.31,1005.03,0.9090,-1,-1,-1
782,88,1072.73,189.36,145.10,458.55,0.8123,-1,-1,-1
782,90,950.36,209.64,164.27,453.34,0.8712,-1,-1,-1
782,78,786.11,156.48,145.61,526.66,0.8168,-1,-1,-1
782,93,673.90,191.05,126.56,445.00,0.6775,-1,-1,-1
782,94,556.86,242.32,109.18,377.10,0.6248,-1,-1,-1
782,95,282.55,12.08,314.27,912.95,0.8663,-1,-1,-1
783,79,-7.20,4.95,285.49,1011.02,0.9017,-1,-1,-1
783,88,1071.23,189.58,150.68,460.09,0.8294,-1,-1,-1
783,90,950.28,209.00,163.98,460.25,0.8782,-1,-1,-1
783,78,779.35,156.54,151.24,523.88,0.8087,-1,-1,-1
783,93,673.93,194.82,124.35,443.58,0.6680,-1,-1,-1
783,94,541.94,242.31,118.28,383.40,0.6259,-1,-1,-1
783,95,249.92,3.09,345.31,939.35,0.8585,-1,-1,-1
784,79,-6.41,5.88,262.69,1012.52,0.9016,-1,-1,-1
784,88,1069.83,189.31,155.33,466.22,0.8240,-1,-1,-1
784,90,949.80,206.98,164.29,467.22,0.8680,-1,-1,-1
784,78,782.04,155.74,143.99,523.13,0.7934,-1,-1,-1
784,93,677.49,196.57,119.57,441.74,0.7079,-1,-1,-1
784,94,541.74,241.94,113.36,386.62,0.5873,-1,-1,-1
784,95,230.08,-0.16,361.64,963.70,0.8617,-1,-1,-1
785,79,-4.38,7.95,240.39,1015.53,0.8980,-1,-1,-1
785,88,1071.54,186.07,156.92,475.70,0.8280,-1,-1,-1
785,90,948.42,205.34,165.85,471.80,0.8451,-1,-1,-1
785,78,784.15,150.78,139.49,525.85,0.7900,-1,-1,-1
785,93,681.65,196.10,115.12,440.51,0.7290,-1,-1,-1
785,94,537.56,238.89,117.43,389.36,0.6675,-1,-1,-1
785,95,216.43,-0.88,361.93,978.70,0.8932,-1,-1,-1
786,79,-2.87,7.99,222.58,1017.75,0.8743,-1,-1,-1
786,88,1072.97,181.92,160.35,487.00,0.8261,-1,-1,-1
786,90,949.13,203.13,166.70,482.13,0.8297,-1,-1,-1
786,78,784.92,147.99,139.67,524.52,0.8160,-1,-1,-1
786,93,682.68,196.27,114.06,440.21,0.7293,-1,-1,-1
786,94,514.25,233.77,127.04,395.73,0.6941,-1,-1,-1
786,95,204.80,-2.13,362.58,990.81,0.8785,-1,-1,-1
786,96,618.50,244.62,89.46,368.09,0.6329,-1,-1,-1
787,79,-2.10,27.38,203.11,1002.18,0.8780,-1,-1,-1
787,88,1077.25,178.60,163.55,495.11,0.8364,-1,-1,-1
787,90,949.48,204.66,170.84,485.88,0.8344,-1,-1,-1
787,78,789.67,145.56,136.56,525.91,0.8245,-1,-1,-1
787,93,683.44,195.40,113.25,440.85,0.7786,-1,-1,-1
787,94,521.13,234.61,118.91,393.28,0.6559,-1,-1,-1
787,95,194.50,-2.31,367.77,1002.00,0.8835,-1,-1,-1
787,96,616.73,248.57,91.42,367.53,0.6545,-1,-1,-1
788,79,-1.42,50.02,187.42,986.52,0.8716,-1,-1,-1
788,88,1081.42,179.03,167.10,501.62,0.8461,-1,-1,-1
788,90,950.32,208.23,176.26,491.37,0.8564,-1,-1,-1
788,78,792.67,146.80,136.34,524.11,0.8244,-1,-1,-1
788,93,683.72,193.10,112.82,441.35,0.7531,-1,-1,-1
788,94,520.60,235.64,112.71,397.57,0.6462,-1,-1,-1
788,95,182.23,-0.85,371.88,1004.96,0.8982,-1,-1,-1
788,96,609.22,251.39,99.02,370.33,0.7315,-1,-1,-1
788,97,1855.75,268.28,64.73,464.96,0.4959,-1,-1,-1
789,79,-0.51,76.74,176.31,971.67,0.8652,-1,-1,-1
789,88,1081.99,174.98,165.42,510.35,0.8345,-1,-1,-1
789,90,945.17,210.74,186.56,497.89,0.8388,-1,-1,-1
789,78,794.28,151.32,133.95,518.88,0.8369,-1,-1,-1
789,93,684.00,194.18,119.33,446.68,0.7679,-1,-1,-1
789,94,518.98,234.69,104.69,401.80,0.6086,-1,-1,-1
789,95,170.42,-0.84,376.43,1013.96,0.9007,-1,-1,-1
789,96,605.15,249.01,104.08,379.34,0.7485,-1,-1,-1
789,97,1846.50,280.26,74.34,471.96,0.4282,-1,-1,-1
790,79,0.26,94.82,159.00,963.62,0.8348,-1,-1,-1
790,88,1084.85,170.83,166.58,515.88,0.8420,-1,-1,-1
790,90,939.34,204.30,204.43,508.91,0.7915,-1,-1,-1
790,78,796.54,150.64,134.49,519.02,0.8472,-1,-1,-1
790,93,689.99,188.84,120.49,448.51,0.7495,-1,-1,-1
790,94,518.60,232.94,102.68,402.05,0.5650,-1,-1,-1
790,95,161.30,-1.37,385.70,1025.54,0.8938,-1,-1,-1
790,96,605.22,248.85,107.07,384.20,0.7294,-1,-1,-1
790,97,1841.16,316.76,80.63,417.51,0.4098,-1,-1,-1
791,79,0.56,105.77,142.31,958.61,0.8021,-1,-1,-1
791,88,1092.19,169.76,171.52,519.54,0.7854,-1,-1,-1
791,90,957.54,200.94,198.13,521.91,0.8015,-1,-1,-1
791,78,802.56,152.15,133.57,521.39,0.8245,-1,-1,-1
791,93,693.63,194.50,125.78,444.59,0.7750,-1,-1,-1
791,94,517.89,232.83,109.68,409.81,0.6062,-1,-1,-1
791,95,149.29,-0.21,397.96,1037.70,0.8915,-1,-1,-1
791,96,604.29,251.08,113.92,387.49,0.7472,-1,-1,-1
791,97,1841.33,359.48,80.86,368.18,0.5012,-1,-1,-1
792,79,0.76,121.76,124.36,948.18,0.5294,-1,-1,-1
792,88,1102.52,167.76,171.75,508.50,0.7374,-1,-1,-1
792,90,967.50,199.14,203.81,527.46,0.8235,-1,-1,-1
792,78,810.14,155.25,131.60,519.86,0.8029,-1,-1,-1
792,93,698.70,197.89,128.03,447.70,0.8060,-1,-1,-1
792,94,517.72,235.52,113.14,412.80,0.6415,-1,-1,-1
792,95,141.10,1.83,424.60,1047.32,0.8590,-1,-1,-1
792,96,611.97,252.39,111.85,390.91,0.7984,-1,-1,-1
793,79,1.57,383.11,103.04,686.69,0.5707,-1,-1,-1
793,88,1115.63,165.58,166.29,522.26,0.8171,-1,-1,-1
793,90,972.21,194.51,212.56,534.35,0.8461,-1,-1,-1
793,78,817.62,153.60,134.55,524.20,0.7999,-1,-1,-1
793,93,704.57,195.52,129.14,449.44,0.8048,-1,-1,-1
793,94,520.44,234.36,112.16,404.44,0.5566,-1,-1,-1
793,95,123.54,2.12,458.42,1055.74,0.8893,-1,-1,-1
793,96,617.08,252.38,114.61,394.23,0.7887,-1,-1,-1
793,98,0.55,139.00,50.85,433.11,0.5689,-1,-1,-1
793,97,1842.89,399.53,79.82,344.02,0.3914,-1,-1,-1
794,79,1.76,456.98,90.69,600.05,0.5627,-1,-1,-1
794,88,1124.92,161.11,165.98,534.89,0.8547,-1,-1,-1
794,90,980.74,189.09,222.47,544.38,0.8461,-1,-1,-1
794,78,822.19,155.05,139.28,526.69,0.7789,-1,-1,-1
794,93,712.26,196.25,129.25,446.06,0.7990,-1,-1,-1
794,94,524.75,233.29,113.60,411.50,0.6190,-1,-1,-1
794,95,107.33,2.41,483.79,1071.40,0.9023,-1,-1,-1
794,96,618.20,254.21,123.42,396.00,0.7148,-1,-1,-1
794,98,0.80,155.74,41.32,411.45,0.3678,-1,-1,-1
795,79,1.55,538.27,83.06,514.79,0.4806,-1,-1,-1
795,88,1138.49,157.31,165.42,539.71,0.8196,-1,-1,-1
795,90,988.72,180.58,230.72,560.19,0.8166,-1,-1,-1
795,78,837.09,158.18,135.90,527.95,0.8234,-1,-1,-1
795,93,724.53,197.73,127.55,449.53,0.7715,-1,-1,-1
795,94,528.07,235.69,109.76,415.05,0.6674,-1,-1,-1
795,95,89.71,2.60,507.14,1075.01,0.9214,-1,-1,-1
795,96,619.41,256.79,129.15,397.32,0.7393,-1,-1,-1
796,79,1.43,559.05,77.33,483.41,0.5384,-1,-1,-1
796,88,1151.22,159.49,164.13,555.12,0.8439,-1,-1,-1
796,90,995.38,180.74,237.53,563.13,0.8531,-1,-1,-1
796,78,847.04,161.68,137.14,529.64,0.8365,-1,-1,-1
796,93,733.42,201.41,130.55,451.55,0.8066,-1,-1,-1
796,94,533.37,237.51,114.98,389.93,0.5604,-1,-1,-1
796,95,68.59,2.71,532.92,1075.42,0.9201,-1,-1,-1
796,96,630.87,257.43,120.92,401.91,0.7114,-1,-1,-1
797,88,1166.91,161.10,158.41,576.88,0.8542,-1,-1,-1
797,90,1000.61,181.39,247.81,572.44,0.8470,-1,-1,-1
797,78,856.55,168.96,132.73,527.07,0.8139,-1,-1,-1
797,93,743.02,207.25,132.72,451.82,0.7890,-1,-1,-1
797,94,534.50,240.15,117.85,361.64,0.5610,-1,-1,-1
797,95,44.42,3.88,561.19,1073.64,0.9131,-1,-1,-1
797,96,624.98,260.36,133.58,406.99,0.7171,-1,-1,-1
798,88,1177.71,162.94,160.58,593.94,0.8343,-1,-1,-1
798,90,1001.37,183.38,259.45,586.90,0.8452,-1,-1,-1
798,78,862.98,172.90,131.44,528.97,0.8024,-1,-1,-1
798,93,749.43,212.03,132.17,446.69,0.8193,-1,-1,-1
798,94,535.78,243.60,118.29,337.16,0.5454,-1,-1,-1
798,95,18.60,4.39,597.41,1068.14,0.9108,-1,-1,-1
798,96,630.14,261.72,134.02,411.65,0.7290,-1,-1,-1
799,88,1187.91,164.19,159.81,610.98,0.8224,-1,-1,-1
799,90,1001.60,184.97,268.46,603.93,0.8558,-1,-1,-1
799,78,865.20,178.15,136.10,527.70,0.7983,-1,-1,-1
799,93,751.59,215.56,133.70,446.72,0.8061,-1,-1,-1
799,94,536.02,246.28,123.42,346.66,0.5392,-1,-1,-1
799,95,1.41,3.48,625.76,1066.54,0.9041,-1,-1,-1
799,96,638.08,262.90,128.91,414.38,0.7691,-1,-1,-1
800,88,1196.38,165.52,160.88,618.93,0.8053,-1,-1,-1
800,90,1007.40,186.56,271.10,620.25,0.8319,-1,-1,-1
800,78,870.35,183.11,134.01,527.03,0.7830,-1,-1,-1
800,93,757.52,222.33,132.53,443.28,0.8025,-1,-1,-1
800,94,535.57,248.97,128.36,354.40,0.4936,-1,-1,-1
800,95,-4.05,1.76,639.57,1061.48,0.9076,-1,-1,-1
800,96,642.28,264.27,125.50,417.74,0.7708,-1,-1,-1
801,88,1203.90,165.00,160.73,628.49,0.8159,-1,-1,-1
801,90,1009.95,188.53,277.78,631.72,0.8488,-1,-1,-1
801,78,872.87,190.40,131.26,525.79,0.7762,-1,-1,-1
801,93,762.74,227.91,128.71,441.54,0.8327,-1,-1,-1
801,94,531.42,250.76,136.27,351.85,0.4647,-1,-1,-1
801,95,-6.96,1.68,644.33,1064.73,0.9127,-1,-1,-1
801,96,643.23,266.72,125.15,419.79,0.7918,-1,-1,-1
802,88,1210.31,165.32,164.65,640.44,0.8240,-1,-1,-1
802,90,1006.68,191.61,292.85,641.27,0.8425,-1,-1,-1
802,78,882.38,191.33,131.88,526.59,0.8149,-1,-1,-1
802,93,772.85,230.74,119.00,437.95,0.8249,-1,-1,-1
802,94,532.16,252.90,138.19,354.52,0.4757,-1,-1,-1
802,95,-6.45,1.26,655.20,1074.20,0.8968,-1,-1,-1
802,96,643.93,267.61,125.81,421.38,0.7839,-1,-1,-1
803,88,1219.76,161.27,169.58,655.20,0.8483,-1,-1,-1
803,90,1004.54,192.17,306.07,651.86,0.8562,-1,-1,-1
803,78,888.10,191.68,133.82,531.75,0.8157,-1,-1,-1
803,93,781.49,233.31,113.17,436.81,0.8210,-1,-1,-1
803,94,532.78,252.88,138.17,343.06,0.6079,-1,-1,-1
803,95,-6.99,0.71,658.83,1076.39,0.8457,-1,-1,-1
803,96,643.90,268.56,126.84,427.92,0.7779,-1,-1,-1
803,86,403.85,106.33,231.15,708.67,0.4078,-1,-1,-1
804,88,1233.13,162.36,170.65,659.90,0.8441,-1,-1,-1
804,90,999.02,190.82,320.27,675.19,0.8704,-1,-1,-1
804,78,890.48,190.65,137.63,534.64,0.8472,-1,-1,-1
804,93,786.72,230.00,113.33,436.25,0.8379,-1,-1,-1
804,94,531.51,253.74,136.63,345.94,0.4897,-1,-1,-1
804,95,-7.30,0.75,640.03,1079.97,0.6962,-1,-1,-1
804,96,642.45,269.54,129.98,431.05,0.7675,-1,-1,-1
804,86,396.71,88.18,231.30,728.85,0.5129,-1,-1,-1
805,88,1240.62,158.61,184.22,664.55,0.8532,-1,-1,-1
805,90,1000.49,188.40,328.52,688.29,0.8710,-1,-1,-1
805,78,894.28,188.83,137.59,537.53,0.8338,-1,-1,-1
805,93,790.40,228.63,113.11,437.22,0.8299,-1,-1,-1
805,94,527.92,253.31,142.52,325.64,0.5699,-1,-1,-1
805,95,-7.80,0.84,507.37,1075.81,0.6325,-1,-1,-1
805,96,644.91,269.64,131.39,438.58,0.8047,-1,-1,-1
805,86,387.57,43.71,231.82,781.73,0.6830,-1,-1,-1
806,88,1248.59,152.68,193.94,673.92,0.8648,-1,-1,-1
806,90,1006.16,181.20,330.94,705.44,0.8763,-1,-1,-1
806,78,901.23,185.83,133.08,538.35,0.8120,-1,-1,-1
806,93,794.10,226.22,112.87,441.59,0.7980,-1,-1,-1
806,94,525.13,251.42,146.65,314.74,0.6716,-1,-1,-1
806,95,-5.99,-1.03,563.74,1075.73,0.7620,-1,-1,-1
806,96,647.23,268.95,130.15,443.16,0.8317,-1,-1,-1
806,86,373.16,29.02,225.26,806.79,0.4079,-1,-1,-1
807,88,1257.07,144.61,204.22,687.33,0.8718,-1,-1,-1
807,90,1017.88,174.67,326.10,718.15,0.8726,-1,-1,-1
807,78,904.57,183.46,133.44,539.54,0.8238,-1,-1,-1
807,93,797.63,225.96,112.88,448.05,0.8085,-1,-1,-1
807,94,518.74,247.98,153.51,317.90,0.6208,-1,-1,-1
807,95,-6.19,-1.03,568.14,1074.99,0.8730,-1,-1,-1
807,96,648.26,268.36,131.86,447.73,0.8277,-1,-1,-1
808,88,1266.59,137.38,215.41,701.93,0.8791,-1,-1,-1
808,90,1027.47,168.20,324.90,732.70,0.8952,-1,-1,-1
808,78,908.23,184.65,129.15,531.38,0.7929,-1,-1,-1
808,93,801.89,223.71,114.96,450.65,0.8076,-1,-1,-1
808,94,508.13,244.68,167.82,331.66,0.6435,-1,-1,-1
808,95,-5.16,-0.75,556.32,1074.43,0.9095,-1,-1,-1
808,96,651.38,268.05,133.08,451.34,0.8311,-1,-1,-1
809,88,1276.20,127.66,223.14,714.98,0.8593,-1,-1,-1
809,90,1036.35,159.24,324.16,744.41,0.8924,-1,-1,-1
809,78,910.70,181.57,132.04,524.69,0.8242,-1,-1,-1
809,93,803.45,220.78,115.35,447.30,0.8094,-1,-1,-1
809,94,504.42,238.50,177.17,364.65,0.6300,-1,-1,-1
809,95,-4.27,-0.13,527.96,1070.17,0.9245,-1,-1,-1
809,96,649.90,265.32,137.12,455.43,0.8061,-1,-1,-1
810,88,1282.94,118.88,235.09,731.03,0.8830,-1,-1,-1
810,90,1047.44,147.91,321.46,762.00,0.8915,-1,-1,-1
810,78,910.99,180.32,137.64,526.13,0.7969,-1,-1,-1
810,93,805.47,219.72,116.86,448.48,0.8103,-1,-1,-1
810,94,500.22,232.82,182.78,460.91,0.7271,-1,-1,-1
810,95,-3.89,1.53,494.59,1067.84,0.8875,-1,-1,-1
810,96,650.45,264.17,137.96,463.66,0.8277,-1,-1,-1
811,88,1289.51,116.52,243.68,746.62,0.9015,-1,-1,-1
811,90,1057.50,144.30,319.44,773.88,0.8863,-1,-1,-1
811,78,912.11,182.98,138.33,521.16,0.7955,-1,-1,-1
811,93,806.06,222.24,116.88,446.53,0.8241,-1,-1,-1
811,94,500.41,233.46,172.66,497.44,0.8200,-1,-1,-1
811,95,-1.87,3.90,443.15,1065.97,0.9157,-1,-1,-1
811,96,649.23,267.23,137.87,464.90,0.8605,-1,-1,-1
811,102,396.19,201.59,122.88,482.30,0.5776,-1,-1,-1
812,88,1297.30,110.42,253.34,770.31,0.8952,-1,-1,-1
812,90,1066.94,136.17,316.13,786.96,0.8710,-1,-1,-1
812,78,911.34,179.21,140.19,524.69,0.7911,-1,-1,-1
812,93,803.96,219.13,115.69,446.80,0.8000,-1,-1,-1
812,94,498.13,228.39,171.86,519.03,0.8192,-1,-1,-1
812,95,-1.55,0.71,396.11,1069.91,0.8382,-1,-1,-1
812,96,648.62,263.73,139.51,469.53,0.8223,-1,-1,-1
812,102,358.48,115.41,155.94,677.46,0.7699,-1,-1,-1
813,88,1303.55,105.65,261.01,797.39,0.8927,-1,-1,-1
813,90,1074.86,126.91,314.18,799.30,0.8736,-1,-1,-1
813,78,911.80,175.47,140.14,524.63,0.8096,-1,-1,-1
813,93,800.58,217.35,116.58,447.62,0.8013,-1,-1,-1
813,94,496.61,221.39,168.99,533.82,0.8089,-1,-1,-1
813,95,-1.50,0.31,355.36,1064.40,0.6384,-1,-1,-1
813,96,639.73,260.17,150.36,477.77,0.7837,-1,-1,-1
813,102,310.57,72.59,200.58,787.36,0.8574,-1,-1,-1
814,88,1311.37,100.27,265.21,818.97,0.8865,-1,-1,-1
814,90,1086.47,111.24,310.33,834.57,0.8696,-1,-1,-1
814,78,909.95,173.37,142.85,524.76,0.7996,-1,-1,-1
814,93,796.41,216.83,119.81,448.06,0.8030,-1,-1,-1
814,94,494.10,217.04,167.33,543.24,0.8188,-1,-1,-1
814,95,-1.20,0.11,341.27,1058.21,0.7493,-1,-1,-1
814,96,626.18,256.79,165.39,483.72,0.7932,-1,-1,-1
814,102,265.80,48.26,240.44,845.57,0.8844,-1,-1,-1
815,88,1320.30,99.69,270.60,823.57,0.8686,-1,-1,-1
815,90,1101.77,105.35,305.27,870.84,0.8695,-1,-1,-1
815,78,909.55,173.59,142.69,527.30,0.7994,-1,-1,-1
815,93,794.21,217.66,121.20,449.04,0.7971,-1,-1,-1
815,94,491.34,215.71,166.50,551.04,0.8126,-1,-1,-1
815,96,625.33,254.47,167.77,490.70,0.7752,-1,-1,-1
815,102,229.60,35.17,270.43,873.13,0.8864,-1,-1,-1
816,88,1323.41,97.87,278.14,836.39,0.8635,-1,-1,-1
816,90,1112.46,106.06,297.81,898.00,0.8698,-1,-1,-1
816,78,908.80,175.63,142.34,528.36,0.8125,-1,-1,-1
816,93,788.38,220.34,126.77,449.89,0.8059,-1,-1,-1
816,94,484.10,217.31,168.03,555.53,0.8395,-1,-1,-1
816,96,625.94,252.45,166.59,495.42,0.7761,-1,-1,-1
816,102,210.24,26.51,283.52,886.47,0.8954,-1,-1,-1
816,104,1053.39,318.17,73.02,245.05,0.5720,-1,-1,-1
817,88,1328.88,94.37,287.06,867.98,0.8665,-1,-1,-1
817,90,1117.92,106.96,299.34,931.75,0.8778,-1,-1,-1
817,78,908.73,176.86,143.14,527.67,0.8215,-1,-1,-1
817,93,782.94,223.11,130.02,449.16,0.8145,-1,-1,-1
817,94,473.19,216.63,173.75,560.08,0.8512,-1,-1,-1
817,96,629.18,249.67,160.18,500.64,0.7744,-1,-1,-1
817,102,196.00,22.09,294.45,895.76,0.8957,-1,-1,-1
817,104,1054.92,308.40,76.35,256.03,0.5912,-1,-1,-1
818,88,1332.09,88.78,296.79,892.15,0.8674,-1,-1,-1
818,90,1120.88,105.93,304.56,938.46,0.8848,-1,-1,-1
818,78,909.29,179.87,140.65,528.87,0.8163,-1,-1,-1
818,93,779.75,226.33,129.86,445.67,0.8469,-1,-1,-1
818,94,459.06,217.46,184.56,566.57,0.8724,-1,-1,-1
818,96,624.63,248.51,162.48,504.75,0.8078,-1,-1,-1
818,102,184.38,18.66,302.42,920.39,0.8934,-1,-1,-1
818,104,1051.26,305.73,84.21,259.38,0.6074,-1,-1,-1
819,88,1333.70,79.75,308.29,919.35,0.8669,-1,-1,-1
819,90,1123.73,105.19,310.80,950.81,0.8785,-1,-1,-1
819,78,906.18,180.81,137.16,532.79,0.8111,-1,-1,-1
819,93,774.88,226.89,131.94,444.49,0.8613,-1,-1,-1
819,94,443.89,216.28,193.36,571.33,0.8664,-1,-1,-1
819,96,617.92,247.79,163.03,513.00,0.7944,-1,-1,-1
819,102,170.50,12.98,309.93,953.26,0.8984,-1,-1,-1
819,104,1048.22,304.43,90.38,261.37,0.5705,-1,-1,-1
820,88,1334.95,68.56,319.14,940.64,0.8613,-1,-1,-1
820,90,1129.83,102.94,315.91,972.75,0.8767,-1,-1,-1
820,78,905.01,181.29,136.57,536.14,0.8085,-1,-1,-1
820,93,768.46,226.63,136.82,442.55,0.8550,-1,-1,-1
820,94,430.79,215.33,202.15,576.50,0.8549,-1,-1,-1
820,96,614.81,242.63,167.95,521.98,0.8118,-1,-1,-1
820,102,158.07,7.05,315.12,987.86,0.9026,-1,-1,-1
820,104,1049.18,304.45,96.54,261.29,0.5498,-1,-1,-1
821,88,1342.78,53.43,323.40,954.01,0.8475,-1,-1,-1
821,90,1134.76,97.31,326.38,984.66,0.8892,-1,-1,-1
821,78,905.27,180.89,137.02,539.14,0.8036,-1,-1,-1
821,93,761.35,225.05,142.12,443.97,0.8539,-1,-1,-1
821,94,422.80,214.69,207.82,583.80,0.8217,-1,-1,-1
821,96,613.05,240.37,174.76,528.15,0.8456,-1,-1,-1
821,102,147.72,3.02,322.53,1011.04,0.8985,-1,-1,-1
821,104,1052.85,302.45,98.82,263.45,0.5683,-1,-1,-1
822,88,1355.95,37.55,318.24,970.82,0.8755,-1,-1,-1
822,90,1140.87,83.41,338.65,1001.59,0.8873,-1,-1,-1
822,78,904.97,180.15,137.83,538.22,0.8126,-1,-1,-1
822,93,758.50,221.88,146.22,447.68,0.8419,-1,-1,-1
822,94,412.16,212.66,214.04,595.10,0.7859,-1,-1,-1
822,96,606.52,235.83,183.28,533.71,0.8640,-1,-1,-1
822,102,136.13,0.63,326.04,1026.06,0.9046,-1,-1,-1
822,104,1050.31,301.71,103.21,263.48,0.6551,-1,-1,-1
823,88,1371.65,13.93,310.79,967.91,0.8764,-1,-1,-1
823,90,1146.83,64.37,352.41,1019.77,0.8847,-1,-1,-1
823,78,905.05,179.15,139.57,536.25,0.8214,-1,-1,-1
823,93,755.14,216.17,148.78,452.78,0.8345,-1,-1,-1
823,94,407.05,210.16,215.94,605.06,0.8205,-1,-1,-1
823,96,604.01,231.65,186.94,541.88,0.8697,-1,-1,-1
823,102,124.50,-4.12,330.14,1045.26,0.9097,-1,-1,-1
823,104,1049.18,300.81,105.53,263.82,0.6928,-1,-1,-1
824,88,1387.14,1.80,305.70,977.55,0.8888,-1,-1,-1
824,90,1148.15,44.87,366.32,1038.20,0.8800,-1,-1,-1
824,78,905.64,177.98,141.96,536.35,0.8135,-1,-1,-1
824,93,752.05,212.03,152.84,455.77,0.8342,-1,-1,-1
824,94,404.94,206.03,215.63,613.91,0.8359,-1,-1,-1
824,96,601.59,228.01,188.62,552.30,0.8527,-1,-1,-1
824,102,112.18,-7.41,335.60,1068.14,0.9031,-1,-1,-1
824,104,1051.54,300.21,104.93,264.46,0.6944,-1,-1,-1
825,88,1407.06,-3.13,295.38,1011.76,0.8786,-1,-1,-1
825,90,1145.53,26.37,391.29,1056.42,0.8809,-1,-1,-1
825,78,907.52,180.23,146.84,533.74,0.8197,-1,-1,-1
825,93,748.33,209.07,159.33,455.54,0.8215,-1,-1,-1
825,94,401.45,202.72,216.02,621.34,0.8375,-1,-1,-1
825,96,599.15,226.45,190.14,568.30,0.8472,-1,-1,-1
825,102,96.26,-7.93,343.97,1069.77,0.8822,-1,-1,-1
825,104,1055.00,299.98,103.02,264.89,0.6616,-1,-1,-1
826,88,1424.50,-4.07,286.26,1049.11,0.8552,-1,-1,-1
826,90,1139.56,11.38,428.68,1071.05,0.8883,-1,-1,-1
826,78,910.02,176.76,145.54,537.89,0.8176,-1,-1,-1
826,93,747.56,208.12,160.85,455.17,0.8247,-1,-1,-1
826,94,397.18,200.11,218.26,629.84,0.7979,-1,-1,-1
826,96,596.65,226.65,193.32,583.08,0.8607,-1,-1,-1
826,102,81.70,-7.46,351.52,1060.00,0.8825,-1,-1,-1
826,104,1057.21,299.52,104.81,265.45,0.6435,-1,-1,-1
827,88,1456.73,-4.81,264.73,1076.77,0.8656,-1,-1,-1
827,90,1134.16,0.53,467.96,1081.12,0.9006,-1,-1,-1
827,78,909.86,177.18,152.26,534.45,0.8199,-1,-1,-1
827,93,746.26,207.67,163.12,453.76,0.8215,-1,-1,-1
827,94,392.33,196.59,220.71,638.91,0.7826,-1,-1,-1
827,96,594.91,226.72,195.03,589.87,0.8586,-1,-1,-1
827,102,67.56,-5.59,356.90,1077.57,0.8937,-1,-1,-1
827,104,1060.02,298.03,105.93,266.42,0.6529,-1,-1,-1
828,88,1485.95,-4.97,250.52,1081.03,0.8727,-1,-1,-1
828,90,1131.37,-3.04,514.49,1080.31,0.8979,-1,-1,-1
828,78,908.23,175.75,159.14,531.84,0.8061,-1,-1,-1
828,93,745.15,207.17,164.73,453.24,0.8278,-1,-1,-1
828,94,387.04,191.85,221.47,647.47,0.8686,-1,-1,-1
828,96,593.26,226.47,197.47,593.84,0.8643,-1,-1,-1
828,102,52.92,-5.33,363.28,1089.10,0.9080,-1,-1,-1
828,104,1062.68,294.97,108.19,270.46,0.6992,-1,-1,-1
829,88,1503.95,-1.10,252.96,1073.63,0.8186,-1,-1,-1
829,90,1130.63,0.43,557.72,1075.57,0.9010,-1,-1,-1
829,78,911.55,175.88,159.22,526.51,0.8104,-1,-1,-1
829,93,747.53,210.34,165.08,453.68,0.8202,-1,-1,-1
829,94,386.57,191.04,213.84,654.71,0.8677,-1,-1,-1
829,96,591.01,230.93,199.93,606.26,0.8412,-1,-1,-1
829,102,37.02,-3.57,372.12,1088.44,0.9133,-1,-1,-1
829,104,1069.41,297.98,106.39,269.19,0.7449,-1,-1,-1
830,88,1530.71,-1.66,251.92,1074.58,0.8036,-1,-1,-1
830,90,1129.58,1.48,602.41,1075.15,0.9023,-1,-1,-1
830,78,919.82,180.86,154.11,516.36,0.7810,-1,-1,-1
830,93,749.80,213.85,171.94,453.10,0.7887,-1,-1,-1
830,94,386.76,190.05,211.95,660.92,0.8761,-1,-1,-1
830,96,589.19,231.03,203.17,619.97,0.8520,-1,-1,-1
830,102,16.47,-3.65,389.90,1085.51,0.9187,-1,-1,-1
830,104,1074.08,299.06,105.68,269.28,0.7490,-1,-1,-1
831,88,1557.07,-0.84,260.20,1073.73,0.7659,-1,-1,-1
831,90,1128.71,0.19,654.78,1075.50,0.8983,-1,-1,-1
831,78,923.30,178.19,156.57,516.60,0.8061,-1,-1,-1
831,93,755.69,213.65,164.54,452.75,0.8240,-1,-1,-1
831,94,382.25,187.36,214.22,674.24,0.8743,-1,-1,-1
831,96,586.50,228.90,207.12,632.26,0.8535,-1,-1,-1
831,102,-0.75,-4.70,408.21,1090.02,0.9233,-1,-1,-1
831,104,1077.96,297.09,108.92,270.43,0.6996,-1,-1,-1
832,88,1583.69,1.13,266.74,1071.77,0.7247,-1,-1,-1
832,90,1126.98,0.66,695.65,1076.90,0.9020,-1,-1,-1
832,78,933.20,178.74,151.88,515.39,0.8073,-1,-1,-1
832,93,758.90,215.50,161.19,451.47,0.8291,-1,-1,-1
832,94,380.35,187.03,214.62,683.90,0.8793,-1,-1,-1
832,96,584.55,227.49,207.16,639.33,0.8487,-1,-1,-1
832,102,-7.90,-5.45,421.55,1094.10,0.9281,-1,-1,-1
832,104,1083.77,296.59,108.49,279.49,0.6863,-1,-1,-1
833,88,1612.85,0.52,273.04,1076.29,0.5177,-1,-1,-1
833,90,1125.37,0.23,750.71,1076.41,0.9097,-1,-1,-1
833,78,931.65,175.31,156.55,521.45,0.8090,-1,-1,-1
833,93,758.96,216.76,162.91,450.15,0.8276,-1,-1,-1
833,94,378.40,186.14,216.83,695.98,0.8858,-1,-1,-1
833,96,582.73,226.60,208.59,648.52,0.8504,-1,-1,-1
833,102,-9.47,-5.88,429.90,1092.06,0.9265,-1,-1,-1
833,104,1089.61,295.23,108.33,280.34,0.7051,-1,-1,-1
834,88,1628.24,1.73,290.52,741.85,0.6269,-1,-1,-1
834,90,1126.46,-0.22,791.83,1074.92,0.9190,-1,-1,-1
834,78,939.81,174.19,152.87,527.65,0.8125,-1,-1,-1
834,93,765.34,218.80,164.83,448.97,0.8217,-1,-1,-1
834,94,373.75,186.46,220.47,711.69,0.8657,-1,-1,-1
834,96,580.78,223.44,212.14,656.02,0.8448,-1,-1,-1
834,102,-8.66,-5.37,436.04,1087.31,0.9224,-1,-1,-1
834,104,1095.91,298.29,106.56,276.44,0.6410,-1,-1,-1
835,90,1133.86,0.86,800.84,1075.89,0.9125,-1,-1,-1
835,78,937.38,179.68,162.78,525.98,0.7630,-1,-1,-1
835,93,771.31,220.92,166.15,450.07,0.8367,-1,-1,-1
835,94,371.35,188.42,222.71,724.04,0.8785,-1,-1,-1
835,96,580.12,221.56,216.00,664.09,0.8499,-1,-1,-1
835,102,-8.04,-2.98,439.63,1080.72,0.9278,-1,-1,-1
835,104,1102.12,297.07,106.49,283.81,0.7141,-1,-1,-1
836,90,1147.29,0.33,794.57,1070.32,0.9211,-1,-1,-1
836,78,940.96,183.29,166.46,525.77,0.7520,-1,-1,-1
836,93,781.59,223.94,158.95,448.96,0.8430,-1,-1,-1
836,94,371.81,189.92,219.49,737.94,0.8619,-1,-1,-1
836,96,575.93,221.02,227.21,674.24,0.8579,-1,-1,-1
836,102,-8.47,-1.10,441.62,1078.32,0.9284,-1,-1,-1
836,104,1112.84,297.54,104.51,283.86,0.7318,-1,-1,-1
837,90,1161.25,3.00,778.23,1065.37,0.9206,-1,-1,-1
837,78,947.85,188.46,163.71,520.63,0.7957,-1,-1,-1
837,93,786.41,225.35,161.15,451.66,0.8335,-1,-1,-1
837,94,373.19,189.36,220.10,748.13,0.8583,-1,-1,-1
837,96,573.98,218.10,236.00,681.61,0.8702,-1,-1,-1
837,102,-5.66,0.16,442.28,1074.02,0.9301,-1,-1,-1
837,104,1120.52,297.30,101.79,286.62,0.7711,-1,-1,-1
838,90,1193.21,2.80,747.49,1065.84,0.8834,-1,-1,-1
838,78,955.10,192.57,165.22,517.84,0.8185,-1,-1,-1
838,93,790.71,225.48,170.03,452.84,0.8296,-1,-1,-1
838,94,370.92,186.76,226.45,760.86,0.8563,-1,-1,-1
838,96,573.81,216.16,240.34,687.38,0.8618,-1,-1,-1
838,102,-6.00,-0.01,445.87,1073.14,0.9264,-1,-1,-1
838,104,1127.17,298.00,100.66,286.48,0.7545,-1,-1,-1
839,90,1244.63,4.23,686.44,1059.55,0.8994,-1,-1,-1
839,78,963.79,193.46,157.91,518.38,0.8114,-1,-1,-1
839,93,798.02,226.77,172.31,448.39,0.8150,-1,-1,-1
839,94,371.01,185.03,227.44,774.77,0.8480,-1,-1,-1
839,96,578.06,212.15,239.74,690.98,0.8650,-1,-1,-1
839,102,-1.64,0.37,445.15,1067.05,0.9290,-1,-1,-1
839,104,1131.25,295.91,100.81,289.03,0.7152,-1,-1,-1
840,90,1328.98,2.34,599.96,1060.31,0.7793,-1,-1,-1
840,78,966.91,193.41,157.97,519.99,0.8095,-1,-1,-1
840,93,807.34,223.77,160.13,451.28,0.8147,-1,-1,-1
840,94,369.28,182.26,231.78,785.61,0.8263,-1,-1,-1
840,96,579.87,205.99,243.93,698.52,0.8679,-1,-1,-1
840,102,-1.80,1.01,446.03,1066.93,0.9288,-1,-1,-1
840,104,1136.76,294.70,103.48,292.80,0.6740,-1,-1,-1
841,90,1415.64,2.41,509.28,1056.99,0.9260,-1,-1,-1
841,78,978.94,189.93,147.49,522.61,0.7971,-1,-1,-1
841,93,815.95,220.41,161.47,452.27,0.8181,-1,-1,-1
841,94,367.71,174.89,233.38,796.43,0.8172,-1,-1,-1
841,96,584.21,199.15,244.33,703.65,0.8623,-1,-1,-1
841,102,-0.02,-0.21,444.93,1065.04,0.9262,-1,-1,-1
841,104,1146.12,293.92,101.09,294.38,0.7118,-1,-1,-1
841,111,1373.47,242.91,149.88,434.10,0.6407,-1,-1,-1
842,90,1513.13,1.64,411.20,1059.36,0.8669,-1,-1,-1
842,78,980.32,189.70,151.07,521.12,0.8124,-1,-1,-1
842,93,820.56,218.44,169.09,452.48,0.8483,-1,-1,-1
842,94,362.86,162.78,238.67,809.83,0.8333,-1,-1,-1
842,96,584.21,193.70,248.36,710.24,0.8605,-1,-1,-1
842,102,-0.72,-0.03,443.20,1066.62,0.9217,-1,-1,-1
842,104,1151.16,292.88,101.96,293.01,0.6735,-1,-1,-1
842,111,1389.41,231.29,190.97,610.75,0.8708,-1,-1,-1
842,112,754.14,234.65,84.88,239.77,0.4987,-1,-1,-1
843,90,1605.84,3.04,316.62,1056.40,0.6213,-1,-1,-1
843,78,987.62,185.88,152.50,521.33,0.8120,-1,-1,-1
843,93,826.75,215.30,169.03,447.06,0.8282,-1,-1,-1
843,94,362.03,150.11,240.39,831.76,0.8444,-1,-1,-1
843,96,582.14,187.63,253.23,727.39,0.8454,-1,-1,-1
843,102,-0.41,0.03,440.05,1064.73,0.9230,-1,-1,-1
843,104,1162.40,289.95,97.94,294.18,0.6428,-1,-1,-1
843,111,1403.82,217.51,229.09,696.05,0.8930,-1,-1,-1
843,112,759.80,229.43,85.14,269.00,0.5647,-1,-1,-1
844,90,1689.83,0.09,230.43,1064.46,0.7027,-1,-1,-1
844,78,991.86,180.08,158.34,524.38,0.8173,-1,-1,-1
844,93,830.65,213.11,167.35,443.83,0.8343,-1,-1,-1
844,94,353.06,138.86,250.98,841.14,0.8522,-1,-1,-1
844,96,584.15,181.75,252.19,751.40,0.8478,-1,-1,-1
844,102,-0.76,-0.01,429.53,1059.05,0.8959,-1,-1,-1
844,104,1167.04,281.96,97.78,299.38,0.7412,-1,-1,-1
844,111,1417.67,205.00,253.48,753.17,0.8912,-1,-1,-1
844,112,760.03,226.90,87.67,261.21,0.5308,-1,-1,-1
845,90,1753.69,2.18,166.13,1059.67,0.6845,-1,-1,-1
845,78,995.21,174.95,154.24,526.95,0.7953,-1,-1,-1
845,93,830.82,205.28,172.23,446.77,0.8245,-1,-1,-1
845,94,339.20,128.68,265.12,846.99,0.8579,-1,-1,-1
845,96,584.52,173.07,257.41,773.47,0.8444,-1,-1,-1
845,102,-1.53,1.35,416.86,1059.83,0.8190,-1,-1,-1
845,104,1168.89,275.47,99.00,304.01,0.7723,-1,-1,-1
845,111,1431.70,195.22,271.33,788.63,0.8910,-1,-1,-1
845,112,760.68,219.40,88.78,259.38,0.5539,-1,-1,-1
846,78,997.22,170.67,154.13,528.75,0.7935,-1,-1,-1
846,93,833.18,201.31,172.05,449.83,0.8090,-1,-1,-1
846,94,324.52,119.97,279.99,854.28,0.8414,-1,-1,-1
846,96,584.80,168.04,256.33,785.82,0.8256,-1,-1,-1
846,102,-1.82,4.99,398.95,1063.39,0.7567,-1,-1,-1
846,104,1169.69,275.31,101.42,301.51,0.8039,-1,-1,-1
846,111,1440.43,188.25,277.75,808.38,0.9031,-1,-1,-1
846,112,762.43,214.76,87.24,261.97,0.4686,-1,-1,-1
847,78,998.24,162.32,156.67,526.06,0.8105,-1,-1,-1
847,93,835.25,194.66,170.18,451.08,0.8160,-1,-1,-1
847,94,315.12,109.27,291.99,866.87,0.8150,-1,-1,-1
847,96,585.03,157.33,257.32,802.51,0.8319,-1,-1,-1
847,102,-1.71,6.45,365.47,1059.15,0.7317,-1,-1,-1
847,104,1176.88,272.57,100.38,297.89,0.7055,-1,-1,-1
847,111,1453.13,182.48,269.92,816.42,0.8875,-1,-1,-1
847,112,759.39,209.61,92.48,260.73,0.5733,-1,-1,-1
848,78,996.13,153.65,160.04,522.02,0.8076,-1,-1,-1
848,93,833.23,188.99,175.40,453.41,0.8486,-1,-1,-1
848,94,305.03,99.42,296.59,880.44,0.8660,-1,-1,-1
848,96,579.22,149.19,262.15,818.68,0.8342,-1,-1,-1
848,102,-1.66,6.05,296.14,1052.31,0.6485,-1,-1,-1
848,104,1179.05,268.42,99.26,298.77,0.7341,-1,-1,-1
848,111,1467.29,176.84,262.32,827.90,0.8942,-1,-1,-1
848,112,756.30,204.61,95.50,258.09,0.5193,-1,-1,-1
849,78,994.66,149.45,157.19,519.39,0.8043,-1,-1,-1
849,93,831.97,187.79,176.75,454.07,0.8703,-1,-1,-1
849,94,295.11,93.63,299.24,901.51,0.8927,-1,-1,-1
849,96,566.99,146.01,273.68,857.39,0.8621,-1,-1,-1
849,102,-1.88,8.72,231.89,1054.28,0.3995,-1,-1,-1
849,104,1178.16,267.43,98.69,300.83,0.8062,-1,-1,-1
849,111,1481.46,174.54,259.79,854.29,0.8941,-1,-1,-1
849,112,750.23,203.19,100.00,256.60,0.5248,-1,-1,-1
850,78,994.41,144.49,153.99,516.95,0.8063,-1,-1,-1
850,93,829.11,185.17,177.62,452.81,0.8743,-1,-1,-1
850,94,282.95,84.08,304.02,920.30,0.8838,-1,-1,-1
850,96,560.23,138.94,279.95,879.87,0.8500,-1,-1,-1
850,104,1179.48,262.06,95.19,302.89,0.7793,-1,-1,-1
850,111,1494.11,171.57,257.82,869.05,0.8931,-1,-1,-1
850,112,743.55,200.81,104.09,249.06,0.5504,-1,-1,-1
851,78,994.09,139.84,154.68,517.44,0.8042,-1,-1,-1
851,93,827.46,180.24,177.72,456.30,0.8675,-1,-1,-1
851,94,270.55,71.76,310.36,940.42,0.8966,-1,-1,-1
851,96,552.02,132.24,290.44,898.01,0.8686,-1,-1,-1
851,104,1172.69,254.77,105.47,308.10,0.7458,-1,-1,-1
851,111,1506.84,165.06,262.74,882.08,0.9019,-1,-1,-1
851,112,739.28,195.94,106.41,247.19,0.3527,-1,-1,-1
852,78,992.10,135.99,157.79,516.77,0.8070,-1,-1,-1
852,93,825.63,177.46,179.69,455.61,0.8513,-1,-1,-1
852,94,256.30,63.07,318.10,959.99,0.8918,-1,-1,-1
852,96,543.63,119.82,299.75,915.18,0.8786,-1,-1,-1
852,104,1177.41,249.77,98.53,309.73,0.7407,-1,-1,-1
852,111,1517.40,159.15,270.61,890.40,0.9033,-1,-1,-1
853,78,989.34,132.28,163.40,516.78,0.7997,-1,-1,-1
853,93,822.13,176.46,177.15,453.32,0.8415,-1,-1,-1
853,94,241.72,53.94,325.60,994.11,0.8974,-1,-1,-1
853,96,535.33,107.87,308.20,930.97,0.8870,-1,-1,-1
853,104,1179.89,243.71,98.75,314.26,0.7415,-1,-1,-1
853,111,1526.18,145.30,281.40,906.22,0.9014,-1,-1,-1
854,78,981.19,131.35,168.73,516.51,0.7999,-1,-1,-1
854,93,820.38,176.14,175.71,452.91,0.8469,-1,-1,-1
854,94,222.17,46.97,335.47,1019.83,0.9001,-1,-1,-1
854,96,531.02,99.01,312.14,949.62,0.8928,-1,-1,-1
854,104,1177.26,241.29,98.57,316.60,0.7036,-1,-1,-1
854,111,1531.56,136.46,292.47,921.59,0.9020,-1,-1,-1
855,78,976.44,128.55,174.00,519.77,0.8157,-1,-1,-1
855,93,820.63,173.49,169.87,453.72,0.8416,-1,-1,-1
855,94,204.79,37.80,343.49,1031.48,0.9007,-1,-1,-1
855,96,518.57,87.81,323.67,964.66,0.8942,-1,-1,-1
855,104,1171.97,237.82,98.82,318.70,0.6316,-1,-1,-1
855,111,1539.79,127.29,300.48,934.07,0.9083,-1,-1,-1
856,78,979.88,123.53,165.79,526.33,0.8353,-1,-1,-1
856,93,814.88,171.02,173.03,454.82,0.8455,-1,-1,-1
856,94,182.48,27.71,353.15,1044.69,0.9073,-1,-1,-1
856,96,507.47,75.03,336.15,981.87,0.9023,-1,-1,-1
856,104,1171.59,233.94,95.44,319.10,0.6546,-1,-1,-1
856,111,1541.46,112.53,320.90,951.73,0.9106,-1,-1,-1
857,78,976.01,121.03,168.47,527.75,0.8447,-1,-1,-1
857,93,806.21,168.21,180.63,455.99,0.8490,-1,-1,-1
857,94,179.20,18.99,344.38,1055.81,0.8868,-1,-1,-1
857,96,493.59,64.23,349.34,1004.57,0.9045,-1,-1,-1
857,104,1168.21,229.40,99.02,321.31,0.7003,-1,-1,-1
857,111,1538.92,103.67,341.83,964.41,0.9024,-1,-1,-1
858,78,977.08,120.61,160.62,526.92,0.8352,-1,-1,-1
858,93,800.27,161.53,176.15,460.99,0.8390,-1,-1,-1
858,94,128.06,6.57,379.24,1066.73,0.8998,-1,-1,-1
858,96,479.75,52.27,362.35,1025.44,0.9025,-1,-1,-1
858,104,1165.50,225.50,98.45,323.52,0.6964,-1,-1,-1
858,111,1530.88,89.86,372.08,988.34,0.8980,-1,-1,-1
858,114,1329.13,284.33,98.44,283.88,0.3678,-1,-1,-1
859,78,965.56,122.99,166.85,522.80,0.8278,-1,-1,-1
859,93,798.55,156.30,173.04,462.28,0.8235,-1,-1,-1
859,94,100.40,2.01,390.95,1069.05,0.9068,-1,-1,-1
859,96,469.79,40.25,370.78,1037.29,0.9041,-1,-1,-1
859,104,1162.43,222.79,99.52,323.71,0.7112,-1,-1,-1
859,111,1543.09,77.36,377.85,1003.47,0.8808,-1,-1,-1
860,78,958.84,123.33,173.47,521.49,0.8490,-1,-1,-1
860,93,798.46,149.85,170.59,464.69,0.8282,-1,-1,-1
860,94,69.56,-0.42,405.60,1071.84,0.9018,-1,-1,-1
860,96,458.57,27.69,380.43,1051.28,0.9163,-1,-1,-1
860,104,1158.98,217.94,100.72,326.01,0.6961,-1,-1,-1
860,111,1554.81,62.08,374.40,1022.48,0.9029,-1,-1,-1
861,78,955.51,121.60,176.28,520.57,0.8619,-1,-1,-1
861,93,794.19,145.16,172.08,465.09,0.8512,-1,-1,-1
861,94,37.18,-0.97,423.40,1074.47,0.8689,-1,-1,-1
861,96,445.35,15.58,391.91,1063.44,0.9100,-1,-1,-1
861,104,1158.26,213.82,101.90,327.97,0.6875,-1,-1,-1
861,111,1561.59,53.16,369.77,1031.85,0.9074,-1,-1,-1
862,78,953.45,119.61,178.76,519.53,0.8488,-1,-1,-1
862,93,794.37,142.84,172.97,461.85,0.8395,-1,-1,-1
862,94,4.94,-1.72,440.34,1074.59,0.7866,-1,-1,-1
862,96,436.94,6.35,397.87,1072.72,0.9137,-1,-1,-1
862,104,1159.86,211.86,100.07,326.32,0.6662,-1,-1,-1
862,111,1572.64,38.59,359.34,1042.73,0.9107,-1,-1,-1
863,78,958.97,115.71,175.51,521.24,0.8305,-1,-1,-1
863,93,793.19,140.78,173.42,460.35,0.8489,-1,-1,-1
863,94,2.46,-1.49,426.40,1075.93,0.8523,-1,-1,-1
863,96,424.76,1.33,407.67,1076.95,0.9201,-1,-1,-1
863,104,1160.15,210.59,99.77,324.58,0.6466,-1,-1,-1
863,111,1584.57,31.38,346.44,1048.46,0.9093,-1,-1,-1
864,78,961.47,113.45,176.12,523.34,0.8339,-1,-1,-1
864,93,791.80,139.60,173.63,459.45,0.8542,-1,-1,-1
864,94,-3.55,0.05,422.23,1075.57,0.8977,-1,-1,-1
864,96,412.01,0.25,413.57,1077.88,0.9225,-1,-1,-1
864,104,1160.62,207.80,100.68,328.71,0.6395,-1,-1,-1
864,111,1596.44,18.11,334.08,1062.35,0.9041,-1,-1,-1
865,78,961.10,110.74,179.58,527.55,0.8285,-1,-1,-1
865,93,793.71,137.80,172.63,460.53,0.8498,-1,-1,-1
865,94,-8.75,0.75,414.41,1074.38,0.9118,-1,-1,-1
865,96,399.67,0.17,418.91,1079.10,0.9202,-1,-1,-1
865,104,1159.26,205.75,105.09,331.99,0.6336,-1,-1,-1
865,111,1611.86,9.90,317.74,1070.67,0.9013,-1,-1,-1
866,78,962.40,108.65,180.16,528.67,0.8340,-1,-1,-1
866,93,795.53,136.32,171.39,463.92,0.8542,-1,-1,-1
866,94,-10.91,4.38,386.41,1071.32,0.9117,-1,-1,-1
866,96,380.76,1.14,430.85,1077.49,0.9195,-1,-1,-1
866,104,1163.09,204.03,100.59,332.95,0.6830,-1,-1,-1
866,111,1643.05,0.56,285.56,1077.50,0.8884,-1,-1,-1
867,78,970.98,107.91,174.89,528.79,0.8222,-1,-1,-1
867,93,794.90,138.24,173.26,467.09,0.8570,-1,-1,-1
867,94,-11.19,6.55,355.55,1069.92,0.9206,-1,-1,-1
867,96,359.76,3.94,439.47,1073.61,0.9154,-1,-1,-1
867,104,1168.60,203.42,98.73,335.49,0.6994,-1,-1,-1
867,111,1680.09,-0.54,247.24,1079.20,0.8728,-1,-1,-1
868,78,980.89,109.95,162.04,522.13,0.8262,-1,-1,-1
868,93,792.34,141.87,176.80,469.43,0.8590,-1,-1,-1
868,94,-10.96,7.84,329.38,1069.30,0.9111,-1,-1,-1
868,96,332.40,3.45,451.98,1073.09,0.9192,-1,-1,-1
868,104,1169.40,203.63,99.43,337.65,0.6997,-1,-1,-1
868,111,1706.81,111.61,218.94,963.37,0.7517,-1,-1,-1
869,78,982.75,108.13,158.72,520.54,0.8231,-1,-1,-1
869,93,792.29,143.72,175.28,471.16,0.8630,-1,-1,-1
869,94,-9.46,7.58,302.02,1064.25,0.9164,-1,-1,-1
869,96,301.90,2.60,467.91,1072.17,0.9160,-1,-1,-1
869,104,1171.06,203.86,99.49,339.94,0.7078,-1,-1,-1
869,111,1720.20,184.20,203.01,669.03,0.4271,-1,-1,-1
870,78,982.61,109.60,153.82,518.30,0.8242,-1,-1,-1
870,93,792.99,145.32,173.39,472.99,0.8690,-1,-1,-1
870,94,-7.78,8.65,274.78,1061.58,0.9126,-1,-1,-1
870,96,267.48,2.40,488.00,1072.66,0.9113,-1,-1,-1
870,104,1170.95,203.90,101.56,343.12,0.7102,-1,-1,-1
870,111,1756.93,207.56,164.95,609.89,0.7598,-1,-1,-1
871,78,985.00,113.66,146.01,518.03,0.8178,-1,-1,-1
871,93,793.65,150.40,172.52,472.00,0.8585,-1,-1,-1
871,94,-6.22,8.94,247.26,1062.03,0.8959,-1,-1,-1
871,96,234.38,1.81,504.65,1074.22,0.9160,-1,-1,-1
871,104,1173.11,205.55,100.79,344.89,0.6884,-1,-1,-1
871,111,1794.95,246.80,126.13,574.87,0.5823,-1,-1,-1
871,115,620.31,138.53,156.71,445.05,0.6072,-1,-1,-1
872,78,987.14,117.03,144.64,517.67,0.8109,-1,-1,-1
872,93,795.33,156.39,170.96,470.97,0.8489,-1,-1,-1
872,94,-3.31,10.29,212.07,1058.22,0.8786,-1,-1,-1
872,96,202.76,2.01,523.82,1071.05,0.9146,-1,-1,-1
872,104,1179.79,207.40,95.95,346.57,0.7181,-1,-1,-1
872,115,613.19,143.67,162.58,467.21,0.7943,-1,-1,-1
873,78,988.00,120.72,141.36,515.53,0.8106,-1,-1,-1
873,93,797.22,161.57,169.93,473.85,0.8355,-1,-1,-1
873,94,-1.66,39.59,179.57,1029.93,0.8602,-1,-1,-1
873,96,163.32,2.09,550.28,1068.91,0.9237,-1,-1,-1
873,104,1180.20,208.72,98.39,348.89,0.7082,-1,-1,-1
873,115,609.57,146.43,161.67,485.54,0.7628,-1,-1,-1
874,78,989.17,123.82,138.53,518.83,0.7984,-1,-1,-1
874,93,799.41,165.17,168.86,472.95,0.8372,-1,-1,-1
874,94,1.17,99.54,145.39,971.46,0.8119,-1,-1,-1
874,96,125.53,-0.19,573.26,1067.90,0.9102,-1,-1,-1
874,104,1178.99,210.01,101.53,349.67,0.7216,-1,-1,-1
874,115,605.67,149.78,165.22,491.13,0.7555,-1,-1,-1
875,78,990.00,128.57,136.52,517.65,0.7909,-1,-1,-1
875,93,802.29,165.57,167.98,473.87,0.8291,-1,-1,-1
875,94,1.40,128.46,121.03,934.72,0.4873,-1,-1,-1
875,96,99.61,-0.28,584.50,1065.18,0.9138,-1,-1,-1
875,104,1174.12,211.42,108.14,349.27,0.6494,-1,-1,-1
875,115,599.01,150.13,171.67,494.01,0.7738,-1,-1,-1
876,78,993.85,132.46,131.81,515.85,0.8017,-1,-1,-1
876,93,803.90,167.03,168.79,471.10,0.8372,-1,-1,-1
876,94,1.82,197.62,135.26,850.27,0.3706,-1,-1,-1
876,96,33.60,-0.61,633.61,1066.91,0.8977,-1,-1,-1
876,104,1174.82,211.24,112.32,350.60,0.6066,-1,-1,-1
876,115,590.86,148.75,177.73,500.23,0.7999,-1,-1,-1
877,78,993.35,134.80,130.02,516.75,0.8114,-1,-1,-1
877,93,804.04,167.23,169.68,464.47,0.8340,-1,-1,-1
877,96,2.82,-0.87,646.02,1067.01,0.9369,-1,-1,-1
877,104,1174.44,210.15,112.60,353.69,0.6403,-1,-1,-1
877,115,582.81,146.89,172.95,505.04,0.7880,-1,-1,-1
878,78,987.91,134.98,133.83,515.37,0.7997,-1,-1,-1
878,93,802.77,165.10,169.01,468.81,0.8292,-1,-1,-1
878,96,-9.24,-0.04,640.26,1067.98,0.9416,-1,-1,-1
878,104,1176.22,207.86,113.05,356.64,0.6442,-1,-1,-1
878,115,571.37,143.44,185.31,511.60,0.7964,-1,-1,-1
879,78,986.90,135.85,132.77,512.82,0.8161,-1,-1,-1
879,93,802.06,162.56,168.31,472.82,0.8387,-1,-1,-1
879,96,-11.59,-0.03,621.33,1066.83,0.9240,-1,-1,-1
879,104,1173.01,206.84,113.15,357.21,0.6913,-1,-1,-1
879,115,559.89,142.80,193.13,515.04,0.8392,-1,-1,-1
880,78,983.55,135.59,134.65,510.48,0.8103,-1,-1,-1
880,93,801.63,158.89,169.10,469.77,0.8505,-1,-1,-1
880,96,-10.43,3.05,595.77,1064.16,0.9167,-1,-1,-1
880,104,1171.86,203.71,113.52,359.98,0.7164,-1,-1,-1
880,115,548.31,142.07,202.86,519.38,0.8515,-1,-1,-1
881,78,979.50,135.06,138.76,509.41,0.8070,-1,-1,-1
881,93,800.71,156.61,170.55,465.43,0.8605,-1,-1,-1
881,96,-8.15,2.48,568.21,1061.64,0.9261,-1,-1,-1
881,104,1175.76,200.10,110.72,363.46,0.7111,-1,-1,-1
881,115,535.43,142.04,220.26,521.69,0.8297,-1,-1,-1
881,117,698.85,219.35,96.99,363.71,0.5601,-1,-1,-1
882,78,970.16,133.09,144.38,512.99,0.8412,-1,-1,-1
882,93,798.60,153.95,170.27,466.67,0.8554,-1,-1,-1
882,96,-6.19,3.85,542.90,1060.69,0.9208,-1,-1,-1
882,104,1176.73,199.38,111.62,364.10,0.7520,-1,-1,-1
882,115,524.42,140.85,226.59,530.85,0.8172,-1,-1,-1
882,117,696.79,222.96,95.56,360.55,0.6270,-1,-1,-1
883,78,965.48,126.86,140.88,519.66,0.8340,-1,-1,-1
883,93,796.20,152.17,170.70,465.01,0.8531,-1,-1,-1
883,96,-5.09,5.29,516.67,1057.99,0.9380,-1,-1,-1
883,104,1176.37,201.05,113.05,363.27,0.7631,-1,-1,-1
883,115,509.50,140.74,236.23,536.18,0.8177,-1,-1,-1
883,117,689.56,219.25,103.71,366.01,0.6267,-1,-1,-1
884,78,960.85,122.97,142.06,522.45,0.7679,-1,-1,-1
884,93,795.18,150.58,169.33,465.25,0.8347,-1,-1,-1
884,96,-4.54,5.69,477.11,1056.01,0.9146,-1,-1,-1
884,104,1177.15,199.85,112.70,366.22,0.7446,-1,-1,-1
884,115,495.61,138.99,237.36,542.20,0.7863,-1,-1,-1
884,117,674.89,224.94,115.17,358.05,0.4764,-1,-1,-1
885,78,959.31,118.58,141.28,524.90,0.7979,-1,-1,-1
885,93,791.36,148.62,168.86,468.59,0.8272,-1,-1,-1
885,96,-3.86,6.39,428.63,1055.96,0.9099,-1,-1,-1
885,104,1175.70,199.19,115.21,366.99,0.7265,-1,-1,-1
885,115,484.44,138.09,241.32,549.38,0.7695,-1,-1,-1
885,117,665.66,226.17,119.64,349.03,0.4707,-1,-1,-1
886,78,956.33,116.66,140.45,519.35,0.8176,-1,-1,-1
886,93,784.95,147.80,168.09,473.49,0.8348,-1,-1,-1
886,96,-3.24,4.55,375.74,1058.88,0.8796,-1,-1,-1
886,104,1173.06,201.52,117.27,368.10,0.7358,-1,-1,-1
886,115,463.60,136.29,245.19,558.94,0.7898,-1,-1,-1
887,78,953.57,116.47,141.30,514.96,0.8077,-1,-1,-1
887,93,774.07,151.81,174.41,471.44,0.8474,-1,-1,-1
887,96,-1.19,14.77,312.58,1048.09,0.4244,-1,-1,-1
887,104,1170.53,204.20,114.63,368.11,0.7781,-1,-1,-1
887,115,446.79,128.39,254.51,571.57,0.8619,-1,-1,-1
887,117,643.38,223.74,124.80,314.91,0.4487,-1,-1,-1
888,78,936.05,121.57,152.07,503.59,0.8171,-1,-1,-1
888,93,772.97,153.34,169.55,470.19,0.8298,-1,-1,-1
888,104,1166.27,204.55,116.69,366.99,0.7411,-1,-1,-1
888,115,431.20,119.47,260.22,583.71,0.8356,-1,-1,-1
888,117,634.25,214.35,121.04,316.22,0.4535,-1,-1,-1
889,78,928.14,117.30,152.62,507.83,0.7965,-1,-1,-1
889,93,763.31,155.44,170.35,470.36,0.7858,-1,-1,-1
889,104,1161.79,204.65,117.72,368.86,0.7059,-1,-1,-1
889,115,413.03,110.97,265.55,592.60,0.8577,-1,-1,-1
890,78,901.83,119.61,162.01,509.10,0.8089,-1,-1,-1
890,93,748.94,161.52,168.22,470.52,0.8131,-1,-1,-1
890,104,1151.33,207.91,116.48,369.97,0.7254,-1,-1,-1
890,115,389.51,106.02,261.15,604.64,0.8355,-1,-1,-1
890,117,593.23,192.05,124.25,395.16,0.4052,-1,-1,-1
891,78,896.21,120.98,160.30,512.67,0.8333,-1,-1,-1
891,93,729.65,164.66,175.44,469.56,0.8516,-1,-1,-1
891,104,1141.62,210.73,117.09,370.45,0.7856,-1,-1,-1
891,115,362.24,95.82,273.07,620.12,0.7532,-1,-1,-1
891,117,589.76,203.18,108.54,381.13,0.3741,-1,-1,-1
892,78,885.13,123.45,158.90,513.41,0.8481,-1,-1,-1
892,93,716.38,167.42,174.86,468.41,0.8355,-1,-1,-1
892,104,1133.34,213.56,114.22,371.04,0.7825,-1,-1,-1
892,115,339.75,88.00,281.09,634.01,0.8513,-1,-1,-1
893,78,874.41,126.54,159.75,514.22,0.8262,-1,-1,-1
893,93,704.25,167.50,174.35,470.38,0.8184,-1,-1,-1
893,104,1123.96,215.50,116.30,376.51,0.7903,-1,-1,-1
893,115,315.39,84.34,288.21,646.30,0.7568,-1,-1,-1
893,117,525.83,211.78,134.36,402.26,0.4092,-1,-1,-1
894,78,864.20,131.77,160.34,516.30,0.7596,-1,-1,-1
894,93,694.04,168.78,172.05,472.86,0.8463,-1,-1,-1
894,104,1117.58,218.74,115.48,376.88,0.7928,-1,-1,-1
894,115,295.88,82.59,296.19,654.37,0.8382,-1,-1,-1
894,117,501.43,220.92,154.12,410.34,0.3677,-1,-1,-1
895,78,850.04,135.54,160.37,518.32,0.7765,-1,-1,-1
895,93,682.96,171.03,169.74,471.80,0.8566,-1,-1,-1
895,104,1109.93,221.18,119.72,378.85,0.7967,-1,-1,-1
895,115,279.33,79.81,301.91,669.93,0.7094,-1,-1,-1
895,117,500.42,226.96,151.52,408.43,0.3598,-1,-1,-1
896,78,833.63,138.31,175.05,518.47,0.8283,-1,-1,-1
896,93,674.57,170.78,169.65,468.63,0.8334,-1,-1,-1
896,104,1103.97,224.78,123.45,376.67,0.7504,-1,-1,-1
896,115,261.21,76.90,296.40,683.32,0.8387,-1,-1,-1
896,117,490.86,197.48,147.44,450.02,0.4464,-1,-1,-1
897,78,823.31,143.63,180.84,514.80,0.8283,-1,-1,-1
897,93,668.08,170.84,168.09,466.69,0.8088,-1,-1,-1
897,104,1098.16,227.46,125.64,376.85,0.7875,-1,-1,-1
897,115,244.35,72.26,303.74,703.24,0.8677,-1,-1,-1
897,117,497.29,184.11,128.06,462.17,0.3777,-1,-1,-1
898,78,821.94,147.78,183.19,514.34,0.8318,-1,-1,-1
898,93,665.28,170.91,166.76,465.55,0.8205,-1,-1,-1
898,104,1096.74,228.93,126.60,380.34,0.8017,-1,-1,-1
898,115,232.95,67.97,309.67,733.24,0.8666,-1,-1,-1
898,117,489.01,178.67,128.98,474.14,0.5384,-1,-1,-1
899,78,820.22,149.80,186.40,514.73,0.8329,-1,-1,-1
899,93,658.24,170.38,172.62,472.89,0.7896,-1,-1,-1
899,104,1096.27,231.61,126.74,380.02,0.7909,-1,-1,-1
899,115,221.34,65.48,313.53,747.63,0.8347,-1,-1,-1
899,117,469.63,174.41,140.71,489.39,0.4797,-1,-1,-1
900,78,823.27,152.14,185.54,513.86,0.8239,-1,-1,-1
900,93,658.50,170.06,172.17,479.28,0.8100,-1,-1,-1
900,104,1099.33,231.02,129.27,383.79,0.8067,-1,-1,-1
900,115,213.92,60.46,296.55,760.91,0.7909,-1,-1,-1
900,117,458.54,170.28,147.68,504.65,0.5938,-1,-1,-1
