1,8,539.66,551.47,32.51,88.90,0.3131,-1,-1,-1
1,7,1445.57,498.45,30.44,85.98,0.3132,-1,-1,-1
1,6,500.83,551.08,35.88,89.51,0.3593,-1,-1,-1
1,5,121.73,708.25,52.91,96.51,0.4103,-1,-1,-1
1,4,1526.19,561.34,46.59,112.38,0.4235,-1,-1,-1
1,3,1609.11,558.14,56.11,115.72,0.6025,-1,-1,-1
1,2,1370.39,514.35,33.77,99.99,0.6447,-1,-1,-1
1,1,0.61,675.50,50.94,207.62,0.7038,-1,-1,-1
2,7,1448.76,491.20,31.33,91.44,0.3903,-1,-1,-1
2,6,500.41,535.44,39.09,95.21,0.3222,-1,-1,-1
2,5,108.66,699.62,50.35,95.50,0.5522,-1,-1,-1
2,4,1531.85,558.61,48.58,115.66,0.5622,-1,-1,-1
2,3,1615.31,549.23,60.79,124.58,0.6603,-1,-1,-1
2,2,1372.12,513.54,33.62,101.21,0.6426,-1,-1,-1
2,1,0.11,660.74,40.31,213.30,0.6569,-1,-1,-1
3,9,171.28,584.44,48.53,157.08,0.4276,-1,-1,-1
3,7,1451.04,486.25,32.29,92.65,0.3185,-1,-1,-1
3,6,500.52,550.75,36.67,92.26,0.3652,-1,-1,-1
3,5,105.74,724.23,44.03,97.59,0.5261,-1,-1,-1
3,4,1537.90,552.04,49.03,118.22,0.6497,-1,-1,-1
3,3,1619.99,548.64,63.03,120.07,0.6541,-1,-1,-1
3,2,1373.72,507.41,37.77,106.60,0.5890,-1,-1,-1
3,1,0.07,692.73,33.68,211.36,0.6503,-1,-1,-1
4,8,537.57,545.59,33.93,97.07,0.3708,-1,-1,-1
4,7,1458.00,485.71,27.65,89.77,0.4460,-1,-1,-1
4,6,499.12,547.16,36.66,93.67,0.4332,-1,-1,-1
4,5,92.41,722.40,43.70,101.10,0.5893,-1,-1,-1
4,4,1549.32,552.56,43.07,120.96,0.6533,-1,-1,-1
4,3,1629.86,547.48,62.64,126.20,0.7599,-1,-1,-1
4,2,1379.97,505.78,36.10,108.98,0.7123,-1,-1,-1
4,1,0.08,706.17,23.77,156.73,0.3933,-1,-1,-1
5,11,1499.98,514.84,23.78,75.97,0.3301,-1,-1,-1
5,7,1459.87,497.26,27.69,86.03,0.5464,-1,-1,-1
5,6,495.80,539.74,33.99,96.81,0.4489,-1,-1,-1
5,5,76.77,715.45,44.95,103.44,0.5016,-1,-1,-1
5,4,1549.91,561.46,51.49,121.57,0.4006,-1,-1,-1
5,3,1636.25,564.91,62.20,122.45,0.6361,-1,-1,-1
5,2,1384.75,515.86,33.99,110.20,0.7115,-1,-1,-1
6,11,1506.90,533.60,24.40,68.87,0.3127,-1,-1,-1
6,9,142.42,580.77,55.37,164.57,0.4573,-1,-1,-1
6,7,1463.81,505.58,26.54,88.37,0.5393,-1,-1,-1
6,6,498.35,552.07,37.95,98.98,0.4638,-1,-1,-1
6,5,66.60,731.51,41.75,105.11,0.4842,-1,-1,-1
6,3,1642.80,573.64,65.96,124.47,0.7572,-1,-1,-1
6,2,1391.91,527.52,30.40,106.88,0.6357,-1,-1,-1
7,9,132.34,582.28,58.72,163.26,0.3910,-1,-1,-1
7,8,536.62,545.26,31.34,100.37,0.3373,-1,-1,-1
7,7,1465.98,498.68,27.04,90.34,0.4665,-1,-1,-1
7,6,493.84,539.81,36.83,104.33,0.3781,-1,-1,-1
7,5,51.26,733.34,42.21,109.02,0.3334,-1,-1,-1
7,4,1563.18,567.11,54.84,126.62,0.5746,-1,-1,-1
7,3,1651.02,570.53,64.86,129.23,0.7402,-1,-1,-1
7,2,1392.06,517.66,32.52,111.78,0.5815,-1,-1,-1
8,12,225.47,612.93,45.94,139.09,0.3807,-1,-1,-1
8,11,1510.88,514.68,28.00,91.49,0.4031,-1,-1,-1
8,8,533.55,540.44,34.38,111.69,0.3142,-1,-1,-1
8,7,1467.01,509.32,31.96,87.57,0.5229,-1,-1,-1
8,6,493.06,548.97,35.69,101.28,0.3599,-1,-1,-1
8,5,34.09,741.43,44.79,108.17,0.4948,-1,-1,-1
8,4,1570.44,581.04,50.88,122.53,0.5495,-1,-1,-1
8,3,1658.19,576.13,66.36,130.13,0.6630,-1,-1,-1
8,2,1394.49,532.52,34.12,107.29,0.6718,-1,-1,-1
9,13,677.86,525.06,28.18,79.76,0.3210,-1,-1,-1
9,12,219.52,614.01,41.59,135.87,0.4328,-1,-1,-1
9,11,1514.28,522.48,29.15,85.24,0.3449,-1,-1,-1
9,7,1468.96,512.30,32.22,88.23,0.4330,-1,-1,-1
9,6,490.72,551.16,36.04,96.81,0.3195,-1,-1,-1
9,5,15.80,736.46,48.17,116.66,0.6133,-1,-1,-1
9,4,1576.99,588.47,50.48,123.49,0.5048,-1,-1,-1
9,3,1663.69,583.26,66.19,132.52,0.6924,-1,-1,-1
9,2,1396.96,533.43,35.27,106.50,0.6745,-1,-1,-1
10,12,209.69,613.02,42.43,132.18,0.5092,-1,-1,-1
10,8,529.14,552.95,28.59,90.20,0.3900,-1,-1,-1
10,7,1472.38,523.50,29.81,87.23,0.3216,-1,-1,-1
10,6,489.45,543.47,35.99,99.22,0.4580,-1,-1,-1
10,5,0.37,728.40,48.84,115.24,0.6395,-1,-1,-1
10,4,1582.43,603.87,49.97,122.22,0.6847,-1,-1,-1
10,3,1669.48,602.56,64.70,126.73,0.7869,-1,-1,-1
10,2,1398.14,541.68,36.54,106.56,0.6584,-1,-1,-1
11,12,200.99,611.39,44.88,145.31,0.4303,-1,-1,-1
11,9,84.55,589.30,59.36,170.90,0.3542,-1,-1,-1
11,7,1471.96,511.28,32.92,86.95,0.3872,-1,-1,-1
11,5,0.15,749.04,37.90,120.49,0.4078,-1,-1,-1
11,4,1589.25,586.20,51.24,127.22,0.6554,-1,-1,-1
11,3,1679.76,576.45,64.89,136.02,0.7658,-1,-1,-1
11,2,1401.00,530.78,36.44,107.05,0.6749,-1,-1,-1
12,12,191.91,606.62,47.49,151.97,0.5127,-1,-1,-1
12,9,77.69,591.72,56.90,166.55,0.3982,-1,-1,-1
12,7,1474.70,513.87,37.93,90.50,0.3873,-1,-1,-1
12,4,1596.74,591.86,53.51,128.76,0.7067,-1,-1,-1
12,3,1687.82,589.93,64.44,132.20,0.7710,-1,-1,-1
12,2,1403.08,532.02,37.65,110.93,0.6854,-1,-1,-1
13,12,173.30,578.38,55.66,168.73,0.5475,-1,-1,-1
13,7,1475.37,511.47,40.58,91.26,0.4244,-1,-1,-1
13,4,1599.26,594.85,57.05,126.17,0.6662,-1,-1,-1
13,3,1693.51,590.71,64.63,131.33,0.7232,-1,-1,-1
13,2,1408.19,530.10,35.11,104.30,0.7173,-1,-1,-1
14,12,168.95,600.55,50.20,162.92,0.3146,-1,-1,-1
14,9,53.51,584.16,56.25,176.56,0.3532,-1,-1,-1
14,8,518.16,545.37,34.17,101.79,0.3131,-1,-1,-1
14,6,480.39,550.93,32.88,96.18,0.3012,-1,-1,-1
14,4,1611.86,584.93,54.56,129.97,0.6281,-1,-1,-1
14,3,1702.66,582.21,61.85,133.58,0.6843,-1,-1,-1
14,2,1408.27,529.21,35.82,102.28,0.6682,-1,-1,-1
15,11,1533.66,517.29,32.19,92.07,0.3173,-1,-1,-1
15,8,518.80,537.52,34.75,106.35,0.3988,-1,-1,-1
15,6,479.93,548.58,34.02,96.08,0.3122,-1,-1,-1
15,4,1620.31,592.41,52.09,129.53,0.7189,-1,-1,-1
15,3,1711.40,584.61,61.95,138.70,0.7502,-1,-1,-1
15,2,1412.29,531.89,35.81,106.70,0.5288,-1,-1,-1
16,12,143.42,603.19,50.92,160.09,0.3298,-1,-1,-1
16,9,33.49,583.88,54.48,175.33,0.4584,-1,-1,-1
16,8,516.11,536.69,36.21,106.17,0.4628,-1,-1,-1
16,6,478.14,540.74,34.47,102.64,0.3852,-1,-1,-1
16,4,1626.73,593.79,55.99,130.45,0.6981,-1,-1,-1
16,3,1716.51,592.28,60.52,135.48,0.7421,-1,-1,-1
16,2,1416.97,533.21,34.22,104.61,0.5464,-1,-1,-1
17,12,132.95,602.49,47.55,170.74,0.4306,-1,-1,-1
17,11,1546.77,533.72,23.12,78.08,0.3272,-1,-1,-1
17,9,20.13,587.68,53.19,182.06,0.3853,-1,-1,-1
17,8,513.91,539.96,38.40,106.95,0.4896,-1,-1,-1
17,6,476.24,543.78,35.94,102.65,0.5146,-1,-1,-1
17,4,1635.52,588.24,53.83,134.91,0.6949,-1,-1,-1
17,3,1723.80,589.51,62.25,139.31,0.7100,-1,-1,-1
17,2,1418.32,533.05,37.61,108.71,0.6036,-1,-1,-1
18,9,8.26,589.49,54.34,186.23,0.3943,-1,-1,-1
18,8,513.81,540.91,37.81,106.10,0.5018,-1,-1,-1
18,6,474.68,541.06,38.46,105.07,0.5546,-1,-1,-1
18,4,1644.66,591.25,54.23,134.92,0.6255,-1,-1,-1
18,3,1733.63,594.34,60.99,137.25,0.7042,-1,-1,-1
18,2,1420.40,533.33,37.18,109.01,0.6992,-1,-1,-1
19,9,0.80,587.58,48.95,185.79,0.3764,-1,-1,-1
19,8,511.51,539.95,39.64,107.89,0.5109,-1,-1,-1
19,6,473.41,540.14,37.80,106.28,0.5124,-1,-1,-1
19,4,1651.69,592.33,54.78,135.11,0.4439,-1,-1,-1
19,3,1742.27,594.92,63.30,139.13,0.7482,-1,-1,-1
19,2,1422.76,534.35,38.04,107.73,0.7342,-1,-1,-1
20,9,0.20,596.16,37.53,184.21,0.4793,-1,-1,-1
20,8,507.64,535.98,41.26,115.84,0.4846,-1,-1,-1
20,6,471.33,544.92,37.36,106.72,0.4015,-1,-1,-1
20,4,1660.02,593.98,51.58,134.93,0.6053,-1,-1,-1
20,3,1750.85,596.79,62.55,139.78,0.7430,-1,-1,-1
20,2,1424.37,534.64,38.57,106.03,0.7477,-1,-1,-1
21,9,0.09,618.48,24.79,163.19,0.3775,-1,-1,-1
21,8,507.02,539.61,39.31,113.20,0.5231,-1,-1,-1
21,6,468.41,550.42,34.55,100.08,0.4577,-1,-1,-1
21,4,1667.06,596.88,55.28,137.50,0.6871,-1,-1,-1
21,3,1758.65,597.24,62.89,140.47,0.7464,-1,-1,-1
21,2,1426.03,532.25,40.35,112.49,0.6908,-1,-1,-1
22,8,504.75,544.56,36.82,111.03,0.5116,-1,-1,-1
22,6,465.48,550.84,36.63,103.79,0.5555,-1,-1,-1
22,4,1675.01,597.81,54.23,141.22,0.6266,-1,-1,-1
22,3,1772.60,602.05,59.63,137.80,0.7482,-1,-1,-1
22,2,1430.05,538.48,39.90,102.03,0.6692,-1,-1,-1
23,13,665.59,528.03,25.94,78.23,0.3291,-1,-1,-1
23,8,499.04,548.48,42.24,108.02,0.5496,-1,-1,-1
23,6,465.83,548.91,34.00,106.49,0.4276,-1,-1,-1
23,4,1680.75,600.47,56.52,143.18,0.7253,-1,-1,-1
23,3,1778.97,599.70,63.42,146.18,0.7718,-1,-1,-1
23,2,1430.81,538.49,40.24,110.13,0.6626,-1,-1,-1
24,13,665.64,532.24,25.62,77.01,0.3692,-1,-1,-1
24,8,496.48,552.95,37.69,105.52,0.4578,-1,-1,-1
24,6,460.40,549.27,42.51,108.99,0.4738,-1,-1,-1
24,4,1686.76,601.49,58.97,142.92,0.7307,-1,-1,-1
24,3,1789.07,592.93,65.44,152.32,0.7110,-1,-1,-1
24,2,1436.55,529.59,38.03,116.58,0.6541,-1,-1,-1
25,8,496.99,552.20,38.83,109.41,0.4671,-1,-1,-1
25,7,1523.33,520.01,29.45,85.21,0.4130,-1,-1,-1
25,6,458.01,546.07,44.56,115.40,0.4375,-1,-1,-1
25,4,1696.12,607.35,55.76,148.74,0.7277,-1,-1,-1
25,3,1797.45,604.47,67.72,147.15,0.7092,-1,-1,-1
25,2,1437.81,535.13,41.13,121.55,0.6624,-1,-1,-1
26,13,664.15,534.66,27.31,79.59,0.4039,-1,-1,-1
26,8,495.09,548.69,40.79,114.96,0.5504,-1,-1,-1
26,7,1530.54,519.06,27.58,86.07,0.4778,-1,-1,-1
26,6,456.99,550.06,41.49,112.70,0.5107,-1,-1,-1
26,4,1704.13,611.77,59.42,149.68,0.7252,-1,-1,-1
26,3,1807.29,608.09,69.19,146.17,0.5893,-1,-1,-1
26,2,1439.79,538.63,44.31,118.59,0.7226,-1,-1,-1
27,8,493.78,562.94,39.68,103.46,0.6100,-1,-1,-1
27,7,1530.60,520.71,32.77,86.19,0.6916,-1,-1,-1
27,6,452.95,558.16,42.77,108.77,0.3932,-1,-1,-1
27,4,1710.99,615.98,59.82,148.62,0.6740,-1,-1,-1
27,3,1813.74,611.87,75.08,151.08,0.6527,-1,-1,-1
27,2,1444.02,542.38,40.87,113.13,0.7473,-1,-1,-1
28,8,491.16,565.32,39.43,102.58,0.5863,-1,-1,-1
28,7,1534.06,525.98,33.91,83.31,0.5363,-1,-1,-1
28,6,450.14,558.82,41.37,108.87,0.3519,-1,-1,-1
28,4,1718.23,616.89,60.14,152.38,0.6738,-1,-1,-1
28,3,1822.62,610.67,74.83,157.53,0.7716,-1,-1,-1
28,2,1446.99,546.10,45.76,110.27,0.7282,-1,-1,-1
29,8,491.10,569.30,37.92,98.46,0.5286,-1,-1,-1
29,7,1536.03,525.56,33.83,91.37,0.5614,-1,-1,-1
29,6,448.68,564.10,40.86,103.88,0.4891,-1,-1,-1
29,4,1725.79,622.88,60.56,160.71,0.7235,-1,-1,-1
29,3,1829.69,620.36,75.58,159.83,0.6933,-1,-1,-1
29,2,1452.27,550.99,39.20,109.82,0.7077,-1,-1,-1
30,8,488.81,574.82,38.74,102.78,0.5001,-1,-1,-1
30,7,1539.04,525.20,34.11,91.86,0.5651,-1,-1,-1
30,6,443.58,565.78,43.40,111.79,0.6148,-1,-1,-1
30,4,1739.23,624.42,58.92,159.45,0.7525,-1,-1,-1
30,3,1835.97,621.40,79.22,150.02,0.6350,-1,-1,-1
30,2,1454.23,550.14,42.13,111.98,0.6417,-1,-1,-1
31,8,488.48,578.09,37.95,112.09,0.4169,-1,-1,-1
31,7,1543.15,525.17,32.96,97.70,0.4868,-1,-1,-1
31,6,443.23,579.66,39.65,109.63,0.5756,-1,-1,-1
31,4,1750.29,628.69,57.96,153.66,0.5790,-1,-1,-1
31,3,1852.60,627.65,66.82,149.68,0.6393,-1,-1,-1
31,2,1457.02,551.29,42.07,121.93,0.6284,-1,-1,-1
32,13,658.81,556.17,30.00,74.96,0.3549,-1,-1,-1
32,8,486.77,573.72,39.10,108.29,0.5265,-1,-1,-1
32,7,1546.53,530.32,33.39,90.83,0.5976,-1,-1,-1
32,6,441.29,573.09,41.40,107.24,0.5725,-1,-1,-1
32,4,1757.77,632.20,60.85,154.98,0.6768,-1,-1,-1
32,3,1858.97,635.55,60.43,161.79,0.6872,-1,-1,-1
32,2,1461.68,557.43,39.27,119.28,0.6378,-1,-1,-1
33,13,651.89,544.55,33.71,80.00,0.3176,-1,-1,-1
33,8,484.03,569.07,37.10,107.65,0.4875,-1,-1,-1
33,7,1549.85,518.53,33.27,90.09,0.6533,-1,-1,-1
33,6,439.61,563.95,39.28,109.09,0.5150,-1,-1,-1
33,4,1767.82,620.38,60.13,152.16,0.6467,-1,-1,-1
33,3,1870.45,621.36,48.87,170.40,0.6662,-1,-1,-1
33,2,1464.65,541.83,42.73,125.92,0.7428,-1,-1,-1
34,8,480.09,566.29,39.23,114.40,0.5206,-1,-1,-1
34,7,1553.61,518.48,32.23,93.38,0.5973,-1,-1,-1
34,6,436.76,573.74,39.33,103.69,0.4804,-1,-1,-1
34,4,1774.56,620.57,65.19,157.35,0.7453,-1,-1,-1
34,3,1881.32,635.87,37.78,142.71,0.5550,-1,-1,-1
34,2,1469.09,545.19,41.40,124.56,0.7609,-1,-1,-1
35,8,477.93,560.38,38.89,110.80,0.3757,-1,-1,-1
35,7,1560.74,516.19,30.86,92.41,0.5337,-1,-1,-1
35,6,435.13,566.06,39.97,103.01,0.4290,-1,-1,-1
35,4,1784.78,622.22,66.95,158.18,0.6385,-1,-1,-1
35,2,1470.65,539.33,45.92,125.90,0.7301,-1,-1,-1
36,8,474.84,550.13,39.20,119.35,0.3017,-1,-1,-1
36,7,1565.22,516.09,30.53,90.58,0.3404,-1,-1,-1
36,6,431.91,561.09,41.72,105.64,0.3520,-1,-1,-1
36,4,1793.41,617.91,70.29,168.40,0.7068,-1,-1,-1
36,2,1477.33,536.44,43.06,129.53,0.7512,-1,-1,-1
37,8,469.15,538.70,43.26,126.89,0.4700,-1,-1,-1
37,7,1570.61,514.57,32.78,92.07,0.4268,-1,-1,-1
37,6,429.13,552.25,38.47,111.46,0.3534,-1,-1,-1
37,4,1800.21,622.31,76.22,169.47,0.7733,-1,-1,-1
37,2,1481.06,538.34,41.53,126.17,0.7194,-1,-1,-1
38,8,466.49,540.74,44.43,124.60,0.5380,-1,-1,-1
38,7,1575.42,502.92,30.87,97.70,0.4793,-1,-1,-1
38,6,426.24,549.75,39.49,116.06,0.4979,-1,-1,-1
38,4,1809.37,616.80,77.90,178.28,0.7811,-1,-1,-1
38,2,1485.14,532.97,40.65,130.24,0.7112,-1,-1,-1
39,8,465.24,529.17,43.56,127.93,0.4771,-1,-1,-1
39,7,1581.04,507.66,33.95,96.84,0.5146,-1,-1,-1
39,6,423.02,542.00,39.48,115.13,0.4514,-1,-1,-1
39,4,1822.49,630.06,75.62,173.42,0.7506,-1,-1,-1
39,2,1488.05,538.89,43.04,127.12,0.7031,-1,-1,-1
40,8,465.74,539.52,42.81,121.96,0.4694,-1,-1,-1
40,7,1582.61,500.03,36.34,104.36,0.3284,-1,-1,-1
40,6,420.47,540.64,39.10,121.57,0.3848,-1,-1,-1
40,4,1834.76,626.70,74.45,178.00,0.7793,-1,-1,-1
40,2,1492.24,536.57,41.32,126.41,0.7112,-1,-1,-1
41,8,463.22,538.29,44.87,120.83,0.4692,-1,-1,-1
41,7,1589.61,502.33,39.29,106.13,0.4961,-1,-1,-1
41,6,419.51,534.80,40.52,125.13,0.4086,-1,-1,-1
41,4,1845.64,633.22,73.69,179.86,0.7574,-1,-1,-1
41,2,1495.32,547.60,44.11,118.89,0.6978,-1,-1,-1
42,13,646.64,521.55,33.22,91.24,0.3098,-1,-1,-1
42,8,462.00,545.78,46.57,116.56,0.4616,-1,-1,-1
42,7,1594.74,508.20,34.33,100.43,0.5749,-1,-1,-1
42,6,418.66,536.39,43.98,127.63,0.5494,-1,-1,-1
42,4,1857.99,638.36,61.38,179.90,0.6918,-1,-1,-1
42,2,1501.29,548.03,43.06,120.48,0.6872,-1,-1,-1
43,14,502.46,529.00,33.97,89.54,0.3718,-1,-1,-1
43,8,456.83,530.05,47.58,135.30,0.4124,-1,-1,-1
43,7,1596.90,511.86,33.69,97.36,0.5063,-1,-1,-1
43,6,415.19,535.94,45.73,130.77,0.5424,-1,-1,-1
43,4,1870.96,644.74,48.31,169.49,0.6625,-1,-1,-1
43,2,1506.17,548.95,42.45,122.88,0.6680,-1,-1,-1
44,8,451.38,531.32,49.74,137.86,0.4006,-1,-1,-1
44,7,1599.91,510.40,38.56,101.35,0.5306,-1,-1,-1
44,6,416.55,535.04,43.99,133.25,0.3816,-1,-1,-1
44,4,1882.11,651.46,37.20,166.13,0.6411,-1,-1,-1
44,2,1511.86,552.95,42.56,120.33,0.6219,-1,-1,-1
45,8,451.31,532.36,47.96,134.59,0.3259,-1,-1,-1
45,7,1603.81,514.21,40.65,101.88,0.5890,-1,-1,-1
45,6,416.28,535.02,41.86,131.18,0.3758,-1,-1,-1
45,4,1892.81,674.74,26.50,158.37,0.4757,-1,-1,-1
45,2,1515.48,555.95,44.36,130.16,0.7576,-1,-1,-1
46,8,449.12,534.15,46.84,136.79,0.3438,-1,-1,-1
46,7,1608.87,515.81,39.54,100.49,0.5484,-1,-1,-1
46,6,406.38,540.76,48.59,126.10,0.3130,-1,-1,-1
46,2,1520.13,554.02,42.54,135.24,0.7570,-1,-1,-1
47,14,492.00,515.16,37.09,104.69,0.3365,-1,-1,-1
47,13,640.94,531.14,31.17,87.19,0.3538,-1,-1,-1
47,8,449.73,539.30,43.58,130.98,0.3278,-1,-1,-1
47,7,1619.51,528.44,33.83,91.88,0.5303,-1,-1,-1
47,2,1525.16,559.41,43.56,131.12,0.7203,-1,-1,-1
48,14,490.80,530.89,34.84,92.11,0.3159,-1,-1,-1
48,8,448.67,544.52,45.08,131.13,0.3631,-1,-1,-1
48,7,1622.03,528.29,31.80,91.71,0.6491,-1,-1,-1
48,6,403.14,535.95,47.57,135.59,0.3404,-1,-1,-1
48,2,1528.79,560.00,45.13,133.57,0.7092,-1,-1,-1
49,15,572.38,534.15,28.44,92.24,0.3078,-1,-1,-1
49,8,446.13,551.26,43.91,125.65,0.5422,-1,-1,-1
49,7,1625.93,533.11,31.45,90.78,0.7157,-1,-1,-1
49,6,397.40,557.35,43.62,117.65,0.4166,-1,-1,-1
49,2,1533.64,558.54,44.91,136.56,0.7104,-1,-1,-1
50,15,569.41,533.02,31.16,93.64,0.3223,-1,-1,-1
50,8,444.60,560.29,43.05,116.54,0.5614,-1,-1,-1
50,7,1632.12,530.38,27.79,90.28,0.4167,-1,-1,-1
50,6,397.06,555.05,43.68,117.76,0.3640,-1,-1,-1
50,2,1538.20,557.21,46.02,137.63,0.6967,-1,-1,-1
51,17,337.25,562.49,37.72,111.12,0.4040,-1,-1,-1
51,8,442.08,567.62,43.03,108.77,0.5522,-1,-1,-1
51,7,1637.46,533.78,29.87,89.71,0.6433,-1,-1,-1
51,6,396.85,550.20,44.24,121.09,0.4898,-1,-1,-1
51,2,1542.42,561.54,46.48,137.42,0.6996,-1,-1,-1
52,17,335.75,561.55,36.74,112.77,0.5024,-1,-1,-1
52,13,635.94,538.10,31.98,88.40,0.4133,-1,-1,-1
52,8,441.93,568.78,40.78,109.45,0.5688,-1,-1,-1
52,7,1640.04,532.10,30.45,91.43,0.5628,-1,-1,-1
52,6,395.26,551.42,45.91,123.87,0.5375,-1,-1,-1
52,2,1546.52,557.50,50.73,149.19,0.7090,-1,-1,-1
53,17,329.24,557.42,41.21,119.66,0.4319,-1,-1,-1
53,13,636.41,536.25,30.66,90.74,0.4401,-1,-1,-1
53,8,438.93,565.23,44.70,115.17,0.5361,-1,-1,-1
53,7,1644.22,533.55,30.30,89.40,0.5336,-1,-1,-1
53,6,392.09,550.36,45.96,127.81,0.5311,-1,-1,-1
53,2,1550.67,556.15,51.74,152.57,0.6880,-1,-1,-1
54,17,327.90,562.56,41.33,111.10,0.4998,-1,-1,-1
54,15,553.42,533.34,34.81,95.43,0.3112,-1,-1,-1
54,13,635.65,534.76,31.52,90.81,0.3957,-1,-1,-1
54,8,436.04,567.30,44.62,113.30,0.5619,-1,-1,-1
54,7,1648.70,534.30,30.46,89.46,0.5931,-1,-1,-1
54,6,387.59,548.21,45.47,129.84,0.5161,-1,-1,-1
54,2,1553.15,557.08,52.66,153.62,0.7246,-1,-1,-1
55,17,325.72,558.77,43.15,114.09,0.4940,-1,-1,-1
55,13,635.94,535.75,30.14,90.43,0.3395,-1,-1,-1
55,8,434.59,561.80,44.61,119.55,0.4614,-1,-1,-1
55,7,1653.60,532.76,32.75,92.43,0.6042,-1,-1,-1
55,6,383.97,542.96,46.06,135.20,0.5711,-1,-1,-1
55,2,1558.12,553.14,52.43,158.58,0.7493,-1,-1,-1
56,17,320.42,557.35,46.00,116.33,0.5547,-1,-1,-1
56,15,551.96,533.10,30.39,97.69,0.3291,-1,-1,-1
56,13,632.55,535.96,26.44,92.78,0.3523,-1,-1,-1
56,8,430.75,562.76,43.14,119.05,0.3548,-1,-1,-1
56,7,1656.78,524.12,36.65,102.15,0.7225,-1,-1,-1
56,6,382.98,551.76,43.42,126.32,0.5227,-1,-1,-1
56,2,1563.18,553.71,51.61,156.13,0.7373,-1,-1,-1
57,17,314.53,556.54,45.79,118.45,0.4612,-1,-1,-1
57,15,550.01,532.24,31.40,98.74,0.3742,-1,-1,-1
57,13,630.73,536.34,27.96,92.61,0.3478,-1,-1,-1
57,8,425.73,560.72,44.05,119.94,0.4540,-1,-1,-1
57,7,1658.33,519.88,37.24,104.70,0.7182,-1,-1,-1
57,6,380.06,551.16,43.71,127.47,0.5250,-1,-1,-1
57,2,1567.67,552.03,53.32,156.80,0.7172,-1,-1,-1
58,17,309.35,554.24,47.46,116.55,0.4665,-1,-1,-1
58,15,545.75,533.12,32.08,95.87,0.3045,-1,-1,-1
58,13,631.26,536.50,27.36,90.54,0.3269,-1,-1,-1
58,8,421.10,558.68,45.11,120.85,0.4636,-1,-1,-1
58,7,1661.04,513.42,37.06,108.66,0.6822,-1,-1,-1
58,6,377.16,546.78,43.18,130.47,0.5753,-1,-1,-1
58,2,1571.69,558.09,52.82,150.57,0.6336,-1,-1,-1
59,17,306.47,550.71,47.26,121.52,0.4360,-1,-1,-1
59,13,626.81,535.73,29.05,90.17,0.3696,-1,-1,-1
59,8,418.18,560.97,45.84,117.09,0.4143,-1,-1,-1
59,7,1663.84,509.64,41.47,112.20,0.6580,-1,-1,-1
59,6,373.93,543.38,41.53,132.11,0.5620,-1,-1,-1
59,2,1578.76,564.22,49.94,145.97,0.6308,-1,-1,-1
60,17,303.47,555.79,47.30,115.62,0.3954,-1,-1,-1
60,8,416.63,564.22,47.79,114.10,0.3865,-1,-1,-1
60,7,1664.96,510.91,42.17,110.48,0.7210,-1,-1,-1
60,6,369.21,547.43,41.03,128.12,0.5510,-1,-1,-1
60,2,1581.57,559.40,51.50,151.94,0.6270,-1,-1,-1
61,17,299.81,559.23,49.41,113.99,0.4348,-1,-1,-1
61,8,415.36,560.55,47.70,118.90,0.4219,-1,-1,-1
61,7,1665.80,509.63,44.90,106.63,0.7166,-1,-1,-1
61,6,365.47,549.67,45.16,127.83,0.4772,-1,-1,-1
61,2,1585.40,547.39,52.67,159.12,0.6206,-1,-1,-1
62,17,296.52,551.33,49.01,115.32,0.4386,-1,-1,-1
62,13,622.93,530.69,27.14,94.26,0.3751,-1,-1,-1
62,8,413.10,549.98,42.68,127.53,0.3485,-1,-1,-1
62,7,1671.41,520.20,44.23,102.31,0.5493,-1,-1,-1
62,6,360.80,541.60,47.35,131.45,0.4605,-1,-1,-1
62,2,1589.86,556.20,54.35,155.15,0.7006,-1,-1,-1
63,17,294.96,571.95,46.42,116.11,0.4956,-1,-1,-1
63,8,412.61,572.01,45.08,118.75,0.3696,-1,-1,-1
63,7,1681.28,514.85,37.04,93.05,0.5713,-1,-1,-1
63,6,360.71,564.09,43.59,127.92,0.4010,-1,-1,-1
63,2,1597.10,544.12,53.06,155.30,0.6412,-1,-1,-1
64,17,291.86,549.94,45.60,117.99,0.4852,-1,-1,-1
64,13,621.74,530.53,25.81,95.64,0.3505,-1,-1,-1
64,8,402.97,545.55,46.24,130.45,0.3331,-1,-1,-1
64,7,1688.81,530.70,33.63,93.94,0.6373,-1,-1,-1
64,6,357.28,538.73,45.64,135.81,0.4847,-1,-1,-1
64,2,1599.84,564.77,57.09,151.31,0.6267,-1,-1,-1
65,17,287.69,561.56,43.16,116.53,0.5092,-1,-1,-1
65,15,527.98,532.70,32.04,99.54,0.3402,-1,-1,-1
65,14,467.72,554.26,29.48,71.89,0.3443,-1,-1,-1
65,8,401.24,562.00,45.16,120.79,0.3864,-1,-1,-1
65,7,1690.60,529.13,33.10,88.83,0.6807,-1,-1,-1
65,6,349.11,552.55,47.31,130.90,0.4787,-1,-1,-1
65,2,1602.64,562.13,56.38,149.76,0.7300,-1,-1,-1
66,17,288.42,566.97,40.59,114.27,0.5086,-1,-1,-1
66,14,468.28,559.36,30.38,73.39,0.4142,-1,-1,-1
66,13,619.04,542.68,25.71,91.91,0.3268,-1,-1,-1
66,8,397.57,566.58,48.76,123.79,0.5015,-1,-1,-1
66,7,1698.28,519.84,33.51,92.70,0.6914,-1,-1,-1
66,6,348.29,557.54,47.09,135.36,0.6007,-1,-1,-1
66,2,1610.94,561.53,55.34,149.62,0.7226,-1,-1,-1
67,17,281.13,545.98,42.60,123.87,0.3350,-1,-1,-1
67,14,459.19,552.47,31.05,69.97,0.3429,-1,-1,-1
67,8,394.22,558.95,46.34,120.11,0.5550,-1,-1,-1
67,7,1698.57,536.74,35.19,90.82,0.6538,-1,-1,-1
67,6,342.67,544.19,49.91,135.89,0.5523,-1,-1,-1
67,2,1613.72,568.01,56.53,155.07,0.7349,-1,-1,-1
68,17,277.84,562.45,41.12,118.41,0.4443,-1,-1,-1
68,14,454.96,558.45,30.67,73.38,0.4477,-1,-1,-1
68,8,388.28,562.46,50.48,123.87,0.5489,-1,-1,-1
68,7,1701.99,528.33,33.18,89.97,0.5778,-1,-1,-1
68,6,341.13,556.94,46.48,129.98,0.5774,-1,-1,-1
68,2,1617.38,564.64,56.59,152.12,0.7323,-1,-1,-1
69,17,272.34,549.84,40.54,127.44,0.4399,-1,-1,-1
69,14,451.19,553.73,27.93,73.71,0.4045,-1,-1,-1
69,8,386.56,556.86,46.17,122.99,0.4934,-1,-1,-1
69,7,1704.24,538.51,35.12,91.59,0.6496,-1,-1,-1
69,6,333.43,543.01,51.89,139.25,0.4396,-1,-1,-1
69,2,1621.60,571.24,58.95,157.46,0.7561,-1,-1,-1
70,17,266.68,548.88,43.97,131.08,0.3741,-1,-1,-1
70,14,443.39,555.24,30.68,74.91,0.4610,-1,-1,-1
70,8,380.33,555.52,48.11,128.87,0.5876,-1,-1,-1
70,7,1705.14,534.76,35.13,93.29,0.5958,-1,-1,-1
70,6,330.48,545.00,50.13,139.66,0.5194,-1,-1,-1
70,2,1625.65,566.11,59.37,156.88,0.7757,-1,-1,-1
71,15,504.78,531.72,37.37,108.31,0.4428,-1,-1,-1
71,14,436.45,552.73,33.79,75.91,0.3955,-1,-1,-1
71,13,598.54,539.63,28.61,97.02,0.3379,-1,-1,-1
71,8,374.85,553.04,48.69,128.95,0.5606,-1,-1,-1
71,7,1706.52,536.83,35.09,93.84,0.6895,-1,-1,-1
71,6,329.50,547.30,47.28,134.58,0.5145,-1,-1,-1
71,2,1630.24,571.94,58.62,159.47,0.7566,-1,-1,-1
72,15,503.54,535.26,35.94,106.70,0.3699,-1,-1,-1
72,14,428.74,555.81,34.96,75.44,0.4248,-1,-1,-1
72,8,370.91,554.83,47.33,130.66,0.6104,-1,-1,-1
72,7,1706.67,536.30,36.33,91.25,0.6903,-1,-1,-1
72,6,325.58,552.17,49.10,133.45,0.6167,-1,-1,-1
72,2,1633.18,558.59,60.44,174.33,0.7887,-1,-1,-1
73,17,252.38,553.34,39.76,127.31,0.3369,-1,-1,-1
73,15,500.54,535.12,34.94,105.42,0.3432,-1,-1,-1
73,14,425.04,552.04,30.49,74.13,0.4055,-1,-1,-1
73,8,366.63,548.38,47.86,133.53,0.5832,-1,-1,-1
73,7,1708.45,538.74,39.34,95.07,0.5826,-1,-1,-1
73,6,316.59,543.04,52.00,138.98,0.4701,-1,-1,-1
73,2,1638.31,564.16,60.42,171.92,0.6741,-1,-1,-1
74,17,247.13,540.99,46.98,142.09,0.3166,-1,-1,-1
74,14,417.35,553.33,35.02,74.25,0.4463,-1,-1,-1
74,13,583.19,538.12,27.73,100.70,0.3052,-1,-1,-1
74,8,363.08,548.30,49.06,134.92,0.4974,-1,-1,-1
74,7,1710.99,536.04,37.20,93.35,0.5853,-1,-1,-1
74,6,314.55,542.86,49.03,141.25,0.3725,-1,-1,-1
74,2,1641.35,571.35,64.89,166.62,0.7212,-1,-1,-1
75,14,412.61,554.43,32.76,76.37,0.3755,-1,-1,-1
75,13,580.22,536.39,28.80,104.25,0.3461,-1,-1,-1
75,8,355.70,556.91,46.94,127.39,0.6082,-1,-1,-1
75,7,1712.11,539.28,37.82,93.61,0.5704,-1,-1,-1
75,6,305.59,549.34,49.28,133.66,0.4168,-1,-1,-1
75,2,1643.54,578.55,64.86,162.79,0.7427,-1,-1,-1
76,14,399.70,552.97,36.69,73.68,0.3275,-1,-1,-1
76,13,575.58,536.04,31.25,103.07,0.3408,-1,-1,-1
76,8,350.75,551.75,48.73,131.29,0.4953,-1,-1,-1
76,7,1712.58,539.39,38.51,90.84,0.5470,-1,-1,-1
76,6,293.14,542.81,58.21,142.00,0.4757,-1,-1,-1
76,2,1647.82,579.05,63.99,163.39,0.7340,-1,-1,-1
77,15,475.99,534.63,42.62,111.24,0.3066,-1,-1,-1
77,14,396.45,553.48,33.32,78.18,0.3707,-1,-1,-1
77,13,573.87,533.50,30.01,104.95,0.3854,-1,-1,-1
77,8,343.44,549.33,48.53,132.98,0.6131,-1,-1,-1
77,7,1713.65,540.88,38.28,90.89,0.5367,-1,-1,-1
77,6,292.32,545.43,52.87,138.44,0.4476,-1,-1,-1
77,2,1649.09,581.14,67.95,162.83,0.7196,-1,-1,-1
78,17,222.70,543.95,43.17,138.58,0.3025,-1,-1,-1
78,14,390.39,552.83,34.94,77.64,0.3427,-1,-1,-1
78,13,571.33,536.46,27.07,99.58,0.3055,-1,-1,-1
78,8,340.46,552.72,47.67,132.77,0.5296,-1,-1,-1
78,7,1713.33,540.76,38.44,91.31,0.5824,-1,-1,-1
78,6,280.53,540.13,56.71,145.84,0.4277,-1,-1,-1
78,2,1652.76,581.76,68.16,164.55,0.7338,-1,-1,-1
79,15,463.43,529.62,39.25,114.79,0.3439,-1,-1,-1
79,14,382.76,552.47,33.25,76.66,0.3436,-1,-1,-1
79,13,546.07,534.91,43.35,110.71,0.3192,-1,-1,-1
79,8,333.33,548.20,50.38,136.65,0.5560,-1,-1,-1
79,7,1712.81,540.00,39.05,90.48,0.5741,-1,-1,-1
79,6,270.15,537.82,62.20,146.00,0.5017,-1,-1,-1
79,2,1653.10,585.31,73.00,161.78,0.7504,-1,-1,-1
80,15,455.25,529.44,44.89,119.22,0.4907,-1,-1,-1
80,14,373.23,554.05,35.75,76.57,0.3362,-1,-1,-1
80,13,550.29,534.33,38.10,112.32,0.3065,-1,-1,-1
80,8,327.23,553.41,49.80,133.80,0.6082,-1,-1,-1
80,7,1712.07,535.94,39.69,92.24,0.6110,-1,-1,-1
80,6,262.84,536.78,64.66,148.82,0.5574,-1,-1,-1
80,2,1653.25,581.28,75.32,168.01,0.7251,-1,-1,-1
81,21,147.56,556.84,45.77,131.58,0.3813,-1,-1,-1
81,15,451.48,531.29,45.72,120.22,0.3347,-1,-1,-1
81,14,368.29,554.33,33.41,74.29,0.4961,-1,-1,-1
81,13,547.77,541.02,37.36,103.88,0.3280,-1,-1,-1
81,8,318.22,553.54,51.45,133.34,0.5707,-1,-1,-1
81,7,1711.49,536.11,39.22,91.44,0.5702,-1,-1,-1
81,6,267.96,551.53,49.55,131.06,0.3490,-1,-1,-1
81,2,1657.60,581.78,72.21,166.97,0.7501,-1,-1,-1
82,21,138.69,555.98,50.12,135.92,0.4349,-1,-1,-1
82,14,359.57,554.89,34.71,76.95,0.3519,-1,-1,-1
82,8,311.81,555.60,49.08,131.30,0.4977,-1,-1,-1
82,7,1712.16,537.20,36.01,91.14,0.6127,-1,-1,-1
82,6,262.35,534.96,49.79,148.74,0.3810,-1,-1,-1
82,2,1660.16,582.71,71.83,171.32,0.7391,-1,-1,-1
83,21,129.62,559.15,51.75,132.51,0.5452,-1,-1,-1
83,18,470.74,541.40,38.32,113.69,0.3853,-1,-1,-1
83,15,440.06,538.32,41.79,113.68,0.3832,-1,-1,-1
83,14,356.31,558.81,31.15,73.32,0.3571,-1,-1,-1
83,8,304.27,558.91,51.93,130.45,0.6698,-1,-1,-1
83,7,1712.09,536.64,35.49,91.10,0.5891,-1,-1,-1
83,6,256.53,542.53,46.90,145.15,0.4590,-1,-1,-1
83,2,1666.84,581.74,66.19,172.44,0.7057,-1,-1,-1
84,21,121.72,561.43,52.26,134.67,0.5342,-1,-1,-1
84,18,461.95,545.90,44.21,110.39,0.3910,-1,-1,-1
84,15,432.94,536.79,41.76,113.60,0.3586,-1,-1,-1
84,14,346.49,557.48,31.83,74.44,0.4253,-1,-1,-1
84,8,295.86,563.22,55.47,127.20,0.5323,-1,-1,-1
84,7,1712.85,535.36,34.11,92.93,0.5709,-1,-1,-1
84,6,243.86,553.33,53.95,137.45,0.5414,-1,-1,-1
84,2,1664.02,579.06,74.19,178.75,0.7244,-1,-1,-1
85,22,398.60,557.96,28.53,89.55,0.3137,-1,-1,-1
85,21,112.19,565.12,53.94,132.72,0.5261,-1,-1,-1
85,8,291.37,561.80,49.72,129.55,0.5020,-1,-1,-1
85,7,1711.53,536.19,34.78,92.80,0.4763,-1,-1,-1
85,6,244.50,558.03,46.42,134.97,0.4786,-1,-1,-1
85,2,1667.95,580.66,72.28,180.38,0.7671,-1,-1,-1
86,22,390.30,553.39,33.94,94.69,0.4462,-1,-1,-1
86,21,103.26,561.19,55.81,143.42,0.4134,-1,-1,-1
86,18,450.96,538.25,42.43,120.73,0.3610,-1,-1,-1
86,15,422.53,533.53,38.14,123.42,0.3420,-1,-1,-1
86,8,284.59,560.84,48.93,132.52,0.5834,-1,-1,-1
86,7,1707.13,535.49,37.14,74.27,0.3143,-1,-1,-1
86,6,229.82,556.59,51.33,137.16,0.4305,-1,-1,-1
86,2,1672.09,580.60,69.89,179.04,0.7648,-1,-1,-1
87,22,383.13,554.20,35.94,98.02,0.5402,-1,-1,-1
87,21,96.77,561.45,59.80,135.51,0.5338,-1,-1,-1
87,18,441.93,547.69,42.22,115.79,0.3908,-1,-1,-1
87,15,414.84,538.28,40.49,119.97,0.3098,-1,-1,-1
87,8,280.32,563.88,52.33,132.59,0.5737,-1,-1,-1
87,6,225.43,555.32,50.47,140.27,0.4925,-1,-1,-1
87,2,1671.89,584.62,72.54,179.68,0.7970,-1,-1,-1
88,22,377.90,556.10,34.44,97.68,0.3989,-1,-1,-1
88,21,91.74,567.65,50.92,128.88,0.5036,-1,-1,-1
88,18,432.78,548.07,48.29,119.74,0.4158,-1,-1,-1
88,13,512.62,539.81,37.72,121.66,0.3380,-1,-1,-1
88,8,270.12,569.72,51.70,131.67,0.5030,-1,-1,-1
88,6,220.31,561.95,50.35,138.77,0.5736,-1,-1,-1
88,2,1675.12,581.60,71.40,185.37,0.7977,-1,-1,-1
89,22,368.17,554.37,30.97,98.43,0.4581,-1,-1,-1
89,21,83.99,561.53,53.97,137.19,0.4658,-1,-1,-1
89,18,431.27,545.89,41.94,122.99,0.5842,-1,-1,-1
89,8,265.61,566.41,51.48,132.18,0.4703,-1,-1,-1
89,6,215.58,556.90,47.97,144.52,0.3127,-1,-1,-1
89,2,1679.08,584.11,69.51,189.97,0.8039,-1,-1,-1
90,22,359.87,570.14,35.46,88.89,0.4278,-1,-1,-1
90,21,74.90,565.15,58.82,139.27,0.4848,-1,-1,-1
90,18,420.06,547.24,46.75,126.15,0.3058,-1,-1,-1
90,15,392.56,539.03,41.95,132.42,0.3598,-1,-1,-1
90,8,260.07,570.97,54.03,134.95,0.5299,-1,-1,-1
90,6,204.25,554.89,53.09,149.54,0.3255,-1,-1,-1
90,2,1682.47,585.66,69.94,193.24,0.7570,-1,-1,-1
91,22,354.66,570.99,33.30,88.93,0.3759,-1,-1,-1
91,21,67.95,566.81,55.44,142.37,0.4511,-1,-1,-1
91,18,413.93,551.32,46.30,124.23,0.5724,-1,-1,-1
91,15,385.00,547.87,42.83,121.20,0.3133,-1,-1,-1
91,8,248.57,551.52,68.89,156.61,0.4394,-1,-1,-1
91,6,200.48,560.57,50.66,145.28,0.3827,-1,-1,-1
91,2,1684.96,599.11,73.51,185.60,0.7886,-1,-1,-1
92,21,57.54,571.56,67.08,142.26,0.3362,-1,-1,-1
92,18,408.19,554.15,43.01,125.55,0.5380,-1,-1,-1
92,15,381.07,559.76,35.98,117.25,0.3365,-1,-1,-1
92,8,247.37,554.96,61.36,156.67,0.5457,-1,-1,-1
92,6,189.44,561.13,55.14,151.51,0.3347,-1,-1,-1
92,2,1688.04,602.32,73.63,185.19,0.7965,-1,-1,-1
93,22,339.11,580.21,33.03,88.55,0.4047,-1,-1,-1
93,18,401.15,556.75,44.10,126.96,0.5218,-1,-1,-1
93,15,370.35,553.29,36.14,128.67,0.3048,-1,-1,-1
93,8,242.44,572.59,51.94,139.96,0.5528,-1,-1,-1
93,6,185.43,551.36,53.29,164.66,0.5639,-1,-1,-1
93,2,1688.74,606.24,74.02,186.41,0.8095,-1,-1,-1
94,22,333.26,581.19,31.73,93.27,0.4824,-1,-1,-1
94,18,391.89,555.75,45.67,129.30,0.6197,-1,-1,-1
94,15,365.29,551.91,39.54,130.43,0.4131,-1,-1,-1
94,8,235.72,576.51,55.06,140.32,0.5420,-1,-1,-1
94,7,1697.21,540.98,38.93,82.63,0.3709,-1,-1,-1
94,6,182.26,564.90,51.30,152.24,0.5228,-1,-1,-1
94,2,1689.96,607.65,73.73,187.39,0.8040,-1,-1,-1
95,18,387.83,559.18,44.92,127.95,0.5343,-1,-1,-1
95,8,226.08,580.18,57.79,138.77,0.5216,-1,-1,-1
95,7,1693.97,542.21,41.56,94.12,0.4892,-1,-1,-1
95,6,173.43,564.17,54.86,154.54,0.6017,-1,-1,-1
95,2,1691.90,610.98,75.28,189.68,0.7918,-1,-1,-1
96,22,316.58,584.02,32.23,88.82,0.4526,-1,-1,-1
96,18,380.41,568.09,43.95,123.22,0.4843,-1,-1,-1
96,15,353.38,558.43,34.04,129.89,0.3453,-1,-1,-1
96,8,221.99,582.91,51.98,142.10,0.5760,-1,-1,-1
96,7,1693.55,541.88,44.13,95.92,0.5265,-1,-1,-1
96,6,164.86,577.55,54.59,146.79,0.4635,-1,-1,-1
96,2,1696.29,611.01,74.63,190.91,0.7886,-1,-1,-1
97,23,438.51,568.60,34.93,117.45,0.3467,-1,-1,-1
97,22,307.83,576.21,34.63,100.17,0.5859,-1,-1,-1
97,18,371.42,555.97,47.84,134.50,0.5175,-1,-1,-1
97,15,342.74,550.98,39.96,135.32,0.4798,-1,-1,-1
97,8,211.35,578.18,56.87,144.84,0.6520,-1,-1,-1
97,7,1693.09,545.49,42.43,93.78,0.5337,-1,-1,-1
97,6,158.84,580.00,52.27,139.20,0.5562,-1,-1,-1
97,2,1700.49,612.73,76.81,193.03,0.7858,-1,-1,-1
98,23,422.21,575.40,38.26,117.26,0.3176,-1,-1,-1
98,19,453.10,565.12,35.13,117.71,0.3327,-1,-1,-1
98,18,366.67,583.18,45.34,108.55,0.6104,-1,-1,-1
98,15,336.20,562.46,39.69,129.08,0.3059,-1,-1,-1
98,8,203.36,581.61,55.10,145.98,0.6217,-1,-1,-1
98,7,1690.99,546.29,40.51,95.21,0.5092,-1,-1,-1
98,6,151.20,582.66,53.41,144.19,0.5595,-1,-1,-1
98,2,1705.08,612.45,76.66,196.53,0.7919,-1,-1,-1
99,23,413.90,573.32,41.31,119.77,0.3762,-1,-1,-1
99,22,290.03,589.27,34.40,87.81,0.4881,-1,-1,-1
99,18,358.44,567.21,46.53,125.62,0.5586,-1,-1,-1
99,15,329.59,556.47,36.36,132.88,0.4518,-1,-1,-1
99,8,197.28,578.06,53.66,148.24,0.6655,-1,-1,-1
99,7,1688.31,546.02,42.36,102.95,0.5022,-1,-1,-1
99,6,142.11,581.31,54.56,142.89,0.4819,-1,-1,-1
99,2,1706.66,614.42,78.83,197.62,0.7602,-1,-1,-1
100,22,281.07,586.73,35.62,97.09,0.5923,-1,-1,-1
100,19,441.89,562.90,32.56,105.24,0.4475,-1,-1,-1
100,18,347.64,576.46,51.88,117.91,0.5461,-1,-1,-1
100,15,319.33,561.27,39.62,131.52,0.4089,-1,-1,-1
100,8,188.72,587.94,54.92,141.03,0.6086,-1,-1,-1
100,7,1685.37,548.77,42.46,101.21,0.6410,-1,-1,-1
100,6,130.25,583.89,56.98,140.11,0.5671,-1,-1,-1
100,2,1709.29,612.72,80.82,200.27,0.7948,-1,-1,-1
101,24,1555.12,523.52,23.23,80.41,0.3246,-1,-1,-1
101,23,396.34,570.85,42.39,128.11,0.4526,-1,-1,-1
101,22,272.96,588.89,33.44,90.93,0.4472,-1,-1,-1
101,19,434.09,561.12,34.62,107.82,0.3739,-1,-1,-1
101,18,340.29,570.67,49.38,122.48,0.5710,-1,-1,-1
101,15,309.27,578.44,37.23,112.51,0.3816,-1,-1,-1
101,8,179.48,581.99,58.71,145.56,0.5853,-1,-1,-1
101,7,1685.25,550.68,38.76,103.07,0.7197,-1,-1,-1
101,6,123.98,578.18,58.46,145.29,0.6036,-1,-1,-1
101,2,1711.13,615.95,81.12,202.66,0.7866,-1,-1,-1
102,24,1548.32,521.65,25.51,81.52,0.3880,-1,-1,-1
102,23,389.34,574.04,43.30,125.58,0.3719,-1,-1,-1
102,22,261.95,593.65,36.27,87.98,0.5422,-1,-1,-1
102,19,432.23,561.26,30.62,110.93,0.3857,-1,-1,-1
102,18,332.21,575.67,48.99,120.20,0.6193,-1,-1,-1
102,15,302.23,580.09,35.31,112.95,0.3032,-1,-1,-1
102,8,171.74,583.25,57.34,145.08,0.5696,-1,-1,-1
102,7,1684.55,550.50,36.90,102.99,0.7409,-1,-1,-1
102,6,114.52,581.32,57.69,146.60,0.6266,-1,-1,-1
102,2,1712.81,620.54,82.58,199.39,0.8139,-1,-1,-1
103,24,1545.82,518.91,25.05,78.70,0.4539,-1,-1,-1
103,23,385.33,570.24,39.34,128.68,0.3388,-1,-1,-1
103,22,255.66,588.49,36.49,100.33,0.4425,-1,-1,-1
103,19,422.60,561.59,31.64,107.67,0.3367,-1,-1,-1
103,18,326.01,573.99,52.68,120.93,0.4861,-1,-1,-1
103,8,163.83,588.57,57.38,142.06,0.5182,-1,-1,-1
103,7,1683.71,550.44,36.27,101.97,0.7189,-1,-1,-1
103,6,105.13,577.71,57.17,150.79,0.5524,-1,-1,-1
103,2,1713.66,618.69,86.37,206.09,0.8263,-1,-1,-1
104,24,1545.56,521.81,22.53,76.20,0.3716,-1,-1,-1
104,23,373.41,575.65,41.20,123.97,0.4723,-1,-1,-1
104,22,248.15,589.54,36.09,91.29,0.3084,-1,-1,-1
104,21,35.39,578.00,52.52,140.41,0.3047,-1,-1,-1
104,19,415.18,557.62,34.42,107.14,0.4457,-1,-1,-1
104,18,315.31,578.43,50.39,115.65,0.3577,-1,-1,-1
104,8,154.29,590.76,50.55,136.89,0.4251,-1,-1,-1
104,7,1682.67,551.78,35.29,102.24,0.7075,-1,-1,-1
104,6,95.07,576.45,58.57,149.83,0.5656,-1,-1,-1
104,2,1715.08,624.84,87.01,207.24,0.8179,-1,-1,-1
105,23,367.70,568.50,41.13,134.02,0.3745,-1,-1,-1
105,22,237.45,591.92,37.60,91.67,0.4482,-1,-1,-1
105,21,23.85,580.43,54.38,144.42,0.4168,-1,-1,-1
105,19,408.18,559.11,34.71,117.33,0.4019,-1,-1,-1
105,18,304.67,563.65,53.69,134.27,0.5173,-1,-1,-1
105,8,145.48,585.45,59.67,144.48,0.5507,-1,-1,-1
105,7,1681.64,549.58,34.62,103.54,0.6659,-1,-1,-1
105,6,87.41,579.65,57.40,149.08,0.6011,-1,-1,-1
105,2,1717.77,624.16,86.73,210.25,0.8060,-1,-1,-1
106,24,1535.04,522.20,25.94,73.36,0.3971,-1,-1,-1
106,23,360.82,566.68,39.85,135.85,0.5133,-1,-1,-1
106,22,227.39,589.15,36.32,96.83,0.3595,-1,-1,-1
106,18,299.31,566.91,51.76,130.11,0.5020,-1,-1,-1
106,8,138.97,573.84,60.16,155.93,0.5318,-1,-1,-1
106,7,1680.00,549.33,33.68,104.50,0.6085,-1,-1,-1
106,6,77.28,573.81,55.59,154.60,0.5604,-1,-1,-1
106,2,1723.82,625.52,84.89,212.44,0.7800,-1,-1,-1
107,24,1533.17,520.77,28.28,77.34,0.4411,-1,-1,-1
107,23,351.30,561.55,42.95,142.06,0.5359,-1,-1,-1
107,22,218.50,591.51,39.39,98.18,0.5191,-1,-1,-1
107,21,8.36,575.88,50.99,145.02,0.3997,-1,-1,-1
107,19,393.37,561.56,34.67,105.29,0.5070,-1,-1,-1
107,18,287.06,557.07,53.69,140.84,0.4683,-1,-1,-1
107,15,257.18,589.32,36.91,113.92,0.3924,-1,-1,-1
107,8,130.00,586.48,55.22,144.15,0.4011,-1,-1,-1
107,7,1677.55,547.60,32.24,105.48,0.5535,-1,-1,-1
107,6,67.68,572.05,58.96,156.47,0.5916,-1,-1,-1
107,2,1726.68,622.50,84.09,217.35,0.7893,-1,-1,-1
108,24,1532.70,524.36,25.23,74.78,0.3913,-1,-1,-1
108,23,341.91,563.08,45.61,141.18,0.5373,-1,-1,-1
108,22,209.95,586.00,36.91,101.71,0.5886,-1,-1,-1
108,21,0.49,574.63,53.16,150.67,0.4791,-1,-1,-1
108,19,389.62,559.96,34.42,105.08,0.4562,-1,-1,-1
108,18,278.21,558.27,54.69,141.87,0.5478,-1,-1,-1
108,8,120.64,574.26,54.68,155.38,0.4987,-1,-1,-1
108,7,1676.86,549.18,30.98,106.40,0.4688,-1,-1,-1
108,6,52.81,567.41,65.65,161.97,0.5356,-1,-1,-1
108,2,1728.66,628.60,84.87,217.71,0.8032,-1,-1,-1
109,24,1527.16,522.30,26.80,74.64,0.3964,-1,-1,-1
109,23,337.22,555.02,41.04,150.77,0.5922,-1,-1,-1
109,22,200.52,587.76,37.40,106.27,0.5076,-1,-1,-1
109,21,0.45,573.65,42.01,156.48,0.3682,-1,-1,-1
109,19,381.11,557.40,35.48,113.52,0.4560,-1,-1,-1
109,18,266.96,571.29,55.46,133.54,0.4147,-1,-1,-1
109,8,113.52,572.91,58.97,158.06,0.4124,-1,-1,-1
109,7,1675.42,549.75,30.47,106.33,0.5369,-1,-1,-1
109,6,44.31,568.90,63.29,159.63,0.4893,-1,-1,-1
109,2,1730.82,628.16,86.17,222.26,0.8076,-1,-1,-1
110,23,325.92,565.81,44.93,139.24,0.6133,-1,-1,-1
110,22,190.13,587.17,39.35,105.18,0.5303,-1,-1,-1
110,21,0.33,571.79,32.75,154.12,0.3811,-1,-1,-1
110,19,373.88,557.23,35.01,107.89,0.4483,-1,-1,-1
110,18,252.40,551.95,60.62,151.38,0.5136,-1,-1,-1
110,8,102.93,571.98,55.67,158.76,0.5834,-1,-1,-1
110,7,1674.65,551.10,28.74,107.20,0.3541,-1,-1,-1
110,6,30.29,567.28,70.34,162.60,0.5916,-1,-1,-1
110,2,1732.24,628.80,86.44,225.57,0.8126,-1,-1,-1
111,23,318.37,576.07,41.34,130.60,0.5318,-1,-1,-1
111,22,180.45,590.14,37.41,107.53,0.4029,-1,-1,-1
111,19,365.96,559.28,36.52,109.13,0.4493,-1,-1,-1
111,18,248.08,561.62,57.00,142.89,0.4760,-1,-1,-1
111,8,93.21,566.45,59.98,167.23,0.5887,-1,-1,-1
111,6,19.83,561.98,72.71,168.73,0.6226,-1,-1,-1
111,2,1733.11,629.45,88.05,227.67,0.8117,-1,-1,-1
112,23,307.21,570.02,40.96,139.70,0.5578,-1,-1,-1
112,22,170.91,593.43,35.73,101.02,0.4828,-1,-1,-1
112,19,357.05,559.43,37.01,112.70,0.5560,-1,-1,-1
112,18,239.34,571.41,54.83,134.56,0.5933,-1,-1,-1
112,15,201.42,590.81,42.57,115.15,0.3075,-1,-1,-1
112,8,84.33,575.00,59.67,158.94,0.5712,-1,-1,-1
112,6,9.07,567.90,78.33,164.70,0.5346,-1,-1,-1
112,2,1734.44,632.74,90.18,227.33,0.8082,-1,-1,-1
113,23,298.64,572.53,38.39,139.72,0.6006,-1,-1,-1
113,22,161.62,596.02,37.70,103.02,0.5200,-1,-1,-1
113,19,349.35,562.99,36.31,111.47,0.4344,-1,-1,-1
113,18,231.94,578.75,52.92,131.54,0.6203,-1,-1,-1
113,8,75.17,578.75,56.05,158.98,0.5791,-1,-1,-1
113,6,2.04,557.82,71.67,176.01,0.5961,-1,-1,-1
113,2,1735.05,634.78,90.64,229.79,0.8038,-1,-1,-1
114,23,290.76,571.57,42.57,141.36,0.4929,-1,-1,-1
114,22,151.74,597.97,33.49,102.39,0.6189,-1,-1,-1
114,19,341.34,565.61,36.52,108.29,0.5098,-1,-1,-1
114,18,217.63,583.08,55.19,126.80,0.5790,-1,-1,-1
114,8,62.03,563.42,60.57,173.11,0.6499,-1,-1,-1
114,6,6.93,577.71,55.91,158.30,0.5473,-1,-1,-1
114,2,1737.71,635.32,89.46,230.38,0.7986,-1,-1,-1
115,23,279.16,582.27,37.03,133.01,0.5720,-1,-1,-1
115,22,141.40,596.13,37.47,106.18,0.6165,-1,-1,-1
115,19,333.24,563.78,38.25,112.72,0.6417,-1,-1,-1
115,18,198.20,566.15,64.79,143.88,0.5427,-1,-1,-1
115,8,52.17,565.37,60.10,174.00,0.6522,-1,-1,-1
115,6,4.74,574.74,50.86,160.95,0.4667,-1,-1,-1
115,2,1739.23,636.24,91.28,231.18,0.7917,-1,-1,-1
116,23,271.35,578.98,37.43,138.25,0.4732,-1,-1,-1
116,22,130.28,599.27,34.56,102.70,0.5733,-1,-1,-1
116,19,323.25,567.74,39.53,110.32,0.6114,-1,-1,-1
116,18,198.73,576.75,56.13,140.76,0.5418,-1,-1,-1
116,8,44.42,574.45,57.02,167.60,0.6059,-1,-1,-1
116,6,0.34,585.02,50.07,155.50,0.6279,-1,-1,-1
116,2,1741.11,636.03,91.39,235.62,0.7989,-1,-1,-1
117,23,258.20,558.80,39.91,159.97,0.6098,-1,-1,-1
117,22,118.53,599.95,37.86,100.24,0.5762,-1,-1,-1
117,19,313.89,566.44,41.14,113.49,0.5428,-1,-1,-1
117,18,186.35,567.76,58.33,148.16,0.4910,-1,-1,-1
117,8,31.79,575.16,59.90,169.59,0.5955,-1,-1,-1
117,6,0.57,584.42,40.86,157.12,0.6283,-1,-1,-1
117,2,1740.83,639.19,94.49,238.96,0.8085,-1,-1,-1
118,23,249.11,574.37,38.17,149.77,0.6614,-1,-1,-1
118,22,110.03,600.38,37.86,106.51,0.5092,-1,-1,-1
118,19,309.67,558.64,37.17,121.60,0.6462,-1,-1,-1
118,18,181.38,586.02,51.83,135.02,0.5480,-1,-1,-1
118,8,21.58,578.94,60.44,168.45,0.5139,-1,-1,-1
118,6,0.06,590.54,30.32,153.71,0.4960,-1,-1,-1
118,2,1742.81,636.91,96.27,245.93,0.8037,-1,-1,-1
119,25,1742.39,566.68,47.76,98.21,0.3528,-1,-1,-1
119,23,239.50,562.20,41.17,162.82,0.6093,-1,-1,-1
119,22,100.25,601.43,33.66,105.64,0.4760,-1,-1,-1
119,19,299.15,564.12,40.02,117.83,0.5509,-1,-1,-1
119,18,169.18,577.81,54.04,146.75,0.4577,-1,-1,-1
119,15,125.70,595.86,42.76,124.62,0.4121,-1,-1,-1
119,8,10.68,569.87,62.11,181.06,0.5953,-1,-1,-1
119,2,1745.93,640.58,100.37,245.72,0.8217,-1,-1,-1
120,25,1742.95,556.65,42.93,110.87,0.4101,-1,-1,-1
120,23,225.47,574.78,43.39,154.60,0.6485,-1,-1,-1
120,22,89.63,600.72,33.69,113.67,0.4244,-1,-1,-1
120,19,290.68,560.48,39.87,125.15,0.5785,-1,-1,-1
120,18,158.29,583.85,53.11,143.06,0.6010,-1,-1,-1
120,8,7.19,561.19,55.79,192.72,0.5786,-1,-1,-1
120,2,1748.48,645.65,104.63,244.02,0.8125,-1,-1,-1
121,25,1741.21,555.15,43.95,114.23,0.4368,-1,-1,-1
121,23,217.38,570.07,43.53,161.72,0.5595,-1,-1,-1
121,22,77.69,602.21,36.89,112.68,0.5920,-1,-1,-1
121,19,287.21,564.54,36.03,117.69,0.6308,-1,-1,-1
121,18,145.36,587.85,57.37,138.42,0.5880,-1,-1,-1
121,15,103.74,601.71,43.20,128.50,0.5226,-1,-1,-1
121,8,0.71,551.25,54.65,201.12,0.5797,-1,-1,-1
121,2,1752.40,645.39,103.91,248.68,0.8090,-1,-1,-1
122,25,1739.53,554.51,42.76,116.56,0.3936,-1,-1,-1
122,23,204.25,575.05,48.60,158.02,0.6581,-1,-1,-1
122,22,67.27,606.00,35.97,109.44,0.4074,-1,-1,-1
122,19,274.61,564.43,41.31,120.41,0.6004,-1,-1,-1
122,18,140.59,595.02,51.94,140.74,0.5100,-1,-1,-1
122,8,0.17,556.55,45.47,199.38,0.6185,-1,-1,-1
122,2,1756.23,646.64,99.72,252.43,0.8083,-1,-1,-1
123,25,1739.91,556.07,42.21,118.54,0.4078,-1,-1,-1
123,23,193.61,584.47,50.22,151.35,0.5960,-1,-1,-1
123,22,53.18,608.37,38.57,116.90,0.3158,-1,-1,-1
123,19,265.46,557.08,42.97,132.68,0.6606,-1,-1,-1
123,18,127.89,600.56,57.67,138.38,0.4498,-1,-1,-1
123,15,81.30,605.30,43.88,131.66,0.4361,-1,-1,-1
123,8,0.03,575.74,38.97,179.27,0.5678,-1,-1,-1
123,2,1761.34,650.63,96.48,254.73,0.8087,-1,-1,-1
124,25,1739.51,556.00,42.82,114.58,0.4155,-1,-1,-1
124,23,185.19,590.47,47.25,147.01,0.6282,-1,-1,-1
124,22,42.42,608.65,37.58,116.84,0.3107,-1,-1,-1
124,19,261.93,571.67,37.50,118.91,0.5862,-1,-1,-1
124,18,97.04,582.81,53.10,151.32,0.4448,-1,-1,-1
124,8,0.06,597.54,27.09,161.04,0.4858,-1,-1,-1
124,2,1765.15,648.20,97.79,260.75,0.8160,-1,-1,-1
125,26,566.42,525.79,29.15,68.76,0.4157,-1,-1,-1
125,25,1736.52,554.99,42.71,117.83,0.3314,-1,-1,-1
125,23,173.40,590.84,52.03,148.51,0.6427,-1,-1,-1
125,22,31.28,611.99,35.32,112.48,0.4594,-1,-1,-1
125,19,250.71,571.29,40.13,119.95,0.5343,-1,-1,-1
125,18,86.61,579.55,50.55,148.66,0.3179,-1,-1,-1
125,15,59.85,615.96,37.84,118.67,0.3086,-1,-1,-1
125,8,0.09,619.22,25.79,103.09,0.3792,-1,-1,-1
125,2,1769.91,647.49,103.58,262.09,0.8163,-1,-1,-1
126,23,160.32,597.36,54.53,145.31,0.5847,-1,-1,-1
126,22,20.51,615.10,39.08,112.40,0.4116,-1,-1,-1
126,19,243.13,565.77,39.78,128.50,0.5824,-1,-1,-1
126,18,97.81,622.95,52.97,110.06,0.3162,-1,-1,-1
126,2,1773.47,650.81,104.18,262.07,0.8115,-1,-1,-1
127,26,553.90,526.18,30.65,68.90,0.3476,-1,-1,-1
127,25,1727.62,556.39,42.73,106.27,0.3426,-1,-1,-1
127,23,153.96,601.87,50.41,144.28,0.5950,-1,-1,-1
127,22,3.22,623.57,38.51,102.84,0.3590,-1,-1,-1
127,19,236.51,570.45,38.49,125.59,0.5790,-1,-1,-1
127,18,82.74,624.50,58.19,116.63,0.4730,-1,-1,-1
127,15,35.07,621.65,39.55,120.49,0.3820,-1,-1,-1
127,2,1778.00,650.72,104.97,266.45,0.8199,-1,-1,-1
128,26,546.47,528.16,32.82,68.60,0.4190,-1,-1,-1
128,25,1727.50,557.94,41.13,106.65,0.4019,-1,-1,-1
128,23,141.17,602.94,54.94,144.29,0.5501,-1,-1,-1
128,22,0.05,620.58,28.78,110.69,0.3408,-1,-1,-1
128,19,224.26,559.54,41.26,136.60,0.6126,-1,-1,-1
128,18,71.00,622.43,59.51,120.01,0.4675,-1,-1,-1
128,2,1780.83,653.86,106.99,266.94,0.8195,-1,-1,-1
129,26,544.89,528.46,28.27,68.12,0.3430,-1,-1,-1
129,25,1727.19,556.42,38.55,109.66,0.3786,-1,-1,-1
129,23,130.55,598.08,50.69,153.98,0.5157,-1,-1,-1
129,22,0.16,623.49,19.99,109.21,0.3117,-1,-1,-1
129,19,218.79,567.95,39.32,132.36,0.5919,-1,-1,-1
129,18,64.48,621.32,54.17,125.35,0.3572,-1,-1,-1
129,15,39.06,589.38,50.39,145.87,0.3113,-1,-1,-1
129,2,1786.18,656.35,112.46,269.15,0.8237,-1,-1,-1
130,25,1724.58,556.63,35.76,116.77,0.3990,-1,-1,-1
130,23,116.04,604.03,61.14,150.97,0.3299,-1,-1,-1
130,19,209.58,565.12,41.28,135.83,0.5542,-1,-1,-1
130,18,47.54,621.09,57.36,128.96,0.3906,-1,-1,-1
130,15,28.17,586.49,52.10,159.53,0.4396,-1,-1,-1
130,8,0.10,622.58,28.13,115.62,0.3872,-1,-1,-1
130,2,1787.36,657.93,116.64,271.98,0.8219,-1,-1,-1
131,26,533.34,526.02,29.39,71.99,0.4063,-1,-1,-1
131,25,1715.55,557.49,44.28,120.28,0.4680,-1,-1,-1
131,23,104.64,596.98,46.60,159.18,0.4309,-1,-1,-1
131,19,200.21,575.91,41.11,125.50,0.4715,-1,-1,-1
131,15,12.55,588.28,54.63,150.61,0.4852,-1,-1,-1
131,2,1791.29,659.09,118.84,277.94,0.8319,-1,-1,-1
132,25,1714.22,555.03,44.64,120.40,0.4537,-1,-1,-1
132,23,94.67,598.25,45.68,162.03,0.4306,-1,-1,-1
132,19,191.63,568.14,41.39,135.08,0.6434,-1,-1,-1
132,15,2.06,584.02,51.71,161.64,0.5504,-1,-1,-1
132,2,1796.71,661.26,120.43,285.82,0.8651,-1,-1,-1
133,26,524.09,527.77,31.30,71.30,0.4528,-1,-1,-1
133,25,1712.57,557.56,46.01,120.05,0.4476,-1,-1,-1
133,23,78.88,592.43,50.09,170.76,0.5457,-1,-1,-1
133,19,181.39,564.93,45.04,136.88,0.5327,-1,-1,-1
133,18,13.90,627.76,59.04,135.26,0.3585,-1,-1,-1
133,15,0.12,588.84,42.64,163.29,0.3461,-1,-1,-1
133,2,1803.54,662.98,115.03,290.70,0.8823,-1,-1,-1
134,26,521.71,529.40,25.53,72.12,0.4249,-1,-1,-1
134,25,1710.55,555.95,46.86,120.06,0.4810,-1,-1,-1
134,23,41.51,572.05,75.27,198.07,0.4963,-1,-1,-1
134,19,173.57,566.75,40.88,138.84,0.5591,-1,-1,-1
134,18,1.24,627.35,55.12,139.40,0.4837,-1,-1,-1
134,2,1807.90,665.48,111.18,295.84,0.8508,-1,-1,-1
135,26,514.78,527.97,29.51,73.98,0.5472,-1,-1,-1
135,25,1705.10,554.76,51.51,119.74,0.5037,-1,-1,-1
135,23,29.66,571.32,77.64,201.90,0.5421,-1,-1,-1
135,19,166.49,571.34,39.99,137.43,0.5441,-1,-1,-1
135,18,0.17,615.63,46.75,151.66,0.5677,-1,-1,-1
135,2,1811.33,666.04,107.79,302.88,0.8149,-1,-1,-1
136,26,508.67,527.08,28.05,73.72,0.5368,-1,-1,-1
136,25,1700.55,557.14,50.76,113.58,0.4721,-1,-1,-1
136,23,24.64,574.79,74.17,199.78,0.5255,-1,-1,-1
136,19,157.12,566.71,41.28,141.42,0.3930,-1,-1,-1
136,18,0.08,622.64,35.65,145.72,0.6009,-1,-1,-1
136,2,1818.05,671.02,100.93,305.15,0.8375,-1,-1,-1
137,26,503.05,527.37,29.80,75.89,0.5474,-1,-1,-1
137,25,1699.62,555.47,50.81,114.24,0.5034,-1,-1,-1
137,23,20.29,573.72,66.30,204.16,0.6261,-1,-1,-1
137,19,148.47,575.66,39.86,135.46,0.4037,-1,-1,-1
137,18,0.16,640.64,26.46,132.25,0.4694,-1,-1,-1
137,2,1824.27,680.42,95.11,306.29,0.7744,-1,-1,-1
138,30,1570.16,556.59,45.34,107.25,0.5704,-1,-1,-1
138,26,499.68,531.37,30.35,71.97,0.5817,-1,-1,-1
138,25,1698.07,556.32,50.67,112.99,0.4897,-1,-1,-1
138,23,12.23,572.87,60.47,204.50,0.6380,-1,-1,-1
138,19,139.96,572.23,41.13,140.16,0.4939,-1,-1,-1
138,2,1830.81,678.93,88.58,310.62,0.7834,-1,-1,-1
139,30,1568.70,553.59,38.03,109.59,0.5944,-1,-1,-1
139,26,495.82,527.81,26.41,72.46,0.4400,-1,-1,-1
139,25,1697.72,557.19,48.72,109.70,0.5077,-1,-1,-1
139,23,5.43,579.04,55.77,198.95,0.6164,-1,-1,-1
139,2,1832.75,679.00,86.64,315.87,0.7702,-1,-1,-1
140,30,1566.43,549.99,37.14,111.78,0.6625,-1,-1,-1
140,26,489.82,526.79,29.08,73.75,0.4968,-1,-1,-1
140,25,1698.46,551.67,46.98,116.80,0.5282,-1,-1,-1
140,23,0.22,575.40,47.83,213.02,0.6256,-1,-1,-1
140,19,121.95,560.27,42.37,155.94,0.3743,-1,-1,-1
140,2,1840.37,682.77,78.99,309.21,0.7506,-1,-1,-1
141,30,1562.87,550.39,39.06,111.07,0.7277,-1,-1,-1
141,26,484.97,527.98,27.30,73.90,0.5270,-1,-1,-1
141,25,1699.87,551.63,43.99,116.45,0.4526,-1,-1,-1
141,23,0.17,581.55,37.15,205.45,0.5909,-1,-1,-1
141,2,1847.47,678.02,71.90,310.45,0.6803,-1,-1,-1
142,31,399.82,530.97,26.41,64.35,0.3642,-1,-1,-1
142,30,1559.77,552.72,41.11,106.76,0.6811,-1,-1,-1
142,26,480.46,527.10,28.83,75.71,0.4995,-1,-1,-1
142,25,1702.18,557.10,40.19,114.02,0.4378,-1,-1,-1
142,2,1854.39,699.43,64.98,292.55,0.6423,-1,-1,-1
143,30,1556.58,554.02,40.65,109.38,0.5901,-1,-1,-1
143,26,476.44,527.45,32.03,73.06,0.5371,-1,-1,-1
143,25,1699.16,563.39,40.73,107.60,0.3690,-1,-1,-1
143,6,0.13,569.72,19.57,100.33,0.4082,-1,-1,-1
143,2,1860.28,705.91,59.11,295.08,0.5927,-1,-1,-1
144,30,1554.30,556.57,37.26,109.21,0.7098,-1,-1,-1
144,28,435.04,529.22,25.06,66.17,0.3078,-1,-1,-1
144,26,474.24,527.41,27.06,75.33,0.5944,-1,-1,-1
144,25,1695.87,567.56,42.70,106.81,0.4586,-1,-1,-1
144,2,1866.54,717.52,52.86,246.58,0.4749,-1,-1,-1
145,31,382.58,529.18,28.01,64.87,0.4088,-1,-1,-1
145,30,1548.64,557.48,37.39,107.44,0.6960,-1,-1,-1
145,26,467.69,527.06,28.69,73.62,0.5257,-1,-1,-1
145,25,1694.25,570.24,42.98,107.10,0.6018,-1,-1,-1
146,31,379.60,529.59,26.24,64.21,0.4055,-1,-1,-1
146,30,1544.69,555.41,39.28,111.29,0.6497,-1,-1,-1
146,26,463.12,525.83,27.74,74.80,0.5852,-1,-1,-1
146,25,1693.15,574.20,42.84,100.40,0.6210,-1,-1,-1
147,31,372.17,531.20,28.39,65.49,0.3208,-1,-1,-1
147,30,1540.34,557.32,39.63,109.17,0.6763,-1,-1,-1
147,26,456.66,526.70,29.94,76.09,0.5242,-1,-1,-1
147,25,1691.24,573.55,41.19,104.19,0.5340,-1,-1,-1
148,31,362.26,528.82,29.03,67.18,0.3124,-1,-1,-1
148,30,1529.96,554.27,47.45,114.00,0.6902,-1,-1,-1
148,26,452.63,529.72,30.30,73.37,0.5907,-1,-1,-1
148,25,1682.35,567.04,47.54,109.12,0.4711,-1,-1,-1
149,31,358.54,529.41,30.79,68.09,0.3717,-1,-1,-1
149,30,1517.34,554.31,57.00,113.85,0.6870,-1,-1,-1
149,26,448.45,529.00,28.58,75.17,0.5578,-1,-1,-1
149,25,1680.84,570.14,43.11,105.73,0.6107,-1,-1,-1
150,31,356.68,530.76,27.37,67.95,0.4072,-1,-1,-1
150,30,1511.00,560.22,60.71,107.35,0.7189,-1,-1,-1
150,26,442.43,528.45,30.14,77.10,0.5839,-1,-1,-1
150,25,1679.50,565.49,42.43,108.01,0.6683,-1,-1,-1
151,31,349.58,533.56,28.54,67.99,0.3412,-1,-1,-1
151,30,1511.12,560.11,57.00,108.75,0.7008,-1,-1,-1
151,26,435.10,526.68,30.65,78.59,0.5418,-1,-1,-1
151,25,1675.86,567.11,43.09,107.95,0.5868,-1,-1,-1
152,30,1509.13,557.56,54.01,111.17,0.6992,-1,-1,-1
152,26,428.68,530.40,31.10,76.26,0.5589,-1,-1,-1
152,25,1672.74,567.00,43.11,105.00,0.5130,-1,-1,-1
153,31,336.70,536.60,29.83,65.56,0.3114,-1,-1,-1
153,30,1502.69,557.07,57.28,109.88,0.6611,-1,-1,-1
153,26,425.00,531.09,27.67,74.42,0.5247,-1,-1,-1
153,25,1675.10,566.68,36.34,92.87,0.4089,-1,-1,-1
154,30,1498.49,551.93,51.00,114.73,0.6692,-1,-1,-1
154,26,416.79,532.32,30.68,77.52,0.5153,-1,-1,-1
155,30,1492.11,552.32,48.61,112.86,0.6496,-1,-1,-1
155,26,410.88,529.33,29.47,80.45,0.5750,-1,-1,-1
156,30,1488.66,550.20,44.71,116.36,0.6684,-1,-1,-1
156,26,403.00,533.60,31.16,78.23,0.5335,-1,-1,-1
157,35,1440.20,533.47,22.88,88.73,0.5084,-1,-1,-1
157,34,1301.96,521.29,29.95,72.26,0.3437,-1,-1,-1
157,31,307.57,538.37,26.59,69.00,0.3183,-1,-1,-1
157,30,1481.03,551.81,44.57,112.71,0.6724,-1,-1,-1
157,26,397.94,535.36,29.94,77.11,0.5841,-1,-1,-1
158,35,1436.79,533.70,22.11,88.59,0.4268,-1,-1,-1
158,34,1296.85,520.66,31.17,74.25,0.3215,-1,-1,-1
158,31,304.39,540.76,26.64,69.35,0.3128,-1,-1,-1
158,30,1473.66,547.48,45.56,116.95,0.7306,-1,-1,-1
158,26,393.40,535.93,28.44,79.11,0.5322,-1,-1,-1
159,30,1470.29,546.27,43.63,118.65,0.7110,-1,-1,-1
159,26,387.65,537.51,28.16,77.94,0.5670,-1,-1,-1
160,30,1466.38,545.73,42.68,119.23,0.6754,-1,-1,-1
160,26,379.57,538.40,31.39,79.97,0.5004,-1,-1,-1
161,34,1285.46,517.56,29.34,76.41,0.3033,-1,-1,-1
161,30,1461.39,547.50,43.69,117.04,0.6507,-1,-1,-1
161,26,376.49,538.48,29.89,79.04,0.4975,-1,-1,-1
162,30,1457.37,550.31,44.57,110.98,0.6774,-1,-1,-1
162,26,371.10,540.08,31.86,77.75,0.5273,-1,-1,-1
163,30,1450.72,550.18,47.72,113.36,0.6455,-1,-1,-1
163,26,364.65,540.45,31.56,80.32,0.4652,-1,-1,-1
164,30,1446.70,548.34,47.53,114.61,0.6253,-1,-1,-1
164,26,360.63,540.45,32.57,80.04,0.5371,-1,-1,-1
165,30,1438.12,547.66,51.94,116.23,0.6663,-1,-1,-1
165,26,354.50,541.50,31.93,80.62,0.5058,-1,-1,-1
166,30,1433.86,548.62,50.19,115.40,0.6801,-1,-1,-1
166,26,350.97,543.76,28.78,78.79,0.5511,-1,-1,-1
167,30,1432.81,543.66,45.07,117.97,0.6657,-1,-1,-1
167,26,344.50,543.50,31.40,78.42,0.6246,-1,-1,-1
168,30,1428.69,542.67,43.29,117.01,0.6644,-1,-1,-1
168,26,338.24,543.26,34.04,79.66,0.5758,-1,-1,-1
169,30,1425.28,544.39,41.75,117.42,0.6761,-1,-1,-1
169,26,334.35,543.82,34.48,78.81,0.5622,-1,-1,-1
170,30,1420.95,539.42,41.58,121.51,0.6741,-1,-1,-1
170,26,330.60,543.05,31.02,78.83,0.5520,-1,-1,-1
171,30,1414.47,538.99,45.11,124.50,0.5674,-1,-1,-1
171,26,325.13,543.84,31.95,77.34,0.5630,-1,-1,-1
172,30,1410.55,533.82,43.05,126.67,0.6208,-1,-1,-1
172,26,320.45,541.22,31.30,78.25,0.5781,-1,-1,-1
173,30,1405.44,531.64,44.23,129.29,0.5636,-1,-1,-1
173,26,314.52,540.86,33.56,82.21,0.5742,-1,-1,-1
174,30,1402.36,531.31,46.24,131.71,0.6384,-1,-1,-1
174,26,310.94,543.58,34.76,78.48,0.6000,-1,-1,-1
175,30,1391.47,532.96,55.81,131.04,0.6646,-1,-1,-1
175,26,306.40,541.31,35.21,79.84,0.4845,-1,-1,-1
176,30,1387.06,536.47,56.62,127.90,0.6771,-1,-1,-1
176,26,301.45,541.60,33.82,80.99,0.5860,-1,-1,-1
177,30,1385.00,534.49,56.28,130.31,0.7056,-1,-1,-1
177,26,297.02,542.30,35.10,77.27,0.6516,-1,-1,-1
178,30,1387.15,535.09,51.98,130.23,0.6722,-1,-1,-1
178,26,293.35,541.61,33.86,82.15,0.6083,-1,-1,-1
179,30,1387.51,536.80,48.67,128.43,0.6814,-1,-1,-1
179,26,289.35,540.13,34.94,83.93,0.6122,-1,-1,-1
179,25,1607.55,542.91,38.94,128.27,0.4279,-1,-1,-1
180,30,1384.75,535.06,48.12,130.50,0.7043,-1,-1,-1
180,26,284.16,544.15,36.30,81.12,0.5637,-1,-1,-1
180,25,1608.03,543.39,38.50,128.53,0.4061,-1,-1,-1
181,30,1384.58,537.01,41.63,126.41,0.7124,-1,-1,-1
181,26,281.04,542.67,35.45,83.75,0.5572,-1,-1,-1
181,25,1598.52,544.94,52.46,128.05,0.3681,-1,-1,-1
182,30,1379.73,537.70,43.34,127.51,0.7274,-1,-1,-1
182,26,274.75,543.61,35.09,83.34,0.5935,-1,-1,-1
182,25,1604.82,546.05,45.07,127.28,0.4357,-1,-1,-1
183,30,1375.47,536.62,44.20,128.72,0.7396,-1,-1,-1
183,26,272.58,544.17,33.24,85.30,0.6419,-1,-1,-1
183,25,1608.81,550.36,41.65,123.71,0.4206,-1,-1,-1
184,30,1373.39,535.97,42.86,129.73,0.7636,-1,-1,-1
184,26,266.86,546.90,34.60,83.86,0.6223,-1,-1,-1
184,25,1609.58,543.85,40.94,130.24,0.4369,-1,-1,-1
185,30,1370.77,534.04,44.39,132.11,0.7474,-1,-1,-1
185,26,262.48,547.87,35.10,82.92,0.5505,-1,-1,-1
185,25,1608.21,542.75,41.66,132.30,0.4629,-1,-1,-1
186,30,1369.86,534.29,42.12,132.60,0.7193,-1,-1,-1
186,26,259.36,546.87,35.56,85.09,0.5222,-1,-1,-1
186,25,1606.37,545.68,44.33,127.31,0.3669,-1,-1,-1
187,30,1367.19,533.73,42.66,133.21,0.7057,-1,-1,-1
187,26,254.85,548.36,34.65,85.99,0.5689,-1,-1,-1
187,25,1595.87,542.18,54.40,133.05,0.3345,-1,-1,-1
188,30,1364.72,534.35,44.35,134.53,0.6749,-1,-1,-1
188,26,249.92,549.91,34.90,86.34,0.5665,-1,-1,-1
188,25,1594.21,547.76,58.10,129.94,0.4380,-1,-1,-1
189,30,1358.02,532.02,50.40,138.53,0.6420,-1,-1,-1
189,26,246.82,549.73,34.54,90.47,0.5177,-1,-1,-1
189,25,1595.37,544.52,58.54,133.50,0.4640,-1,-1,-1
190,30,1356.23,534.48,51.09,134.86,0.6758,-1,-1,-1
190,26,241.61,549.35,37.08,90.73,0.5532,-1,-1,-1
190,25,1594.80,539.94,60.52,136.97,0.5147,-1,-1,-1
191,30,1353.79,535.01,52.29,134.59,0.6666,-1,-1,-1
191,26,238.32,554.25,36.42,86.77,0.5020,-1,-1,-1
191,25,1596.39,539.20,62.70,137.25,0.5099,-1,-1,-1
192,30,1352.05,542.69,51.03,126.33,0.6266,-1,-1,-1
192,26,234.10,552.71,38.52,87.67,0.5349,-1,-1,-1
192,25,1606.47,540.78,50.32,133.50,0.4885,-1,-1,-1
193,30,1350.01,540.65,51.66,130.28,0.6605,-1,-1,-1
193,26,228.11,556.53,38.43,85.75,0.6063,-1,-1,-1
193,25,1603.49,538.87,56.24,135.97,0.5486,-1,-1,-1
194,30,1348.49,542.07,48.89,128.00,0.6725,-1,-1,-1
194,26,226.40,559.89,34.68,84.85,0.5887,-1,-1,-1
194,25,1607.61,551.43,54.71,123.80,0.5189,-1,-1,-1
195,30,1346.24,541.07,48.73,130.28,0.6876,-1,-1,-1
195,26,222.37,559.83,34.17,84.09,0.5120,-1,-1,-1
195,25,1603.31,547.64,60.23,127.98,0.5448,-1,-1,-1
196,30,1346.48,542.08,46.14,131.44,0.6780,-1,-1,-1
196,26,218.93,560.90,35.28,87.20,0.4649,-1,-1,-1
196,25,1608.30,548.21,56.69,127.22,0.5430,-1,-1,-1
197,30,1346.08,540.89,44.62,132.29,0.6288,-1,-1,-1
197,26,213.68,561.75,36.02,86.36,0.4675,-1,-1,-1
197,25,1612.46,549.37,51.99,125.04,0.4584,-1,-1,-1
198,30,1345.75,543.10,42.80,126.95,0.4945,-1,-1,-1
198,26,212.03,562.43,33.80,85.47,0.5393,-1,-1,-1
198,25,1619.59,552.26,46.37,121.86,0.5009,-1,-1,-1
199,30,1344.31,543.58,43.81,125.94,0.6218,-1,-1,-1
199,26,206.71,562.38,35.23,87.03,0.5184,-1,-1,-1
199,25,1621.83,553.98,44.35,120.56,0.5727,-1,-1,-1
200,30,1342.56,545.47,45.29,126.69,0.6267,-1,-1,-1
200,26,202.37,563.52,38.09,89.26,0.4722,-1,-1,-1
200,25,1620.63,555.77,45.91,119.83,0.5281,-1,-1,-1
201,30,1341.64,549.06,44.98,122.98,0.6504,-1,-1,-1
201,26,200.68,563.64,34.13,89.37,0.4729,-1,-1,-1
201,25,1618.40,553.07,51.67,123.08,0.6184,-1,-1,-1
202,30,1339.31,548.34,45.95,124.96,0.6764,-1,-1,-1
202,26,193.63,562.89,37.82,92.63,0.6061,-1,-1,-1
202,25,1621.08,553.04,51.50,123.97,0.6070,-1,-1,-1
203,30,1336.93,552.24,48.32,119.38,0.7052,-1,-1,-1
203,26,189.22,563.82,41.23,92.26,0.5578,-1,-1,-1
203,25,1624.98,553.59,49.11,124.98,0.5670,-1,-1,-1
204,40,122.82,489.34,50.78,123.96,0.3925,-1,-1,-1
204,30,1336.46,550.74,48.02,121.85,0.7169,-1,-1,-1
204,26,187.74,565.85,39.25,91.30,0.5614,-1,-1,-1
204,25,1632.12,552.40,46.30,123.04,0.6133,-1,-1,-1
205,30,1335.60,545.89,47.50,126.69,0.7264,-1,-1,-1
205,26,182.25,567.00,37.60,90.61,0.5740,-1,-1,-1
205,25,1631.43,555.21,47.32,119.72,0.6112,-1,-1,-1
206,40,111.70,487.78,60.14,162.45,0.3011,-1,-1,-1
206,30,1335.76,547.53,47.07,125.64,0.7370,-1,-1,-1
206,26,177.65,567.84,39.97,90.27,0.5748,-1,-1,-1
206,25,1625.84,554.86,55.24,123.42,0.5104,-1,-1,-1
207,30,1334.31,549.10,46.94,127.02,0.7603,-1,-1,-1
207,26,172.79,570.52,39.17,92.65,0.5727,-1,-1,-1
207,25,1626.37,557.18,57.18,122.87,0.4886,-1,-1,-1
208,30,1332.73,546.72,49.49,130.02,0.7476,-1,-1,-1
208,26,168.68,570.38,38.72,92.30,0.5602,-1,-1,-1
208,25,1648.07,556.62,39.42,122.00,0.4171,-1,-1,-1
209,30,1331.29,543.89,49.66,133.71,0.7471,-1,-1,-1
209,26,165.64,568.96,39.11,93.12,0.5244,-1,-1,-1
209,25,1647.26,558.58,42.63,123.64,0.6148,-1,-1,-1
210,30,1330.51,541.94,48.74,135.18,0.7451,-1,-1,-1
210,26,163.11,570.71,37.09,93.31,0.4560,-1,-1,-1
210,25,1647.10,560.08,46.47,123.75,0.5736,-1,-1,-1
211,30,1330.17,545.47,47.12,133.01,0.7635,-1,-1,-1
211,26,158.62,570.41,42.43,95.47,0.5727,-1,-1,-1
211,25,1654.93,567.87,42.84,117.82,0.5296,-1,-1,-1
212,30,1329.84,545.37,47.46,132.86,0.7386,-1,-1,-1
212,26,156.04,570.40,40.55,95.34,0.6044,-1,-1,-1
212,25,1658.19,557.26,47.45,129.76,0.5277,-1,-1,-1
213,30,1329.17,548.96,49.21,131.14,0.7349,-1,-1,-1
213,26,153.75,571.88,40.56,94.89,0.5518,-1,-1,-1
213,25,1646.70,561.11,63.85,129.49,0.4824,-1,-1,-1
214,44,13.71,576.71,25.05,87.78,0.3225,-1,-1,-1
214,30,1330.72,547.07,49.19,134.17,0.6758,-1,-1,-1
214,26,151.12,574.29,40.87,93.98,0.5938,-1,-1,-1
214,25,1653.63,559.72,60.96,128.08,0.5139,-1,-1,-1
215,30,1330.44,548.23,49.72,135.31,0.6781,-1,-1,-1
215,26,149.64,571.43,39.62,95.05,0.5918,-1,-1,-1
215,25,1672.64,558.81,46.13,130.03,0.5433,-1,-1,-1
216,43,34.84,575.90,35.41,89.39,0.3159,-1,-1,-1
216,30,1333.77,550.18,46.48,133.59,0.6686,-1,-1,-1
216,26,147.61,574.34,36.04,91.86,0.4257,-1,-1,-1
216,25,1677.38,564.28,44.68,124.40,0.6054,-1,-1,-1
217,44,0.00,576.39,21.05,86.09,0.3515,-1,-1,-1
217,30,1333.17,550.70,48.71,135.58,0.7011,-1,-1,-1
217,26,142.91,572.82,36.28,95.64,0.4766,-1,-1,-1
217,25,1681.64,561.23,45.04,124.08,0.4836,-1,-1,-1
218,44,0.02,578.39,19.85,83.69,0.4196,-1,-1,-1
218,43,24.80,578.37,35.31,86.20,0.4100,-1,-1,-1
218,30,1335.98,549.08,47.10,135.30,0.7457,-1,-1,-1
218,26,140.09,573.49,37.92,93.97,0.4901,-1,-1,-1
218,25,1673.10,561.89,67.01,128.46,0.4901,-1,-1,-1
219,44,0.03,579.25,17.85,84.69,0.3333,-1,-1,-1
219,43,23.20,581.41,34.85,84.56,0.4327,-1,-1,-1
219,30,1337.51,550.31,46.99,136.43,0.7616,-1,-1,-1
219,26,140.50,572.69,38.85,95.06,0.4867,-1,-1,-1
219,25,1695.06,561.28,47.31,125.68,0.5405,-1,-1,-1
220,43,15.27,579.24,39.30,92.17,0.5608,-1,-1,-1
220,30,1339.48,548.63,48.45,139.18,0.7626,-1,-1,-1
220,26,138.36,575.83,38.34,95.20,0.4593,-1,-1,-1
220,25,1696.76,564.36,50.47,124.12,0.5395,-1,-1,-1
221,43,11.61,580.60,40.47,86.72,0.5352,-1,-1,-1
221,30,1342.87,547.58,47.53,142.14,0.7531,-1,-1,-1
221,26,133.17,573.82,39.87,97.33,0.4653,-1,-1,-1
221,25,1705.83,566.82,44.32,122.31,0.5217,-1,-1,-1
222,43,11.84,579.97,39.21,89.34,0.5545,-1,-1,-1
222,30,1346.66,545.40,44.49,139.17,0.7573,-1,-1,-1
222,26,130.25,573.42,40.24,99.17,0.4811,-1,-1,-1
222,25,1697.21,559.08,67.19,129.22,0.5040,-1,-1,-1
223,43,10.27,579.47,37.12,89.40,0.4603,-1,-1,-1
223,30,1347.11,546.81,47.13,139.58,0.7557,-1,-1,-1
223,26,129.31,574.18,39.19,97.85,0.5014,-1,-1,-1
223,25,1720.19,563.58,46.05,125.54,0.5345,-1,-1,-1
224,30,1348.87,543.62,47.58,141.57,0.7571,-1,-1,-1
224,26,129.26,578.11,41.04,96.28,0.4717,-1,-1,-1
224,25,1722.13,560.80,48.97,126.01,0.4785,-1,-1,-1
225,39,971.08,525.47,30.44,69.86,0.3204,-1,-1,-1
225,30,1350.91,545.89,48.53,137.79,0.7482,-1,-1,-1
225,26,127.68,577.72,40.28,97.14,0.4994,-1,-1,-1
225,25,1729.35,553.71,55.93,130.70,0.5434,-1,-1,-1
226,43,0.56,599.09,34.08,80.89,0.3553,-1,-1,-1
226,39,969.76,524.55,32.15,72.92,0.3450,-1,-1,-1
226,30,1352.55,547.48,47.91,136.74,0.7011,-1,-1,-1
226,26,126.38,586.77,42.65,92.70,0.4235,-1,-1,-1
226,25,1730.69,558.01,60.36,125.40,0.5116,-1,-1,-1
227,43,0.60,594.74,31.89,84.53,0.3347,-1,-1,-1
227,30,1354.34,547.19,49.35,139.98,0.7484,-1,-1,-1
227,26,120.81,584.66,40.23,96.27,0.3103,-1,-1,-1
227,25,1746.40,558.88,48.65,126.10,0.5244,-1,-1,-1
228,43,0.22,589.12,31.59,92.06,0.3096,-1,-1,-1
228,30,1356.65,549.10,48.16,142.48,0.7461,-1,-1,-1
228,26,118.27,586.43,37.51,96.27,0.3372,-1,-1,-1
228,25,1751.59,553.15,54.26,129.86,0.5436,-1,-1,-1
229,30,1358.42,547.93,48.33,140.86,0.7453,-1,-1,-1
229,26,117.22,586.16,36.40,96.52,0.4065,-1,-1,-1
229,25,1751.69,558.60,61.17,127.60,0.5034,-1,-1,-1
230,30,1362.50,549.84,48.34,140.22,0.7492,-1,-1,-1
230,26,117.34,586.69,33.71,97.55,0.3002,-1,-1,-1
230,25,1766.23,555.44,52.93,127.03,0.5402,-1,-1,-1
231,30,1363.21,552.64,49.95,137.51,0.7342,-1,-1,-1
231,26,116.31,588.22,35.88,97.18,0.3337,-1,-1,-1
231,25,1775.66,553.04,56.34,131.66,0.5592,-1,-1,-1
232,30,1366.76,552.97,48.03,138.39,0.7349,-1,-1,-1
232,25,1776.40,553.87,64.85,131.67,0.5187,-1,-1,-1
233,30,1368.21,551.03,48.93,141.92,0.7660,-1,-1,-1
233,25,1791.98,558.43,56.88,127.45,0.5374,-1,-1,-1
234,47,32.22,494.80,51.15,143.57,0.3349,-1,-1,-1
234,30,1370.66,553.60,48.40,137.48,0.7042,-1,-1,-1
234,26,108.52,590.29,40.10,96.93,0.3439,-1,-1,-1
234,25,1791.48,560.39,66.52,128.88,0.4544,-1,-1,-1
235,30,1374.97,554.14,48.80,136.05,0.6637,-1,-1,-1
235,25,1810.30,559.38,55.94,128.86,0.4602,-1,-1,-1
236,47,27.24,487.88,51.29,149.56,0.3499,-1,-1,-1
236,30,1377.66,552.35,52.46,136.77,0.7031,-1,-1,-1
236,25,1825.78,551.20,55.18,124.58,0.5279,-1,-1,-1
237,30,1379.83,551.33,54.96,137.48,0.7000,-1,-1,-1
237,26,105.23,581.76,39.25,104.38,0.3073,-1,-1,-1
237,25,1835.46,547.62,57.68,126.66,0.5036,-1,-1,-1
238,30,1384.45,553.26,49.93,136.54,0.7137,-1,-1,-1
238,26,105.24,582.33,41.97,104.42,0.3777,-1,-1,-1
238,25,1845.74,545.71,57.91,139.03,0.5073,-1,-1,-1
239,30,1386.14,553.51,51.05,137.44,0.6847,-1,-1,-1
239,26,105.06,578.17,45.38,105.52,0.3826,-1,-1,-1
239,25,1847.37,544.70,65.53,142.01,0.4664,-1,-1,-1
240,30,1390.68,549.06,49.76,143.42,0.7217,-1,-1,-1
240,26,104.01,577.80,44.80,105.82,0.3985,-1,-1,-1
240,25,1865.24,543.14,54.15,131.18,0.4518,-1,-1,-1
241,30,1396.41,547.12,48.07,146.14,0.7554,-1,-1,-1
241,26,103.42,575.95,42.60,108.17,0.4290,-1,-1,-1
241,25,1870.08,547.43,49.26,137.33,0.4772,-1,-1,-1
242,30,1401.07,548.12,48.72,146.21,0.6746,-1,-1,-1
242,26,104.62,578.78,43.51,106.00,0.4131,-1,-1,-1
243,30,1405.22,551.37,47.69,141.77,0.6901,-1,-1,-1
243,26,104.51,576.14,46.39,108.82,0.4088,-1,-1,-1
244,30,1410.48,555.66,48.14,137.89,0.7143,-1,-1,-1
244,26,103.92,576.68,43.33,107.77,0.3633,-1,-1,-1
245,30,1417.33,556.06,46.00,138.84,0.7656,-1,-1,-1
245,26,105.47,577.68,43.22,109.38,0.3808,-1,-1,-1
246,30,1422.88,554.01,46.74,141.69,0.7620,-1,-1,-1
246,26,105.11,577.19,40.72,109.89,0.3634,-1,-1,-1
247,50,1318.18,581.41,45.92,135.38,0.4752,-1,-1,-1
247,30,1427.47,555.99,47.07,141.19,0.7414,-1,-1,-1
247,26,104.54,580.32,41.50,109.67,0.4199,-1,-1,-1
248,50,1328.37,583.44,47.65,131.25,0.3802,-1,-1,-1
248,47,24.99,486.44,46.88,154.18,0.3236,-1,-1,-1
248,30,1434.33,556.47,47.37,141.85,0.7569,-1,-1,-1
248,26,105.16,582.15,40.00,108.16,0.3855,-1,-1,-1
249,50,1334.16,581.55,48.99,132.87,0.3821,-1,-1,-1
249,30,1440.36,553.60,46.48,146.48,0.7950,-1,-1,-1
249,26,105.33,584.64,43.29,109.16,0.4060,-1,-1,-1
250,50,1339.65,581.08,47.29,130.65,0.3009,-1,-1,-1
250,30,1446.90,547.10,48.03,150.62,0.7214,-1,-1,-1
250,26,105.93,586.21,43.91,107.86,0.4541,-1,-1,-1
251,30,1455.67,543.18,42.77,158.87,0.7527,-1,-1,-1
251,26,106.89,587.26,42.06,108.27,0.3930,-1,-1,-1
252,30,1460.92,549.24,45.36,149.67,0.7405,-1,-1,-1
252,26,111.25,588.84,35.93,103.26,0.3091,-1,-1,-1
253,30,1468.58,539.60,45.17,158.33,0.7452,-1,-1,-1
253,26,116.89,591.36,39.00,105.40,0.4484,-1,-1,-1
254,30,1472.72,538.75,46.83,158.45,0.7033,-1,-1,-1
254,26,119.17,591.25,38.75,106.05,0.4650,-1,-1,-1
255,47,27.84,510.32,51.45,141.94,0.3141,-1,-1,-1
255,30,1481.14,535.01,44.46,155.80,0.7117,-1,-1,-1
255,26,119.17,593.53,41.54,108.73,0.3866,-1,-1,-1
256,30,1489.00,539.60,47.05,155.42,0.7257,-1,-1,-1
256,26,123.76,592.99,41.17,112.22,0.4106,-1,-1,-1
257,43,0.11,609.34,23.60,95.51,0.3364,-1,-1,-1
257,30,1498.10,538.53,44.49,152.40,0.7083,-1,-1,-1
257,26,128.97,595.63,47.33,109.27,0.3278,-1,-1,-1
258,47,35.35,504.23,53.44,155.23,0.3011,-1,-1,-1
258,43,0.09,609.68,23.14,95.65,0.4490,-1,-1,-1
258,30,1506.05,546.95,46.25,149.43,0.6423,-1,-1,-1
258,26,131.55,596.43,44.85,109.45,0.3457,-1,-1,-1
259,47,38.39,508.23,52.73,147.07,0.4232,-1,-1,-1
259,43,0.12,610.35,26.48,94.88,0.4729,-1,-1,-1
259,30,1511.96,552.76,51.34,143.15,0.5938,-1,-1,-1
259,26,131.55,594.42,42.76,111.57,0.3758,-1,-1,-1
260,43,0.15,611.98,30.06,94.21,0.4133,-1,-1,-1
260,30,1509.38,551.16,66.57,147.72,0.6698,-1,-1,-1
260,26,131.72,600.26,41.91,108.27,0.3195,-1,-1,-1
261,43,0.09,611.77,31.38,96.89,0.5003,-1,-1,-1
261,30,1520.26,554.80,65.87,144.61,0.5763,-1,-1,-1
261,26,135.95,601.74,42.01,107.24,0.3939,-1,-1,-1
262,52,978.81,510.36,26.22,85.34,0.3379,-1,-1,-1
262,43,0.00,610.38,28.80,97.28,0.4986,-1,-1,-1
262,30,1519.28,565.76,78.34,131.59,0.4399,-1,-1,-1
262,26,140.87,600.87,35.59,107.95,0.4575,-1,-1,-1
263,52,981.27,518.05,29.35,80.17,0.3418,-1,-1,-1
263,43,0.13,612.76,33.02,94.45,0.4671,-1,-1,-1
263,26,141.88,602.32,39.78,106.17,0.3135,-1,-1,-1
264,52,984.50,520.05,27.06,77.46,0.3078,-1,-1,-1
264,47,51.27,515.20,47.85,142.28,0.3367,-1,-1,-1
264,43,0.00,611.85,33.34,96.80,0.5160,-1,-1,-1
265,52,989.61,512.54,30.15,85.26,0.4171,-1,-1,-1
265,43,0.08,615.20,33.51,92.27,0.4634,-1,-1,-1
265,26,147.46,599.47,45.78,110.12,0.3720,-1,-1,-1
266,52,996.49,512.64,29.17,85.02,0.4402,-1,-1,-1
266,43,0.11,613.37,38.77,94.26,0.4624,-1,-1,-1
266,30,1575.79,575.03,63.24,136.35,0.4051,-1,-1,-1
267,52,1003.23,518.33,26.44,79.10,0.3557,-1,-1,-1
267,43,0.15,613.05,42.34,95.02,0.4949,-1,-1,-1
267,26,151.10,599.38,44.27,112.23,0.4008,-1,-1,-1
268,55,1049.01,511.17,37.53,99.20,0.4425,-1,-1,-1
268,52,1007.76,516.87,29.02,82.63,0.3296,-1,-1,-1
268,43,3.19,611.75,42.12,100.03,0.4671,-1,-1,-1
269,55,1057.83,506.46,41.80,99.88,0.4788,-1,-1,-1
269,52,1023.81,511.07,25.14,91.46,0.3658,-1,-1,-1
269,43,4.52,610.17,44.85,100.27,0.4942,-1,-1,-1
269,26,154.01,598.62,43.77,113.44,0.3905,-1,-1,-1
270,55,1064.48,504.93,37.61,95.47,0.4245,-1,-1,-1
270,52,1022.58,509.32,27.48,87.63,0.3831,-1,-1,-1
270,43,7.24,609.07,46.31,98.45,0.4638,-1,-1,-1
270,30,1568.33,592.60,51.36,185.14,0.5122,-1,-1,-1
270,26,157.21,594.47,42.62,114.15,0.3390,-1,-1,-1
271,55,1068.69,506.26,37.30,96.97,0.4248,-1,-1,-1
271,52,1025.25,511.12,28.12,85.88,0.3104,-1,-1,-1
271,43,13.02,610.04,41.82,95.87,0.5399,-1,-1,-1
271,30,1585.15,592.23,54.02,187.70,0.4659,-1,-1,-1
271,26,162.50,595.33,41.86,111.34,0.4302,-1,-1,-1
272,55,1074.22,509.42,36.16,97.78,0.3741,-1,-1,-1
272,52,1032.17,516.66,26.76,78.00,0.3013,-1,-1,-1
272,43,12.71,604.24,43.26,100.61,0.5137,-1,-1,-1
273,55,1078.89,507.49,44.33,100.22,0.3643,-1,-1,-1
273,43,14.50,606.24,44.64,100.47,0.5930,-1,-1,-1
273,26,168.08,591.03,47.80,115.98,0.3812,-1,-1,-1
274,57,1063.81,506.22,23.00,91.10,0.3774,-1,-1,-1
274,55,1089.12,506.63,40.15,94.11,0.4816,-1,-1,-1
274,52,1055.71,505.91,22.46,91.21,0.3398,-1,-1,-1
274,43,14.46,600.18,43.25,103.14,0.4448,-1,-1,-1
275,58,1638.65,580.82,85.46,225.55,0.4294,-1,-1,-1
275,55,1094.49,507.35,35.23,96.60,0.3927,-1,-1,-1
275,52,1048.89,511.31,29.85,86.24,0.3622,-1,-1,-1
275,43,16.06,597.05,47.72,107.79,0.6143,-1,-1,-1
276,58,1656.00,581.06,75.69,234.92,0.6510,-1,-1,-1
276,55,1100.17,506.40,34.52,97.10,0.3074,-1,-1,-1
276,43,18.31,600.86,47.38,104.13,0.6279,-1,-1,-1
276,26,174.90,590.14,45.38,116.91,0.4253,-1,-1,-1
277,58,1669.62,593.48,79.02,225.89,0.5054,-1,-1,-1
277,55,1101.43,502.71,39.35,99.97,0.3158,-1,-1,-1
277,52,1056.84,503.65,34.40,93.18,0.3838,-1,-1,-1
277,43,20.28,598.65,47.12,107.30,0.6058,-1,-1,-1
277,26,177.29,590.39,44.10,117.39,0.3448,-1,-1,-1
278,59,1175.07,515.53,29.56,96.90,0.3974,-1,-1,-1
278,58,1682.28,597.82,83.81,227.02,0.4529,-1,-1,-1
278,57,1075.27,505.79,25.02,93.95,0.3919,-1,-1,-1
278,55,1110.03,506.86,42.25,95.73,0.3399,-1,-1,-1
278,52,1061.94,506.11,30.86,91.23,0.3817,-1,-1,-1
278,43,21.48,597.97,47.51,109.35,0.5956,-1,-1,-1
278,26,176.15,590.91,46.94,118.87,0.3736,-1,-1,-1
279,58,1694.59,594.90,88.33,235.09,0.5988,-1,-1,-1
279,55,1117.40,522.31,33.62,79.57,0.3124,-1,-1,-1
279,52,1070.91,510.39,31.29,89.38,0.4357,-1,-1,-1
279,43,24.34,598.58,48.16,109.65,0.6057,-1,-1,-1
279,26,178.88,591.67,46.53,118.47,0.4374,-1,-1,-1
280,60,1151.98,525.35,22.53,77.52,0.3165,-1,-1,-1
280,58,1707.46,559.00,70.05,172.07,0.4085,-1,-1,-1
280,43,25.71,600.13,48.35,111.75,0.6285,-1,-1,-1
280,26,181.53,600.66,44.37,111.36,0.4652,-1,-1,-1
281,58,1722.54,550.71,67.28,185.82,0.3073,-1,-1,-1
281,55,1123.97,504.85,39.94,98.83,0.3446,-1,-1,-1
281,43,25.47,602.02,50.72,112.57,0.6284,-1,-1,-1
281,26,185.28,599.23,44.96,115.49,0.4179,-1,-1,-1
282,64,1235.25,547.74,41.47,114.92,0.3407,-1,-1,-1
282,63,1198.08,517.50,32.63,93.95,0.3290,-1,-1,-1
282,62,1742.07,552.69,44.33,94.08,0.3111,-1,-1,-1
282,61,1732.14,610.76,119.68,236.56,0.6285,-1,-1,-1
282,43,28.56,605.24,48.77,110.01,0.6179,-1,-1,-1
282,26,187.04,598.01,48.39,117.42,0.4732,-1,-1,-1
283,61,1784.12,607.78,90.82,242.48,0.6227,-1,-1,-1
283,58,1748.82,549.80,53.06,178.55,0.4924,-1,-1,-1
283,43,30.97,610.43,47.76,107.57,0.6027,-1,-1,-1
283,26,188.63,599.63,52.17,118.18,0.4688,-1,-1,-1
284,65,1293.54,534.13,43.09,122.40,0.3894,-1,-1,-1
284,61,1800.40,608.95,100.17,245.39,0.7480,-1,-1,-1
284,58,1753.00,550.00,58.16,183.87,0.6230,-1,-1,-1
284,43,32.93,610.20,47.76,109.78,0.6396,-1,-1,-1
284,26,192.17,601.46,48.06,117.84,0.3808,-1,-1,-1
285,65,1299.44,537.35,49.41,117.23,0.4239,-1,-1,-1
285,64,1254.81,536.45,44.26,122.85,0.3728,-1,-1,-1
285,61,1826.35,612.52,91.02,246.25,0.8110,-1,-1,-1
285,58,1766.55,550.38,60.43,182.87,0.6446,-1,-1,-1
285,43,35.55,612.02,46.57,110.11,0.6390,-1,-1,-1
285,26,194.65,600.87,51.44,120.28,0.4398,-1,-1,-1
286,65,1312.79,535.51,42.14,118.26,0.3428,-1,-1,-1
286,61,1844.27,610.22,75.11,252.51,0.7457,-1,-1,-1
286,58,1778.79,546.29,62.25,189.91,0.7140,-1,-1,-1
286,43,35.63,612.80,47.86,111.96,0.6466,-1,-1,-1
286,26,196.81,601.12,52.03,121.87,0.4211,-1,-1,-1
287,61,1865.49,615.78,53.70,251.08,0.7013,-1,-1,-1
287,58,1796.75,548.54,61.28,191.25,0.7022,-1,-1,-1
287,43,37.13,613.46,49.58,112.50,0.6325,-1,-1,-1
287,26,199.40,606.74,51.33,119.80,0.4336,-1,-1,-1
288,65,1333.13,531.93,36.56,122.92,0.3045,-1,-1,-1
288,61,1888.19,653.26,30.98,213.67,0.5869,-1,-1,-1
288,58,1804.78,547.85,69.94,194.78,0.6718,-1,-1,-1
288,43,38.30,614.67,51.40,111.93,0.6130,-1,-1,-1
288,26,200.50,604.97,45.40,122.62,0.4925,-1,-1,-1
289,58,1820.55,543.84,65.45,197.94,0.7281,-1,-1,-1
289,43,39.15,614.51,51.01,114.11,0.5697,-1,-1,-1
289,26,201.70,607.38,40.54,119.73,0.3893,-1,-1,-1
290,58,1833.72,543.88,73.09,199.00,0.7607,-1,-1,-1
290,43,41.46,612.13,52.56,116.58,0.6098,-1,-1,-1
290,26,203.70,605.18,47.27,123.47,0.4323,-1,-1,-1
291,65,1356.96,534.55,28.96,114.72,0.3194,-1,-1,-1
291,63,1211.96,522.97,40.28,78.11,0.3750,-1,-1,-1
291,58,1849.54,537.53,60.12,204.55,0.7577,-1,-1,-1
291,43,44.12,613.48,54.70,118.87,0.6156,-1,-1,-1
292,65,1361.93,536.36,34.87,119.53,0.3809,-1,-1,-1
292,63,1208.53,519.13,48.26,80.63,0.3508,-1,-1,-1
292,58,1861.22,541.50,58.12,204.93,0.7131,-1,-1,-1
292,43,44.99,612.14,53.91,122.13,0.6635,-1,-1,-1
292,26,210.91,608.47,55.55,123.89,0.3703,-1,-1,-1
293,58,1877.53,540.48,41.85,207.94,0.6246,-1,-1,-1
293,43,47.33,615.44,53.22,122.87,0.6510,-1,-1,-1
293,26,216.79,611.89,49.59,123.45,0.4321,-1,-1,-1
294,43,47.84,619.74,53.84,119.72,0.6007,-1,-1,-1
294,26,216.74,611.45,49.33,124.05,0.4654,-1,-1,-1
295,65,1377.03,539.79,35.03,120.75,0.3111,-1,-1,-1
295,43,47.32,620.86,56.42,118.57,0.6149,-1,-1,-1
295,26,214.09,614.43,42.68,122.39,0.4391,-1,-1,-1
296,65,1378.62,549.64,39.37,115.17,0.4562,-1,-1,-1
296,64,1315.66,560.84,43.52,118.05,0.3088,-1,-1,-1
296,43,48.31,620.81,57.58,118.62,0.5640,-1,-1,-1
296,26,214.68,613.59,46.89,125.01,0.4417,-1,-1,-1
297,65,1381.45,556.63,40.22,107.46,0.4538,-1,-1,-1
297,43,48.79,621.50,57.74,120.33,0.6096,-1,-1,-1
297,26,223.22,615.06,44.88,124.18,0.3725,-1,-1,-1
298,66,1350.70,532.88,44.15,139.07,0.4125,-1,-1,-1
298,65,1388.92,544.32,42.40,121.12,0.4220,-1,-1,-1
298,43,49.01,621.44,57.14,120.03,0.6085,-1,-1,-1
298,26,224.81,611.45,47.29,127.48,0.4186,-1,-1,-1
299,66,1352.63,532.82,52.16,149.59,0.3328,-1,-1,-1
299,65,1396.82,565.17,41.99,106.56,0.3232,-1,-1,-1
299,43,49.45,622.78,56.95,118.93,0.6156,-1,-1,-1
299,26,226.81,615.97,45.58,123.52,0.4653,-1,-1,-1
300,67,1271.35,526.48,27.05,84.81,0.3016,-1,-1,-1
300,66,1352.59,533.46,44.75,99.15,0.3098,-1,-1,-1
300,65,1398.61,552.04,51.48,123.33,0.3044,-1,-1,-1
300,64,1317.43,526.35,32.76,95.97,0.3734,-1,-1,-1
300,43,49.59,619.84,58.06,123.95,0.5871,-1,-1,-1
300,26,228.73,614.75,49.24,125.90,0.4990,-1,-1,-1
301,66,1358.77,529.85,42.92,94.37,0.4174,-1,-1,-1
301,64,1319.46,528.29,35.29,92.59,0.3327,-1,-1,-1
301,43,48.91,624.44,55.45,122.52,0.5050,-1,-1,-1
301,26,227.98,616.64,50.66,126.46,0.4833,-1,-1,-1
302,43,48.51,622.99,57.81,124.15,0.4924,-1,-1,-1
302,26,227.57,614.14,50.24,129.74,0.4965,-1,-1,-1
303,70,1291.69,524.87,35.44,95.27,0.3423,-1,-1,-1
303,43,45.96,628.24,55.70,123.82,0.4663,-1,-1,-1
303,26,227.35,622.35,50.45,126.93,0.4473,-1,-1,-1
304,43,46.78,627.70,55.51,123.34,0.4487,-1,-1,-1
304,26,227.93,622.25,49.98,126.69,0.5151,-1,-1,-1
305,68,1306.74,532.89,36.94,95.06,0.3244,-1,-1,-1
305,43,49.29,636.28,58.54,117.42,0.4622,-1,-1,-1
305,26,227.19,628.49,50.97,125.04,0.4848,-1,-1,-1
306,64,1339.02,533.54,32.68,101.14,0.3669,-1,-1,-1
306,43,47.68,636.26,57.48,117.09,0.4343,-1,-1,-1
306,26,229.88,627.45,49.89,126.53,0.4855,-1,-1,-1
307,64,1339.27,528.83,42.79,107.53,0.4426,-1,-1,-1
307,43,45.41,635.05,59.74,122.06,0.4811,-1,-1,-1
307,26,228.56,627.19,50.16,128.70,0.4914,-1,-1,-1
308,64,1343.71,527.85,39.88,110.06,0.3946,-1,-1,-1
308,43,44.54,637.01,61.52,127.53,0.5546,-1,-1,-1
308,26,227.41,629.13,47.41,131.73,0.4617,-1,-1,-1
309,43,43.85,636.51,60.86,126.77,0.6168,-1,-1,-1
309,26,226.05,627.16,47.34,133.47,0.4389,-1,-1,-1
310,43,42.79,638.46,61.16,126.53,0.5962,-1,-1,-1
310,26,225.28,630.46,49.83,132.80,0.4359,-1,-1,-1
311,64,1361.86,528.36,41.92,117.08,0.3288,-1,-1,-1
311,43,40.88,641.75,63.44,126.65,0.6294,-1,-1,-1
311,26,229.38,631.96,54.03,132.60,0.3682,-1,-1,-1
312,43,39.95,641.06,61.91,126.31,0.5801,-1,-1,-1
312,26,226.12,630.27,52.57,133.58,0.3835,-1,-1,-1
313,43,38.85,643.27,63.88,129.53,0.6417,-1,-1,-1
313,26,228.85,636.52,56.11,132.74,0.3627,-1,-1,-1
314,43,37.64,645.26,60.80,128.56,0.5443,-1,-1,-1
314,26,227.77,638.48,50.53,134.69,0.3741,-1,-1,-1
315,65,1388.74,590.37,47.18,139.51,0.3409,-1,-1,-1
315,61,1882.18,717.42,37.25,178.36,0.4067,-1,-1,-1
315,43,36.99,644.67,59.74,128.98,0.5442,-1,-1,-1
315,26,227.83,636.77,50.68,136.85,0.4021,-1,-1,-1
316,65,1391.94,573.33,48.42,154.05,0.4471,-1,-1,-1
316,43,34.57,645.18,57.64,130.13,0.4184,-1,-1,-1
316,26,226.23,637.27,50.26,137.01,0.3845,-1,-1,-1
317,65,1394.71,545.98,57.68,192.69,0.4400,-1,-1,-1
317,43,34.99,645.92,55.46,130.98,0.4006,-1,-1,-1
317,26,226.40,638.32,50.78,136.86,0.4153,-1,-1,-1
318,65,1397.57,559.27,60.97,181.58,0.4634,-1,-1,-1
318,43,34.11,647.30,56.06,131.44,0.4660,-1,-1,-1
318,26,226.17,640.28,47.37,135.49,0.3965,-1,-1,-1
319,65,1399.64,587.93,57.22,154.85,0.4031,-1,-1,-1
319,43,33.14,648.83,54.80,131.29,0.4422,-1,-1,-1
319,26,227.01,641.63,52.04,135.79,0.3741,-1,-1,-1
320,73,1525.40,591.15,47.95,132.20,0.4291,-1,-1,-1
320,43,28.85,647.48,58.83,134.26,0.4506,-1,-1,-1
320,26,225.60,640.62,52.59,138.93,0.4204,-1,-1,-1
321,73,1531.78,595.98,47.47,127.68,0.4019,-1,-1,-1
321,65,1403.01,600.30,59.43,144.42,0.3546,-1,-1,-1
321,43,26.13,648.43,60.82,135.93,0.5096,-1,-1,-1
321,26,224.53,639.26,53.67,140.96,0.4288,-1,-1,-1
322,73,1534.42,586.97,58.12,140.05,0.5019,-1,-1,-1
322,65,1404.35,607.35,62.99,139.71,0.3373,-1,-1,-1
322,43,24.09,648.73,60.44,136.33,0.4725,-1,-1,-1
322,26,223.85,637.88,53.83,142.86,0.4615,-1,-1,-1
323,73,1540.51,583.87,57.39,143.23,0.5776,-1,-1,-1
323,65,1404.81,589.99,68.41,158.78,0.4153,-1,-1,-1
323,43,20.45,647.88,61.67,138.09,0.5191,-1,-1,-1
323,26,222.78,635.42,54.82,146.16,0.3649,-1,-1,-1
324,73,1543.13,591.84,56.62,135.08,0.5380,-1,-1,-1
324,43,16.75,646.24,61.45,138.10,0.5099,-1,-1,-1
324,26,212.60,634.29,46.99,144.38,0.3559,-1,-1,-1
325,73,1548.65,610.01,51.55,121.44,0.4970,-1,-1,-1
325,65,1415.74,594.55,65.33,154.33,0.5532,-1,-1,-1
325,43,14.67,648.13,62.33,136.16,0.5182,-1,-1,-1
325,26,220.79,634.42,56.17,147.06,0.3878,-1,-1,-1
326,75,1774.64,541.21,42.11,104.91,0.4704,-1,-1,-1
326,73,1551.72,591.84,50.20,140.86,0.4858,-1,-1,-1
326,65,1415.82,599.29,63.19,150.16,0.5394,-1,-1,-1
326,43,11.09,647.06,60.93,137.12,0.5603,-1,-1,-1
326,26,220.62,635.44,54.00,146.26,0.4117,-1,-1,-1
327,75,1780.52,538.85,39.78,113.47,0.4462,-1,-1,-1
327,73,1555.70,602.60,52.92,130.91,0.4790,-1,-1,-1
327,65,1418.15,599.37,62.31,150.50,0.6182,-1,-1,-1
327,43,8.33,647.13,61.27,137.10,0.6160,-1,-1,-1
327,26,213.26,638.47,57.75,143.01,0.4916,-1,-1,-1
328,75,1786.28,541.30,40.05,119.20,0.5423,-1,-1,-1
328,73,1559.20,589.92,53.39,144.89,0.3898,-1,-1,-1
328,65,1419.02,594.47,65.05,156.64,0.6022,-1,-1,-1
328,43,6.32,653.77,60.64,132.81,0.6028,-1,-1,-1
328,26,207.68,637.92,62.58,147.98,0.4102,-1,-1,-1
329,73,1562.86,585.18,53.57,152.73,0.4982,-1,-1,-1
329,65,1418.95,597.86,63.85,151.94,0.5813,-1,-1,-1
329,43,10.31,648.87,51.14,135.77,0.4847,-1,-1,-1
329,26,201.07,631.28,47.66,150.75,0.3334,-1,-1,-1
330,75,1797.88,541.24,44.80,121.74,0.4912,-1,-1,-1
330,73,1562.96,586.76,59.10,158.14,0.4770,-1,-1,-1
330,65,1423.81,596.38,58.64,154.99,0.5071,-1,-1,-1
330,43,5.40,652.52,51.08,130.97,0.5150,-1,-1,-1
330,26,201.15,631.92,49.58,150.86,0.3513,-1,-1,-1
331,75,1801.51,534.75,50.52,127.14,0.5365,-1,-1,-1
331,73,1550.68,554.41,73.84,188.56,0.3548,-1,-1,-1
331,65,1429.64,596.82,55.83,154.53,0.6451,-1,-1,-1
331,43,4.12,651.49,50.80,132.97,0.5149,-1,-1,-1
331,26,197.23,632.14,49.41,153.09,0.3490,-1,-1,-1
332,75,1805.30,533.74,48.03,126.72,0.3526,-1,-1,-1
332,73,1573.07,596.26,55.79,138.27,0.4265,-1,-1,-1
332,65,1431.39,601.64,56.39,149.37,0.6275,-1,-1,-1
332,43,2.01,645.54,45.79,133.23,0.5165,-1,-1,-1
332,26,192.54,628.69,50.64,151.58,0.3304,-1,-1,-1
333,75,1813.12,526.88,47.99,129.63,0.4406,-1,-1,-1
333,73,1573.11,572.44,56.25,167.72,0.3454,-1,-1,-1
333,70,1350.22,571.16,86.96,159.77,0.3310,-1,-1,-1
333,65,1429.33,595.62,62.70,157.20,0.5249,-1,-1,-1
333,43,0.03,645.52,43.52,133.68,0.5681,-1,-1,-1
333,26,187.76,627.40,65.70,153.72,0.3903,-1,-1,-1
334,75,1820.64,523.93,49.00,129.47,0.5166,-1,-1,-1
334,73,1581.47,585.30,54.93,151.52,0.4695,-1,-1,-1
334,65,1420.92,594.11,71.20,159.21,0.5217,-1,-1,-1
334,43,0.14,646.46,38.22,132.10,0.5770,-1,-1,-1
334,26,189.08,626.16,65.85,155.95,0.3376,-1,-1,-1
335,76,174.95,631.43,45.26,149.97,0.3750,-1,-1,-1
335,75,1825.26,518.52,48.50,135.82,0.6378,-1,-1,-1
335,73,1583.84,590.35,58.19,143.88,0.3762,-1,-1,-1
335,65,1412.55,593.74,87.69,159.88,0.3434,-1,-1,-1
335,43,0.15,646.06,32.64,133.54,0.4926,-1,-1,-1
336,76,176.25,627.47,44.20,155.73,0.3994,-1,-1,-1
336,75,1827.66,513.57,53.68,136.35,0.5644,-1,-1,-1
336,73,1575.46,536.53,62.69,211.70,0.3029,-1,-1,-1
336,70,1347.79,562.86,88.67,165.09,0.4144,-1,-1,-1
336,65,1420.98,587.45,85.47,165.51,0.5730,-1,-1,-1
336,43,0.11,648.17,28.80,134.36,0.5375,-1,-1,-1
337,76,175.85,628.32,52.22,159.81,0.4055,-1,-1,-1
337,75,1836.34,519.37,51.45,135.40,0.4650,-1,-1,-1
337,73,1572.54,531.43,68.02,220.16,0.4371,-1,-1,-1
337,65,1428.87,592.54,79.50,168.02,0.6622,-1,-1,-1
337,43,0.14,645.91,23.43,136.85,0.4224,-1,-1,-1
338,76,173.30,634.35,56.17,158.60,0.4138,-1,-1,-1
338,75,1841.37,519.52,50.25,131.17,0.6003,-1,-1,-1
338,73,1572.70,532.18,69.35,216.74,0.3704,-1,-1,-1
338,65,1430.82,593.39,85.96,166.60,0.5660,-1,-1,-1
338,43,0.11,669.78,18.55,120.32,0.3363,-1,-1,-1
339,76,168.00,638.67,58.40,157.38,0.4986,-1,-1,-1
339,75,1846.81,518.95,48.65,132.63,0.5669,-1,-1,-1
339,73,1582.96,537.29,70.12,226.00,0.5221,-1,-1,-1
339,65,1426.66,599.01,95.40,167.23,0.7192,-1,-1,-1
340,76,169.81,640.74,54.19,156.01,0.4730,-1,-1,-1
340,75,1849.75,518.45,50.21,131.48,0.5755,-1,-1,-1
340,73,1575.26,537.88,81.08,228.77,0.5749,-1,-1,-1
340,65,1432.42,596.58,91.50,169.99,0.7526,-1,-1,-1
341,76,156.14,639.63,46.21,162.26,0.3656,-1,-1,-1
341,73,1598.64,550.56,53.19,220.01,0.3669,-1,-1,-1
341,70,1365.86,572.50,66.93,168.44,0.3457,-1,-1,-1
341,65,1435.52,601.38,87.28,171.87,0.7354,-1,-1,-1
341,26,184.63,637.47,52.15,157.23,0.3833,-1,-1,-1
342,76,158.14,643.88,46.07,160.93,0.4898,-1,-1,-1
342,73,1585.50,557.16,71.75,215.59,0.3159,-1,-1,-1
342,65,1422.85,602.48,93.46,176.63,0.6932,-1,-1,-1
342,26,191.90,637.54,44.98,155.70,0.3154,-1,-1,-1
343,76,146.62,649.85,50.48,162.15,0.5291,-1,-1,-1
343,73,1569.62,546.87,88.47,230.83,0.4135,-1,-1,-1
343,65,1444.10,614.92,68.73,169.34,0.6044,-1,-1,-1
344,76,139.31,653.87,58.16,163.24,0.4864,-1,-1,-1
344,75,1876.80,534.50,42.56,131.52,0.4553,-1,-1,-1
344,73,1571.50,566.41,93.52,218.10,0.3288,-1,-1,-1
344,65,1442.87,617.60,71.04,170.84,0.6757,-1,-1,-1
345,76,137.39,659.43,53.21,164.19,0.3700,-1,-1,-1
345,75,1876.95,537.11,42.41,133.33,0.4714,-1,-1,-1
345,73,1571.95,595.93,50.85,172.68,0.3960,-1,-1,-1
345,70,1361.97,590.19,69.85,178.15,0.3074,-1,-1,-1
345,65,1444.79,618.85,69.35,182.32,0.6143,-1,-1,-1
345,26,174.33,656.51,45.32,151.83,0.4043,-1,-1,-1
346,76,128.83,662.87,55.51,170.05,0.3676,-1,-1,-1
346,75,1879.01,534.21,40.36,141.87,0.4745,-1,-1,-1
346,73,1573.57,593.75,53.21,185.18,0.4137,-1,-1,-1
346,70,1361.08,571.10,64.87,199.72,0.3420,-1,-1,-1
346,65,1440.42,622.47,68.45,182.37,0.5920,-1,-1,-1
347,77,1399.25,592.88,61.85,183.37,0.3125,-1,-1,-1
347,76,117.71,670.77,56.71,170.18,0.4572,-1,-1,-1
347,75,1884.70,541.17,34.66,136.77,0.3265,-1,-1,-1
347,73,1573.95,595.02,57.86,194.11,0.5168,-1,-1,-1
347,70,1361.83,582.35,61.53,193.36,0.3556,-1,-1,-1
347,65,1432.56,627.04,78.07,185.91,0.6000,-1,-1,-1
348,77,1396.70,594.40,62.49,187.04,0.4325,-1,-1,-1
348,76,118.46,671.20,55.59,170.11,0.5847,-1,-1,-1
348,73,1576.27,599.77,63.72,188.91,0.5159,-1,-1,-1
348,65,1448.87,630.98,60.95,187.07,0.6564,-1,-1,-1
349,77,1394.42,595.44,65.81,190.97,0.5117,-1,-1,-1
349,76,105.48,674.11,64.03,169.55,0.4653,-1,-1,-1
349,73,1578.72,613.70,63.69,182.69,0.4365,-1,-1,-1
349,70,1355.81,599.23,61.94,181.86,0.4166,-1,-1,-1
349,65,1444.90,635.14,69.08,191.57,0.6876,-1,-1,-1
350,77,1395.13,597.97,59.55,189.93,0.4078,-1,-1,-1
350,76,102.61,670.65,59.56,173.95,0.4889,-1,-1,-1
350,73,1580.67,614.90,73.18,183.47,0.5738,-1,-1,-1
350,70,1357.02,604.65,65.71,180.46,0.4031,-1,-1,-1
350,65,1442.88,639.12,79.06,190.26,0.6506,-1,-1,-1
350,26,150.04,667.40,49.64,158.50,0.3804,-1,-1,-1
351,77,1392.88,600.97,64.01,191.00,0.3520,-1,-1,-1
351,76,94.73,672.90,59.71,176.08,0.5601,-1,-1,-1
351,73,1581.78,608.40,69.55,189.24,0.4108,-1,-1,-1
351,70,1354.51,607.24,71.63,178.67,0.4143,-1,-1,-1
351,65,1439.68,646.10,84.77,187.43,0.7047,-1,-1,-1
351,26,143.94,667.77,50.92,156.71,0.3899,-1,-1,-1
352,76,85.90,673.85,62.98,176.39,0.5701,-1,-1,-1
352,73,1584.02,606.54,80.54,206.81,0.5272,-1,-1,-1
352,70,1358.51,604.39,63.56,184.96,0.4531,-1,-1,-1
352,65,1427.08,649.89,97.36,189.95,0.6598,-1,-1,-1
353,77,1398.59,599.67,49.42,192.66,0.4511,-1,-1,-1
353,76,79.73,680.23,66.63,170.92,0.4347,-1,-1,-1
353,73,1583.44,610.22,72.98,203.22,0.5762,-1,-1,-1
353,70,1356.95,602.52,64.24,188.80,0.4914,-1,-1,-1
353,65,1437.20,651.59,92.38,191.64,0.6678,-1,-1,-1
353,26,135.92,671.14,51.67,162.01,0.3599,-1,-1,-1
354,77,1394.61,601.84,63.76,193.30,0.3481,-1,-1,-1
354,76,79.75,682.58,66.09,172.04,0.5200,-1,-1,-1
354,73,1582.79,619.93,71.90,199.11,0.5595,-1,-1,-1
354,70,1346.89,604.50,70.96,189.51,0.4876,-1,-1,-1
354,65,1447.96,655.93,81.74,197.13,0.6898,-1,-1,-1
354,26,129.17,670.80,53.98,164.53,0.3779,-1,-1,-1
355,77,1390.92,604.59,61.34,197.87,0.4294,-1,-1,-1
355,76,87.21,678.22,49.15,179.35,0.4124,-1,-1,-1
355,73,1582.54,627.98,73.21,192.54,0.5792,-1,-1,-1
355,70,1349.83,606.83,62.07,190.89,0.4307,-1,-1,-1
355,65,1445.89,656.48,83.80,196.08,0.6566,-1,-1,-1
355,26,122.32,667.07,48.15,166.79,0.4646,-1,-1,-1
356,77,1391.39,610.59,60.64,199.76,0.3671,-1,-1,-1
356,76,59.13,681.51,67.21,177.67,0.4243,-1,-1,-1
356,73,1581.08,632.80,78.19,196.51,0.5777,-1,-1,-1
356,70,1347.85,602.77,63.34,197.41,0.3907,-1,-1,-1
356,65,1440.27,658.60,94.83,198.92,0.6957,-1,-1,-1
356,26,115.47,664.85,55.09,172.61,0.3938,-1,-1,-1
357,77,1384.88,611.91,67.22,200.32,0.3782,-1,-1,-1
357,76,75.96,679.30,48.26,176.56,0.3897,-1,-1,-1
357,73,1576.59,644.07,85.11,192.15,0.6405,-1,-1,-1
357,70,1348.49,582.32,56.30,216.86,0.3660,-1,-1,-1
357,65,1448.54,666.43,85.87,196.95,0.7579,-1,-1,-1
358,77,1386.99,614.55,69.68,199.00,0.5232,-1,-1,-1
358,76,60.67,683.44,58.72,181.43,0.5449,-1,-1,-1
358,73,1576.50,647.34,91.32,190.07,0.6261,-1,-1,-1
358,70,1351.35,598.95,50.43,200.12,0.4396,-1,-1,-1
358,65,1450.49,671.73,81.51,192.63,0.7845,-1,-1,-1
359,77,1386.48,614.58,71.60,202.63,0.4646,-1,-1,-1
359,76,48.05,692.91,57.63,175.17,0.3694,-1,-1,-1
359,73,1578.96,649.87,93.03,195.44,0.6685,-1,-1,-1
359,70,1345.54,593.31,54.22,183.95,0.4116,-1,-1,-1
359,65,1450.90,681.74,78.45,192.49,0.6682,-1,-1,-1
359,26,97.10,673.65,47.11,172.23,0.4351,-1,-1,-1
360,77,1378.50,621.31,79.48,198.29,0.4149,-1,-1,-1
360,76,40.49,691.86,58.93,178.33,0.4091,-1,-1,-1
360,73,1580.82,655.97,91.88,197.37,0.6194,-1,-1,-1
360,70,1341.48,593.39,58.41,216.62,0.5525,-1,-1,-1
360,65,1454.10,683.82,74.63,193.22,0.7214,-1,-1,-1
360,26,93.67,674.70,49.17,169.44,0.3977,-1,-1,-1
361,77,1375.84,620.62,78.08,201.91,0.4516,-1,-1,-1
361,76,33.76,688.54,60.45,183.48,0.4914,-1,-1,-1
361,73,1580.39,661.55,92.99,195.28,0.6786,-1,-1,-1
361,70,1342.12,593.18,54.53,208.38,0.4564,-1,-1,-1
361,65,1454.63,685.64,70.88,199.64,0.7350,-1,-1,-1
361,26,83.32,681.57,54.22,170.78,0.4346,-1,-1,-1
362,77,1374.38,622.43,86.39,207.44,0.4952,-1,-1,-1
362,76,24.36,692.22,68.28,184.83,0.4411,-1,-1,-1
362,73,1582.77,660.86,89.11,202.46,0.6449,-1,-1,-1
362,70,1341.60,599.21,54.93,221.74,0.5300,-1,-1,-1
362,65,1453.07,681.79,77.17,206.18,0.7323,-1,-1,-1
362,26,77.58,683.22,48.43,172.28,0.4969,-1,-1,-1
363,77,1378.48,617.37,82.41,215.00,0.4934,-1,-1,-1
363,76,17.51,692.52,66.89,190.97,0.3859,-1,-1,-1
363,73,1584.24,660.76,84.28,205.72,0.5640,-1,-1,-1
363,70,1340.07,599.99,55.70,221.46,0.5450,-1,-1,-1
363,65,1455.01,678.82,75.22,220.21,0.7410,-1,-1,-1
363,26,68.65,682.22,51.77,177.98,0.4352,-1,-1,-1
364,77,1374.37,629.88,60.15,209.36,0.4704,-1,-1,-1
364,76,10.81,697.30,65.86,187.41,0.4327,-1,-1,-1
364,73,1581.40,661.77,80.32,215.27,0.6301,-1,-1,-1
364,70,1337.75,611.17,56.11,197.96,0.3110,-1,-1,-1
364,65,1451.16,688.17,83.43,221.75,0.7583,-1,-1,-1
364,26,64.35,685.92,51.60,178.38,0.3717,-1,-1,-1
365,77,1372.47,630.08,70.77,216.80,0.5356,-1,-1,-1
365,76,5.04,700.49,62.93,193.06,0.4497,-1,-1,-1
365,73,1582.62,665.49,75.79,214.59,0.5983,-1,-1,-1
365,70,1338.62,629.77,49.05,161.25,0.3357,-1,-1,-1
365,65,1447.44,692.44,92.33,220.09,0.6992,-1,-1,-1
365,26,53.32,692.35,56.45,178.21,0.3846,-1,-1,-1
366,77,1372.90,632.65,69.09,217.86,0.6047,-1,-1,-1
366,76,8.20,705.41,53.06,188.85,0.5089,-1,-1,-1
366,73,1579.56,663.67,76.04,218.81,0.6743,-1,-1,-1
366,70,1339.79,634.13,51.35,212.49,0.3637,-1,-1,-1
366,65,1448.16,697.78,96.80,223.40,0.7258,-1,-1,-1
366,26,49.02,693.98,53.10,174.01,0.5613,-1,-1,-1
367,77,1374.36,638.80,67.77,214.06,0.5764,-1,-1,-1
367,76,3.26,714.21,52.31,185.90,0.5163,-1,-1,-1
367,73,1577.76,661.38,82.24,234.04,0.6499,-1,-1,-1
367,70,1334.66,640.84,50.14,160.92,0.4942,-1,-1,-1
367,65,1454.26,706.47,91.30,220.93,0.7109,-1,-1,-1
367,26,44.39,702.59,49.91,172.36,0.5372,-1,-1,-1
368,77,1372.61,639.20,62.71,217.46,0.5894,-1,-1,-1
368,76,0.18,715.79,46.22,191.00,0.4649,-1,-1,-1
368,73,1575.58,663.60,87.29,236.51,0.6311,-1,-1,-1
368,70,1333.66,644.79,49.96,168.34,0.4752,-1,-1,-1
368,65,1456.63,711.60,90.79,223.07,0.7131,-1,-1,-1
368,26,34.81,707.73,53.68,174.59,0.3836,-1,-1,-1
369,80,1669.14,602.54,59.42,141.57,0.4297,-1,-1,-1
369,77,1374.13,642.00,62.19,217.41,0.5805,-1,-1,-1
369,76,0.18,714.75,42.37,197.61,0.4840,-1,-1,-1
369,73,1577.34,663.43,86.08,238.62,0.6325,-1,-1,-1
369,70,1328.76,644.78,57.47,208.52,0.5575,-1,-1,-1
369,65,1461.78,710.21,89.06,229.02,0.5720,-1,-1,-1
369,26,24.62,708.00,56.31,180.57,0.6032,-1,-1,-1
370,81,1505.20,576.43,43.09,67.79,0.3455,-1,-1,-1
370,77,1368.08,643.81,65.53,221.00,0.5173,-1,-1,-1
370,76,0.18,719.00,30.42,194.91,0.3764,-1,-1,-1
370,73,1564.28,662.56,102.06,240.62,0.6566,-1,-1,-1
370,70,1326.56,643.43,59.59,219.99,0.3467,-1,-1,-1
370,65,1460.43,715.61,92.65,230.23,0.6388,-1,-1,-1
370,26,12.72,711.09,57.16,181.73,0.4461,-1,-1,-1
371,81,1504.79,576.75,44.98,67.57,0.3102,-1,-1,-1
371,77,1366.41,644.92,68.02,222.83,0.4885,-1,-1,-1
371,76,0.16,723.78,28.31,185.78,0.3564,-1,-1,-1
371,73,1558.00,667.19,112.88,236.52,0.6950,-1,-1,-1
371,65,1462.04,718.96,91.80,229.41,0.7187,-1,-1,-1
371,26,9.89,713.65,54.99,187.02,0.5523,-1,-1,-1
372,77,1362.47,646.47,71.16,224.32,0.5199,-1,-1,-1
372,73,1555.51,668.98,116.06,241.10,0.6675,-1,-1,-1
372,65,1460.99,719.81,94.38,232.53,0.7247,-1,-1,-1
372,26,1.37,717.72,58.19,182.99,0.6470,-1,-1,-1
373,77,1359.90,649.21,72.66,224.00,0.4946,-1,-1,-1
373,73,1562.99,671.69,110.23,244.47,0.6856,-1,-1,-1
373,70,1317.58,649.35,56.28,168.61,0.3106,-1,-1,-1
373,65,1459.48,719.63,96.16,235.37,0.7243,-1,-1,-1
373,26,0.33,726.57,51.23,179.08,0.5496,-1,-1,-1
374,77,1359.09,653.81,74.43,222.42,0.5889,-1,-1,-1
374,73,1560.46,678.24,111.84,243.26,0.6555,-1,-1,-1
374,70,1312.90,643.85,56.01,168.83,0.3207,-1,-1,-1
374,65,1455.06,722.37,96.32,237.47,0.7137,-1,-1,-1
374,26,0.21,730.26,41.70,176.16,0.6579,-1,-1,-1
375,80,1703.03,608.23,47.15,139.45,0.3981,-1,-1,-1
375,77,1358.00,657.10,77.78,221.95,0.5841,-1,-1,-1
375,73,1562.56,674.10,105.47,245.43,0.6349,-1,-1,-1
375,65,1455.29,724.29,86.19,239.53,0.7047,-1,-1,-1
375,26,0.09,733.13,34.90,180.01,0.5741,-1,-1,-1
376,80,1704.69,609.90,48.89,139.55,0.3566,-1,-1,-1
376,77,1351.29,653.31,79.13,222.49,0.5089,-1,-1,-1
376,73,1559.61,679.07,103.11,242.69,0.6121,-1,-1,-1
376,65,1456.37,725.99,81.36,241.74,0.7023,-1,-1,-1
376,26,0.10,734.08,23.57,172.74,0.5312,-1,-1,-1
377,80,1712.43,602.55,61.05,149.62,0.3328,-1,-1,-1
377,77,1346.28,648.84,88.21,228.26,0.5844,-1,-1,-1
377,73,1555.72,683.29,99.16,235.50,0.5975,-1,-1,-1
377,65,1456.12,725.31,82.14,247.88,0.6786,-1,-1,-1
378,80,1723.65,605.37,58.95,141.58,0.5156,-1,-1,-1
378,77,1340.71,646.83,87.30,232.67,0.4308,-1,-1,-1
378,73,1550.47,683.28,101.14,243.78,0.6503,-1,-1,-1
378,65,1457.65,725.92,80.76,254.41,0.6448,-1,-1,-1
379,80,1717.37,599.46,62.58,144.91,0.3529,-1,-1,-1
379,77,1336.57,648.42,63.18,182.05,0.3056,-1,-1,-1
379,73,1547.88,677.27,92.28,249.32,0.7073,-1,-1,-1
379,65,1456.77,725.56,79.86,262.27,0.6692,-1,-1,-1
380,80,1729.27,600.75,46.77,144.64,0.3185,-1,-1,-1
380,77,1331.44,647.99,60.74,178.34,0.4132,-1,-1,-1
380,73,1540.95,679.36,96.09,252.26,0.6648,-1,-1,-1
380,65,1454.52,724.81,80.29,267.80,0.6934,-1,-1,-1
381,80,1711.51,601.40,55.93,143.90,0.3313,-1,-1,-1
381,77,1327.78,647.76,59.21,183.17,0.4182,-1,-1,-1
381,73,1530.45,679.52,87.79,259.45,0.6151,-1,-1,-1
381,65,1452.81,727.42,91.94,267.91,0.7053,-1,-1,-1
382,83,1445.39,559.86,42.58,82.80,0.3734,-1,-1,-1
382,80,1714.18,589.96,62.60,154.15,0.4635,-1,-1,-1
382,77,1323.49,648.48,58.72,182.97,0.6209,-1,-1,-1
382,73,1534.43,677.79,78.70,260.06,0.5860,-1,-1,-1
382,65,1449.61,732.30,90.91,268.21,0.6866,-1,-1,-1
383,81,1506.11,563.19,44.93,66.58,0.3024,-1,-1,-1
383,80,1710.91,594.97,53.49,146.31,0.3539,-1,-1,-1
383,77,1321.25,649.02,54.37,187.59,0.6669,-1,-1,-1
383,73,1529.03,687.09,83.34,249.70,0.5605,-1,-1,-1
383,65,1446.83,737.78,96.58,267.13,0.7165,-1,-1,-1
384,83,1439.16,561.83,46.67,80.47,0.3165,-1,-1,-1
384,80,1710.66,596.65,54.65,146.87,0.3836,-1,-1,-1
384,77,1317.44,647.57,52.97,188.74,0.6728,-1,-1,-1
384,73,1519.54,684.08,91.08,258.99,0.5856,-1,-1,-1
384,65,1443.32,740.83,101.58,270.49,0.7349,-1,-1,-1
385,83,1436.14,566.56,48.45,75.44,0.3916,-1,-1,-1
385,80,1716.88,592.03,69.83,155.69,0.4338,-1,-1,-1
385,77,1251.65,642.69,111.80,220.82,0.3319,-1,-1,-1
385,73,1518.81,688.76,92.42,250.95,0.6054,-1,-1,-1
385,65,1439.96,742.07,99.40,271.07,0.7483,-1,-1,-1
386,83,1432.99,559.60,46.31,83.28,0.3879,-1,-1,-1
386,81,1493.13,558.21,49.69,75.24,0.3483,-1,-1,-1
386,80,1718.61,594.20,67.25,157.06,0.3023,-1,-1,-1
386,77,1243.43,643.13,59.94,220.09,0.3641,-1,-1,-1
386,73,1512.59,694.67,97.14,252.52,0.5702,-1,-1,-1
386,65,1433.37,745.59,95.61,274.01,0.7491,-1,-1,-1
387,84,1544.66,551.08,47.26,103.09,0.3849,-1,-1,-1
387,81,1493.01,554.73,52.52,76.74,0.4323,-1,-1,-1
387,80,1727.97,588.72,64.77,155.01,0.3182,-1,-1,-1
387,77,1239.58,643.45,65.64,218.43,0.4958,-1,-1,-1
387,73,1506.11,693.51,97.51,257.16,0.6562,-1,-1,-1
387,65,1431.91,746.02,90.97,275.09,0.7029,-1,-1,-1
388,81,1488.97,559.41,55.79,74.55,0.3927,-1,-1,-1
388,77,1235.68,648.65,56.81,213.38,0.4929,-1,-1,-1
388,73,1494.97,680.17,105.03,275.28,0.5981,-1,-1,-1
388,70,1262.37,646.42,85.13,227.48,0.3333,-1,-1,-1
388,65,1429.34,746.17,91.05,282.20,0.6611,-1,-1,-1
389,80,1733.77,589.68,62.50,162.07,0.3029,-1,-1,-1
389,77,1216.96,644.80,69.01,219.62,0.4833,-1,-1,-1
389,73,1486.18,682.80,113.08,275.19,0.6412,-1,-1,-1
389,65,1426.77,746.23,93.81,290.22,0.5935,-1,-1,-1
390,84,1533.21,553.69,48.78,92.84,0.3556,-1,-1,-1
390,81,1483.03,558.44,44.59,75.62,0.3219,-1,-1,-1
390,77,1226.31,647.58,57.90,225.27,0.4833,-1,-1,-1
390,73,1487.37,691.66,106.87,265.81,0.5616,-1,-1,-1
390,70,1274.56,644.13,59.11,226.28,0.4335,-1,-1,-1
390,65,1415.01,749.07,101.93,291.59,0.6101,-1,-1,-1
391,85,1347.76,557.20,48.40,109.26,0.4241,-1,-1,-1
391,84,1531.15,565.51,44.47,80.74,0.3899,-1,-1,-1
391,83,1413.46,554.04,45.27,90.07,0.5163,-1,-1,-1
391,81,1482.26,558.40,52.10,83.12,0.4341,-1,-1,-1
391,77,1215.59,650.67,58.79,221.45,0.3409,-1,-1,-1
391,73,1482.67,714.18,108.29,239.14,0.5671,-1,-1,-1
391,65,1406.76,751.96,113.39,298.16,0.5779,-1,-1,-1
392,85,1338.54,552.21,53.22,113.30,0.3811,-1,-1,-1
392,84,1525.36,559.75,43.33,92.28,0.3365,-1,-1,-1
392,83,1407.05,551.97,46.99,91.81,0.3665,-1,-1,-1
392,80,1734.53,588.55,57.33,175.14,0.3315,-1,-1,-1
392,77,1195.34,646.86,70.39,229.29,0.4910,-1,-1,-1
392,73,1470.44,707.97,112.85,252.49,0.5205,-1,-1,-1
392,70,1250.00,647.20,68.09,234.86,0.4924,-1,-1,-1
392,65,1398.00,756.40,108.16,296.02,0.6738,-1,-1,-1
393,85,1335.07,553.65,52.52,117.24,0.4284,-1,-1,-1
393,84,1519.32,563.27,44.14,90.13,0.4268,-1,-1,-1
393,81,1469.44,563.46,49.59,79.46,0.5495,-1,-1,-1
393,80,1731.14,607.13,59.93,157.61,0.4086,-1,-1,-1
393,77,1190.95,646.61,68.32,231.66,0.4804,-1,-1,-1
393,73,1457.90,705.80,77.76,172.20,0.3616,-1,-1,-1
393,65,1394.73,762.30,111.84,296.22,0.6521,-1,-1,-1
394,85,1329.34,554.09,49.77,115.92,0.4491,-1,-1,-1
394,83,1384.25,549.27,57.86,97.13,0.4481,-1,-1,-1
394,81,1462.63,561.91,54.70,77.11,0.3506,-1,-1,-1
394,80,1730.32,604.36,55.59,157.94,0.4588,-1,-1,-1
394,77,1183.57,651.14,65.59,227.83,0.5020,-1,-1,-1
394,65,1388.35,764.69,104.79,299.22,0.5846,-1,-1,-1
395,85,1321.27,556.48,51.99,122.27,0.5619,-1,-1,-1
395,84,1508.55,562.85,43.74,85.90,0.3359,-1,-1,-1
395,83,1389.25,548.89,48.18,95.34,0.5517,-1,-1,-1
395,81,1459.32,559.56,44.31,80.98,0.3550,-1,-1,-1
395,80,1727.90,597.76,56.58,167.49,0.4623,-1,-1,-1
395,77,1170.22,648.70,70.72,238.58,0.6528,-1,-1,-1
395,73,1443.51,709.91,83.88,256.38,0.5124,-1,-1,-1
395,65,1380.29,767.42,99.84,301.42,0.6797,-1,-1,-1
396,85,1315.53,558.51,51.89,122.67,0.4674,-1,-1,-1
396,83,1384.09,548.85,44.47,98.70,0.4158,-1,-1,-1
396,81,1445.63,558.27,49.28,82.74,0.3519,-1,-1,-1
396,80,1726.73,597.85,57.22,171.75,0.4982,-1,-1,-1
396,77,1162.31,648.51,70.15,221.05,0.5779,-1,-1,-1
396,73,1432.38,703.66,87.03,252.12,0.4951,-1,-1,-1
396,65,1372.39,771.87,105.08,302.16,0.7466,-1,-1,-1
397,85,1312.96,562.63,49.12,121.31,0.4726,-1,-1,-1
397,84,1495.82,562.91,45.84,90.33,0.4563,-1,-1,-1
397,83,1372.40,551.23,45.10,96.76,0.4721,-1,-1,-1
397,81,1445.77,562.67,51.58,83.07,0.5604,-1,-1,-1
397,80,1723.52,602.03,56.10,167.48,0.5075,-1,-1,-1
397,77,1149.18,648.81,73.14,231.68,0.6026,-1,-1,-1
397,73,1418.52,717.28,88.18,262.17,0.4172,-1,-1,-1
397,65,1365.82,772.37,102.13,305.42,0.6442,-1,-1,-1
398,85,1301.22,557.24,47.60,125.88,0.6487,-1,-1,-1
398,83,1367.07,552.04,47.57,94.40,0.4550,-1,-1,-1
398,81,1436.72,558.73,51.78,87.62,0.3242,-1,-1,-1
398,80,1715.74,606.47,56.12,163.26,0.4398,-1,-1,-1
398,77,1141.98,648.62,73.90,240.26,0.5450,-1,-1,-1
398,73,1401.78,715.69,81.29,160.35,0.3363,-1,-1,-1
398,65,1356.65,769.48,112.98,305.75,0.5340,-1,-1,-1
399,85,1293.03,552.12,50.74,128.77,0.5962,-1,-1,-1
399,84,1479.02,557.35,44.62,94.29,0.3647,-1,-1,-1
399,83,1361.84,556.75,38.34,91.19,0.3330,-1,-1,-1
399,80,1713.07,605.26,59.92,162.28,0.4791,-1,-1,-1
399,77,1129.29,653.92,67.19,224.22,0.6110,-1,-1,-1
399,65,1348.30,768.01,111.69,311.99,0.3344,-1,-1,-1
400,85,1289.69,557.63,40.53,125.13,0.6079,-1,-1,-1
400,84,1471.53,559.56,44.86,93.52,0.4438,-1,-1,-1
400,83,1349.07,549.00,43.59,99.24,0.5125,-1,-1,-1
400,81,1420.10,562.51,51.27,82.82,0.5253,-1,-1,-1
400,80,1711.72,610.45,68.82,161.84,0.3391,-1,-1,-1
400,77,1110.50,652.77,95.61,269.10,0.5460,-1,-1,-1
400,73,1380.23,717.72,76.32,154.07,0.4162,-1,-1,-1
400,65,1339.69,770.46,111.15,309.39,0.3855,-1,-1,-1
401,85,1277.47,552.37,47.28,131.24,0.6617,-1,-1,-1
401,84,1465.26,558.51,44.26,90.97,0.3096,-1,-1,-1
401,83,1340.69,545.01,45.07,101.36,0.4686,-1,-1,-1
401,81,1410.90,559.42,52.38,84.37,0.3440,-1,-1,-1
401,80,1707.61,610.21,57.02,160.89,0.3399,-1,-1,-1
401,77,1092.88,657.19,83.17,247.45,0.7010,-1,-1,-1
401,73,1376.55,725.20,66.49,149.26,0.3487,-1,-1,-1
401,65,1322.65,771.77,114.89,307.14,0.5659,-1,-1,-1
402,85,1267.70,551.54,47.78,128.97,0.4938,-1,-1,-1
402,84,1454.66,555.77,45.79,98.41,0.3014,-1,-1,-1
402,83,1323.23,539.48,51.63,110.08,0.4397,-1,-1,-1
402,77,1073.26,655.63,102.21,251.71,0.6527,-1,-1,-1
402,65,1314.71,776.77,115.24,302.46,0.6448,-1,-1,-1
403,85,1262.26,553.60,40.14,128.14,0.4627,-1,-1,-1
403,84,1446.08,557.69,51.30,99.48,0.3680,-1,-1,-1
403,83,1315.05,543.19,51.38,104.83,0.5200,-1,-1,-1
403,81,1395.27,559.58,54.44,86.67,0.4313,-1,-1,-1
403,77,1057.32,656.09,112.41,283.08,0.6652,-1,-1,-1
403,65,1302.80,761.85,125.15,316.42,0.6414,-1,-1,-1
404,85,1250.96,546.99,44.50,131.09,0.4948,-1,-1,-1
404,84,1435.16,561.35,47.02,89.26,0.4459,-1,-1,-1
404,83,1311.19,543.15,45.83,105.56,0.5544,-1,-1,-1
404,81,1384.82,556.49,54.46,89.73,0.4256,-1,-1,-1
404,77,1068.07,660.09,92.11,282.29,0.6717,-1,-1,-1
404,65,1284.48,767.39,129.11,310.86,0.7312,-1,-1,-1
405,85,1241.88,546.08,38.67,134.97,0.4916,-1,-1,-1
405,84,1425.15,559.63,46.23,95.32,0.4482,-1,-1,-1
405,83,1296.49,541.57,49.65,108.86,0.4410,-1,-1,-1
405,81,1374.68,559.39,51.13,87.30,0.3301,-1,-1,-1
405,77,1039.88,659.96,104.88,280.60,0.6311,-1,-1,-1
405,65,1258.54,783.34,142.41,296.56,0.6215,-1,-1,-1
406,85,1228.90,548.19,43.77,128.13,0.6193,-1,-1,-1
406,84,1415.33,555.75,46.93,95.90,0.3945,-1,-1,-1
406,83,1291.73,542.54,43.75,104.57,0.6221,-1,-1,-1
406,77,1010.80,661.65,117.85,282.94,0.7470,-1,-1,-1
406,65,1202.62,782.98,182.23,295.64,0.5793,-1,-1,-1
407,85,1218.04,542.44,44.23,140.36,0.5249,-1,-1,-1
407,84,1404.47,552.48,46.94,105.06,0.4215,-1,-1,-1
407,83,1279.51,549.89,43.49,100.72,0.5672,-1,-1,-1
407,81,1352.17,558.37,45.85,91.29,0.3669,-1,-1,-1
407,80,1672.65,600.66,73.38,188.89,0.3405,-1,-1,-1
407,77,994.92,664.44,120.64,285.76,0.5516,-1,-1,-1
407,65,1184.03,780.54,186.59,298.49,0.6127,-1,-1,-1
408,85,1204.41,546.65,46.50,131.88,0.5760,-1,-1,-1
408,84,1395.13,557.31,43.95,94.65,0.4104,-1,-1,-1
408,83,1267.33,542.58,43.25,105.48,0.6269,-1,-1,-1
408,81,1340.91,559.63,46.73,87.83,0.3595,-1,-1,-1
408,77,994.15,667.45,104.43,287.15,0.6293,-1,-1,-1
408,65,1198.15,794.09,159.00,283.95,0.5675,-1,-1,-1
409,85,1193.63,542.79,46.24,138.75,0.5564,-1,-1,-1
409,84,1381.66,551.89,45.71,105.19,0.4235,-1,-1,-1
409,83,1251.12,547.59,49.32,104.11,0.4832,-1,-1,-1
409,81,1328.25,557.91,46.02,92.28,0.3676,-1,-1,-1
409,80,1656.99,580.06,67.87,221.11,0.3452,-1,-1,-1
409,77,963.98,664.77,120.26,292.16,0.6844,-1,-1,-1
409,65,1193.83,791.79,142.99,287.82,0.7035,-1,-1,-1
410,85,1180.01,543.21,47.06,135.73,0.5673,-1,-1,-1
410,84,1372.54,549.62,43.16,108.66,0.3417,-1,-1,-1
410,83,1239.80,541.39,48.23,107.72,0.5802,-1,-1,-1
410,81,1326.57,559.75,50.15,90.18,0.3963,-1,-1,-1
410,80,1649.47,591.68,66.82,215.68,0.3479,-1,-1,-1
410,77,942.65,668.60,116.11,293.49,0.7125,-1,-1,-1
410,65,1189.11,810.03,127.13,269.97,0.5446,-1,-1,-1
411,85,1168.12,540.27,45.71,141.36,0.3983,-1,-1,-1
411,84,1356.78,550.42,48.04,106.73,0.4493,-1,-1,-1
411,83,1228.28,545.22,47.00,107.42,0.5134,-1,-1,-1
411,81,1305.00,557.53,48.66,93.42,0.4078,-1,-1,-1
411,77,933.15,669.46,112.80,292.12,0.5428,-1,-1,-1
411,65,1164.06,815.72,136.20,262.71,0.7391,-1,-1,-1
412,85,1151.59,540.88,48.98,135.50,0.5158,-1,-1,-1
412,84,1346.15,554.16,42.90,100.31,0.5035,-1,-1,-1
412,83,1215.96,538.96,43.56,111.68,0.5601,-1,-1,-1
412,81,1293.41,556.25,42.78,92.83,0.3483,-1,-1,-1
412,80,1633.10,604.31,57.94,196.03,0.4098,-1,-1,-1
412,77,899.94,666.11,137.44,302.04,0.6782,-1,-1,-1
412,65,1150.03,825.57,130.60,251.61,0.6998,-1,-1,-1
413,85,1138.28,542.43,44.39,138.14,0.4516,-1,-1,-1
413,84,1330.68,549.66,43.95,109.20,0.4294,-1,-1,-1
413,83,1197.36,537.41,47.55,117.65,0.5651,-1,-1,-1
413,81,1279.48,555.57,41.35,94.32,0.4548,-1,-1,-1
413,77,893.64,670.27,127.40,298.23,0.6616,-1,-1,-1
413,65,1115.22,813.81,145.58,266.05,0.5988,-1,-1,-1
414,89,1861.60,591.33,57.77,179.69,0.3606,-1,-1,-1
414,84,1318.85,552.88,46.37,103.20,0.4724,-1,-1,-1
414,83,1182.43,538.87,50.01,114.84,0.6608,-1,-1,-1
414,81,1266.12,552.14,45.03,99.18,0.4605,-1,-1,-1
414,77,865.01,671.80,113.00,301.54,0.7010,-1,-1,-1
414,65,1116.46,826.27,123.86,253.27,0.6698,-1,-1,-1
415,85,1110.33,544.26,46.81,133.84,0.4882,-1,-1,-1
415,84,1305.10,549.76,43.49,109.41,0.5070,-1,-1,-1
415,83,1165.02,535.52,52.20,118.17,0.6302,-1,-1,-1
415,81,1252.58,557.92,52.10,91.82,0.4583,-1,-1,-1
415,77,837.51,671.54,119.61,304.52,0.7166,-1,-1,-1
415,65,1074.40,819.90,141.96,258.92,0.5645,-1,-1,-1
416,85,1095.24,536.52,49.46,142.93,0.5355,-1,-1,-1
416,84,1287.00,552.92,48.21,104.54,0.4719,-1,-1,-1
416,83,1147.89,535.77,51.51,117.75,0.5831,-1,-1,-1
416,81,1238.00,553.67,40.83,94.94,0.4520,-1,-1,-1
416,77,812.05,672.41,109.94,307.63,0.7552,-1,-1,-1
416,65,1068.74,828.23,126.49,248.33,0.6424,-1,-1,-1
417,91,1639.07,612.30,62.61,164.34,0.3797,-1,-1,-1
417,89,1816.22,584.04,62.24,189.04,0.3998,-1,-1,-1
417,85,1082.65,539.64,48.62,128.32,0.4168,-1,-1,-1
417,84,1275.18,551.75,43.22,107.39,0.3935,-1,-1,-1
417,83,1135.33,533.10,53.60,118.25,0.5395,-1,-1,-1
417,81,1222.18,555.42,47.90,92.60,0.4346,-1,-1,-1
417,77,782.61,675.88,112.08,307.64,0.7304,-1,-1,-1
417,65,1021.63,830.84,147.35,246.49,0.5394,-1,-1,-1
418,91,1620.99,602.72,74.69,175.69,0.4247,-1,-1,-1
418,89,1795.89,583.21,90.34,201.48,0.4701,-1,-1,-1
418,85,1061.20,539.79,50.49,138.34,0.4721,-1,-1,-1
418,84,1256.51,552.43,44.51,105.99,0.4051,-1,-1,-1
418,83,1117.20,531.48,56.86,118.23,0.7106,-1,-1,-1
418,81,1207.63,558.06,41.15,90.69,0.5131,-1,-1,-1
418,77,752.47,675.79,112.79,311.25,0.7947,-1,-1,-1
418,65,1021.39,833.99,123.27,246.01,0.6622,-1,-1,-1
419,91,1609.30,613.11,76.92,167.31,0.5805,-1,-1,-1
419,89,1779.37,573.69,100.25,212.80,0.4991,-1,-1,-1
419,85,1047.69,539.72,50.62,132.48,0.4727,-1,-1,-1
419,84,1240.72,549.63,47.21,105.58,0.3744,-1,-1,-1
419,83,1102.71,531.76,50.84,117.78,0.5707,-1,-1,-1
419,81,1192.70,550.22,41.03,96.92,0.5644,-1,-1,-1
419,77,714.18,677.18,125.11,316.89,0.7997,-1,-1,-1
419,65,1009.24,836.70,109.90,243.30,0.6641,-1,-1,-1
420,92,905.22,784.64,107.73,295.06,0.5558,-1,-1,-1
420,91,1589.89,612.84,78.63,166.01,0.4464,-1,-1,-1
420,89,1768.84,575.63,68.65,198.03,0.6189,-1,-1,-1
420,85,1033.15,530.86,51.14,136.34,0.4453,-1,-1,-1
420,84,1225.75,553.31,45.56,105.45,0.3606,-1,-1,-1
420,83,1090.73,531.89,51.17,115.21,0.6100,-1,-1,-1
420,81,1177.20,553.44,47.27,93.22,0.5386,-1,-1,-1
420,77,686.03,680.57,127.87,314.57,0.7665,-1,-1,-1
420,65,973.29,836.69,117.76,243.31,0.7120,-1,-1,-1
421,92,868.74,770.03,120.36,309.97,0.3360,-1,-1,-1
421,91,1582.47,609.97,76.83,169.35,0.4716,-1,-1,-1
421,89,1752.75,578.83,68.50,202.67,0.6457,-1,-1,-1
421,85,1010.21,537.18,52.71,139.47,0.5134,-1,-1,-1
421,84,1206.40,549.63,46.85,107.82,0.4576,-1,-1,-1
421,83,1071.27,532.26,55.14,117.00,0.6504,-1,-1,-1
421,81,1160.24,553.81,46.32,94.96,0.5060,-1,-1,-1
421,77,656.55,680.49,129.81,317.49,0.7829,-1,-1,-1
421,65,944.17,833.26,119.66,246.74,0.6578,-1,-1,-1
422,92,853.79,792.42,102.86,286.43,0.5143,-1,-1,-1
422,91,1556.47,608.23,85.10,172.64,0.5052,-1,-1,-1
422,85,988.56,526.80,59.93,144.85,0.5410,-1,-1,-1
422,84,1189.44,546.81,50.63,110.66,0.3939,-1,-1,-1
422,83,1052.50,529.43,52.25,116.65,0.5808,-1,-1,-1
422,81,1143.11,551.35,43.39,95.05,0.4906,-1,-1,-1
422,77,623.87,678.62,142.57,328.20,0.8120,-1,-1,-1
422,65,912.50,845.93,122.43,233.99,0.7688,-1,-1,-1
423,92,814.26,802.66,109.46,275.39,0.5453,-1,-1,-1
423,91,1554.93,607.51,65.90,171.35,0.6358,-1,-1,-1
423,89,1719.42,578.39,67.05,203.64,0.5408,-1,-1,-1
423,85,970.66,528.33,54.70,139.72,0.5002,-1,-1,-1
423,83,1032.41,528.13,58.45,119.72,0.5550,-1,-1,-1
423,81,1124.48,552.88,50.45,94.68,0.3636,-1,-1,-1
423,77,599.88,683.54,134.28,323.50,0.7455,-1,-1,-1
423,65,879.43,849.72,124.67,230.28,0.7498,-1,-1,-1
424,92,786.79,815.96,108.81,264.04,0.4704,-1,-1,-1
424,91,1538.55,610.36,66.12,169.69,0.6046,-1,-1,-1
424,89,1693.11,571.68,70.69,207.52,0.5582,-1,-1,-1
424,85,955.54,527.33,52.06,139.29,0.5569,-1,-1,-1
424,83,1013.25,529.29,59.62,116.42,0.5796,-1,-1,-1
424,81,1105.78,551.73,43.70,94.39,0.4100,-1,-1,-1
424,77,561.14,688.84,146.48,323.44,0.7657,-1,-1,-1
424,65,856.26,857.93,116.51,222.07,0.7107,-1,-1,-1
425,92,751.33,801.16,108.56,277.42,0.5021,-1,-1,-1
425,91,1520.86,609.02,65.83,169.59,0.6162,-1,-1,-1
425,89,1672.39,572.43,73.29,208.34,0.6590,-1,-1,-1
425,85,933.97,526.29,54.52,142.59,0.4810,-1,-1,-1
425,83,995.22,527.96,55.68,122.08,0.5316,-1,-1,-1
425,77,518.57,686.51,150.59,330.66,0.7409,-1,-1,-1
425,65,819.62,862.91,119.83,217.09,0.7473,-1,-1,-1
426,92,719.99,817.54,98.15,262.46,0.3790,-1,-1,-1
426,91,1507.40,609.94,61.02,166.47,0.5680,-1,-1,-1
426,89,1654.29,578.26,71.41,200.33,0.6673,-1,-1,-1
426,85,916.04,522.38,55.03,146.51,0.5141,-1,-1,-1
426,84,1147.58,532.38,42.69,125.30,0.3858,-1,-1,-1
426,83,976.44,527.61,56.49,121.50,0.5634,-1,-1,-1
426,81,1068.67,549.09,45.13,97.87,0.3575,-1,-1,-1
426,77,480.82,693.29,128.76,328.31,0.6078,-1,-1,-1
426,65,788.70,868.22,118.28,211.78,0.7126,-1,-1,-1
427,91,1488.11,607.78,66.75,172.05,0.5376,-1,-1,-1
427,89,1631.39,580.74,75.52,203.97,0.5682,-1,-1,-1
427,85,895.66,528.09,55.11,137.96,0.4804,-1,-1,-1
427,84,1128.91,541.75,39.41,118.42,0.3213,-1,-1,-1
427,83,957.70,531.11,53.62,120.72,0.5071,-1,-1,-1
427,81,1089.45,546.63,48.84,113.30,0.3192,-1,-1,-1
427,77,436.19,697.47,182.29,334.51,0.6919,-1,-1,-1
427,65,753.53,873.78,119.65,206.22,0.4984,-1,-1,-1
428,97,1413.23,636.99,80.36,198.81,0.3559,-1,-1,-1
428,92,620.03,835.11,129.74,219.38,0.3253,-1,-1,-1
428,91,1470.12,607.76,65.92,173.60,0.4357,-1,-1,-1
428,89,1610.21,583.23,77.27,204.95,0.5802,-1,-1,-1
428,85,866.18,528.93,62.67,142.67,0.5736,-1,-1,-1
428,83,937.37,530.12,56.33,124.75,0.5220,-1,-1,-1
428,77,406.93,700.11,178.67,341.94,0.5705,-1,-1,-1
428,65,717.96,886.58,118.26,192.78,0.5381,-1,-1,-1
429,98,651.14,780.35,81.94,146.20,0.4407,-1,-1,-1
429,97,1391.65,621.98,67.52,214.15,0.3103,-1,-1,-1
429,92,582.09,849.48,123.41,207.22,0.4502,-1,-1,-1
429,91,1452.82,609.94,71.32,181.16,0.4663,-1,-1,-1
429,89,1583.01,587.21,84.56,203.33,0.4166,-1,-1,-1
429,85,854.93,531.98,51.31,135.08,0.4169,-1,-1,-1
429,83,918.36,530.67,53.50,125.69,0.4321,-1,-1,-1
429,81,1054.53,552.48,51.00,120.33,0.3353,-1,-1,-1
429,77,390.29,704.03,124.10,312.36,0.4237,-1,-1,-1
429,65,683.39,894.21,115.69,185.01,0.6586,-1,-1,-1
430,98,612.54,790.68,82.37,165.51,0.4112,-1,-1,-1
430,97,1367.15,635.86,83.68,198.99,0.3564,-1,-1,-1
430,92,536.19,859.55,122.25,212.15,0.5335,-1,-1,-1
430,91,1437.67,611.95,70.95,186.68,0.6194,-1,-1,-1
430,89,1559.35,587.34,80.31,201.41,0.6545,-1,-1,-1
430,85,825.08,531.28,68.03,136.25,0.3033,-1,-1,-1
430,83,892.45,530.96,58.55,126.74,0.3258,-1,-1,-1
430,81,1027.94,555.79,50.66,121.20,0.4401,-1,-1,-1
430,77,320.97,708.66,171.13,335.27,0.7225,-1,-1,-1
430,65,631.14,905.22,130.12,174.27,0.6657,-1,-1,-1
431,98,559.47,799.40,92.10,177.13,0.3688,-1,-1,-1
431,91,1412.51,616.67,75.06,182.32,0.4858,-1,-1,-1
431,89,1540.56,592.71,84.46,206.56,0.4347,-1,-1,-1
431,85,800.21,543.63,64.07,133.73,0.4179,-1,-1,-1
431,81,1013.62,561.44,46.47,121.24,0.4653,-1,-1,-1
431,77,303.27,713.69,136.99,327.26,0.5728,-1,-1,-1
431,65,613.78,916.27,103.70,162.71,0.5342,-1,-1,-1
432,98,519.02,807.01,93.58,167.55,0.4851,-1,-1,-1
432,97,1328.32,633.36,82.29,217.98,0.3307,-1,-1,-1
432,92,439.44,871.03,146.74,208.90,0.5054,-1,-1,-1
432,91,1401.05,618.96,78.32,179.04,0.4424,-1,-1,-1
432,89,1515.26,591.65,84.62,206.08,0.6083,-1,-1,-1
432,81,988.33,557.55,52.96,129.87,0.5244,-1,-1,-1
432,77,243.94,716.39,167.57,351.91,0.3329,-1,-1,-1
432,65,571.88,926.67,102.96,152.98,0.6390,-1,-1,-1
433,98,481.56,814.76,84.05,156.62,0.5408,-1,-1,-1
433,97,1311.42,655.48,74.84,199.25,0.3046,-1,-1,-1
433,92,327.78,870.10,210.64,209.90,0.6791,-1,-1,-1
433,91,1380.34,627.15,81.23,179.25,0.3773,-1,-1,-1
433,89,1496.54,596.07,93.49,212.23,0.5106,-1,-1,-1
433,85,759.04,539.77,59.69,138.21,0.4253,-1,-1,-1
433,81,963.45,561.90,56.34,131.39,0.4857,-1,-1,-1
433,77,211.92,726.97,152.25,322.91,0.5651,-1,-1,-1
433,65,525.59,938.02,108.63,141.98,0.6466,-1,-1,-1
434,98,433.75,817.89,93.54,174.07,0.5500,-1,-1,-1
434,97,1282.32,626.88,96.24,231.95,0.4445,-1,-1,-1
434,92,296.29,880.27,195.03,199.73,0.7397,-1,-1,-1
434,91,1359.57,625.75,88.70,183.47,0.5645,-1,-1,-1
434,89,1475.80,594.39,76.89,210.34,0.5550,-1,-1,-1
434,85,739.45,538.63,59.32,134.68,0.3658,-1,-1,-1
434,81,937.97,562.15,60.24,130.32,0.5064,-1,-1,-1
434,77,162.38,729.23,96.92,340.41,0.6670,-1,-1,-1
434,65,482.09,948.75,106.49,128.55,0.6241,-1,-1,-1
435,98,388.78,827.34,102.23,167.58,0.5313,-1,-1,-1
435,97,1265.72,639.71,85.23,225.40,0.4022,-1,-1,-1
435,92,265.98,889.05,177.89,190.95,0.7124,-1,-1,-1
435,91,1343.02,629.83,82.45,180.40,0.5612,-1,-1,-1
435,89,1455.16,599.96,74.71,208.44,0.5302,-1,-1,-1
435,85,717.85,543.04,62.98,132.16,0.3422,-1,-1,-1
435,83,882.99,564.99,46.09,110.91,0.3147,-1,-1,-1
435,77,113.38,735.28,99.75,342.14,0.6883,-1,-1,-1
435,65,429.70,961.37,111.80,117.97,0.6153,-1,-1,-1
436,98,339.12,832.03,98.34,178.13,0.5249,-1,-1,-1
436,97,1240.06,638.76,83.26,231.40,0.5587,-1,-1,-1
436,92,237.47,893.83,154.93,186.17,0.7748,-1,-1,-1
436,91,1323.45,631.56,87.56,181.46,0.6084,-1,-1,-1
436,89,1431.20,601.01,74.13,208.40,0.6336,-1,-1,-1
436,85,694.62,542.36,56.39,134.48,0.4105,-1,-1,-1
436,83,873.49,567.88,34.46,113.74,0.3412,-1,-1,-1
436,81,898.06,565.69,58.11,129.90,0.4341,-1,-1,-1
436,77,57.83,735.33,107.69,343.02,0.7334,-1,-1,-1
436,65,379.60,967.98,112.66,112.02,0.5865,-1,-1,-1
437,98,291.31,845.06,96.02,172.00,0.5835,-1,-1,-1
437,97,1224.55,645.57,74.09,232.09,0.5715,-1,-1,-1
437,92,182.31,904.39,160.31,175.61,0.7789,-1,-1,-1
437,91,1300.87,632.91,89.36,182.70,0.6762,-1,-1,-1
437,89,1410.13,600.04,66.58,208.61,0.5365,-1,-1,-1
437,85,673.86,549.74,61.07,131.50,0.3878,-1,-1,-1
437,83,845.43,567.85,39.95,119.60,0.3731,-1,-1,-1
437,81,880.46,568.01,53.87,129.94,0.4128,-1,-1,-1
437,77,4.86,739.25,133.58,340.75,0.7429,-1,-1,-1
437,65,329.16,977.52,98.68,100.96,0.5188,-1,-1,-1
438,98,241.56,837.54,98.00,194.53,0.4770,-1,-1,-1
438,97,1205.48,644.32,73.64,237.72,0.5706,-1,-1,-1
438,92,125.68,913.44,156.83,166.56,0.7476,-1,-1,-1
438,91,1282.80,630.65,82.66,185.02,0.5937,-1,-1,-1
438,89,1385.39,596.26,67.03,208.16,0.6427,-1,-1,-1
438,85,649.98,547.19,62.69,133.88,0.5399,-1,-1,-1
438,81,858.38,567.09,56.51,133.34,0.4910,-1,-1,-1
438,77,0.26,738.14,66.14,281.78,0.4105,-1,-1,-1
438,65,269.47,993.92,90.66,85.04,0.4966,-1,-1,-1
439,97,1178.99,646.22,87.70,240.50,0.6069,-1,-1,-1
439,92,66.66,921.62,154.39,158.38,0.7724,-1,-1,-1
439,91,1264.23,632.12,76.10,182.63,0.5902,-1,-1,-1
439,89,1361.22,599.26,66.10,210.57,0.6040,-1,-1,-1
439,85,627.71,548.24,61.32,135.33,0.4499,-1,-1,-1
439,81,834.99,567.43,53.80,134.43,0.4639,-1,-1,-1
439,65,208.40,1002.23,98.18,77.03,0.5590,-1,-1,-1
440,98,133.63,863.58,94.94,181.23,0.4747,-1,-1,-1
440,97,1151.64,655.67,93.67,238.44,0.6825,-1,-1,-1
440,92,1.25,932.00,160.89,148.00,0.7367,-1,-1,-1
440,91,1242.82,633.84,79.67,192.47,0.5399,-1,-1,-1
440,89,1335.59,600.62,69.02,208.76,0.6069,-1,-1,-1
440,85,602.74,553.42,48.98,127.67,0.6285,-1,-1,-1
440,81,813.48,569.05,51.91,136.80,0.4422,-1,-1,-1
440,65,148.75,1014.95,103.00,65.05,0.3626,-1,-1,-1
441,98,74.36,871.12,111.61,207.97,0.4321,-1,-1,-1
441,97,1128.02,657.08,97.79,239.25,0.7632,-1,-1,-1
441,92,0.56,942.75,92.93,137.25,0.5775,-1,-1,-1
441,91,1224.46,632.98,72.93,196.64,0.5351,-1,-1,-1
441,89,1307.13,597.86,73.27,221.00,0.5845,-1,-1,-1
441,85,580.02,547.46,53.21,134.14,0.5490,-1,-1,-1
441,83,793.24,568.30,49.40,136.89,0.3848,-1,-1,-1
441,81,836.44,561.30,44.83,132.78,0.4578,-1,-1,-1
442,98,3.42,880.60,122.10,197.78,0.6595,-1,-1,-1
442,97,1101.38,670.75,100.59,228.32,0.7686,-1,-1,-1
442,91,1207.85,637.29,70.43,193.56,0.5196,-1,-1,-1
442,89,1285.46,601.03,68.99,214.54,0.6020,-1,-1,-1
442,85,555.19,550.09,50.84,129.89,0.5147,-1,-1,-1
442,83,769.57,567.83,49.13,139.10,0.4435,-1,-1,-1
442,81,813.17,565.36,46.57,128.50,0.3320,-1,-1,-1
443,108,713.14,571.26,36.37,133.23,0.4567,-1,-1,-1
443,97,1078.98,675.23,108.27,225.71,0.7827,-1,-1,-1
443,91,1185.47,636.76,72.71,198.23,0.6805,-1,-1,-1
443,89,1256.00,603.00,72.69,221.63,0.5909,-1,-1,-1
443,85,531.17,569.94,45.52,113.54,0.5179,-1,-1,-1
443,83,747.44,570.40,47.43,136.96,0.3596,-1,-1,-1
444,109,690.41,573.43,35.97,130.94,0.3754,-1,-1,-1
444,97,1051.11,676.69,106.09,231.63,0.7160,-1,-1,-1
444,91,1162.84,638.88,73.79,196.56,0.7127,-1,-1,-1
444,89,1230.43,604.76,75.00,215.95,0.6595,-1,-1,-1
444,85,504.29,566.83,45.80,117.19,0.5782,-1,-1,-1
444,83,721.70,567.63,49.40,141.43,0.3353,-1,-1,-1
444,81,771.65,566.61,45.24,130.12,0.3313,-1,-1,-1
445,111,664.53,573.19,37.12,136.93,0.4708,-1,-1,-1
445,97,1026.79,676.77,98.21,235.13,0.7716,-1,-1,-1
445,91,1138.85,636.73,76.74,204.75,0.6519,-1,-1,-1
445,89,1203.84,601.59,67.87,224.30,0.6145,-1,-1,-1
445,85,480.24,570.51,44.86,119.93,0.5716,-1,-1,-1
445,83,699.66,569.50,46.75,139.16,0.3689,-1,-1,-1
445,81,742.46,566.63,46.78,133.68,0.3650,-1,-1,-1
446,115,523.56,515.13,60.77,161.91,0.4142,-1,-1,-1
446,97,998.52,675.33,97.16,242.98,0.7732,-1,-1,-1
446,91,1116.59,641.26,74.94,199.59,0.6795,-1,-1,-1
446,89,1180.09,603.70,74.66,221.60,0.6724,-1,-1,-1
446,85,453.08,570.29,47.76,119.51,0.5705,-1,-1,-1
446,83,673.70,567.41,48.23,144.47,0.4170,-1,-1,-1
447,117,1027.61,615.62,64.35,203.68,0.4356,-1,-1,-1
447,115,497.84,516.22,61.83,159.57,0.3607,-1,-1,-1
447,97,974.03,670.75,92.79,253.42,0.6447,-1,-1,-1
447,91,1088.30,644.74,76.83,202.90,0.6835,-1,-1,-1
447,89,1153.93,600.89,72.43,224.13,0.6955,-1,-1,-1
447,85,426.08,572.93,47.75,117.97,0.5539,-1,-1,-1
448,117,1000.42,615.88,64.35,156.69,0.3896,-1,-1,-1
448,115,478.92,517.75,56.18,160.85,0.3583,-1,-1,-1
448,97,941.40,670.21,94.17,255.21,0.6798,-1,-1,-1
448,91,1067.66,639.68,73.72,204.51,0.6316,-1,-1,-1
448,89,1125.73,604.74,66.60,219.50,0.6606,-1,-1,-1
448,85,398.41,574.61,49.31,116.13,0.4291,-1,-1,-1
449,115,448.52,503.88,67.53,174.71,0.3380,-1,-1,-1
449,111,652.07,561.52,45.71,136.14,0.3427,-1,-1,-1
449,97,911.43,669.97,109.79,269.65,0.6899,-1,-1,-1
449,91,1040.39,639.09,80.35,209.42,0.6347,-1,-1,-1
449,89,1098.46,606.36,62.78,219.56,0.5672,-1,-1,-1
449,85,368.85,568.05,55.31,122.20,0.6230,-1,-1,-1
450,120,1834.01,777.00,85.32,302.56,0.7835,-1,-1,-1
450,117,942.70,614.49,71.78,212.82,0.4260,-1,-1,-1
450,97,881.37,676.65,95.45,255.75,0.6481,-1,-1,-1
450,91,1021.47,643.03,69.83,200.33,0.5217,-1,-1,-1
450,89,1071.55,606.57,60.02,220.00,0.4628,-1,-1,-1
450,85,339.34,567.53,54.85,122.38,0.5484,-1,-1,-1
451,120,1803.36,774.34,116.29,304.60,0.8403,-1,-1,-1
451,117,916.77,617.39,69.59,215.43,0.4362,-1,-1,-1
451,97,849.20,683.76,89.90,269.28,0.7651,-1,-1,-1
451,91,987.93,634.49,88.02,217.55,0.5234,-1,-1,-1
451,89,1038.23,607.31,61.30,231.49,0.3176,-1,-1,-1
451,85,313.71,565.37,51.77,123.66,0.3533,-1,-1,-1
452,120,1771.90,774.21,147.42,303.30,0.8554,-1,-1,-1
452,117,896.04,620.76,63.72,214.78,0.3653,-1,-1,-1
452,97,817.31,688.12,103.88,270.80,0.8031,-1,-1,-1
452,91,964.55,612.44,88.58,242.29,0.4463,-1,-1,-1
452,85,284.26,567.79,46.28,123.69,0.4944,-1,-1,-1
453,120,1739.95,773.56,179.26,305.07,0.8488,-1,-1,-1
453,115,459.09,566.71,41.09,154.50,0.3798,-1,-1,-1
453,97,786.07,693.50,105.41,267.05,0.7358,-1,-1,-1
453,91,940.75,617.72,90.09,237.53,0.5617,-1,-1,-1
453,85,251.72,569.77,51.74,124.31,0.3508,-1,-1,-1
454,120,1710.18,771.21,184.78,308.39,0.8563,-1,-1,-1
454,117,841.90,617.54,64.09,216.16,0.4271,-1,-1,-1
454,115,429.07,570.59,43.45,156.27,0.4399,-1,-1,-1
454,97,749.18,695.73,103.67,271.30,0.7776,-1,-1,-1
454,91,915.06,612.83,80.74,246.96,0.6743,-1,-1,-1
454,85,225.10,571.69,51.23,124.04,0.3433,-1,-1,-1
454,83,525.47,561.62,52.89,140.61,0.3216,-1,-1,-1
455,120,1679.79,772.45,186.48,307.45,0.8524,-1,-1,-1
455,117,814.45,630.44,61.42,218.75,0.6829,-1,-1,-1
455,115,402.34,571.59,44.17,158.79,0.4816,-1,-1,-1
455,97,715.57,699.17,99.19,273.75,0.7856,-1,-1,-1
455,91,887.77,618.20,80.55,247.02,0.7289,-1,-1,-1
455,83,500.74,564.32,46.16,143.77,0.3972,-1,-1,-1
456,120,1644.91,766.45,190.62,312.51,0.8586,-1,-1,-1
456,117,782.46,628.74,66.90,225.39,0.5992,-1,-1,-1
456,97,678.77,694.61,90.37,294.63,0.7836,-1,-1,-1
456,91,860.55,613.69,77.27,250.41,0.6913,-1,-1,-1
456,83,475.88,560.47,46.31,146.87,0.4927,-1,-1,-1
457,120,1610.88,760.64,190.31,318.46,0.8523,-1,-1,-1
457,117,755.28,629.61,73.36,228.00,0.6256,-1,-1,-1
457,97,642.44,695.37,89.22,309.53,0.7725,-1,-1,-1
457,91,823.70,623.59,88.14,249.63,0.5785,-1,-1,-1
457,85,126.64,555.11,52.34,143.53,0.3176,-1,-1,-1
457,83,442.92,562.68,53.25,145.44,0.4454,-1,-1,-1
458,123,311.35,572.78,45.29,164.65,0.4711,-1,-1,-1
458,120,1576.14,760.37,192.46,318.22,0.8504,-1,-1,-1
458,117,719.93,637.23,70.52,224.56,0.6317,-1,-1,-1
458,97,605.95,700.68,103.18,317.03,0.7407,-1,-1,-1
458,91,794.17,622.45,89.59,256.47,0.7013,-1,-1,-1
458,85,87.03,548.58,64.47,153.03,0.5285,-1,-1,-1
458,83,410.90,560.13,58.16,148.88,0.4302,-1,-1,-1
459,127,278.73,575.52,48.19,164.34,0.4417,-1,-1,-1
459,120,1542.00,754.73,192.90,325.27,0.8501,-1,-1,-1
459,117,690.93,647.41,70.33,213.83,0.5332,-1,-1,-1
459,97,563.08,704.17,103.48,324.20,0.7355,-1,-1,-1
459,91,766.64,677.70,87.52,204.29,0.4767,-1,-1,-1
459,85,54.11,556.57,58.16,149.45,0.4965,-1,-1,-1
460,128,247.06,579.12,47.21,160.78,0.3297,-1,-1,-1
460,120,1507.37,758.02,192.39,321.78,0.8537,-1,-1,-1
460,117,658.04,648.95,72.09,223.09,0.6613,-1,-1,-1
460,97,517.38,707.12,105.55,336.30,0.7360,-1,-1,-1
460,91,726.49,671.19,97.93,216.78,0.6050,-1,-1,-1
460,83,357.83,567.73,58.52,149.91,0.4221,-1,-1,-1
461,120,1473.64,761.11,188.01,318.89,0.8650,-1,-1,-1
461,117,622.53,651.51,73.19,228.42,0.6037,-1,-1,-1
461,97,469.91,726.24,109.45,328.54,0.7104,-1,-1,-1
461,91,704.88,639.43,84.46,253.73,0.6985,-1,-1,-1
461,85,0.16,555.25,34.41,155.96,0.3964,-1,-1,-1
461,83,328.62,563.42,48.77,155.97,0.3654,-1,-1,-1
462,129,182.83,579.56,49.92,169.89,0.4215,-1,-1,-1
462,120,1440.10,775.48,187.41,304.52,0.8506,-1,-1,-1
462,117,591.46,651.32,73.51,231.50,0.5053,-1,-1,-1
462,97,423.54,734.44,122.83,323.94,0.7562,-1,-1,-1
462,91,669.52,633.04,92.05,265.23,0.5895,-1,-1,-1
462,85,8.74,553.93,70.76,158.83,0.3413,-1,-1,-1
462,83,298.77,567.59,53.61,152.40,0.3393,-1,-1,-1
463,131,141.12,588.66,61.47,162.28,0.3595,-1,-1,-1
463,120,1404.91,790.98,184.97,289.02,0.8486,-1,-1,-1
463,117,553.91,652.55,77.86,235.65,0.5834,-1,-1,-1
463,97,380.17,740.81,127.36,327.96,0.7760,-1,-1,-1
463,91,632.68,648.84,107.47,257.94,0.7217,-1,-1,-1
464,132,104.68,589.11,60.76,168.50,0.3388,-1,-1,-1
464,120,1370.48,804.32,185.93,275.68,0.8723,-1,-1,-1
464,117,518.37,658.50,88.66,236.02,0.5357,-1,-1,-1
464,97,330.48,750.52,142.07,326.68,0.6684,-1,-1,-1
464,91,597.45,644.21,109.11,266.48,0.6788,-1,-1,-1
465,132,122.26,575.75,58.95,167.88,0.3647,-1,-1,-1
465,120,1334.83,819.54,185.80,260.46,0.8569,-1,-1,-1
465,117,484.04,655.54,87.46,241.10,0.6625,-1,-1,-1
465,97,278.37,749.12,160.05,330.88,0.7202,-1,-1,-1
465,91,556.77,647.86,114.28,267.84,0.7092,-1,-1,-1
466,129,169.23,553.97,70.56,184.08,0.3156,-1,-1,-1
466,120,1300.65,829.97,185.12,250.03,0.8276,-1,-1,-1
466,117,444.13,649.95,96.70,253.85,0.6200,-1,-1,-1
466,97,221.33,758.53,173.10,321.47,0.8047,-1,-1,-1
466,91,528.15,686.01,106.36,241.00,0.6715,-1,-1,-1
466,85,26.32,593.39,69.63,168.94,0.3250,-1,-1,-1
467,132,132.56,560.79,76.04,179.03,0.3774,-1,-1,-1
467,120,1269.03,840.06,181.28,238.95,0.7983,-1,-1,-1
467,117,404.12,664.40,105.50,248.39,0.5696,-1,-1,-1
467,97,168.55,763.64,176.90,316.36,0.8409,-1,-1,-1
467,91,488.15,683.89,113.99,250.06,0.6664,-1,-1,-1
468,132,111.73,579.75,60.62,167.26,0.3262,-1,-1,-1
468,120,1235.60,850.29,178.94,229.71,0.8419,-1,-1,-1
468,117,371.29,664.35,82.90,252.49,0.3714,-1,-1,-1
468,97,110.45,764.11,184.06,314.16,0.8536,-1,-1,-1
468,91,453.71,699.05,105.49,239.52,0.6070,-1,-1,-1
469,120,1205.14,855.69,171.67,223.74,0.8575,-1,-1,-1
469,117,331.28,667.73,72.66,237.70,0.5327,-1,-1,-1
469,97,49.54,774.39,190.29,303.91,0.8415,-1,-1,-1
469,91,411.15,696.89,113.24,246.26,0.5601,-1,-1,-1
470,120,1169.93,854.19,172.21,225.81,0.8430,-1,-1,-1
470,117,288.46,659.40,106.90,271.74,0.5175,-1,-1,-1
470,97,0.58,775.32,181.88,304.68,0.8446,-1,-1,-1
470,91,372.57,699.17,112.17,252.21,0.6655,-1,-1,-1
471,120,1131.08,851.66,173.49,227.97,0.8500,-1,-1,-1
471,117,249.41,659.12,96.39,278.83,0.5288,-1,-1,-1
471,97,0.38,784.40,128.17,291.78,0.7709,-1,-1,-1
471,91,338.54,698.33,108.88,256.25,0.6809,-1,-1,-1
472,120,1091.75,850.20,175.31,229.80,0.8267,-1,-1,-1
472,117,212.03,651.86,111.47,284.45,0.5770,-1,-1,-1
472,91,297.16,697.97,108.87,257.60,0.6609,-1,-1,-1
473,120,1051.63,850.21,178.77,229.79,0.8492,-1,-1,-1
473,117,166.18,659.93,111.20,288.02,0.5641,-1,-1,-1
473,91,260.86,697.96,104.28,262.55,0.6882,-1,-1,-1
474,120,1010.82,849.95,183.24,230.05,0.8508,-1,-1,-1
474,117,124.12,656.17,112.94,292.54,0.6523,-1,-1,-1
474,91,220.87,703.77,98.10,259.88,0.6902,-1,-1,-1
475,120,970.74,850.34,178.22,229.16,0.8340,-1,-1,-1
475,117,76.29,665.57,97.08,288.21,0.5921,-1,-1,-1
475,91,177.23,700.73,99.76,271.63,0.7062,-1,-1,-1
476,120,928.99,859.73,170.61,220.27,0.7551,-1,-1,-1
476,117,27.33,686.34,102.58,269.98,0.6382,-1,-1,-1
476,91,126.69,704.99,111.06,272.72,0.7534,-1,-1,-1
477,120,885.51,864.17,193.50,215.83,0.6597,-1,-1,-1
477,117,0.00,716.94,77.83,236.06,0.3799,-1,-1,-1
477,91,77.32,704.02,113.15,282.38,0.7145,-1,-1,-1
478,120,840.90,869.88,195.07,210.12,0.7549,-1,-1,-1
478,91,23.10,716.30,90.34,240.71,0.3681,-1,-1,-1
479,120,795.40,883.90,191.87,196.10,0.6746,-1,-1,-1
480,120,749.68,891.88,190.44,188.12,0.6640,-1,-1,-1
481,133,1869.42,656.25,49.92,140.78,0.3351,-1,-1,-1
481,120,704.17,879.59,185.85,200.41,0.7855,-1,-1,-1
482,133,1827.26,656.24,90.36,235.79,0.6723,-1,-1,-1
482,120,691.97,876.98,150.32,203.02,0.7741,-1,-1,-1
483,133,1790.14,657.38,98.32,235.20,0.7170,-1,-1,-1
483,120,612.80,876.93,175.24,202.68,0.8148,-1,-1,-1
484,133,1749.38,656.13,95.75,239.96,0.6563,-1,-1,-1
484,120,560.17,875.86,176.93,203.46,0.8335,-1,-1,-1
485,133,1708.88,658.79,89.94,235.29,0.6325,-1,-1,-1
485,120,509.39,878.03,173.51,201.39,0.8323,-1,-1,-1
486,133,1670.94,656.95,82.38,204.38,0.6010,-1,-1,-1
486,120,457.85,879.94,173.11,198.12,0.8498,-1,-1,-1
487,133,1629.65,659.55,83.02,204.08,0.3951,-1,-1,-1
487,120,403.40,890.79,173.28,188.04,0.8556,-1,-1,-1
488,139,1511.00,647.32,88.80,241.61,0.3619,-1,-1,-1
488,133,1587.64,660.11,79.31,152.89,0.3913,-1,-1,-1
488,120,350.18,902.96,172.74,176.20,0.8581,-1,-1,-1
489,139,1453.57,651.31,103.19,244.67,0.6564,-1,-1,-1
489,133,1550.61,660.92,71.12,143.51,0.3815,-1,-1,-1
489,120,302.97,917.72,165.66,160.83,0.8445,-1,-1,-1
490,139,1408.19,661.30,106.39,238.57,0.6963,-1,-1,-1
490,133,1506.20,667.59,74.51,140.44,0.4476,-1,-1,-1
490,120,255.93,930.22,155.41,148.86,0.8215,-1,-1,-1
491,139,1366.17,665.06,99.99,240.05,0.7024,-1,-1,-1
491,133,1453.14,672.74,85.94,139.85,0.3429,-1,-1,-1
491,120,206.85,946.29,150.94,133.71,0.8064,-1,-1,-1
492,139,1330.44,668.49,95.38,241.89,0.6259,-1,-1,-1
492,133,1411.62,677.84,88.76,141.76,0.3358,-1,-1,-1
492,120,154.99,951.47,149.07,128.53,0.8022,-1,-1,-1
493,139,1291.62,668.17,89.00,250.89,0.6425,-1,-1,-1
493,133,1372.35,678.45,81.11,137.05,0.3807,-1,-1,-1
493,120,99.75,959.12,151.09,120.88,0.8062,-1,-1,-1
494,139,1255.31,672.26,78.55,257.94,0.6543,-1,-1,-1
494,133,1328.05,682.44,80.54,142.19,0.4804,-1,-1,-1
494,120,40.84,964.99,147.91,115.01,0.7973,-1,-1,-1
495,139,1217.57,678.27,65.33,257.73,0.5883,-1,-1,-1
495,133,1284.64,688.46,77.73,143.68,0.4731,-1,-1,-1
495,120,0.00,965.60,129.41,114.28,0.8046,-1,-1,-1
496,139,1173.80,682.13,68.06,267.40,0.6298,-1,-1,-1
496,120,0.09,966.26,58.95,113.74,0.5920,-1,-1,-1
497,139,1128.81,681.36,64.22,266.33,0.5992,-1,-1,-1
497,133,1168.99,689.53,106.54,274.04,0.5614,-1,-1,-1
498,139,1078.60,679.35,72.84,271.16,0.6584,-1,-1,-1
498,133,1131.77,690.38,93.74,252.61,0.4743,-1,-1,-1
499,139,1029.18,681.16,74.60,270.45,0.6612,-1,-1,-1
499,133,1099.42,687.34,87.63,261.67,0.5538,-1,-1,-1
500,139,980.61,678.57,82.29,270.79,0.7315,-1,-1,-1
500,133,1054.34,687.13,83.74,256.55,0.6233,-1,-1,-1
501,139,931.89,680.63,91.81,273.35,0.7279,-1,-1,-1
501,133,1009.03,687.26,85.19,271.12,0.6588,-1,-1,-1
502,139,882.76,681.15,93.99,270.18,0.6859,-1,-1,-1
502,133,963.25,685.60,80.97,273.33,0.5900,-1,-1,-1
503,139,834.92,683.29,97.79,267.17,0.6912,-1,-1,-1
503,133,915.47,684.05,79.72,269.73,0.5856,-1,-1,-1
504,140,1828.73,646.28,84.70,170.94,0.7218,-1,-1,-1
504,139,785.42,682.16,99.23,274.57,0.7613,-1,-1,-1
504,133,872.88,687.01,80.25,278.36,0.5894,-1,-1,-1
505,140,1795.92,645.26,81.16,176.65,0.6053,-1,-1,-1
505,139,736.36,682.95,100.22,289.50,0.7850,-1,-1,-1
505,133,826.52,692.44,82.40,299.43,0.5897,-1,-1,-1
506,141,1845.80,658.22,60.89,179.40,0.6144,-1,-1,-1
506,140,1765.18,655.62,76.73,166.18,0.6665,-1,-1,-1
506,139,686.30,689.01,92.58,293.94,0.7065,-1,-1,-1
506,133,770.17,696.97,91.23,299.13,0.5742,-1,-1,-1
507,141,1812.24,653.23,80.44,182.19,0.7323,-1,-1,-1
507,140,1738.78,656.58,67.67,165.32,0.6425,-1,-1,-1
507,139,639.36,692.78,88.15,291.59,0.7609,-1,-1,-1
507,133,686.86,701.63,120.62,312.96,0.7068,-1,-1,-1
508,141,1779.15,661.11,77.05,178.32,0.6051,-1,-1,-1
508,140,1700.32,655.55,76.29,167.74,0.5628,-1,-1,-1
508,139,592.56,699.03,83.49,294.96,0.7602,-1,-1,-1
508,133,638.77,711.11,121.29,325.01,0.7297,-1,-1,-1
509,141,1744.34,660.32,75.59,180.87,0.7213,-1,-1,-1
509,140,1667.21,665.87,76.99,169.43,0.6944,-1,-1,-1
509,139,542.83,708.31,79.96,304.59,0.6886,-1,-1,-1
509,133,593.97,717.22,112.15,319.76,0.7482,-1,-1,-1
510,141,1709.78,667.57,75.00,181.39,0.6907,-1,-1,-1
510,140,1637.67,670.34,69.96,167.47,0.6838,-1,-1,-1
510,139,487.57,711.70,86.67,304.55,0.6370,-1,-1,-1
510,133,549.11,724.20,105.78,329.04,0.6779,-1,-1,-1
511,141,1676.41,668.31,69.18,182.82,0.7269,-1,-1,-1
511,140,1597.80,672.62,72.01,169.69,0.7166,-1,-1,-1
511,139,433.68,720.15,88.01,295.23,0.6171,-1,-1,-1
511,133,496.78,734.20,106.24,326.78,0.7494,-1,-1,-1
512,141,1640.22,672.89,75.59,184.86,0.6750,-1,-1,-1
512,140,1558.72,670.33,79.66,179.68,0.7048,-1,-1,-1
512,139,378.93,727.94,87.60,314.20,0.5393,-1,-1,-1
512,133,417.08,744.73,135.98,317.99,0.7187,-1,-1,-1
513,141,1607.52,672.00,68.00,190.07,0.6599,-1,-1,-1
513,140,1523.88,670.78,82.57,179.33,0.7514,-1,-1,-1
513,139,276.01,733.71,132.91,315.60,0.6433,-1,-1,-1
513,133,373.41,748.69,125.12,331.31,0.7010,-1,-1,-1
514,145,1627.92,560.83,34.75,80.14,0.3214,-1,-1,-1
514,141,1568.26,671.99,79.60,197.75,0.6806,-1,-1,-1
514,140,1493.73,675.74,74.94,178.82,0.6382,-1,-1,-1
514,139,206.50,740.50,146.81,323.65,0.5436,-1,-1,-1
514,133,309.54,753.92,132.04,324.70,0.7654,-1,-1,-1
515,141,1537.29,673.53,69.92,198.89,0.6554,-1,-1,-1
515,140,1463.58,673.87,73.32,179.70,0.7032,-1,-1,-1
515,139,151.78,750.38,153.65,326.41,0.3863,-1,-1,-1
515,133,261.98,759.96,125.10,318.71,0.6424,-1,-1,-1
516,147,1574.77,561.71,29.96,75.28,0.3184,-1,-1,-1
516,141,1505.08,679.25,72.07,198.23,0.6136,-1,-1,-1
516,140,1430.70,674.07,71.72,179.21,0.7504,-1,-1,-1
516,139,99.32,753.66,129.32,326.34,0.3565,-1,-1,-1
516,133,203.57,764.15,117.95,312.38,0.6318,-1,-1,-1
517,149,1850.39,730.76,68.98,277.78,0.6686,-1,-1,-1
517,141,1473.06,673.10,74.63,201.24,0.6682,-1,-1,-1
517,140,1395.67,672.90,76.59,185.54,0.6920,-1,-1,-1
517,139,81.54,758.13,81.88,256.25,0.3549,-1,-1,-1
517,133,108.29,769.69,158.51,309.58,0.7485,-1,-1,-1
518,149,1821.97,732.03,91.95,273.76,0.6592,-1,-1,-1
518,141,1444.04,682.65,53.10,190.39,0.6113,-1,-1,-1
518,140,1358.12,676.25,83.90,184.37,0.5467,-1,-1,-1
518,139,6.30,759.78,99.83,311.51,0.4868,-1,-1,-1
518,133,64.69,777.85,137.89,302.15,0.6761,-1,-1,-1
519,149,1778.29,732.60,106.60,271.45,0.7420,-1,-1,-1
519,141,1411.58,677.19,60.77,194.78,0.6636,-1,-1,-1
519,140,1321.02,675.69,87.09,186.70,0.6922,-1,-1,-1
519,133,1.17,784.87,148.72,294.79,0.8029,-1,-1,-1
520,149,1749.40,733.39,102.28,274.14,0.5999,-1,-1,-1
520,141,1375.10,677.06,77.00,197.03,0.7169,-1,-1,-1
520,140,1287.83,675.72,87.31,188.46,0.7501,-1,-1,-1
520,133,0.72,791.15,83.83,287.41,0.3816,-1,-1,-1
521,149,1710.39,731.63,109.23,276.18,0.5829,-1,-1,-1
521,141,1349.02,679.03,69.26,203.84,0.7113,-1,-1,-1
521,140,1253.84,682.10,88.43,182.98,0.7219,-1,-1,-1
522,154,1375.49,569.58,47.51,101.39,0.5405,-1,-1,-1
522,149,1661.30,731.92,122.34,277.63,0.3818,-1,-1,-1
522,141,1315.45,677.47,66.88,202.41,0.6766,-1,-1,-1
522,140,1226.58,680.19,81.05,185.12,0.7216,-1,-1,-1
523,154,1350.62,569.10,51.76,102.08,0.5399,-1,-1,-1
523,149,1643.39,729.42,114.17,268.27,0.6686,-1,-1,-1
523,141,1280.37,679.39,74.77,206.38,0.7023,-1,-1,-1
523,140,1194.95,685.12,77.15,180.36,0.7334,-1,-1,-1
524,154,1323.76,570.69,53.90,100.63,0.5659,-1,-1,-1
524,149,1611.49,726.19,111.35,276.22,0.6904,-1,-1,-1
524,141,1250.62,682.04,73.23,206.36,0.7242,-1,-1,-1
524,140,1166.45,687.08,75.26,185.33,0.7122,-1,-1,-1
525,154,1299.90,569.81,53.44,101.87,0.5810,-1,-1,-1
525,149,1578.58,728.11,114.90,274.54,0.7929,-1,-1,-1
525,141,1214.71,677.31,74.01,214.63,0.6376,-1,-1,-1
525,140,1133.81,680.35,71.04,195.32,0.6783,-1,-1,-1
526,154,1276.31,573.24,48.59,99.00,0.5839,-1,-1,-1
526,149,1544.78,723.35,115.40,276.80,0.7743,-1,-1,-1
526,141,1176.76,678.13,82.22,220.31,0.7261,-1,-1,-1
526,140,1100.47,685.84,71.34,195.36,0.7437,-1,-1,-1
527,154,1254.04,573.10,46.69,99.38,0.5488,-1,-1,-1
527,149,1514.56,723.22,112.05,273.11,0.5383,-1,-1,-1
527,141,1143.02,682.54,81.19,219.47,0.6789,-1,-1,-1
527,140,1072.10,684.35,69.51,195.58,0.6848,-1,-1,-1
528,154,1229.88,572.50,49.62,100.45,0.6030,-1,-1,-1
528,149,1477.94,726.57,116.56,268.96,0.7016,-1,-1,-1
528,141,1108.90,685.45,85.83,223.33,0.7577,-1,-1,-1
528,140,1037.00,685.98,71.48,202.84,0.7000,-1,-1,-1
529,154,1207.22,572.22,48.03,101.28,0.5895,-1,-1,-1
529,149,1440.29,727.02,123.08,277.16,0.6297,-1,-1,-1
529,141,1063.14,688.72,99.31,228.00,0.7586,-1,-1,-1
529,140,1003.16,687.79,74.42,209.38,0.7332,-1,-1,-1
530,154,1184.12,572.76,45.65,100.65,0.6142,-1,-1,-1
530,149,1409.77,729.40,126.10,287.51,0.7406,-1,-1,-1
530,141,1030.66,691.53,100.39,229.88,0.6778,-1,-1,-1
530,140,969.00,697.95,75.79,208.96,0.6682,-1,-1,-1
531,154,1162.71,570.29,44.77,103.16,0.6202,-1,-1,-1
531,149,1380.20,726.69,129.90,292.75,0.8187,-1,-1,-1
531,141,995.83,697.73,106.38,230.65,0.7047,-1,-1,-1
531,140,936.24,699.98,76.43,205.08,0.6237,-1,-1,-1
532,154,1142.86,570.87,44.33,106.04,0.6683,-1,-1,-1
532,149,1353.44,734.35,135.20,290.27,0.7075,-1,-1,-1
532,141,962.25,703.36,106.58,238.84,0.6896,-1,-1,-1
532,140,896.55,702.93,85.90,212.63,0.6622,-1,-1,-1
533,154,1118.65,569.61,46.33,107.82,0.6539,-1,-1,-1
533,149,1328.65,736.30,112.52,292.61,0.7372,-1,-1,-1
533,141,939.01,702.30,98.76,242.31,0.7113,-1,-1,-1
533,140,859.90,708.01,86.11,208.21,0.6868,-1,-1,-1
534,154,1097.87,570.77,44.32,109.22,0.6536,-1,-1,-1
534,149,1300.74,738.02,111.71,293.30,0.7135,-1,-1,-1
534,141,914.00,706.39,93.74,232.52,0.7623,-1,-1,-1
534,140,834.09,704.51,83.41,212.71,0.6528,-1,-1,-1
535,154,1076.15,569.72,42.32,110.58,0.6548,-1,-1,-1
535,149,1275.98,739.62,110.41,293.92,0.7396,-1,-1,-1
535,141,882.39,707.65,89.69,244.28,0.7502,-1,-1,-1
535,140,803.10,705.05,82.34,224.05,0.6755,-1,-1,-1
536,154,1057.89,575.49,43.14,107.60,0.5827,-1,-1,-1
536,149,1251.17,738.41,108.05,292.99,0.7717,-1,-1,-1
536,141,845.21,706.54,94.03,251.63,0.8328,-1,-1,-1
536,140,770.78,705.73,76.01,228.30,0.6746,-1,-1,-1
537,154,1036.01,576.17,44.00,106.59,0.6600,-1,-1,-1
537,149,1224.40,733.30,104.28,297.92,0.6900,-1,-1,-1
537,141,818.97,710.22,85.11,251.98,0.7018,-1,-1,-1
537,140,738.36,703.74,64.02,238.24,0.6370,-1,-1,-1
538,154,1016.59,578.62,44.34,109.51,0.6530,-1,-1,-1
538,149,1197.27,736.15,104.64,293.66,0.7852,-1,-1,-1
538,141,777.04,709.61,89.81,260.90,0.6956,-1,-1,-1
538,140,702.23,709.48,66.45,232.03,0.5703,-1,-1,-1
539,154,996.17,577.29,43.12,110.46,0.6728,-1,-1,-1
539,149,1171.87,735.05,106.47,296.72,0.7508,-1,-1,-1
539,141,744.35,714.31,91.74,268.99,0.7925,-1,-1,-1
539,140,666.07,714.47,73.19,230.28,0.7136,-1,-1,-1
540,154,977.50,578.42,43.98,112.30,0.6846,-1,-1,-1
540,149,1141.04,738.44,105.57,303.85,0.7526,-1,-1,-1
540,141,715.80,718.13,79.07,267.69,0.6597,-1,-1,-1
540,140,618.16,717.89,92.70,241.03,0.6410,-1,-1,-1
541,154,956.65,579.95,43.57,112.96,0.6274,-1,-1,-1
541,149,1112.94,741.93,102.81,302.11,0.7252,-1,-1,-1
541,141,669.52,724.76,101.35,275.48,0.6795,-1,-1,-1
541,140,570.04,722.94,107.23,249.40,0.7054,-1,-1,-1
542,154,936.90,583.78,47.74,111.31,0.7010,-1,-1,-1
542,149,1068.58,751.39,120.46,313.11,0.6383,-1,-1,-1
542,141,632.06,731.70,104.48,272.72,0.7086,-1,-1,-1
542,140,523.08,725.30,121.77,249.47,0.6915,-1,-1,-1
543,154,916.77,584.40,48.30,110.73,0.6849,-1,-1,-1
543,149,1051.80,752.98,111.43,305.85,0.7283,-1,-1,-1
543,141,597.32,736.70,102.11,281.70,0.7804,-1,-1,-1
543,140,486.87,732.52,129.90,256.47,0.7037,-1,-1,-1
544,154,895.47,585.87,47.10,111.99,0.7086,-1,-1,-1
544,149,1025.50,760.58,110.13,308.97,0.7082,-1,-1,-1
544,141,558.40,748.26,106.83,300.52,0.7096,-1,-1,-1
544,140,450.06,747.43,133.98,259.86,0.7274,-1,-1,-1
545,154,876.72,583.59,50.56,112.26,0.7023,-1,-1,-1
545,149,991.16,755.38,116.37,316.31,0.7435,-1,-1,-1
545,141,526.49,747.18,107.54,294.01,0.7580,-1,-1,-1
545,140,421.10,747.31,134.05,246.77,0.7180,-1,-1,-1
546,154,857.16,585.12,47.93,111.85,0.7116,-1,-1,-1
546,149,971.48,757.89,112.23,309.16,0.6965,-1,-1,-1
546,141,487.19,749.42,111.75,303.63,0.7639,-1,-1,-1
546,140,388.41,744.69,120.97,260.08,0.7425,-1,-1,-1
547,154,837.49,584.52,50.97,112.41,0.7232,-1,-1,-1
547,149,934.82,754.95,123.80,313.76,0.7429,-1,-1,-1
547,141,456.66,753.43,101.03,297.26,0.8201,-1,-1,-1
547,140,359.80,747.02,101.59,264.25,0.7223,-1,-1,-1
548,154,818.40,584.94,52.40,112.21,0.7541,-1,-1,-1
548,149,914.87,762.25,116.19,302.66,0.7662,-1,-1,-1
548,141,415.57,752.76,99.25,306.00,0.7995,-1,-1,-1
548,140,317.98,751.69,101.30,274.44,0.7353,-1,-1,-1
549,154,796.55,581.77,54.09,114.06,0.7150,-1,-1,-1
549,149,884.02,752.55,122.16,312.24,0.7789,-1,-1,-1
549,141,373.35,758.11,109.54,311.93,0.7928,-1,-1,-1
549,140,280.41,759.92,102.62,270.36,0.7636,-1,-1,-1
550,154,779.24,583.45,53.12,116.10,0.7181,-1,-1,-1
550,149,861.70,758.41,117.45,309.47,0.7358,-1,-1,-1
550,141,333.53,759.87,118.11,313.14,0.7552,-1,-1,-1
550,140,241.92,758.78,98.89,284.49,0.7296,-1,-1,-1
551,154,760.95,585.40,50.87,116.16,0.6976,-1,-1,-1
551,149,846.87,774.95,108.13,293.68,0.6298,-1,-1,-1
551,141,289.12,765.39,108.24,306.29,0.7215,-1,-1,-1
551,140,196.13,762.18,99.53,299.36,0.7374,-1,-1,-1
552,154,742.28,584.79,55.51,114.58,0.7550,-1,-1,-1
552,149,802.93,713.34,127.51,364.13,0.7285,-1,-1,-1
552,141,241.84,768.58,114.44,310.39,0.7925,-1,-1,-1
552,140,154.86,768.71,100.75,307.68,0.7001,-1,-1,-1
553,154,723.22,582.14,56.04,118.37,0.7019,-1,-1,-1
553,149,792.34,745.41,116.37,334.34,0.7114,-1,-1,-1
553,141,190.95,777.43,118.93,302.23,0.7403,-1,-1,-1
553,140,105.72,774.23,102.21,305.77,0.6906,-1,-1,-1
554,154,703.60,581.93,56.70,119.49,0.7028,-1,-1,-1
554,149,766.49,759.05,118.39,320.38,0.7555,-1,-1,-1
554,141,141.14,783.19,127.10,296.81,0.7759,-1,-1,-1
554,140,62.90,782.51,104.96,296.20,0.7074,-1,-1,-1
555,160,765.34,545.43,39.69,79.79,0.4223,-1,-1,-1
555,154,688.02,584.79,51.73,118.22,0.7199,-1,-1,-1
555,149,718.56,760.48,141.89,311.74,0.7083,-1,-1,-1
555,141,97.01,797.46,136.62,282.54,0.7606,-1,-1,-1
555,140,15.62,791.89,108.18,286.71,0.7461,-1,-1,-1
556,154,668.57,580.59,54.50,120.88,0.7646,-1,-1,-1
556,149,699.33,763.37,130.79,297.28,0.7482,-1,-1,-1
556,141,50.88,805.87,125.93,273.47,0.7987,-1,-1,-1
556,140,0.26,798.51,72.58,281.49,0.6618,-1,-1,-1
557,160,736.36,546.29,37.95,77.69,0.4038,-1,-1,-1
557,154,651.13,578.84,52.25,121.16,0.7395,-1,-1,-1
557,149,683.84,765.99,122.10,313.90,0.7033,-1,-1,-1
557,141,0.40,816.46,126.18,262.51,0.8290,-1,-1,-1
558,154,631.84,576.38,55.86,125.52,0.7544,-1,-1,-1
558,149,652.63,764.09,126.20,310.96,0.7616,-1,-1,-1
558,141,0.30,818.44,64.76,256.55,0.7042,-1,-1,-1
559,160,701.09,539.35,36.85,82.86,0.3744,-1,-1,-1
559,154,615.58,576.36,53.38,126.13,0.7401,-1,-1,-1
559,149,627.14,765.34,127.90,311.09,0.8014,-1,-1,-1
560,160,688.47,536.83,39.85,83.98,0.3469,-1,-1,-1
560,154,597.08,581.24,52.90,125.49,0.7687,-1,-1,-1
560,149,608.81,759.41,122.20,320.59,0.7898,-1,-1,-1
561,154,578.95,574.81,59.01,131.65,0.7430,-1,-1,-1
561,149,578.24,757.35,126.04,322.65,0.8303,-1,-1,-1
562,160,667.43,544.46,26.60,78.06,0.3063,-1,-1,-1
562,154,561.13,580.91,58.53,129.30,0.7128,-1,-1,-1
562,149,550.87,757.52,127.77,322.48,0.7908,-1,-1,-1
563,154,544.60,584.02,61.20,130.24,0.7620,-1,-1,-1
563,149,530.27,756.67,120.71,323.06,0.8606,-1,-1,-1
564,154,530.33,585.33,61.38,128.82,0.6850,-1,-1,-1
564,149,502.47,759.19,124.93,320.81,0.8214,-1,-1,-1
565,154,512.52,583.80,60.81,132.44,0.7133,-1,-1,-1
565,149,472.08,761.90,132.18,318.10,0.7226,-1,-1,-1
566,154,494.91,585.55,65.60,130.33,0.7684,-1,-1,-1
566,149,435.10,767.13,146.79,312.87,0.7204,-1,-1,-1
567,154,481.28,588.08,62.50,132.63,0.7737,-1,-1,-1
567,149,417.03,779.66,140.92,300.34,0.8361,-1,-1,-1
568,154,462.03,587.85,64.71,134.55,0.7329,-1,-1,-1
568,149,378.06,786.13,154.46,292.49,0.7893,-1,-1,-1
569,154,441.16,588.25,72.18,136.64,0.6933,-1,-1,-1
569,149,356.69,790.46,155.44,289.54,0.7920,-1,-1,-1
570,154,428.95,588.10,67.80,139.22,0.7269,-1,-1,-1
570,149,329.65,790.16,156.02,288.82,0.7941,-1,-1,-1
571,154,413.70,591.62,68.07,138.39,0.7137,-1,-1,-1
571,149,304.97,795.48,156.77,284.52,0.8200,-1,-1,-1
572,162,1855.84,588.17,63.57,163.81,0.4297,-1,-1,-1
572,154,396.25,595.71,69.41,137.08,0.6668,-1,-1,-1
572,149,283.86,798.10,150.32,278.67,0.5807,-1,-1,-1
573,162,1864.63,590.14,54.73,160.78,0.4562,-1,-1,-1
573,154,380.80,594.19,67.95,142.49,0.7179,-1,-1,-1
573,149,264.62,797.91,145.73,230.25,0.5698,-1,-1,-1
574,162,1857.18,588.29,51.68,161.11,0.4104,-1,-1,-1
574,154,365.49,597.94,71.00,140.93,0.7036,-1,-1,-1
574,149,221.66,799.50,159.28,280.09,0.5445,-1,-1,-1
575,154,344.54,598.29,73.81,140.15,0.7110,-1,-1,-1
575,149,205.60,799.70,148.05,231.39,0.6260,-1,-1,-1
576,162,1833.53,587.02,64.91,174.32,0.3964,-1,-1,-1
576,154,328.56,598.61,73.68,145.31,0.7444,-1,-1,-1
576,149,165.19,806.69,160.31,271.70,0.6877,-1,-1,-1
577,162,1828.02,582.02,62.87,181.45,0.4356,-1,-1,-1
577,154,311.94,599.29,75.94,144.05,0.6867,-1,-1,-1
577,149,145.52,808.57,153.60,217.16,0.5246,-1,-1,-1
578,154,293.94,597.13,76.11,150.52,0.7531,-1,-1,-1
578,149,107.04,811.64,164.43,267.45,0.4193,-1,-1,-1
579,162,1815.22,587.29,57.70,179.61,0.5373,-1,-1,-1
579,154,278.27,597.64,71.86,152.41,0.7545,-1,-1,-1
579,149,83.49,819.02,160.86,211.53,0.5873,-1,-1,-1
580,162,1809.22,592.01,58.83,177.66,0.6315,-1,-1,-1
580,154,263.79,600.94,73.85,150.02,0.6792,-1,-1,-1
580,149,52.80,823.83,161.96,246.00,0.4703,-1,-1,-1
581,162,1802.88,590.59,60.81,181.58,0.4662,-1,-1,-1
581,154,245.58,596.11,74.64,159.29,0.7602,-1,-1,-1
581,149,5.58,829.61,177.38,250.39,0.7613,-1,-1,-1
582,162,1795.03,589.57,64.16,184.51,0.5941,-1,-1,-1
582,154,230.50,598.74,71.50,157.76,0.7675,-1,-1,-1
582,149,0.78,833.96,156.62,246.04,0.8054,-1,-1,-1
583,162,1789.16,606.26,65.12,168.10,0.5118,-1,-1,-1
583,154,210.20,599.66,79.85,160.04,0.7498,-1,-1,-1
583,149,0.14,836.11,131.15,234.34,0.6359,-1,-1,-1
584,162,1783.15,616.39,63.85,158.87,0.4757,-1,-1,-1
584,154,195.10,598.23,79.78,167.97,0.7857,-1,-1,-1
584,149,0.29,835.29,99.89,239.66,0.7331,-1,-1,-1
585,162,1778.26,606.38,65.08,166.53,0.3027,-1,-1,-1
585,154,186.38,601.13,75.10,172.29,0.8116,-1,-1,-1
585,149,0.24,844.77,71.12,234.01,0.7107,-1,-1,-1
586,162,1775.15,585.98,64.10,185.27,0.3878,-1,-1,-1
586,154,167.43,605.33,79.58,169.12,0.7215,-1,-1,-1
586,149,0.34,924.28,41.90,155.72,0.5273,-1,-1,-1
587,166,1235.41,524.98,29.05,77.55,0.3212,-1,-1,-1
587,162,1775.01,590.76,53.83,162.67,0.3612,-1,-1,-1
587,154,155.39,607.93,82.58,169.72,0.7766,-1,-1,-1
588,162,1773.00,585.68,56.68,163.69,0.4650,-1,-1,-1
588,154,141.55,609.68,82.10,173.73,0.7849,-1,-1,-1
589,162,1767.85,583.19,55.59,162.99,0.5746,-1,-1,-1
589,154,126.57,612.98,85.71,173.38,0.7697,-1,-1,-1
590,166,1225.15,517.51,31.88,85.86,0.3813,-1,-1,-1
590,162,1766.02,581.47,58.92,171.58,0.6645,-1,-1,-1
590,154,114.00,613.92,85.40,177.74,0.7596,-1,-1,-1
591,166,1225.39,527.36,30.18,75.85,0.4283,-1,-1,-1
591,162,1765.16,581.91,61.53,170.00,0.7538,-1,-1,-1
591,154,99.20,613.95,82.81,179.54,0.7861,-1,-1,-1
592,166,1226.48,528.64,27.95,74.44,0.3652,-1,-1,-1
592,162,1764.19,578.91,62.73,167.76,0.7308,-1,-1,-1
592,154,85.05,618.38,86.49,175.55,0.7911,-1,-1,-1
593,167,332.21,534.84,42.85,98.42,0.5748,-1,-1,-1
593,166,1224.29,528.25,28.08,75.28,0.4401,-1,-1,-1
593,162,1763.95,582.73,62.69,168.52,0.7708,-1,-1,-1
593,154,71.64,617.10,85.95,183.04,0.7666,-1,-1,-1
594,167,330.91,536.51,38.32,97.11,0.4656,-1,-1,-1
594,166,1223.27,528.64,29.49,74.07,0.4167,-1,-1,-1
594,162,1760.63,580.08,67.64,173.28,0.7166,-1,-1,-1
594,154,55.39,620.83,92.91,184.74,0.7574,-1,-1,-1
595,167,325.63,536.43,41.12,95.61,0.5061,-1,-1,-1
595,166,1223.05,527.58,29.41,77.02,0.4106,-1,-1,-1
595,162,1748.58,581.70,82.58,177.86,0.7264,-1,-1,-1
595,154,44.13,620.69,87.56,188.76,0.7902,-1,-1,-1
596,167,319.31,536.00,44.01,97.83,0.5002,-1,-1,-1
596,166,1225.21,527.04,29.20,76.46,0.4211,-1,-1,-1
596,162,1748.59,581.02,84.20,178.05,0.7311,-1,-1,-1
596,154,29.29,625.89,90.63,189.24,0.7928,-1,-1,-1
597,167,314.72,531.50,41.88,105.28,0.6777,-1,-1,-1
597,166,1227.25,527.79,27.58,76.43,0.3626,-1,-1,-1
597,162,1757.21,587.77,77.69,170.67,0.7492,-1,-1,-1
597,154,14.98,626.52,91.50,192.49,0.7593,-1,-1,-1
598,167,310.38,536.53,42.07,104.91,0.5362,-1,-1,-1
598,166,1228.36,528.13,27.15,76.20,0.3445,-1,-1,-1
598,162,1759.68,585.95,80.88,170.60,0.7621,-1,-1,-1
598,154,1.58,637.58,97.77,191.72,0.7892,-1,-1,-1
599,167,308.83,542.83,41.54,98.09,0.4997,-1,-1,-1
599,166,1230.37,525.21,28.19,79.84,0.4840,-1,-1,-1
599,162,1765.10,583.10,81.54,173.62,0.7711,-1,-1,-1
599,154,0.92,639.04,83.08,192.45,0.7891,-1,-1,-1
600,167,303.74,545.01,44.44,98.00,0.4886,-1,-1,-1
600,166,1231.54,519.96,29.72,85.23,0.5882,-1,-1,-1
600,162,1765.94,581.73,81.83,177.82,0.7868,-1,-1,-1
600,154,0.21,648.07,73.31,190.79,0.7799,-1,-1,-1
601,167,297.92,539.09,48.35,105.05,0.4743,-1,-1,-1
601,166,1233.24,523.33,29.05,82.25,0.4024,-1,-1,-1
601,162,1777.36,579.97,72.37,179.34,0.7811,-1,-1,-1
601,154,0.00,650.18,60.40,192.13,0.7085,-1,-1,-1
602,167,293.98,536.30,49.86,110.34,0.4390,-1,-1,-1
602,166,1234.34,521.16,28.74,84.01,0.3454,-1,-1,-1
602,162,1785.77,576.46,66.17,182.78,0.7096,-1,-1,-1
602,154,0.00,662.84,49.10,180.95,0.5068,-1,-1,-1
603,167,290.93,521.80,48.82,126.33,0.5469,-1,-1,-1
603,166,1235.30,519.17,31.31,88.36,0.4012,-1,-1,-1
603,162,1790.12,579.56,62.58,182.22,0.6270,-1,-1,-1
603,154,0.16,673.92,34.34,175.37,0.4416,-1,-1,-1
604,167,289.04,547.64,47.60,101.72,0.6028,-1,-1,-1
604,166,1237.38,519.99,30.23,88.33,0.5449,-1,-1,-1
604,162,1803.17,574.42,50.65,187.81,0.4707,-1,-1,-1
605,167,285.21,515.68,52.25,132.48,0.4651,-1,-1,-1
605,166,1239.75,518.59,29.82,88.18,0.6180,-1,-1,-1
605,162,1812.54,582.67,46.60,181.86,0.5072,-1,-1,-1
606,167,282.27,532.79,50.57,116.53,0.5506,-1,-1,-1
606,166,1243.16,514.48,28.04,91.29,0.6173,-1,-1,-1
607,167,279.91,543.51,50.69,107.17,0.5707,-1,-1,-1
607,166,1244.16,515.14,29.42,91.24,0.6149,-1,-1,-1
608,167,277.84,542.53,48.95,105.85,0.6193,-1,-1,-1
608,166,1247.06,517.07,29.88,90.20,0.3062,-1,-1,-1
609,167,276.62,547.66,48.39,97.73,0.4796,-1,-1,-1
609,166,1250.64,518.53,31.78,89.63,0.5390,-1,-1,-1
610,167,273.97,522.93,49.93,120.82,0.5592,-1,-1,-1
610,166,1252.31,517.73,33.36,91.95,0.4889,-1,-1,-1
611,167,271.09,509.30,51.50,134.07,0.5759,-1,-1,-1
611,166,1255.69,515.80,29.61,97.28,0.4313,-1,-1,-1
611,162,1819.42,587.87,45.02,178.15,0.3928,-1,-1,-1
612,167,268.04,503.65,50.22,140.65,0.6364,-1,-1,-1
612,166,1259.71,520.76,29.57,93.19,0.4563,-1,-1,-1
612,162,1824.92,591.55,44.85,181.26,0.4174,-1,-1,-1
613,167,263.34,497.65,54.58,145.72,0.6913,-1,-1,-1
613,166,1263.39,523.08,29.58,91.80,0.5649,-1,-1,-1
613,162,1828.61,596.22,50.81,179.42,0.5436,-1,-1,-1
614,167,260.64,498.73,54.59,145.64,0.7438,-1,-1,-1
614,166,1266.08,524.14,29.58,90.37,0.6230,-1,-1,-1
614,162,1834.57,596.42,62.77,188.83,0.5611,-1,-1,-1
615,167,258.49,497.76,52.06,147.00,0.7415,-1,-1,-1
615,166,1267.35,524.63,30.31,90.83,0.6175,-1,-1,-1
615,162,1839.53,601.53,63.10,196.23,0.5270,-1,-1,-1
616,167,255.77,500.55,48.91,144.45,0.6218,-1,-1,-1
616,166,1269.37,527.49,31.05,94.58,0.6313,-1,-1,-1
616,162,1848.10,604.55,58.11,192.27,0.5743,-1,-1,-1
617,167,253.84,501.63,50.43,142.17,0.6410,-1,-1,-1
617,166,1272.75,528.28,30.74,96.67,0.5777,-1,-1,-1
617,162,1852.12,612.25,53.34,190.01,0.5701,-1,-1,-1
618,167,250.16,504.08,49.39,141.35,0.6320,-1,-1,-1
618,166,1275.05,531.48,32.57,96.24,0.5520,-1,-1,-1
618,162,1854.58,610.45,64.82,198.33,0.6584,-1,-1,-1
619,167,248.30,506.81,49.51,141.19,0.6439,-1,-1,-1
619,166,1275.92,532.29,34.43,95.81,0.6066,-1,-1,-1
619,162,1861.79,608.44,57.61,204.60,0.6308,-1,-1,-1
620,167,246.09,506.71,50.01,142.09,0.5914,-1,-1,-1
620,166,1276.04,532.60,37.32,99.25,0.6346,-1,-1,-1
620,162,1869.51,609.66,49.89,207.75,0.6596,-1,-1,-1
621,167,244.20,501.38,49.60,148.54,0.6211,-1,-1,-1
621,166,1283.47,529.79,34.16,103.50,0.6013,-1,-1,-1
621,162,1877.81,609.82,41.61,206.44,0.5320,-1,-1,-1
622,167,241.38,501.91,49.03,147.86,0.6678,-1,-1,-1
622,166,1288.56,530.31,30.26,106.28,0.5722,-1,-1,-1
622,162,1881.46,611.06,37.97,198.52,0.6151,-1,-1,-1
623,167,238.46,499.61,48.85,155.62,0.6353,-1,-1,-1
623,166,1292.72,528.15,34.95,103.98,0.6337,-1,-1,-1
623,162,1888.19,602.87,31.25,194.97,0.3996,-1,-1,-1
624,167,237.63,499.87,48.03,152.65,0.6682,-1,-1,-1
624,166,1295.89,530.69,36.14,105.49,0.6202,-1,-1,-1
625,168,308.51,484.06,19.35,38.04,0.3720,-1,-1,-1
625,167,236.32,513.30,48.35,145.16,0.6586,-1,-1,-1
625,166,1301.07,536.71,35.68,102.15,0.6303,-1,-1,-1
626,167,235.46,523.05,49.32,132.47,0.6772,-1,-1,-1
626,166,1305.07,530.63,43.18,109.37,0.5576,-1,-1,-1
627,168,310.20,486.89,18.74,37.20,0.3047,-1,-1,-1
627,167,235.00,538.43,47.65,124.49,0.6342,-1,-1,-1
627,166,1313.17,529.73,37.94,109.85,0.6456,-1,-1,-1
628,167,235.06,539.25,48.83,122.93,0.6435,-1,-1,-1
628,166,1318.57,531.88,38.64,107.62,0.6344,-1,-1,-1
629,168,310.63,491.38,18.33,37.05,0.4427,-1,-1,-1
629,167,234.63,554.52,47.36,115.42,0.7027,-1,-1,-1
629,166,1324.07,530.48,39.46,105.79,0.7119,-1,-1,-1
630,168,312.39,491.64,19.05,36.98,0.3584,-1,-1,-1
630,167,235.44,549.96,48.09,119.85,0.6720,-1,-1,-1
630,166,1330.96,530.40,43.23,107.45,0.6760,-1,-1,-1
631,167,235.93,551.90,52.14,117.77,0.6439,-1,-1,-1
631,166,1340.70,528.58,38.10,109.82,0.6767,-1,-1,-1
632,167,237.96,553.35,52.48,119.75,0.6210,-1,-1,-1
632,166,1346.61,531.45,40.81,108.30,0.7133,-1,-1,-1
633,167,238.36,549.96,54.82,124.63,0.6106,-1,-1,-1
633,166,1354.04,536.46,43.59,108.51,0.6610,-1,-1,-1
634,167,240.06,552.24,50.13,125.72,0.6022,-1,-1,-1
634,166,1363.86,537.00,40.03,107.17,0.6404,-1,-1,-1
635,167,241.60,548.05,53.01,129.03,0.5531,-1,-1,-1
635,166,1368.93,531.07,44.81,119.61,0.7259,-1,-1,-1
636,167,243.67,549.35,51.22,129.90,0.5862,-1,-1,-1
636,166,1378.38,539.75,42.26,112.78,0.6075,-1,-1,-1
637,167,245.17,538.74,54.36,142.56,0.5290,-1,-1,-1
637,166,1389.63,538.26,40.22,115.49,0.4788,-1,-1,-1
638,167,246.27,532.17,54.09,151.03,0.6140,-1,-1,-1
638,166,1397.37,538.22,43.57,122.10,0.6067,-1,-1,-1
639,167,248.64,537.14,54.50,148.85,0.6489,-1,-1,-1
639,166,1413.03,552.20,36.38,110.60,0.4553,-1,-1,-1
640,167,251.21,535.08,52.04,152.85,0.6526,-1,-1,-1
640,166,1418.82,554.21,40.37,106.64,0.3659,-1,-1,-1
641,167,254.73,538.69,52.14,151.08,0.6611,-1,-1,-1
641,166,1431.19,553.14,37.64,104.89,0.5207,-1,-1,-1
642,167,257.50,534.61,52.10,155.43,0.5652,-1,-1,-1
642,166,1442.59,559.52,38.99,105.78,0.5632,-1,-1,-1
643,167,259.56,530.20,50.88,162.62,0.5509,-1,-1,-1
643,166,1455.63,562.50,36.08,95.51,0.3612,-1,-1,-1
644,167,262.77,529.41,47.68,162.98,0.4252,-1,-1,-1
645,167,266.98,572.58,47.55,122.25,0.3862,-1,-1,-1
645,166,1480.52,564.56,34.54,71.40,0.4168,-1,-1,-1
646,167,271.88,572.79,46.89,124.41,0.4153,-1,-1,-1
646,166,1489.16,563.85,41.35,71.25,0.4667,-1,-1,-1
647,167,275.57,535.31,43.75,161.10,0.4649,-1,-1,-1
648,167,279.54,565.77,47.15,130.71,0.5230,-1,-1,-1
649,167,282.99,534.57,45.57,154.71,0.4949,-1,-1,-1
650,167,285.19,531.49,49.24,162.63,0.5942,-1,-1,-1
651,167,291.67,530.54,50.67,166.42,0.4298,-1,-1,-1
652,167,300.43,554.85,45.64,126.65,0.5731,-1,-1,-1
653,167,309.15,557.70,42.53,128.23,0.3341,-1,-1,-1
654,167,312.49,556.63,41.71,135.12,0.5729,-1,-1,-1
655,167,319.83,518.29,42.64,167.77,0.4948,-1,-1,-1
656,169,1634.77,563.95,49.22,54.64,0.3292,-1,-1,-1
656,167,327.37,533.36,45.58,166.25,0.5391,-1,-1,-1
657,169,1657.66,564.77,46.22,61.65,0.3431,-1,-1,-1
657,167,335.50,532.26,45.83,171.54,0.5522,-1,-1,-1
658,169,1676.32,571.00,44.45,61.81,0.3259,-1,-1,-1
658,167,347.49,578.12,44.54,129.42,0.3955,-1,-1,-1
659,167,347.47,590.15,51.85,132.31,0.3636,-1,-1,-1
660,167,358.85,590.42,46.56,129.82,0.4930,-1,-1,-1
661,169,1723.50,599.17,60.15,64.72,0.3989,-1,-1,-1
661,167,359.04,592.05,51.43,132.18,0.5643,-1,-1,-1
662,169,1749.19,608.28,55.33,59.77,0.3075,-1,-1,-1
662,167,366.12,597.02,54.01,125.38,0.5374,-1,-1,-1
663,167,379.62,599.48,47.22,119.94,0.5338,-1,-1,-1
664,167,381.84,592.21,55.53,126.02,0.6056,-1,-1,-1
665,167,389.06,597.64,56.88,117.99,0.4862,-1,-1,-1
666,167,393.31,592.96,65.25,120.44,0.6452,-1,-1,-1
667,167,395.20,586.27,76.20,128.24,0.5626,-1,-1,-1
668,173,388.24,523.71,27.80,75.49,0.5836,-1,-1,-1
668,167,396.27,581.51,89.14,138.02,0.6017,-1,-1,-1
669,173,395.14,517.62,25.11,77.43,0.3681,-1,-1,-1
669,167,405.67,574.36,97.97,141.84,0.4373,-1,-1,-1
670,173,400.67,512.99,29.06,80.73,0.6397,-1,-1,-1
670,167,414.99,571.47,99.72,143.26,0.6277,-1,-1,-1
671,173,405.06,512.01,27.41,77.03,0.4917,-1,-1,-1
671,167,428.23,568.54,95.67,145.05,0.5771,-1,-1,-1
672,173,411.60,509.13,27.77,75.73,0.4460,-1,-1,-1
674,167,503.12,559.01,57.40,139.27,0.3776,-1,-1,-1
675,173,428.14,492.40,32.43,83.60,0.3892,-1,-1,-1
675,167,476.86,558.93,99.14,145.54,0.3067,-1,-1,-1
676,174,560.35,480.07,21.41,48.52,0.3290,-1,-1,-1
676,173,431.31,499.02,30.40,81.42,0.5482,-1,-1,-1
677,174,572.14,482.24,19.41,43.31,0.3759,-1,-1,-1
677,173,437.54,492.86,34.86,85.57,0.4561,-1,-1,-1
678,173,440.88,496.55,36.31,86.89,0.3788,-1,-1,-1
678,167,537.84,566.87,82.58,140.56,0.3028,-1,-1,-1
679,173,449.53,511.18,35.83,82.18,0.3652,-1,-1,-1
679,167,535.01,574.05,100.22,145.16,0.5500,-1,-1,-1
680,174,595.14,487.24,18.63,43.84,0.3308,-1,-1,-1
680,167,573.64,568.72,74.67,138.68,0.3369,-1,-1,-1
681,167,586.38,596.96,79.08,141.00,0.4263,-1,-1,-1
682,167,605.14,618.88,72.06,138.56,0.3643,-1,-1,-1
683,173,463.05,520.92,31.71,89.25,0.3555,-1,-1,-1
683,167,619.53,593.53,59.54,135.82,0.3247,-1,-1,-1
685,173,470.12,518.65,32.58,80.78,0.4308,-1,-1,-1
686,173,474.51,509.39,30.88,82.32,0.4772,-1,-1,-1
686,167,662.00,572.84,49.72,126.72,0.4333,-1,-1,-1
687,173,483.20,507.28,32.40,79.73,0.4380,-1,-1,-1
688,176,633.23,480.32,20.12,49.51,0.3040,-1,-1,-1
688,173,485.58,506.38,29.37,80.90,0.3712,-1,-1,-1
688,167,655.47,573.65,111.13,143.41,0.3355,-1,-1,-1
689,167,663.70,567.43,112.19,150.24,0.4299,-1,-1,-1
690,173,495.33,502.60,27.32,82.47,0.4598,-1,-1,-1
690,167,679.76,564.32,110.00,151.71,0.4681,-1,-1,-1
691,177,652.85,474.91,19.79,49.76,0.3816,-1,-1,-1
691,173,501.86,504.93,25.87,79.42,0.3199,-1,-1,-1
691,167,699.06,566.00,107.90,152.39,0.5902,-1,-1,-1
692,177,658.07,475.58,17.23,47.54,0.3411,-1,-1,-1
692,173,507.74,500.70,27.56,82.24,0.5556,-1,-1,-1
692,167,718.37,570.72,100.12,146.13,0.4493,-1,-1,-1
693,177,667.16,475.88,20.59,47.53,0.3274,-1,-1,-1
693,173,510.57,496.09,34.49,89.14,0.3800,-1,-1,-1
693,167,770.77,574.33,64.16,144.92,0.5261,-1,-1,-1
694,177,671.86,475.88,19.53,52.34,0.3573,-1,-1,-1
694,173,510.86,498.71,36.60,88.32,0.4959,-1,-1,-1
694,167,773.89,581.92,81.68,141.00,0.4824,-1,-1,-1
695,177,677.07,476.60,20.09,53.51,0.4113,-1,-1,-1
695,173,517.09,501.13,32.69,87.18,0.5221,-1,-1,-1
695,167,791.28,585.50,79.73,147.46,0.3591,-1,-1,-1
696,173,527.84,501.87,31.08,81.23,0.4354,-1,-1,-1
697,173,529.66,504.49,32.09,82.12,0.4882,-1,-1,-1
698,177,695.12,477.75,19.24,52.32,0.3748,-1,-1,-1
698,173,532.57,500.34,31.82,89.44,0.4728,-1,-1,-1
699,177,699.16,476.68,20.91,53.59,0.4807,-1,-1,-1
699,173,534.03,500.39,34.90,90.37,0.3015,-1,-1,-1
699,167,841.83,582.64,96.60,158.52,0.5799,-1,-1,-1
700,177,702.78,479.69,19.89,52.62,0.4623,-1,-1,-1
700,173,537.17,501.36,35.46,93.04,0.5287,-1,-1,-1
700,167,853.70,583.91,104.41,159.69,0.5886,-1,-1,-1
701,173,544.24,505.50,32.46,89.87,0.4021,-1,-1,-1
701,167,884.02,590.96,90.53,156.91,0.5001,-1,-1,-1
702,177,718.72,478.51,18.87,54.38,0.4287,-1,-1,-1
702,173,550.56,507.71,32.97,86.10,0.3614,-1,-1,-1
702,167,929.09,599.67,64.71,153.23,0.5880,-1,-1,-1
703,177,721.63,472.92,22.15,60.75,0.4189,-1,-1,-1
703,173,554.62,504.74,32.14,90.36,0.5534,-1,-1,-1
703,167,952.07,604.57,59.68,153.85,0.5378,-1,-1,-1
704,177,725.65,476.46,20.91,60.68,0.3658,-1,-1,-1
704,173,555.24,508.95,34.56,91.52,0.5844,-1,-1,-1
704,167,955.48,611.77,73.41,154.85,0.6483,-1,-1,-1
705,182,746.70,482.69,18.16,52.90,0.3030,-1,-1,-1
705,177,727.77,476.67,20.99,59.65,0.4060,-1,-1,-1
705,173,554.20,508.11,40.97,94.62,0.5363,-1,-1,-1
705,167,977.35,612.60,67.62,155.83,0.6480,-1,-1,-1
706,177,738.19,485.57,23.37,52.90,0.3613,-1,-1,-1
706,173,562.46,510.78,33.47,92.90,0.6113,-1,-1,-1
706,167,984.54,615.58,80.75,159.64,0.7584,-1,-1,-1
707,177,740.02,489.41,21.52,51.81,0.3381,-1,-1,-1
707,173,564.58,512.95,33.07,95.62,0.6611,-1,-1,-1
707,167,993.54,613.63,90.93,169.37,0.7426,-1,-1,-1
708,177,743.00,490.27,21.43,52.78,0.3706,-1,-1,-1
708,173,567.35,517.66,32.56,95.76,0.6893,-1,-1,-1
708,167,992.36,615.65,110.44,173.35,0.6749,-1,-1,-1
709,177,745.56,492.52,22.24,54.08,0.3622,-1,-1,-1
709,173,568.70,520.04,34.18,98.59,0.6431,-1,-1,-1
709,167,999.69,608.97,125.80,179.80,0.7640,-1,-1,-1
710,177,749.10,501.65,20.04,52.74,0.3875,-1,-1,-1
710,173,575.04,530.59,33.88,89.59,0.6405,-1,-1,-1
710,167,1015.63,622.24,126.38,179.51,0.7748,-1,-1,-1
711,177,749.97,503.67,19.61,52.03,0.4158,-1,-1,-1
711,173,575.42,533.90,34.46,88.56,0.5303,-1,-1,-1
711,167,1048.29,619.90,115.78,176.56,0.7113,-1,-1,-1
712,177,756.33,505.34,30.13,52.69,0.3844,-1,-1,-1
712,173,575.90,535.20,36.85,93.50,0.7176,-1,-1,-1
712,167,1072.65,633.63,106.70,177.17,0.4794,-1,-1,-1
713,177,760.81,505.75,23.52,50.26,0.3477,-1,-1,-1
713,173,575.64,534.78,37.35,95.02,0.7372,-1,-1,-1
713,167,1126.96,631.29,72.52,168.77,0.5798,-1,-1,-1
714,177,762.02,510.63,20.32,53.70,0.4308,-1,-1,-1
714,173,579.64,542.67,36.92,99.50,0.6551,-1,-1,-1
714,167,1128.17,636.56,99.24,169.78,0.7378,-1,-1,-1
715,177,764.11,503.44,20.26,61.73,0.4272,-1,-1,-1
715,173,579.41,539.29,38.61,103.07,0.5895,-1,-1,-1
715,167,1139.78,634.96,100.11,174.07,0.7457,-1,-1,-1
716,177,768.60,503.02,23.93,61.03,0.4150,-1,-1,-1
716,173,581.19,544.08,37.82,100.99,0.5079,-1,-1,-1
716,167,1154.86,631.07,103.53,179.93,0.7686,-1,-1,-1
717,177,771.15,510.27,21.90,52.80,0.3214,-1,-1,-1
717,173,579.35,544.91,40.14,101.70,0.5569,-1,-1,-1
717,167,1172.68,628.81,104.28,185.12,0.7814,-1,-1,-1
718,177,772.82,509.41,23.21,55.40,0.3733,-1,-1,-1
718,173,585.37,553.18,35.06,96.68,0.4841,-1,-1,-1
718,167,1189.15,624.47,110.06,196.26,0.7915,-1,-1,-1
719,173,584.55,546.94,38.47,100.38,0.5354,-1,-1,-1
719,167,1210.37,632.78,110.85,193.29,0.6616,-1,-1,-1
720,173,585.26,551.75,39.67,102.11,0.5676,-1,-1,-1
720,167,1229.39,631.92,114.73,198.22,0.6722,-1,-1,-1
721,177,782.70,513.25,25.49,55.46,0.3459,-1,-1,-1
721,173,587.84,551.49,41.55,103.12,0.4913,-1,-1,-1
721,167,1262.01,636.58,96.54,170.93,0.4770,-1,-1,-1
722,177,785.47,517.07,23.02,51.30,0.3639,-1,-1,-1
722,173,592.72,553.74,37.66,102.33,0.5359,-1,-1,-1
722,167,1296.52,648.43,84.98,198.30,0.4732,-1,-1,-1
723,177,790.59,513.66,26.03,55.39,0.3729,-1,-1,-1
723,173,593.91,550.40,39.39,105.71,0.3703,-1,-1,-1
723,167,1311.13,656.72,102.80,193.80,0.4495,-1,-1,-1
724,177,793.07,524.50,23.31,53.30,0.3641,-1,-1,-1
724,173,594.64,563.17,37.38,102.80,0.4860,-1,-1,-1
724,167,1348.38,663.68,90.31,196.59,0.5501,-1,-1,-1
725,184,819.83,526.63,19.49,50.96,0.3065,-1,-1,-1
725,177,797.13,525.05,22.66,53.01,0.4732,-1,-1,-1
725,173,595.05,566.10,37.35,103.76,0.5703,-1,-1,-1
725,167,1371.83,663.33,91.89,205.54,0.7109,-1,-1,-1
726,177,799.50,520.58,21.03,57.27,0.3625,-1,-1,-1
726,173,597.19,565.67,37.53,102.97,0.5735,-1,-1,-1
726,167,1382.32,673.09,106.98,208.82,0.6207,-1,-1,-1
727,173,597.25,570.05,42.47,106.97,0.7156,-1,-1,-1
727,167,1433.12,671.43,74.25,171.16,0.4058,-1,-1,-1
728,177,813.15,525.43,22.16,57.98,0.3863,-1,-1,-1
728,173,597.66,568.85,43.12,105.97,0.6732,-1,-1,-1
728,167,1407.78,681.58,130.85,220.49,0.5804,-1,-1,-1
729,177,813.85,524.18,20.42,56.94,0.3838,-1,-1,-1
729,173,597.92,565.72,44.16,110.40,0.6383,-1,-1,-1
729,167,1429.20,679.53,139.24,222.38,0.7228,-1,-1,-1
730,177,817.12,524.41,21.17,59.86,0.3502,-1,-1,-1
730,173,599.59,569.83,45.71,111.53,0.5673,-1,-1,-1
730,167,1521.46,689.49,76.66,226.24,0.4572,-1,-1,-1
731,188,1526.75,553.05,31.90,77.17,0.3212,-1,-1,-1
731,177,817.75,524.87,23.23,59.22,0.4065,-1,-1,-1
731,173,600.12,564.25,47.74,116.30,0.6683,-1,-1,-1
732,177,819.87,526.00,22.94,57.33,0.4912,-1,-1,-1
732,173,602.13,564.90,46.54,116.83,0.6755,-1,-1,-1
732,167,1564.69,702.94,80.56,229.28,0.5067,-1,-1,-1
733,177,820.65,522.10,24.30,60.87,0.5292,-1,-1,-1
733,173,602.61,568.13,46.15,115.05,0.6498,-1,-1,-1
733,167,1590.52,705.67,88.51,227.40,0.7025,-1,-1,-1
734,187,840.37,528.74,19.97,50.64,0.3741,-1,-1,-1
734,177,824.12,527.27,20.51,51.70,0.4003,-1,-1,-1
734,173,601.95,559.73,47.31,121.99,0.6873,-1,-1,-1
734,167,1592.47,706.74,115.70,231.09,0.6287,-1,-1,-1
735,187,836.72,527.44,24.83,51.96,0.3762,-1,-1,-1
735,173,602.70,562.89,47.19,121.84,0.6951,-1,-1,-1
735,167,1610.22,703.28,125.00,233.93,0.7442,-1,-1,-1
736,187,833.93,524.23,23.02,52.10,0.3818,-1,-1,-1
736,173,607.47,559.57,44.89,121.56,0.6751,-1,-1,-1
736,167,1628.26,703.67,137.20,249.34,0.7155,-1,-1,-1
737,187,834.80,523.38,24.61,53.20,0.3773,-1,-1,-1
737,173,607.36,561.88,46.04,121.70,0.6585,-1,-1,-1
737,167,1658.91,692.21,133.29,263.81,0.7946,-1,-1,-1
738,177,836.85,525.39,22.34,53.01,0.3532,-1,-1,-1
738,173,606.79,562.89,48.32,122.69,0.6591,-1,-1,-1
738,167,1687.88,707.43,139.06,263.66,0.7551,-1,-1,-1
739,177,839.84,524.44,22.46,55.34,0.3573,-1,-1,-1
739,173,607.35,565.22,49.81,123.52,0.6565,-1,-1,-1
739,167,1715.16,721.66,154.09,258.77,0.7536,-1,-1,-1
740,177,840.61,523.99,22.11,57.03,0.4216,-1,-1,-1
740,173,607.79,567.22,49.26,123.31,0.6846,-1,-1,-1
740,167,1746.01,739.69,144.72,248.81,0.7469,-1,-1,-1
741,189,874.76,531.11,22.09,49.57,0.3137,-1,-1,-1
741,177,841.95,527.37,22.83,55.26,0.4778,-1,-1,-1
741,173,608.06,569.11,49.13,123.90,0.6777,-1,-1,-1
741,167,1784.48,729.06,134.76,266.27,0.5822,-1,-1,-1
742,189,875.15,530.06,22.36,52.99,0.3730,-1,-1,-1
742,177,842.82,528.05,22.41,56.34,0.5103,-1,-1,-1
742,173,609.40,570.28,47.29,123.19,0.6456,-1,-1,-1
742,167,1832.41,755.19,86.98,254.23,0.4330,-1,-1,-1
743,177,844.14,529.21,22.18,55.10,0.4486,-1,-1,-1
743,173,606.71,571.84,52.13,125.63,0.6305,-1,-1,-1
744,177,844.61,528.58,21.97,56.00,0.4807,-1,-1,-1
744,173,605.67,571.97,51.04,127.37,0.6294,-1,-1,-1
745,189,881.43,531.93,20.55,52.52,0.3227,-1,-1,-1
745,177,844.42,525.24,22.32,61.55,0.4978,-1,-1,-1
745,173,604.28,573.53,52.60,128.98,0.6667,-1,-1,-1
746,189,877.33,536.40,21.54,50.64,0.3048,-1,-1,-1
746,177,843.94,524.64,23.46,63.70,0.5163,-1,-1,-1
746,173,603.37,574.10,50.80,130.61,0.6265,-1,-1,-1
747,177,844.41,524.77,24.22,64.25,0.5038,-1,-1,-1
747,173,603.64,575.01,50.93,132.79,0.6537,-1,-1,-1
748,173,603.10,575.35,51.19,133.20,0.6733,-1,-1,-1
749,177,846.92,528.23,22.23,60.64,0.3378,-1,-1,-1
749,173,603.00,577.58,51.14,131.23,0.6754,-1,-1,-1
750,177,848.22,529.29,22.45,56.71,0.3368,-1,-1,-1
750,173,602.08,580.08,51.41,129.44,0.6234,-1,-1,-1
