1,1,1338.47,417.90,163.02,358.60,0.8096,-1,-1,-1
1,2,584.16,443.36,91.77,264.71,0.7629,-1,-1,-1
1,3,440.01,445.86,112.19,273.45,0.6761,-1,-1,-1
1,4,1455.20,432.63,141.38,332.68,0.6427,-1,-1,-1
1,5,730.90,456.70,35.97,111.43,0.5626,-1,-1,-1
1,6,916.81,431.52,59.63,154.80,0.3900,-1,-1,-1
2,1,1342.76,417.59,160.35,359.19,0.8314,-1,-1,-1
2,2,584.51,442.90,92.32,264.21,0.7655,-1,-1,-1
2,3,437.68,445.26,116.77,274.29,0.6902,-1,-1,-1
2,4,1452.17,436.83,146.65,331.77,0.6725,-1,-1,-1
2,5,731.46,457.25,36.31,110.31,0.5321,-1,-1,-1
2,6,916.37,432.17,60.17,154.64,0.4004,-1,-1,-1
3,1,1343.63,423.30,175.80,365.91,0.8359,-1,-1,-1
3,2,584.47,443.04,93.56,263.67,0.7562,-1,-1,-1
3,3,437.25,443.74,117.90,276.35,0.6983,-1,-1,-1
3,4,1466.13,441.56,138.79,327.11,0.7327,-1,-1,-1
3,5,731.30,460.20,36.82,106.78,0.5313,-1,-1,-1
3,6,915.95,432.68,60.93,153.92,0.4039,-1,-1,-1
4,1,1348.58,421.73,179.31,375.84,0.8240,-1,-1,-1
4,2,584.44,443.81,93.19,264.26,0.7671,-1,-1,-1
4,3,437.91,442.70,119.84,276.94,0.7438,-1,-1,-1
4,4,1478.42,434.59,126.15,333.30,0.7308,-1,-1,-1
4,5,732.04,459.13,36.84,109.29,0.5181,-1,-1,-1
4,6,916.38,432.05,61.00,154.19,0.4199,-1,-1,-1
5,1,1351.71,419.43,178.44,385.11,0.8484,-1,-1,-1
5,2,584.70,444.03,93.12,264.04,0.7657,-1,-1,-1
5,3,442.10,443.50,119.55,274.46,0.6900,-1,-1,-1
5,4,1485.90,429.51,116.05,338.51,0.7409,-1,-1,-1
5,5,732.67,459.00,35.90,109.29,0.5183,-1,-1,-1
5,6,916.01,431.29,61.41,154.53,0.4089,-1,-1,-1
6,1,1358.28,421.74,170.34,381.57,0.8472,-1,-1,-1
6,2,584.12,443.51,92.55,266.94,0.7618,-1,-1,-1
6,3,448.60,443.78,117.57,274.38,0.6953,-1,-1,-1
6,4,1494.98,426.51,107.81,342.00,0.7238,-1,-1,-1
6,5,733.35,457.56,34.53,110.24,0.5342,-1,-1,-1
6,6,915.73,430.52,62.10,155.99,0.4203,-1,-1,-1
7,1,1368.22,420.17,158.74,382.68,0.8561,-1,-1,-1
7,2,584.46,443.01,91.76,268.09,0.7670,-1,-1,-1
7,3,447.26,444.58,120.02,274.33,0.7311,-1,-1,-1
7,4,1500.63,430.36,102.38,339.33,0.7683,-1,-1,-1
7,5,733.51,457.84,33.89,109.92,0.5486,-1,-1,-1
7,6,914.96,430.63,61.94,155.89,0.3744,-1,-1,-1
8,1,1385.43,415.75,141.75,385.80,0.8056,-1,-1,-1
8,2,584.69,442.96,91.84,267.35,0.7824,-1,-1,-1
8,3,448.65,444.09,119.51,274.58,0.7473,-1,-1,-1
8,4,1505.56,422.73,98.90,347.93,0.7696,-1,-1,-1
8,5,733.48,457.17,34.27,109.68,0.5413,-1,-1,-1
8,6,914.71,428.50,61.42,157.94,0.3854,-1,-1,-1
9,1,1400.70,409.77,129.93,391.75,0.7454,-1,-1,-1
9,2,585.14,442.65,90.89,268.12,0.7793,-1,-1,-1
9,3,454.79,444.15,114.62,274.31,0.7434,-1,-1,-1
9,4,1511.99,422.02,94.57,347.91,0.7485,-1,-1,-1
9,5,733.11,457.02,35.08,110.98,0.5348,-1,-1,-1
10,1,1416.28,413.53,120.37,382.56,0.7916,-1,-1,-1
10,2,585.35,442.78,91.42,268.22,0.7822,-1,-1,-1
10,3,457.15,443.87,114.11,274.38,0.7181,-1,-1,-1
10,4,1507.39,418.06,109.01,355.35,0.6696,-1,-1,-1
10,5,732.77,457.47,35.89,109.78,0.5205,-1,-1,-1
11,1,1426.76,412.58,119.32,385.74,0.7691,-1,-1,-1
11,2,585.90,442.82,91.18,267.08,0.7707,-1,-1,-1
11,3,455.63,442.75,115.23,275.87,0.6898,-1,-1,-1
11,4,1525.74,418.80,97.88,350.62,0.7952,-1,-1,-1
11,5,732.58,458.50,37.10,110.58,0.5667,-1,-1,-1
12,1,1438.37,409.14,117.20,388.31,0.7276,-1,-1,-1
12,2,585.72,442.27,91.74,266.95,0.7670,-1,-1,-1
12,3,451.60,442.24,119.26,276.27,0.6679,-1,-1,-1
12,4,1537.12,418.83,94.20,353.09,0.7733,-1,-1,-1
12,5,731.64,456.75,38.08,112.96,0.6051,-1,-1,-1
13,1,1446.25,411.81,121.77,386.86,0.7017,-1,-1,-1
13,2,585.37,442.02,92.49,267.30,0.7539,-1,-1,-1
13,3,446.82,442.92,123.51,276.34,0.7039,-1,-1,-1
13,4,1540.09,420.20,104.27,357.63,0.7517,-1,-1,-1
13,5,730.76,456.29,38.76,117.02,0.5824,-1,-1,-1
14,1,1453.66,410.20,128.36,387.41,0.5772,-1,-1,-1
14,2,584.35,442.16,93.99,268.00,0.7502,-1,-1,-1
14,3,447.06,442.01,122.01,280.38,0.6396,-1,-1,-1
14,4,1538.73,416.62,130.67,369.99,0.6144,-1,-1,-1
14,5,730.24,456.44,39.44,118.48,0.5509,-1,-1,-1
15,1,1461.70,415.42,108.41,382.12,0.4908,-1,-1,-1
15,2,583.99,442.42,93.23,269.27,0.7699,-1,-1,-1
15,3,446.44,442.83,120.92,282.10,0.6580,-1,-1,-1
15,4,1539.19,421.86,160.14,373.42,0.5960,-1,-1,-1
15,5,730.36,453.29,39.88,123.63,0.6069,-1,-1,-1
16,1,1464.03,422.10,106.02,377.33,0.4016,-1,-1,-1
16,2,583.62,443.68,92.96,267.47,0.7686,-1,-1,-1
16,3,445.87,442.65,117.79,283.51,0.6514,-1,-1,-1
16,4,1547.76,421.12,176.61,381.48,0.6736,-1,-1,-1
16,5,730.82,453.83,38.24,123.19,0.4912,-1,-1,-1
17,1,1459.17,420.87,130.49,381.46,0.3621,-1,-1,-1
17,2,583.36,445.38,93.02,267.33,0.7651,-1,-1,-1
17,3,446.20,442.69,116.11,284.57,0.6592,-1,-1,-1
17,4,1556.52,421.00,186.36,385.26,0.7725,-1,-1,-1
17,5,729.60,454.80,37.61,121.53,0.4490,-1,-1,-1
18,1,1459.41,420.77,181.47,388.49,0.6842,-1,-1,-1
18,2,583.57,445.03,93.03,268.37,0.7899,-1,-1,-1
18,3,448.04,442.93,114.06,284.70,0.7163,-1,-1,-1
18,4,1570.59,426.24,181.71,383.25,0.7104,-1,-1,-1
18,5,728.35,456.77,37.62,119.11,0.4403,-1,-1,-1
19,1,1460.58,414.75,173.92,390.52,0.4635,-1,-1,-1
19,2,584.19,445.12,94.18,269.28,0.7680,-1,-1,-1
19,3,450.17,444.56,112.75,284.63,0.7093,-1,-1,-1
19,4,1566.74,451.83,191.04,361.89,0.6827,-1,-1,-1
19,5,726.65,458.72,38.63,117.20,0.4066,-1,-1,-1
19,10,1254.69,435.91,35.23,108.07,0.4017,-1,-1,-1
20,1,1461.80,411.55,170.18,394.46,0.3685,-1,-1,-1
20,2,584.52,445.76,97.93,267.63,0.7784,-1,-1,-1
20,3,451.46,448.58,113.96,279.97,0.7096,-1,-1,-1
20,4,1587.30,456.99,186.30,349.83,0.6334,-1,-1,-1
20,5,725.54,455.29,39.73,119.39,0.4107,-1,-1,-1
20,10,1254.67,436.44,35.20,107.07,0.3274,-1,-1,-1
21,1,1462.11,412.44,225.10,403.65,0.7296,-1,-1,-1
21,2,584.76,444.49,101.32,269.10,0.7905,-1,-1,-1
21,3,452.42,448.08,112.85,279.29,0.6968,-1,-1,-1
21,4,1612.18,455.27,157.65,349.09,0.6551,-1,-1,-1
21,5,726.02,453.41,39.69,121.82,0.3837,-1,-1,-1
21,10,1252.94,439.35,35.45,101.99,0.3348,-1,-1,-1
22,1,1463.04,411.90,230.44,405.77,0.5303,-1,-1,-1
22,2,584.76,444.11,103.22,269.13,0.7777,-1,-1,-1
22,3,454.18,447.19,112.78,280.39,0.5985,-1,-1,-1
22,4,1627.28,436.51,152.28,364.57,0.7017,-1,-1,-1
22,5,723.11,458.49,42.83,114.82,0.3669,-1,-1,-1
22,10,1253.70,438.03,40.12,107.26,0.3674,-1,-1,-1
23,1,1469.33,411.59,201.03,395.16,0.4804,-1,-1,-1
23,2,583.89,443.84,105.30,269.03,0.7759,-1,-1,-1
23,3,461.34,446.36,109.96,281.49,0.6875,-1,-1,-1
23,4,1633.96,427.08,131.94,374.44,0.6266,-1,-1,-1
23,5,720.66,463.81,46.59,107.16,0.3627,-1,-1,-1
23,10,1251.88,440.20,38.49,103.29,0.3386,-1,-1,-1
24,1,1476.82,408.05,215.95,408.46,0.7031,-1,-1,-1
24,2,584.37,443.82,105.43,268.57,0.7549,-1,-1,-1
24,3,466.98,445.36,109.42,285.00,0.6837,-1,-1,-1
24,4,1644.15,421.24,123.08,378.30,0.6257,-1,-1,-1
24,5,721.17,461.88,48.43,107.94,0.4307,-1,-1,-1
24,10,1253.23,438.26,41.27,107.27,0.2963,-1,-1,-1
25,1,1485.01,406.77,216.62,411.69,0.6342,-1,-1,-1
25,2,585.07,443.72,105.18,268.73,0.7430,-1,-1,-1
25,3,467.31,444.75,111.18,288.30,0.6337,-1,-1,-1
25,4,1655.84,417.19,122.28,384.68,0.6673,-1,-1,-1
25,5,720.08,462.84,49.39,104.78,0.4016,-1,-1,-1
25,10,1251.26,441.32,37.05,101.91,0.3038,-1,-1,-1
26,1,1493.77,408.62,232.78,411.23,0.5964,-1,-1,-1
26,2,586.22,444.07,103.16,268.71,0.7240,-1,-1,-1
26,3,467.95,442.02,112.30,293.46,0.6589,-1,-1,-1
26,4,1662.62,419.52,115.18,381.94,0.6615,-1,-1,-1
26,5,719.82,463.28,50.28,104.27,0.4402,-1,-1,-1
26,10,1250.86,442.11,35.41,99.58,0.3018,-1,-1,-1
27,1,1508.76,410.33,223.86,411.79,0.5635,-1,-1,-1
27,2,587.87,443.58,100.81,269.92,0.7292,-1,-1,-1
27,3,469.25,443.48,112.17,290.52,0.6227,-1,-1,-1
27,4,1674.25,414.34,112.45,384.11,0.6650,-1,-1,-1
27,5,720.33,458.60,46.80,109.02,0.3561,-1,-1,-1
27,10,1250.85,442.29,34.53,98.38,0.2495,-1,-1,-1
28,1,1528.78,404.92,191.43,423.03,0.5832,-1,-1,-1
28,2,591.52,443.40,98.46,270.65,0.7386,-1,-1,-1
28,3,471.77,441.98,110.92,292.69,0.6029,-1,-1,-1
28,4,1682.87,411.13,114.24,385.20,0.6570,-1,-1,-1
28,5,720.52,460.51,48.61,107.83,0.3625,-1,-1,-1
28,10,1251.09,443.62,31.63,96.53,0.2581,-1,-1,-1
29,1,1547.16,396.58,170.85,432.80,0.7036,-1,-1,-1
29,2,593.72,443.53,97.30,270.66,0.7306,-1,-1,-1
29,3,474.25,442.05,110.08,292.10,0.5853,-1,-1,-1
29,4,1684.71,418.83,128.14,381.55,0.7149,-1,-1,-1
29,5,720.74,460.36,50.11,110.81,0.3508,-1,-1,-1
29,10,1251.07,443.91,30.46,97.09,0.2249,-1,-1,-1
29,11,1426.89,436.12,54.45,122.02,0.5404,-1,-1,-1
30,1,1573.87,391.90,153.01,437.42,0.7468,-1,-1,-1
30,2,595.21,443.48,97.13,271.24,0.7478,-1,-1,-1
30,3,476.46,442.16,109.45,292.15,0.6445,-1,-1,-1
30,4,1680.17,426.37,152.84,374.57,0.6400,-1,-1,-1
30,5,721.84,458.66,46.66,113.95,0.3650,-1,-1,-1
30,11,1432.21,433.19,49.30,124.57,0.5943,-1,-1,-1
31,1,1593.75,390.69,157.87,437.63,0.7351,-1,-1,-1
31,2,597.91,443.18,95.56,272.14,0.7512,-1,-1,-1
31,3,477.03,443.15,111.10,288.69,0.6516,-1,-1,-1
31,4,1694.81,418.87,182.53,387.23,0.6602,-1,-1,-1
31,5,721.70,457.55,45.03,117.84,0.4386,-1,-1,-1
31,11,1440.82,430.33,43.43,127.30,0.5750,-1,-1,-1
32,1,1605.69,393.88,164.16,441.32,0.7908,-1,-1,-1
32,2,599.78,443.07,94.94,272.79,0.7622,-1,-1,-1
32,3,478.55,444.25,110.58,288.73,0.6388,-1,-1,-1
32,4,1715.53,417.84,184.84,389.63,0.7327,-1,-1,-1
32,5,721.25,458.66,43.04,119.32,0.4235,-1,-1,-1
32,11,1446.78,430.69,40.00,126.58,0.5310,-1,-1,-1
33,1,1611.83,394.25,172.28,450.32,0.8078,-1,-1,-1
33,2,601.21,443.88,94.70,271.69,0.7664,-1,-1,-1
33,3,479.58,444.06,110.00,292.89,0.7042,-1,-1,-1
33,4,1730.95,414.39,185.25,396.80,0.6490,-1,-1,-1
33,5,720.11,458.80,42.60,119.04,0.3714,-1,-1,-1
33,11,1450.70,431.14,39.22,126.24,0.5778,-1,-1,-1
33,12,1079.68,451.70,54.15,144.18,0.3804,-1,-1,-1
34,1,1615.52,394.33,182.84,448.31,0.8033,-1,-1,-1
34,2,604.27,443.47,91.97,271.87,0.7619,-1,-1,-1
34,3,479.56,443.98,110.43,298.51,0.7296,-1,-1,-1
34,4,1742.41,447.09,181.05,369.01,0.3183,-1,-1,-1
34,5,718.15,457.12,42.41,120.69,0.3641,-1,-1,-1
34,11,1454.57,430.84,39.42,126.59,0.6023,-1,-1,-1
34,12,1079.13,447.40,54.16,148.03,0.2638,-1,-1,-1
35,1,1621.31,393.21,195.06,454.31,0.8495,-1,-1,-1
35,2,605.53,443.92,91.42,271.23,0.7724,-1,-1,-1
35,3,478.69,443.90,111.23,300.15,0.7405,-1,-1,-1
35,4,1758.33,431.10,166.07,394.61,0.4131,-1,-1,-1
35,5,718.63,458.38,41.21,119.48,0.3461,-1,-1,-1
35,11,1456.48,431.75,38.94,124.96,0.5701,-1,-1,-1
35,12,1078.47,449.90,52.71,145.97,0.2974,-1,-1,-1
36,1,1628.30,394.72,212.19,466.09,0.8187,-1,-1,-1
36,2,607.03,444.22,90.32,270.68,0.7726,-1,-1,-1
36,3,477.46,443.95,112.66,302.06,0.7074,-1,-1,-1
36,4,1765.60,420.09,158.18,403.23,0.5506,-1,-1,-1
36,5,716.56,457.04,42.74,120.08,0.3124,-1,-1,-1
36,11,1457.55,432.71,40.96,124.79,0.5762,-1,-1,-1
36,12,1078.71,450.05,51.84,145.91,0.3278,-1,-1,-1
37,1,1633.37,396.55,243.21,471.67,0.7919,-1,-1,-1
37,2,608.48,444.78,89.96,270.10,0.7702,-1,-1,-1
37,3,477.35,444.48,112.65,297.00,0.6661,-1,-1,-1
37,4,1774.41,419.95,148.97,401.85,0.6049,-1,-1,-1
37,5,716.56,454.60,42.84,122.96,0.3138,-1,-1,-1
37,11,1460.98,433.12,42.19,125.30,0.5477,-1,-1,-1
38,1,1634.50,400.66,252.95,473.64,0.8537,-1,-1,-1
38,2,608.97,444.22,90.33,271.05,0.7668,-1,-1,-1
38,3,477.56,444.68,113.93,291.47,0.6853,-1,-1,-1
38,4,1789.73,426.40,133.06,393.15,0.2764,-1,-1,-1
38,5,713.75,453.15,44.81,128.53,0.3081,-1,-1,-1
38,11,1463.02,432.30,43.45,126.02,0.6038,-1,-1,-1
39,1,1635.20,403.10,261.73,473.22,0.8708,-1,-1,-1
39,2,609.26,443.38,91.73,272.14,0.7796,-1,-1,-1
39,3,478.03,444.55,114.29,293.47,0.7068,-1,-1,-1
39,4,1808.85,429.30,112.61,380.69,0.5201,-1,-1,-1
39,5,715.63,452.69,43.42,126.70,0.2409,-1,-1,-1
39,11,1464.36,431.92,44.96,125.76,0.5844,-1,-1,-1
40,1,1635.39,404.13,270.55,474.25,0.8623,-1,-1,-1
40,2,610.00,443.64,91.69,272.32,0.7745,-1,-1,-1
40,3,477.32,445.53,116.26,295.05,0.6821,-1,-1,-1
40,4,1819.17,424.67,102.83,387.09,0.5969,-1,-1,-1
40,11,1466.10,432.83,46.67,124.12,0.5644,-1,-1,-1
40,13,1256.32,431.71,39.13,113.96,0.4412,-1,-1,-1
41,1,1639.29,401.84,280.39,482.11,0.8654,-1,-1,-1
41,2,612.03,443.58,91.77,272.71,0.7916,-1,-1,-1
41,3,478.71,446.86,114.48,295.08,0.6837,-1,-1,-1
41,4,1831.28,405.38,90.54,410.07,0.6855,-1,-1,-1
41,11,1466.19,434.01,50.22,121.71,0.5076,-1,-1,-1
41,13,1256.53,430.75,39.72,114.97,0.4799,-1,-1,-1
42,1,1644.54,401.29,276.90,480.71,0.8417,-1,-1,-1
42,2,613.66,443.00,90.66,272.31,0.7990,-1,-1,-1
42,3,476.18,447.35,117.36,301.01,0.6609,-1,-1,-1
42,4,1841.99,395.15,79.29,422.50,0.6501,-1,-1,-1
42,11,1467.83,434.51,50.71,121.05,0.5557,-1,-1,-1
42,13,1256.57,430.09,40.53,115.54,0.4900,-1,-1,-1
43,1,1653.74,402.86,269.17,480.93,0.8502,-1,-1,-1
43,2,615.27,443.33,89.96,271.82,0.7887,-1,-1,-1
43,3,470.08,446.09,121.87,306.45,0.6242,-1,-1,-1
43,4,1852.08,393.45,68.72,425.85,0.5924,-1,-1,-1
43,11,1469.62,433.55,51.58,121.75,0.5798,-1,-1,-1
43,13,1256.87,426.96,42.09,118.45,0.4709,-1,-1,-1
44,1,1664.85,396.14,255.65,485.22,0.8460,-1,-1,-1
44,2,615.60,443.57,90.59,271.41,0.7992,-1,-1,-1
44,3,468.94,446.12,123.81,312.20,0.6488,-1,-1,-1
44,4,1863.60,410.07,56.75,405.79,0.4912,-1,-1,-1
44,11,1472.61,434.90,50.11,120.65,0.5325,-1,-1,-1
44,13,1256.88,426.59,42.05,118.96,0.4573,-1,-1,-1
44,12,1082.55,450.11,49.82,148.23,0.3548,-1,-1,-1
45,1,1684.65,394.14,232.49,485.23,0.7946,-1,-1,-1
45,2,616.58,443.10,90.95,271.53,0.7777,-1,-1,-1
45,3,468.00,444.23,123.66,314.78,0.6361,-1,-1,-1
45,4,1870.45,420.22,49.59,395.11,0.3516,-1,-1,-1
45,11,1477.76,433.98,44.45,121.28,0.4936,-1,-1,-1
45,13,1257.59,425.81,42.16,119.66,0.4571,-1,-1,-1
45,12,1081.64,449.42,50.78,148.84,0.3824,-1,-1,-1
45,5,699.56,454.34,55.52,200.76,0.3516,-1,-1,-1
46,1,1708.35,392.28,211.88,487.43,0.6316,-1,-1,-1
46,2,617.21,442.37,93.09,272.41,0.7590,-1,-1,-1
46,3,466.40,444.77,125.95,318.05,0.6333,-1,-1,-1
46,4,1877.81,401.95,42.06,427.84,0.3972,-1,-1,-1
46,11,1483.51,434.98,37.77,119.87,0.5213,-1,-1,-1
46,13,1258.25,424.11,42.29,121.40,0.4619,-1,-1,-1
46,12,1081.51,449.03,50.58,148.21,0.3027,-1,-1,-1
46,5,696.67,451.82,58.24,209.37,0.2507,-1,-1,-1
47,1,1757.69,387.17,162.05,493.69,0.7066,-1,-1,-1
47,2,617.18,441.74,93.12,272.76,0.7759,-1,-1,-1
47,3,464.72,444.43,127.63,320.14,0.6300,-1,-1,-1
47,11,1488.23,432.57,34.35,120.73,0.5145,-1,-1,-1
47,13,1258.68,423.89,43.00,121.33,0.4918,-1,-1,-1
47,12,1080.59,449.93,51.36,146.64,0.2794,-1,-1,-1
47,5,696.05,454.05,57.99,209.32,0.5483,-1,-1,-1
48,1,1775.46,386.08,145.07,492.03,0.7901,-1,-1,-1
48,2,618.45,441.27,93.55,272.59,0.7451,-1,-1,-1
48,3,468.21,443.92,123.52,319.41,0.6483,-1,-1,-1
48,11,1494.96,437.01,31.12,116.16,0.2995,-1,-1,-1
48,13,1259.08,425.98,41.42,119.13,0.4475,-1,-1,-1
48,12,1080.12,453.21,52.02,142.94,0.2937,-1,-1,-1
48,5,697.04,453.48,61.33,210.67,0.3837,-1,-1,-1
49,1,1795.77,385.21,125.37,492.85,0.8011,-1,-1,-1
49,2,619.10,441.22,94.11,272.06,0.7550,-1,-1,-1
49,3,470.64,444.21,120.56,318.48,0.6377,-1,-1,-1
49,13,1259.28,431.92,40.75,114.56,0.4591,-1,-1,-1
49,12,1079.74,458.20,52.11,137.62,0.2702,-1,-1,-1
49,5,697.55,454.49,63.30,210.41,0.4397,-1,-1,-1
50,1,1810.35,385.15,111.08,496.59,0.8414,-1,-1,-1
50,2,618.54,441.52,97.64,272.25,0.7558,-1,-1,-1
50,3,465.83,443.76,124.15,317.09,0.6201,-1,-1,-1
50,13,1259.59,436.46,39.50,110.49,0.4424,-1,-1,-1
50,12,1079.26,453.86,53.01,141.83,0.2755,-1,-1,-1
50,5,700.74,452.23,64.17,212.87,0.3788,-1,-1,-1
50,11,1499.40,437.26,37.57,118.46,0.3531,-1,-1,-1
51,1,1818.87,383.89,101.65,498.81,0.8292,-1,-1,-1
51,2,618.73,441.44,99.40,272.36,0.7624,-1,-1,-1
51,3,455.89,443.45,133.69,315.53,0.6077,-1,-1,-1
51,13,1259.72,435.63,39.43,111.44,0.4806,-1,-1,-1
51,12,1078.40,453.53,54.22,141.85,0.2875,-1,-1,-1
51,5,701.19,456.03,65.99,209.30,0.3372,-1,-1,-1
51,14,582.18,439.57,50.11,145.37,0.3440,-1,-1,-1
51,11,1500.87,438.16,41.24,116.89,0.4203,-1,-1,-1
52,1,1826.98,385.09,92.95,495.78,0.8110,-1,-1,-1
52,2,619.74,442.28,99.15,271.65,0.7496,-1,-1,-1
52,3,463.43,444.44,127.25,315.23,0.6587,-1,-1,-1
52,13,1259.66,433.41,38.63,112.74,0.4707,-1,-1,-1
52,12,1079.44,453.04,53.16,142.10,0.3611,-1,-1,-1
52,5,701.29,456.49,68.60,208.75,0.3027,-1,-1,-1
52,14,587.32,444.05,46.73,140.40,0.3516,-1,-1,-1
52,11,1501.67,437.19,45.14,118.24,0.4083,-1,-1,-1
53,1,1829.21,383.94,90.76,499.88,0.7788,-1,-1,-1
53,2,620.78,443.17,97.41,270.47,0.7480,-1,-1,-1
53,3,463.75,445.78,127.58,313.05,0.6524,-1,-1,-1
53,13,1259.52,431.30,40.06,114.68,0.5281,-1,-1,-1
53,12,1081.19,451.96,51.75,142.55,0.2594,-1,-1,-1
53,5,696.01,455.23,70.14,209.08,0.4778,-1,-1,-1
53,14,590.65,448.70,44.49,135.75,0.3014,-1,-1,-1
53,11,1501.31,434.48,50.64,120.69,0.3679,-1,-1,-1
53,15,1523.69,434.39,37.15,117.81,0.3647,-1,-1,-1
54,1,1825.92,388.59,94.42,497.82,0.7340,-1,-1,-1
54,2,622.84,442.75,96.50,271.82,0.7378,-1,-1,-1
54,3,466.58,445.89,125.36,313.99,0.6934,-1,-1,-1
54,13,1259.48,430.63,40.16,114.98,0.5062,-1,-1,-1
54,12,1081.83,453.87,50.53,140.37,0.2674,-1,-1,-1
54,5,693.98,453.53,77.23,210.36,0.3704,-1,-1,-1
54,14,589.82,448.52,45.52,135.93,0.2937,-1,-1,-1
54,11,1501.30,440.54,52.36,114.49,0.2751,-1,-1,-1
54,15,1526.67,441.32,35.49,111.84,0.4724,-1,-1,-1
55,1,1825.74,411.11,94.72,476.56,0.7186,-1,-1,-1
55,2,623.55,442.22,93.61,272.68,0.7445,-1,-1,-1
55,3,469.24,445.29,122.22,315.02,0.7044,-1,-1,-1
55,13,1259.65,429.84,40.25,116.01,0.5003,-1,-1,-1
55,12,1082.03,454.25,50.05,139.92,0.2877,-1,-1,-1
55,5,692.92,455.11,76.63,208.93,0.3834,-1,-1,-1
55,14,587.48,449.15,47.58,134.99,0.3505,-1,-1,-1
55,11,1500.71,438.52,53.15,115.58,0.3275,-1,-1,-1
55,15,1529.57,438.30,36.59,114.43,0.4750,-1,-1,-1
56,1,1827.26,429.01,92.76,458.58,0.5920,-1,-1,-1
56,2,623.81,441.68,92.79,273.31,0.7332,-1,-1,-1
56,3,471.56,445.41,119.83,314.44,0.7120,-1,-1,-1
56,13,1259.91,427.28,40.47,118.28,0.5101,-1,-1,-1
56,12,1082.27,455.17,50.10,139.33,0.3260,-1,-1,-1
56,5,694.20,455.67,71.09,208.03,0.4716,-1,-1,-1
56,14,585.76,447.00,49.32,136.79,0.3657,-1,-1,-1
56,11,1500.23,440.27,48.46,112.91,0.2928,-1,-1,-1
56,15,1531.62,441.40,35.09,111.12,0.4982,-1,-1,-1
57,1,1829.65,407.69,90.18,479.77,0.3802,-1,-1,-1
57,2,623.92,442.33,91.26,272.95,0.7314,-1,-1,-1
57,3,470.92,446.68,120.89,313.11,0.6684,-1,-1,-1
57,13,1260.20,430.62,39.97,114.60,0.5174,-1,-1,-1
57,12,1083.08,455.93,49.16,138.47,0.2474,-1,-1,-1
57,5,694.34,455.56,70.01,210.12,0.5811,-1,-1,-1
57,14,583.98,443.07,48.74,141.66,0.4221,-1,-1,-1
57,15,1533.46,438.57,35.22,113.54,0.4886,-1,-1,-1
58,1,1831.36,429.29,88.44,457.71,0.3332,-1,-1,-1
58,2,625.52,443.35,92.58,271.83,0.7338,-1,-1,-1
58,3,473.16,445.78,119.31,312.59,0.6648,-1,-1,-1
58,13,1260.54,432.26,40.42,113.08,0.5227,-1,-1,-1
58,12,1084.33,460.27,47.73,133.83,0.2561,-1,-1,-1
58,5,694.95,465.42,68.91,203.06,0.2263,-1,-1,-1
58,14,583.07,445.97,48.21,139.04,0.3949,-1,-1,-1
58,15,1534.25,436.34,34.10,115.85,0.4180,-1,-1,-1
59,1,1833.81,504.08,85.91,382.11,0.2093,-1,-1,-1
59,2,626.32,443.04,92.62,271.99,0.7174,-1,-1,-1
59,3,474.56,443.96,119.49,315.67,0.7117,-1,-1,-1
59,13,1260.30,432.65,42.19,112.61,0.5375,-1,-1,-1
59,12,1084.93,466.67,46.58,127.14,0.2044,-1,-1,-1
59,5,696.27,461.89,69.42,209.47,0.4747,-1,-1,-1
59,14,583.79,448.49,49.03,135.59,0.3649,-1,-1,-1
59,15,1536.75,434.71,32.93,118.29,0.3591,-1,-1,-1
60,2,625.84,443.15,92.93,274.05,0.7130,-1,-1,-1
60,3,473.58,442.16,125.02,318.32,0.7237,-1,-1,-1
60,13,1260.03,434.45,42.38,111.31,0.5483,-1,-1,-1
60,12,1084.74,464.83,46.62,129.04,0.2501,-1,-1,-1
60,5,697.32,457.75,68.93,214.79,0.5755,-1,-1,-1
60,14,584.00,450.20,49.79,133.71,0.3241,-1,-1,-1
60,15,1537.57,429.89,33.12,122.21,0.2519,-1,-1,-1
61,2,624.95,443.62,93.56,276.43,0.7078,-1,-1,-1
61,3,473.79,443.15,131.52,316.81,0.6855,-1,-1,-1
61,13,1259.66,429.99,42.56,115.79,0.5334,-1,-1,-1
61,12,1084.15,456.76,47.82,137.70,0.3029,-1,-1,-1
61,5,698.70,456.46,68.24,216.89,0.5453,-1,-1,-1
61,14,584.50,454.28,46.87,130.37,0.2853,-1,-1,-1
61,15,1543.46,431.06,33.38,118.12,0.2594,-1,-1,-1
62,2,624.18,444.47,91.65,275.78,0.7229,-1,-1,-1
62,3,478.19,442.93,134.76,318.20,0.7252,-1,-1,-1
62,13,1259.50,430.22,41.43,115.24,0.5513,-1,-1,-1
62,5,698.77,454.72,67.65,218.99,0.6206,-1,-1,-1
62,14,587.07,456.99,45.27,127.89,0.2777,-1,-1,-1
62,15,1547.34,437.05,32.82,111.94,0.2699,-1,-1,-1
63,2,622.32,444.95,90.96,275.79,0.7393,-1,-1,-1
63,3,479.19,441.15,138.14,319.69,0.7254,-1,-1,-1
63,13,1259.61,431.05,40.72,113.93,0.5326,-1,-1,-1
63,5,697.32,457.30,69.30,216.02,0.6619,-1,-1,-1
63,14,584.71,456.42,46.28,128.74,0.2189,-1,-1,-1
64,2,620.07,444.59,92.46,277.56,0.7435,-1,-1,-1
64,3,483.01,441.86,139.05,318.90,0.7209,-1,-1,-1
64,13,1259.41,433.17,40.25,111.19,0.5245,-1,-1,-1
64,5,696.95,453.54,69.64,220.58,0.6381,-1,-1,-1
65,2,619.45,446.60,92.34,276.68,0.7433,-1,-1,-1
65,3,491.99,444.45,134.71,316.95,0.7895,-1,-1,-1
65,13,1259.16,437.31,40.23,107.19,0.5287,-1,-1,-1
65,5,696.19,450.85,69.33,225.29,0.6805,-1,-1,-1
66,2,620.16,447.73,91.26,276.06,0.7596,-1,-1,-1
66,3,495.02,446.54,138.31,317.03,0.7294,-1,-1,-1
66,13,1259.01,438.85,40.37,105.80,0.5296,-1,-1,-1
66,5,697.45,452.36,69.15,224.22,0.6783,-1,-1,-1
67,2,619.45,447.44,92.21,275.47,0.7468,-1,-1,-1
67,3,490.02,447.15,146.48,320.75,0.6447,-1,-1,-1
67,13,1259.86,440.90,39.07,103.48,0.5144,-1,-1,-1
67,5,698.00,453.22,70.66,224.34,0.6751,-1,-1,-1
67,15,1544.07,423.30,40.17,127.59,0.4051,-1,-1,-1
68,2,617.06,446.68,95.12,275.49,0.7349,-1,-1,-1
68,3,488.57,448.52,150.61,318.50,0.6443,-1,-1,-1
68,13,1259.97,437.48,39.31,107.05,0.4910,-1,-1,-1
68,5,699.29,454.82,71.12,221.84,0.6770,-1,-1,-1
68,15,1544.30,427.67,40.09,123.81,0.3744,-1,-1,-1
68,11,1543.27,430.90,39.87,120.80,0.3744,-1,-1,-1
69,2,614.97,446.88,96.95,275.30,0.7572,-1,-1,-1
69,3,488.85,446.91,153.42,320.48,0.6180,-1,-1,-1
69,13,1259.92,437.10,39.20,107.33,0.5129,-1,-1,-1
69,5,698.16,455.99,72.30,221.45,0.6663,-1,-1,-1
69,15,1542.85,422.40,42.98,129.43,0.4742,-1,-1,-1
69,11,1542.82,423.47,42.95,128.36,0.4742,-1,-1,-1
70,2,612.11,446.18,99.59,275.20,0.7603,-1,-1,-1
70,3,491.58,444.31,150.57,322.12,0.7275,-1,-1,-1
70,13,1259.76,437.70,39.16,106.76,0.5126,-1,-1,-1
70,5,698.23,457.25,72.02,220.76,0.6308,-1,-1,-1
70,15,1542.73,420.32,45.58,132.17,0.5873,-1,-1,-1
70,11,1543.44,420.76,45.28,131.65,0.5873,-1,-1,-1
71,2,611.13,445.77,100.03,276.08,0.7687,-1,-1,-1
71,3,495.99,443.36,147.41,323.63,0.7339,-1,-1,-1
71,13,1259.66,437.32,39.22,107.17,0.5170,-1,-1,-1
71,5,698.51,458.49,69.53,220.28,0.5870,-1,-1,-1
71,15,1542.55,420.06,47.13,132.81,0.5761,-1,-1,-1
71,11,1543.46,420.24,46.72,132.51,0.5761,-1,-1,-1
72,2,611.82,444.79,98.39,277.17,0.7657,-1,-1,-1
72,3,498.22,443.79,145.69,323.45,0.7415,-1,-1,-1
72,13,1259.68,432.06,39.97,112.41,0.5145,-1,-1,-1
72,5,698.90,458.48,70.27,221.26,0.5845,-1,-1,-1
72,15,1542.76,420.08,46.74,132.64,0.5699,-1,-1,-1
72,11,1543.67,420.15,46.26,132.45,0.5699,-1,-1,-1
73,2,614.26,443.89,96.34,278.05,0.7677,-1,-1,-1
73,3,501.96,444.42,142.11,323.51,0.7757,-1,-1,-1
73,13,1259.79,431.19,40.24,113.03,0.5072,-1,-1,-1
73,5,700.05,458.43,70.86,220.75,0.6001,-1,-1,-1
73,15,1544.92,419.08,44.98,133.22,0.5325,-1,-1,-1
73,11,1545.80,419.12,44.48,133.08,0.5325,-1,-1,-1
74,2,617.62,442.85,92.90,280.14,0.7755,-1,-1,-1
74,3,506.02,444.18,139.98,326.30,0.7381,-1,-1,-1
74,13,1260.18,429.01,40.51,115.53,0.5174,-1,-1,-1
74,5,701.51,455.82,74.79,222.33,0.5742,-1,-1,-1
75,2,619.64,441.00,89.45,282.47,0.7708,-1,-1,-1
75,3,507.15,442.68,138.93,326.35,0.7341,-1,-1,-1
75,13,1259.72,428.28,40.95,116.78,0.5281,-1,-1,-1
75,5,702.27,454.92,75.91,221.99,0.6334,-1,-1,-1
76,2,621.73,441.36,87.22,282.10,0.7708,-1,-1,-1
76,3,512.40,445.36,132.23,321.82,0.7661,-1,-1,-1
76,13,1259.79,427.77,41.26,117.10,0.5211,-1,-1,-1
76,5,702.38,452.05,79.30,224.72,0.6649,-1,-1,-1
77,2,622.51,441.08,85.29,283.85,0.7673,-1,-1,-1
77,3,517.40,446.55,127.06,320.32,0.7639,-1,-1,-1
77,13,1259.86,427.58,41.28,117.19,0.5268,-1,-1,-1
77,5,701.70,448.31,82.90,228.37,0.6318,-1,-1,-1
78,2,626.61,441.40,81.61,281.91,0.7764,-1,-1,-1
78,3,517.09,445.68,126.85,321.62,0.7208,-1,-1,-1
78,13,1260.76,438.52,40.02,105.82,0.4767,-1,-1,-1
78,5,702.36,451.35,86.15,225.93,0.6618,-1,-1,-1
79,2,629.15,440.62,78.94,282.36,0.7685,-1,-1,-1
79,3,515.96,446.09,127.38,322.48,0.5524,-1,-1,-1
79,13,1260.90,438.84,40.44,105.51,0.4630,-1,-1,-1
79,5,703.81,455.60,90.95,221.53,0.6626,-1,-1,-1
80,2,630.26,439.69,79.27,283.82,0.7413,-1,-1,-1
80,3,511.60,445.75,133.43,324.76,0.5079,-1,-1,-1
80,13,1260.94,437.22,40.93,107.16,0.4882,-1,-1,-1
80,5,706.22,457.51,95.19,220.10,0.7266,-1,-1,-1
81,2,631.53,437.30,80.47,287.74,0.7148,-1,-1,-1
81,3,508.46,445.53,137.90,327.74,0.4912,-1,-1,-1
81,13,1260.95,435.38,41.16,108.97,0.4968,-1,-1,-1
81,5,707.62,458.28,98.57,220.27,0.7117,-1,-1,-1
82,2,632.55,438.58,79.75,288.28,0.6818,-1,-1,-1
82,3,540.86,446.90,105.71,331.05,0.5214,-1,-1,-1
82,13,1261.13,438.45,40.74,106.17,0.4999,-1,-1,-1
82,5,708.33,458.57,103.47,220.56,0.7304,-1,-1,-1
82,16,487.98,447.84,51.68,132.09,0.3794,-1,-1,-1
83,2,633.57,440.38,80.35,288.28,0.6488,-1,-1,-1
83,3,558.92,445.21,88.11,335.18,0.4476,-1,-1,-1
83,13,1261.64,435.29,41.30,109.57,0.4570,-1,-1,-1
83,5,710.41,458.27,104.92,222.18,0.7127,-1,-1,-1
83,16,489.39,448.18,50.07,128.00,0.3085,-1,-1,-1
83,17,501.79,450.89,100.46,302.62,0.5312,-1,-1,-1
84,2,633.18,441.88,85.25,288.34,0.5866,-1,-1,-1
84,3,565.50,443.08,83.47,338.70,0.5384,-1,-1,-1
84,13,1262.20,435.58,40.63,109.47,0.4269,-1,-1,-1
84,5,711.65,459.97,107.80,221.18,0.7029,-1,-1,-1
84,16,487.99,448.58,50.70,131.29,0.3262,-1,-1,-1
84,17,505.99,451.28,95.54,293.00,0.4677,-1,-1,-1
85,2,632.67,443.59,86.71,288.13,0.5711,-1,-1,-1
85,3,559.74,439.72,89.26,344.94,0.4766,-1,-1,-1
85,13,1262.98,439.01,39.85,105.86,0.3927,-1,-1,-1
85,5,716.57,458.75,104.49,223.63,0.7238,-1,-1,-1
85,16,487.17,448.15,52.64,133.39,0.3930,-1,-1,-1
85,17,509.86,451.81,93.32,299.03,0.4018,-1,-1,-1
86,2,636.10,443.60,86.46,287.97,0.5462,-1,-1,-1
86,3,555.06,440.44,91.15,343.88,0.3972,-1,-1,-1
86,13,1263.40,440.04,39.40,104.55,0.4198,-1,-1,-1
86,5,719.29,457.27,102.15,225.31,0.7348,-1,-1,-1
86,16,488.17,448.94,52.47,134.87,0.4013,-1,-1,-1
86,17,514.82,452.29,91.82,304.07,0.4534,-1,-1,-1
87,2,635.67,443.63,88.32,288.39,0.5317,-1,-1,-1
87,3,552.07,440.90,94.80,343.36,0.4052,-1,-1,-1
87,13,1262.86,434.39,39.53,109.76,0.4073,-1,-1,-1
87,5,720.37,456.39,101.71,225.43,0.7200,-1,-1,-1
87,16,488.19,450.56,51.07,134.15,0.3492,-1,-1,-1
87,17,515.23,452.54,93.42,307.64,0.4483,-1,-1,-1
88,2,636.49,446.03,92.34,286.56,0.5835,-1,-1,-1
88,3,555.13,441.07,93.85,342.74,0.4495,-1,-1,-1
88,13,1262.74,431.42,40.05,112.70,0.4246,-1,-1,-1
88,5,723.17,454.34,99.37,227.70,0.6863,-1,-1,-1
88,16,487.34,450.51,57.42,138.78,0.2511,-1,-1,-1
88,17,514.63,451.49,94.65,308.27,0.4863,-1,-1,-1
88,18,590.13,449.48,72.89,280.67,0.3931,-1,-1,-1
89,2,638.58,448.71,93.42,284.51,0.5884,-1,-1,-1
89,13,1262.58,431.11,40.61,113.34,0.4327,-1,-1,-1
89,5,724.58,452.09,99.03,230.18,0.7353,-1,-1,-1
89,16,486.13,450.72,54.94,136.85,0.2743,-1,-1,-1
89,17,511.47,450.64,95.77,307.27,0.5519,-1,-1,-1
89,18,588.72,450.15,74.04,280.23,0.4556,-1,-1,-1
90,2,641.72,446.60,90.58,286.20,0.6024,-1,-1,-1
90,13,1262.18,434.52,40.90,109.73,0.4305,-1,-1,-1
90,5,728.09,451.71,96.25,230.70,0.7267,-1,-1,-1
90,16,486.58,449.67,58.17,166.15,0.2488,-1,-1,-1
90,17,514.41,449.32,95.75,306.38,0.5639,-1,-1,-1
90,18,591.10,449.26,72.78,281.14,0.4335,-1,-1,-1
90,3,562.42,439.36,87.08,344.78,0.3944,-1,-1,-1
91,2,643.63,443.26,91.74,290.70,0.6817,-1,-1,-1
91,13,1261.69,436.93,39.08,108.50,0.3936,-1,-1,-1
91,5,731.60,453.38,93.23,229.07,0.6912,-1,-1,-1
91,16,486.98,450.79,54.40,149.66,0.2197,-1,-1,-1
91,17,513.41,449.18,97.24,301.11,0.6322,-1,-1,-1
91,18,584.65,447.06,79.89,284.34,0.5622,-1,-1,-1
91,3,576.89,444.14,83.51,304.73,0.5622,-1,-1,-1
91,12,1074.20,462.92,57.04,132.37,0.3910,-1,-1,-1
92,2,642.76,439.50,94.54,294.97,0.6776,-1,-1,-1
92,13,1260.67,436.57,39.66,109.06,0.4562,-1,-1,-1
92,5,732.83,453.98,93.16,228.19,0.6876,-1,-1,-1
92,16,487.14,450.75,53.15,141.80,0.2131,-1,-1,-1
92,17,512.05,448.22,98.52,302.04,0.6140,-1,-1,-1
92,18,582.90,445.67,82.00,286.24,0.4990,-1,-1,-1
92,3,582.00,445.24,82.17,290.81,0.4990,-1,-1,-1
92,12,1075.76,458.91,55.41,135.50,0.3443,-1,-1,-1
93,2,641.80,438.68,96.55,296.09,0.6738,-1,-1,-1
93,13,1260.35,436.05,39.79,109.61,0.4623,-1,-1,-1
93,5,735.28,456.51,91.97,225.29,0.7080,-1,-1,-1
93,17,511.96,447.86,99.03,302.69,0.6227,-1,-1,-1
93,18,583.59,445.54,81.34,286.43,0.4919,-1,-1,-1
93,3,584.95,445.90,80.41,285.81,0.4919,-1,-1,-1
93,12,1076.49,458.52,55.04,136.25,0.4072,-1,-1,-1
94,2,643.48,439.46,95.10,297.31,0.7238,-1,-1,-1
94,13,1260.25,436.89,39.98,108.88,0.4620,-1,-1,-1
94,5,737.89,454.85,91.31,226.89,0.7050,-1,-1,-1
94,17,515.32,448.41,95.43,302.77,0.5701,-1,-1,-1
94,18,588.45,446.05,75.92,287.40,0.4789,-1,-1,-1
94,3,572.63,438.18,82.70,337.07,0.4400,-1,-1,-1
94,12,1076.12,462.59,54.50,132.28,0.3342,-1,-1,-1
95,2,643.27,439.92,97.46,297.97,0.7417,-1,-1,-1
95,13,1258.71,435.89,41.67,110.19,0.5238,-1,-1,-1
95,5,740.09,452.97,90.16,229.73,0.6684,-1,-1,-1
95,17,513.28,448.22,96.85,302.35,0.5603,-1,-1,-1
95,18,587.53,446.29,77.15,283.74,0.4524,-1,-1,-1
95,3,563.41,435.06,87.61,356.09,0.4045,-1,-1,-1
96,2,642.64,440.88,98.33,297.45,0.7596,-1,-1,-1
96,13,1258.14,435.15,41.73,111.26,0.4773,-1,-1,-1
96,5,744.07,454.43,87.69,228.72,0.6825,-1,-1,-1
96,17,510.50,447.07,97.90,303.72,0.5011,-1,-1,-1
96,18,587.05,446.36,78.19,280.80,0.4060,-1,-1,-1
96,3,552.23,438.81,102.67,359.24,0.3818,-1,-1,-1
97,2,644.27,441.36,98.11,296.87,0.7522,-1,-1,-1
97,13,1257.99,433.44,41.39,112.69,0.4493,-1,-1,-1
97,5,747.15,455.74,87.62,229.19,0.6977,-1,-1,-1
97,17,509.26,446.56,98.97,303.67,0.5032,-1,-1,-1
97,18,586.10,446.28,78.72,281.02,0.3897,-1,-1,-1
97,3,536.76,444.05,119.91,349.96,0.3689,-1,-1,-1
98,2,645.99,442.31,98.80,296.15,0.7793,-1,-1,-1
98,13,1257.53,436.66,42.01,109.79,0.5484,-1,-1,-1
98,5,751.01,457.41,87.42,228.60,0.7156,-1,-1,-1
98,17,506.53,446.47,100.48,304.65,0.5049,-1,-1,-1
98,18,563.63,442.37,102.27,333.08,0.5220,-1,-1,-1
98,3,545.37,441.89,117.42,356.55,0.5220,-1,-1,-1
99,2,647.23,442.61,99.43,295.88,0.7609,-1,-1,-1
99,13,1257.78,439.37,41.10,107.15,0.5305,-1,-1,-1
99,5,751.55,456.64,89.07,229.70,0.7762,-1,-1,-1
99,17,502.25,444.69,104.98,305.11,0.5341,-1,-1,-1
99,18,562.16,442.72,104.01,349.91,0.5671,-1,-1,-1
99,3,556.26,442.88,109.03,357.22,0.5671,-1,-1,-1
100,2,648.28,442.12,101.02,296.91,0.6839,-1,-1,-1
100,13,1257.89,441.12,40.52,105.63,0.5532,-1,-1,-1
100,5,753.67,454.50,87.00,231.76,0.7638,-1,-1,-1
100,17,498.53,441.26,105.28,304.31,0.5651,-1,-1,-1
100,18,566.93,443.55,100.40,354.81,0.5902,-1,-1,-1
100,3,566.06,443.92,101.27,355.50,0.5902,-1,-1,-1
101,2,648.39,442.48,104.24,296.90,0.7110,-1,-1,-1
101,13,1257.80,441.74,39.76,105.00,0.5544,-1,-1,-1
101,5,755.11,455.58,85.39,232.16,0.7579,-1,-1,-1
101,17,496.56,442.27,108.53,305.28,0.5478,-1,-1,-1
101,18,561.95,442.34,106.92,360.39,0.6094,-1,-1,-1
101,3,562.45,442.70,106.74,358.78,0.6094,-1,-1,-1
102,2,650.09,441.88,103.36,294.46,0.7176,-1,-1,-1
102,13,1256.91,440.99,37.79,105.94,0.5568,-1,-1,-1
102,5,754.82,456.58,87.61,231.11,0.7434,-1,-1,-1
102,17,497.21,441.14,104.28,305.50,0.5781,-1,-1,-1
102,18,563.46,443.39,105.75,361.23,0.6216,-1,-1,-1
102,3,564.60,443.77,105.00,358.85,0.6216,-1,-1,-1
103,2,650.95,440.88,105.64,294.55,0.7067,-1,-1,-1
103,13,1257.88,442.73,37.28,104.02,0.4840,-1,-1,-1
103,5,754.51,457.06,87.57,228.74,0.7249,-1,-1,-1
103,17,498.21,443.30,101.28,302.54,0.5504,-1,-1,-1
103,18,564.69,443.86,106.50,361.33,0.5750,-1,-1,-1
103,3,565.95,444.20,105.65,358.85,0.5750,-1,-1,-1
104,2,653.57,440.52,105.55,295.64,0.7207,-1,-1,-1
104,13,1256.79,442.55,36.66,104.79,0.4851,-1,-1,-1
104,5,755.40,457.77,87.37,229.45,0.7326,-1,-1,-1
104,17,498.81,444.69,106.08,305.48,0.3818,-1,-1,-1
104,18,551.67,440.44,120.86,364.73,0.6637,-1,-1,-1
104,3,552.69,440.71,120.23,362.41,0.6637,-1,-1,-1
105,2,655.40,439.97,105.74,297.30,0.7537,-1,-1,-1
105,13,1256.71,442.86,36.63,104.58,0.4584,-1,-1,-1
105,5,758.61,459.30,85.62,231.75,0.7589,-1,-1,-1
105,17,500.67,445.93,105.99,306.33,0.2082,-1,-1,-1
105,18,540.47,437.66,133.28,366.20,0.7287,-1,-1,-1
105,3,541.44,437.89,132.70,364.07,0.7287,-1,-1,-1
106,2,656.88,441.24,105.94,295.40,0.7510,-1,-1,-1
106,13,1255.57,442.40,38.18,105.76,0.4392,-1,-1,-1
106,5,760.07,459.04,85.42,233.72,0.7375,-1,-1,-1
106,17,500.92,444.21,106.25,308.41,0.2752,-1,-1,-1
106,18,534.81,437.97,140.32,365.93,0.6723,-1,-1,-1
106,3,535.74,438.19,139.75,364.00,0.6723,-1,-1,-1
107,2,658.19,441.22,108.78,295.29,0.7627,-1,-1,-1
107,13,1255.83,444.74,34.20,101.88,0.3546,-1,-1,-1
107,5,761.83,459.56,85.11,235.28,0.7348,-1,-1,-1
107,17,501.70,446.46,107.01,306.61,0.2599,-1,-1,-1
107,18,532.91,438.30,144.63,364.94,0.6669,-1,-1,-1
107,3,533.79,438.50,144.09,363.21,0.6669,-1,-1,-1
108,2,659.95,439.29,107.10,296.33,0.7573,-1,-1,-1
108,13,1257.29,445.15,35.85,102.97,0.2839,-1,-1,-1
108,5,761.22,455.87,87.32,242.04,0.7147,-1,-1,-1
108,17,502.19,447.61,107.69,306.80,0.2166,-1,-1,-1
108,18,535.89,437.16,143.98,367.86,0.6901,-1,-1,-1
108,3,536.71,437.33,143.46,366.34,0.6901,-1,-1,-1
109,2,660.83,438.54,108.36,298.23,0.7368,-1,-1,-1
109,13,1256.01,447.57,32.46,99.30,0.2311,-1,-1,-1
109,5,762.06,455.26,87.66,243.55,0.6723,-1,-1,-1
109,17,503.85,460.37,93.66,289.78,0.2209,-1,-1,-1
109,18,538.26,436.99,145.06,369.07,0.6967,-1,-1,-1
109,3,539.01,437.14,144.59,367.71,0.6967,-1,-1,-1
110,2,662.16,437.91,105.46,301.05,0.7533,-1,-1,-1
110,13,1250.75,444.74,33.91,101.28,0.2949,-1,-1,-1
110,5,761.22,456.74,88.97,242.58,0.7078,-1,-1,-1
110,17,504.50,459.98,88.90,288.84,0.2868,-1,-1,-1
110,18,539.33,437.68,146.08,368.99,0.6865,-1,-1,-1
110,3,540.00,437.82,145.65,367.78,0.6865,-1,-1,-1
111,2,662.87,437.86,106.64,305.19,0.7665,-1,-1,-1
111,13,1247.78,441.18,34.18,104.47,0.4359,-1,-1,-1
111,5,761.01,455.82,88.90,243.19,0.7136,-1,-1,-1
111,17,503.82,451.72,90.43,295.88,0.3633,-1,-1,-1
111,18,539.55,439.98,148.92,368.27,0.6627,-1,-1,-1
111,3,540.16,440.11,148.53,367.20,0.6627,-1,-1,-1
112,2,665.53,437.88,105.34,306.71,0.7778,-1,-1,-1
112,13,1244.97,439.99,36.33,106.01,0.4790,-1,-1,-1
112,5,761.48,452.86,88.33,246.82,0.7239,-1,-1,-1
112,17,505.55,450.26,86.43,297.07,0.2030,-1,-1,-1
112,18,539.89,437.56,148.35,369.61,0.6823,-1,-1,-1
112,3,540.44,437.66,147.99,368.68,0.6823,-1,-1,-1
113,2,666.89,437.84,105.93,311.98,0.7865,-1,-1,-1
113,13,1244.45,440.43,35.98,105.66,0.4759,-1,-1,-1
113,5,763.37,451.71,87.11,247.79,0.7145,-1,-1,-1
113,18,546.05,436.06,141.85,371.21,0.6974,-1,-1,-1
113,3,546.56,436.15,141.52,370.38,0.6974,-1,-1,-1
113,12,1075.93,441.61,56.94,155.50,0.3542,-1,-1,-1
114,2,668.68,438.88,103.56,314.76,0.7896,-1,-1,-1
114,13,1243.33,440.81,36.38,104.65,0.5742,-1,-1,-1
114,5,764.64,453.22,87.54,245.70,0.7038,-1,-1,-1
114,18,539.83,434.54,149.08,372.51,0.6819,-1,-1,-1
114,3,540.25,434.62,148.81,371.78,0.6819,-1,-1,-1
114,12,1077.43,440.74,56.15,155.75,0.3855,-1,-1,-1
115,2,670.01,438.90,101.55,314.41,0.7876,-1,-1,-1
115,13,1242.11,440.86,36.78,103.24,0.5539,-1,-1,-1
115,5,766.54,454.41,88.62,244.52,0.6932,-1,-1,-1
115,18,556.68,435.50,132.72,371.67,0.6534,-1,-1,-1
115,3,557.10,435.58,132.45,371.02,0.6534,-1,-1,-1
115,12,1080.49,439.73,54.87,155.70,0.3432,-1,-1,-1
116,2,672.37,438.88,98.24,312.50,0.7859,-1,-1,-1
116,13,1240.71,441.22,37.38,102.38,0.5972,-1,-1,-1
116,5,767.53,451.97,88.79,247.36,0.6741,-1,-1,-1
116,18,559.02,435.26,130.44,373.00,0.6315,-1,-1,-1
116,3,559.35,435.33,130.22,372.43,0.6315,-1,-1,-1
116,12,1082.50,441.31,53.21,154.07,0.4030,-1,-1,-1
117,2,672.79,439.89,98.45,312.03,0.7957,-1,-1,-1
117,13,1241.11,441.41,36.02,101.06,0.5705,-1,-1,-1
117,5,770.23,452.21,86.84,246.67,0.6475,-1,-1,-1
117,18,549.71,434.48,139.37,373.68,0.6798,-1,-1,-1
117,3,549.98,434.54,139.19,373.18,0.6798,-1,-1,-1
117,12,1082.68,442.48,52.72,152.00,0.4229,-1,-1,-1
118,2,674.66,440.13,94.95,313.77,0.7997,-1,-1,-1
118,13,1240.88,442.22,35.88,99.82,0.5431,-1,-1,-1
118,5,770.01,454.35,83.43,244.88,0.6588,-1,-1,-1
118,18,542.84,435.14,145.93,377.50,0.6855,-1,-1,-1
118,3,543.09,435.19,145.77,377.05,0.6855,-1,-1,-1
118,12,1082.51,440.78,53.55,154.45,0.4556,-1,-1,-1
119,2,675.27,440.60,94.51,317.97,0.8143,-1,-1,-1
119,13,1239.55,442.87,36.70,97.92,0.5297,-1,-1,-1
119,5,769.19,452.49,88.78,245.57,0.7129,-1,-1,-1
119,18,528.38,439.35,162.00,379.62,0.7320,-1,-1,-1
119,3,528.60,439.40,161.86,379.22,0.7320,-1,-1,-1
119,12,1083.03,443.09,53.17,151.64,0.4186,-1,-1,-1
120,2,677.24,441.32,94.31,319.55,0.8121,-1,-1,-1
120,13,1237.96,442.96,37.33,100.05,0.5368,-1,-1,-1
120,5,770.18,451.96,92.06,246.92,0.7126,-1,-1,-1
120,18,523.81,442.51,167.80,379.17,0.7669,-1,-1,-1
120,3,524.02,442.55,167.66,378.82,0.7669,-1,-1,-1
120,12,1082.70,444.27,52.86,150.55,0.3528,-1,-1,-1
121,2,678.58,441.28,93.81,320.75,0.8160,-1,-1,-1
121,13,1238.46,443.19,35.03,100.97,0.4967,-1,-1,-1
121,5,769.00,453.45,98.16,245.85,0.6842,-1,-1,-1
121,18,520.87,444.56,173.34,379.14,0.7726,-1,-1,-1
121,3,521.07,444.59,173.21,378.83,0.7726,-1,-1,-1
121,12,1082.91,445.41,52.66,149.76,0.3517,-1,-1,-1
122,2,680.54,440.42,95.30,320.80,0.8005,-1,-1,-1
122,13,1236.88,445.44,34.33,99.88,0.4614,-1,-1,-1
122,5,773.71,452.71,102.73,248.14,0.5891,-1,-1,-1
122,18,521.76,445.88,175.13,380.73,0.8126,-1,-1,-1
122,3,521.94,445.91,175.02,380.46,0.8126,-1,-1,-1
122,12,1083.89,449.04,51.59,145.93,0.3728,-1,-1,-1
123,2,683.05,439.51,93.89,322.82,0.8126,-1,-1,-1
123,13,1236.04,450.52,34.97,96.19,0.5370,-1,-1,-1
123,5,773.97,456.65,107.94,245.00,0.7215,-1,-1,-1
123,18,524.39,443.72,175.13,386.32,0.8010,-1,-1,-1
123,3,524.55,443.75,175.02,386.09,0.8010,-1,-1,-1
123,12,1084.53,448.58,50.72,146.25,0.3633,-1,-1,-1
124,2,684.76,438.55,92.94,325.17,0.8053,-1,-1,-1
124,13,1235.38,453.79,35.44,93.39,0.5573,-1,-1,-1
124,5,774.77,456.97,109.94,245.44,0.7237,-1,-1,-1
124,18,526.34,442.67,175.10,391.65,0.6884,-1,-1,-1
124,3,526.49,442.69,175.00,391.44,0.6884,-1,-1,-1
124,12,1085.78,449.11,49.45,144.94,0.3521,-1,-1,-1
125,2,685.28,437.76,92.36,327.07,0.8167,-1,-1,-1
125,13,1233.52,454.62,36.22,93.92,0.5473,-1,-1,-1
125,5,778.60,459.52,108.77,244.09,0.7426,-1,-1,-1
125,18,526.37,442.23,177.08,392.12,0.7680,-1,-1,-1
125,3,526.49,442.26,177.00,391.93,0.7680,-1,-1,-1
125,12,1083.51,453.81,49.96,140.14,0.3693,-1,-1,-1
126,2,685.55,437.73,94.23,327.41,0.8110,-1,-1,-1
126,13,1230.41,453.40,38.25,95.94,0.5453,-1,-1,-1
126,5,780.27,457.76,105.74,246.36,0.7283,-1,-1,-1
126,18,544.44,442.15,156.59,391.70,0.6425,-1,-1,-1
126,3,544.55,442.17,156.51,391.53,0.6425,-1,-1,-1
126,12,1082.43,456.65,49.00,137.49,0.3076,-1,-1,-1
127,2,684.81,437.98,96.65,328.24,0.8124,-1,-1,-1
127,13,1227.44,452.47,40.77,97.79,0.5222,-1,-1,-1
127,5,782.17,456.95,102.86,248.18,0.7183,-1,-1,-1
127,18,548.66,440.86,152.62,392.72,0.6705,-1,-1,-1
127,3,548.75,440.87,152.56,392.57,0.6705,-1,-1,-1
127,12,1081.17,458.31,49.82,136.11,0.3094,-1,-1,-1
128,2,684.80,437.70,101.08,329.04,0.8133,-1,-1,-1
128,13,1225.32,454.29,42.41,98.15,0.5054,-1,-1,-1
128,5,783.31,461.49,100.93,243.29,0.6858,-1,-1,-1
128,18,556.47,440.72,147.89,392.38,0.6727,-1,-1,-1
128,3,556.56,440.74,147.84,392.25,0.6727,-1,-1,-1
128,12,1079.72,459.21,52.42,135.52,0.3467,-1,-1,-1
129,2,683.51,437.71,103.44,328.85,0.8329,-1,-1,-1
129,13,1223.19,461.77,44.09,92.43,0.4227,-1,-1,-1
129,5,785.39,459.98,101.70,244.21,0.6779,-1,-1,-1
129,18,557.77,441.48,149.69,391.34,0.6806,-1,-1,-1
129,3,557.84,441.50,149.64,391.22,0.6806,-1,-1,-1
129,12,1082.69,458.52,51.47,136.91,0.3200,-1,-1,-1
130,2,682.38,437.51,105.14,329.00,0.8318,-1,-1,-1
130,13,1222.77,456.55,43.29,97.91,0.4338,-1,-1,-1
130,5,787.01,459.41,101.09,244.98,0.7441,-1,-1,-1
130,18,551.70,441.97,158.02,390.42,0.6637,-1,-1,-1
130,3,551.76,441.98,157.99,390.32,0.6637,-1,-1,-1
130,12,1081.22,460.65,52.39,134.58,0.3689,-1,-1,-1
131,2,682.15,437.05,104.88,330.41,0.8233,-1,-1,-1
131,13,1222.51,462.40,44.54,92.74,0.3965,-1,-1,-1
131,5,789.88,459.02,100.57,246.75,0.7645,-1,-1,-1
131,18,566.29,440.68,145.00,391.29,0.5514,-1,-1,-1
131,3,566.35,440.69,144.96,391.20,0.5514,-1,-1,-1
131,12,1084.24,458.72,51.30,136.66,0.3089,-1,-1,-1
132,2,683.63,436.15,102.99,331.49,0.8130,-1,-1,-1
132,13,1222.92,465.25,44.09,89.51,0.2660,-1,-1,-1
132,5,792.16,457.21,100.61,248.92,0.7883,-1,-1,-1
132,18,570.71,440.32,144.75,390.48,0.5695,-1,-1,-1
132,3,570.76,440.33,144.72,390.40,0.5695,-1,-1,-1
132,12,1084.87,457.66,52.82,137.81,0.2264,-1,-1,-1
133,2,684.19,435.69,102.33,331.87,0.8011,-1,-1,-1
133,13,1222.04,465.33,44.73,89.94,0.2901,-1,-1,-1
133,5,793.42,457.92,99.81,248.64,0.7894,-1,-1,-1
133,18,584.07,438.82,132.96,391.56,0.6251,-1,-1,-1
133,3,584.11,438.83,132.93,391.49,0.6251,-1,-1,-1
133,12,1083.26,459.15,51.17,136.31,0.2495,-1,-1,-1
134,2,685.20,434.51,102.98,333.04,0.7910,-1,-1,-1
134,13,1220.12,462.35,45.80,93.06,0.3004,-1,-1,-1
134,5,794.98,454.86,101.03,251.13,0.7736,-1,-1,-1
134,18,584.06,439.53,135.32,390.79,0.6258,-1,-1,-1
134,3,584.09,439.54,135.30,390.73,0.6258,-1,-1,-1
134,12,1081.84,455.89,53.42,139.72,0.2158,-1,-1,-1
135,2,685.38,433.08,104.25,333.26,0.7843,-1,-1,-1
135,5,793.44,451.86,103.33,254.69,0.7168,-1,-1,-1
135,18,580.76,439.90,140.35,391.48,0.6395,-1,-1,-1
135,3,580.78,439.91,140.33,391.43,0.6395,-1,-1,-1
135,12,1080.73,453.43,54.58,142.55,0.2058,-1,-1,-1
136,2,685.70,433.05,104.97,332.47,0.7736,-1,-1,-1
136,5,794.49,450.94,101.22,256.24,0.7076,-1,-1,-1
136,18,575.96,439.46,146.12,395.71,0.6528,-1,-1,-1
136,3,575.99,439.46,146.10,395.66,0.6528,-1,-1,-1
136,12,1088.05,448.94,53.64,146.30,0.2688,-1,-1,-1
136,21,489.88,457.56,40.93,112.96,0.3794,-1,-1,-1
137,2,691.83,433.61,103.03,329.98,0.7814,-1,-1,-1
137,5,796.81,452.40,98.39,255.66,0.7604,-1,-1,-1
137,18,586.17,437.39,135.64,408.56,0.6706,-1,-1,-1
137,3,586.20,437.39,135.62,408.52,0.6706,-1,-1,-1
137,12,1083.20,451.55,53.78,143.76,0.2132,-1,-1,-1
137,21,490.36,460.09,40.17,109.86,0.3784,-1,-1,-1
138,2,691.31,433.91,106.16,330.64,0.7633,-1,-1,-1
138,5,801.30,451.22,95.04,258.69,0.7546,-1,-1,-1
138,18,588.37,437.00,134.39,417.81,0.6511,-1,-1,-1
138,3,588.39,437.01,134.38,417.77,0.6511,-1,-1,-1
138,21,490.22,460.22,40.35,109.60,0.3529,-1,-1,-1
139,2,693.45,433.50,106.88,331.99,0.7558,-1,-1,-1
139,5,806.20,450.01,92.42,261.31,0.7277,-1,-1,-1
139,18,575.58,438.50,148.04,417.81,0.6132,-1,-1,-1
139,3,575.60,438.51,148.03,417.78,0.6132,-1,-1,-1
139,21,492.02,459.95,39.29,110.67,0.4723,-1,-1,-1
140,2,692.99,433.95,111.20,331.83,0.7593,-1,-1,-1
140,5,811.57,451.58,82.81,262.89,0.6999,-1,-1,-1
140,18,569.62,438.35,154.85,417.78,0.5624,-1,-1,-1
140,3,569.63,438.35,154.84,417.75,0.5624,-1,-1,-1
140,21,492.21,460.40,38.70,111.28,0.4322,-1,-1,-1
140,13,1216.73,450.74,35.18,102.58,0.3423,-1,-1,-1
141,2,692.58,433.13,114.66,334.06,0.7572,-1,-1,-1
141,5,815.37,451.61,82.41,262.42,0.6511,-1,-1,-1
141,18,563.31,438.39,160.74,419.10,0.5599,-1,-1,-1
141,3,563.32,438.39,160.73,419.07,0.5599,-1,-1,-1
141,21,491.78,459.67,39.60,112.08,0.3644,-1,-1,-1
141,13,1214.00,448.79,36.64,104.75,0.4120,-1,-1,-1
142,2,693.09,433.37,122.49,332.51,0.7616,-1,-1,-1
142,5,816.52,448.30,86.08,267.79,0.6419,-1,-1,-1
142,18,557.43,438.66,166.43,415.52,0.5182,-1,-1,-1
142,3,557.45,438.67,166.42,415.49,0.5182,-1,-1,-1
142,21,491.10,460.74,39.32,111.04,0.3084,-1,-1,-1
142,13,1211.54,447.99,36.93,104.93,0.4058,-1,-1,-1
143,2,694.49,435.36,127.46,330.75,0.7708,-1,-1,-1
143,5,818.11,447.63,85.67,268.01,0.6263,-1,-1,-1
143,18,571.72,435.58,150.83,427.26,0.5330,-1,-1,-1
143,3,571.73,435.58,150.82,427.24,0.5330,-1,-1,-1
143,21,484.91,464.27,42.09,106.85,0.2277,-1,-1,-1
143,13,1210.18,445.68,36.32,106.97,0.3848,-1,-1,-1
144,2,694.00,436.27,135.29,331.49,0.7511,-1,-1,-1
144,5,820.60,448.39,84.84,265.58,0.5451,-1,-1,-1
144,18,550.01,436.98,173.57,433.39,0.5171,-1,-1,-1
144,3,550.02,436.99,173.56,433.37,0.5171,-1,-1,-1
144,21,477.85,463.68,47.04,109.82,0.3226,-1,-1,-1
144,13,1208.01,444.05,35.21,109.33,0.3247,-1,-1,-1
145,2,694.01,437.87,141.23,330.71,0.7510,-1,-1,-1
145,5,823.44,453.28,82.83,258.81,0.5679,-1,-1,-1
145,18,543.36,437.08,180.05,439.52,0.6339,-1,-1,-1
145,3,543.37,437.08,180.04,439.51,0.6339,-1,-1,-1
145,21,476.41,468.76,48.40,105.46,0.3477,-1,-1,-1
145,13,1206.76,443.13,34.27,110.25,0.3653,-1,-1,-1
146,2,696.26,438.28,142.28,331.15,0.7431,-1,-1,-1
146,5,826.04,454.29,81.79,256.51,0.6558,-1,-1,-1
146,18,540.63,438.40,182.28,444.18,0.7284,-1,-1,-1
146,3,540.64,438.40,182.27,444.16,0.7284,-1,-1,-1
146,21,475.77,472.07,48.10,102.03,0.3684,-1,-1,-1
146,13,1206.55,443.31,33.43,108.19,0.4385,-1,-1,-1
146,22,877.75,434.05,79.58,247.42,0.3562,-1,-1,-1
147,2,699.77,437.93,139.77,333.60,0.7977,-1,-1,-1
147,5,827.67,456.85,81.49,253.49,0.6122,-1,-1,-1
147,18,540.12,439.89,181.69,448.06,0.7203,-1,-1,-1
147,3,540.13,439.89,181.69,448.05,0.7203,-1,-1,-1
147,21,474.82,470.08,48.04,103.37,0.3381,-1,-1,-1
147,13,1203.93,446.28,34.91,103.33,0.4764,-1,-1,-1
147,22,879.09,432.76,80.75,248.41,0.4335,-1,-1,-1
147,12,1081.55,459.68,49.68,135.10,0.3544,-1,-1,-1
148,2,701.93,437.67,137.95,333.56,0.7742,-1,-1,-1
148,5,828.46,456.90,83.27,254.11,0.6528,-1,-1,-1
148,18,539.16,440.52,182.49,451.71,0.7248,-1,-1,-1
148,3,539.17,440.52,182.48,451.70,0.7248,-1,-1,-1
148,21,474.52,470.93,47.39,102.72,0.3714,-1,-1,-1
148,13,1203.05,446.35,35.04,104.44,0.4493,-1,-1,-1
148,22,881.94,432.05,80.90,247.55,0.3687,-1,-1,-1
148,12,1082.03,458.36,49.54,136.24,0.3646,-1,-1,-1
149,2,705.70,437.52,134.47,336.12,0.8077,-1,-1,-1
149,5,830.35,456.42,83.49,253.45,0.6590,-1,-1,-1
149,18,541.70,439.30,176.45,455.25,0.7297,-1,-1,-1
149,3,541.71,439.30,176.45,455.24,0.7297,-1,-1,-1
149,21,474.06,469.97,46.86,103.07,0.2925,-1,-1,-1
149,13,1200.38,447.57,37.58,102.07,0.4542,-1,-1,-1
149,22,884.90,437.99,84.65,241.49,0.5618,-1,-1,-1
149,12,1080.07,459.46,49.16,135.52,0.3017,-1,-1,-1
150,2,709.24,436.51,130.58,338.18,0.8108,-1,-1,-1
150,5,831.64,452.82,84.91,257.14,0.6493,-1,-1,-1
150,18,543.96,437.54,174.45,458.40,0.7685,-1,-1,-1
150,3,543.96,437.54,174.45,458.39,0.7685,-1,-1,-1
150,21,472.19,470.85,44.46,102.07,0.3356,-1,-1,-1
150,13,1197.50,449.56,40.17,99.37,0.4435,-1,-1,-1
150,22,888.48,440.04,80.57,239.04,0.6121,-1,-1,-1
150,12,1079.77,459.04,49.57,135.36,0.3428,-1,-1,-1
151,2,713.08,436.54,128.32,339.73,0.8001,-1,-1,-1
151,5,831.15,449.87,88.06,261.64,0.6709,-1,-1,-1
151,18,543.55,438.17,172.03,458.04,0.7588,-1,-1,-1
151,3,543.56,438.17,172.03,458.03,0.7588,-1,-1,-1
151,21,470.90,472.10,43.79,101.02,0.3660,-1,-1,-1
151,13,1196.75,450.71,40.26,98.52,0.4641,-1,-1,-1
151,22,890.46,439.04,83.20,238.92,0.6622,-1,-1,-1
151,12,1079.64,457.08,50.69,136.90,0.3181,-1,-1,-1
152,2,714.85,436.14,121.42,339.81,0.8060,-1,-1,-1
152,5,830.90,446.23,89.09,270.13,0.7114,-1,-1,-1
152,18,543.67,438.27,174.61,458.93,0.7525,-1,-1,-1
152,3,543.67,438.27,174.61,458.93,0.7525,-1,-1,-1
152,13,1195.44,451.01,40.81,98.28,0.4823,-1,-1,-1
152,22,891.20,438.48,82.01,240.18,0.4475,-1,-1,-1
152,12,1079.83,456.63,51.06,137.07,0.2945,-1,-1,-1
153,2,715.50,435.39,122.85,341.37,0.8438,-1,-1,-1
153,5,831.37,445.45,89.19,271.39,0.7251,-1,-1,-1
153,18,539.78,437.71,167.89,458.27,0.7401,-1,-1,-1
153,3,539.78,437.71,167.89,458.27,0.7401,-1,-1,-1
153,13,1194.11,451.35,39.95,96.84,0.4857,-1,-1,-1
153,22,892.01,437.36,81.99,172.11,0.2303,-1,-1,-1
153,12,1079.02,453.30,51.58,140.51,0.3182,-1,-1,-1
154,2,717.30,435.47,122.53,341.10,0.8570,-1,-1,-1
154,5,832.48,448.60,87.43,274.36,0.6951,-1,-1,-1
154,18,537.61,433.69,164.88,461.93,0.7484,-1,-1,-1
154,3,537.61,433.69,164.88,461.93,0.7484,-1,-1,-1
154,13,1193.46,451.52,38.62,96.17,0.5308,-1,-1,-1
154,22,894.19,436.57,76.83,223.56,0.5453,-1,-1,-1
154,12,1077.17,453.69,52.34,139.70,0.2063,-1,-1,-1
155,2,719.27,436.21,123.15,340.70,0.8591,-1,-1,-1
155,5,833.48,448.23,87.10,278.12,0.6800,-1,-1,-1
155,18,533.05,433.54,167.86,462.91,0.7407,-1,-1,-1
155,3,533.06,433.54,167.86,462.91,0.7407,-1,-1,-1
155,13,1192.41,452.01,38.14,96.14,0.5440,-1,-1,-1
155,22,896.82,436.51,74.89,237.24,0.6248,-1,-1,-1
155,12,1076.61,456.01,52.05,137.33,0.2679,-1,-1,-1
156,2,721.86,434.40,121.68,341.96,0.8375,-1,-1,-1
156,5,834.33,445.68,88.44,282.47,0.6890,-1,-1,-1
156,18,531.48,434.12,165.80,462.48,0.7566,-1,-1,-1
156,3,531.48,434.12,165.80,462.47,0.7566,-1,-1,-1
156,13,1191.44,450.25,37.10,96.99,0.5352,-1,-1,-1
156,22,899.28,436.91,71.53,245.65,0.5887,-1,-1,-1
156,12,1077.09,457.13,51.29,136.12,0.2942,-1,-1,-1
157,2,723.08,433.67,125.35,342.20,0.8120,-1,-1,-1
157,5,837.33,444.78,87.94,282.78,0.6971,-1,-1,-1
157,18,529.54,434.48,166.06,462.83,0.7260,-1,-1,-1
157,3,529.54,434.49,166.06,462.83,0.7260,-1,-1,-1
157,13,1190.81,452.46,34.78,94.97,0.4864,-1,-1,-1
157,22,902.54,437.30,71.11,250.07,0.4404,-1,-1,-1
157,12,1076.82,458.20,51.85,135.24,0.2786,-1,-1,-1
157,24,660.63,439.38,85.48,340.79,0.4340,-1,-1,-1
158,2,725.89,433.23,128.42,341.60,0.7645,-1,-1,-1
158,5,841.14,444.63,90.13,284.22,0.7173,-1,-1,-1
158,18,529.85,432.52,168.01,464.89,0.7493,-1,-1,-1
158,3,529.85,432.52,168.00,464.88,0.7493,-1,-1,-1
158,13,1191.12,456.80,31.55,90.50,0.3836,-1,-1,-1
158,22,905.76,438.64,70.09,180.61,0.4431,-1,-1,-1
158,12,1076.97,458.63,52.61,135.31,0.2950,-1,-1,-1
158,24,664.16,438.42,82.35,343.19,0.5346,-1,-1,-1
159,2,730.83,434.69,128.89,339.58,0.7618,-1,-1,-1
159,5,843.83,444.80,87.63,285.52,0.7385,-1,-1,-1
159,18,524.52,431.65,174.42,464.99,0.7793,-1,-1,-1
159,3,524.52,431.65,174.41,464.98,0.7793,-1,-1,-1
159,13,1190.82,456.73,30.53,89.77,0.2542,-1,-1,-1
159,22,902.36,441.33,83.66,226.79,0.4187,-1,-1,-1
159,12,1078.31,458.51,50.59,135.24,0.3054,-1,-1,-1
159,24,667.16,437.47,82.45,345.09,0.5179,-1,-1,-1
160,2,736.77,431.86,122.07,343.03,0.7586,-1,-1,-1
160,5,845.62,446.62,86.10,282.90,0.7414,-1,-1,-1
160,18,525.86,432.18,171.70,462.94,0.7845,-1,-1,-1
160,3,525.86,432.18,171.70,462.94,0.7845,-1,-1,-1
160,22,909.95,440.14,74.91,174.89,0.3849,-1,-1,-1
160,12,1077.91,458.60,50.22,135.19,0.2995,-1,-1,-1
160,24,668.85,437.57,81.77,345.82,0.5327,-1,-1,-1
161,2,740.72,430.39,118.86,344.90,0.7790,-1,-1,-1
161,5,847.43,447.46,86.66,281.90,0.7504,-1,-1,-1
161,18,526.82,433.86,170.71,459.49,0.7810,-1,-1,-1
161,3,526.82,433.86,170.70,459.49,0.7810,-1,-1,-1
161,22,916.08,440.18,71.10,151.16,0.4001,-1,-1,-1
161,12,1077.86,459.14,49.89,134.15,0.3061,-1,-1,-1
161,24,668.99,439.43,82.78,347.21,0.6255,-1,-1,-1
162,2,743.96,429.71,116.83,347.72,0.7780,-1,-1,-1
162,5,848.92,448.66,88.40,282.11,0.7437,-1,-1,-1
162,18,525.72,433.16,176.40,460.07,0.7730,-1,-1,-1
162,3,525.72,433.16,176.39,460.07,0.7730,-1,-1,-1
162,22,917.87,441.30,77.02,142.53,0.3192,-1,-1,-1
162,12,1077.94,459.62,49.30,133.68,0.2256,-1,-1,-1
162,24,669.93,440.43,82.35,349.95,0.6215,-1,-1,-1
163,2,746.23,431.00,115.95,347.70,0.7899,-1,-1,-1
163,5,851.32,449.45,91.26,282.19,0.7397,-1,-1,-1
163,18,527.00,432.73,178.75,461.79,0.8001,-1,-1,-1
163,3,527.01,432.73,178.75,461.79,0.8001,-1,-1,-1
163,22,921.15,440.14,79.69,223.42,0.5744,-1,-1,-1
163,12,1078.77,460.20,48.30,132.90,0.2131,-1,-1,-1
163,24,670.99,440.62,81.35,358.04,0.5954,-1,-1,-1
163,13,1188.79,445.30,30.37,100.67,0.4380,-1,-1,-1
164,2,748.88,431.46,115.86,350.32,0.7862,-1,-1,-1
164,5,852.68,449.81,98.14,283.20,0.7083,-1,-1,-1
164,18,527.10,431.71,183.19,465.56,0.7892,-1,-1,-1
164,3,527.10,431.71,183.18,465.56,0.7892,-1,-1,-1
164,22,922.73,440.04,82.16,245.64,0.5586,-1,-1,-1
164,12,1079.81,461.21,47.68,131.62,0.2831,-1,-1,-1
164,24,671.72,439.45,83.34,362.11,0.5994,-1,-1,-1
164,26,1137.96,437.99,45.98,108.17,0.3955,-1,-1,-1
164,13,1187.31,443.55,31.33,101.81,0.5071,-1,-1,-1
165,2,749.87,430.78,116.08,352.29,0.7891,-1,-1,-1
165,5,854.96,450.58,107.67,282.72,0.6619,-1,-1,-1
165,18,528.07,431.29,187.20,468.27,0.8057,-1,-1,-1
165,3,528.07,431.29,187.20,468.26,0.8057,-1,-1,-1
165,22,922.32,439.16,85.43,258.55,0.5208,-1,-1,-1
165,12,1079.72,461.13,48.55,131.90,0.2437,-1,-1,-1
165,24,672.58,440.83,87.84,352.58,0.6939,-1,-1,-1
165,26,1143.40,442.62,39.86,102.37,0.2557,-1,-1,-1
165,13,1186.67,451.48,30.96,93.94,0.3329,-1,-1,-1
166,2,751.25,430.68,116.05,355.56,0.7907,-1,-1,-1
166,5,856.60,452.90,108.75,283.96,0.6404,-1,-1,-1
166,18,528.39,431.42,190.25,470.53,0.7936,-1,-1,-1
166,3,528.39,431.42,190.25,470.52,0.7936,-1,-1,-1
166,22,926.18,436.71,82.52,260.72,0.5080,-1,-1,-1
166,12,1079.64,458.55,49.36,134.81,0.2464,-1,-1,-1
166,24,673.37,441.69,90.76,351.56,0.7229,-1,-1,-1
166,26,1145.07,443.45,40.15,101.50,0.2400,-1,-1,-1
166,13,1186.34,455.25,31.33,90.39,0.2947,-1,-1,-1
167,2,751.55,431.04,116.21,356.46,0.7969,-1,-1,-1
167,5,859.39,451.08,120.69,283.65,0.7054,-1,-1,-1
167,18,529.70,432.21,194.49,471.36,0.8014,-1,-1,-1
167,3,529.70,432.21,194.49,471.36,0.8014,-1,-1,-1
167,22,930.89,436.31,78.35,257.10,0.5915,-1,-1,-1
167,12,1079.31,457.32,50.06,136.53,0.2493,-1,-1,-1
167,24,674.22,441.92,91.24,351.80,0.7097,-1,-1,-1
167,26,1146.04,443.53,39.92,102.30,0.2483,-1,-1,-1
167,13,1186.18,457.59,31.84,89.19,0.2278,-1,-1,-1
168,2,752.77,432.11,116.18,356.94,0.7933,-1,-1,-1
168,5,861.80,448.18,126.58,285.94,0.7510,-1,-1,-1
168,18,530.92,433.64,205.75,469.25,0.8077,-1,-1,-1
168,3,530.92,433.64,205.75,469.25,0.8077,-1,-1,-1
168,22,936.41,435.01,74.57,252.09,0.5951,-1,-1,-1
168,12,1078.96,457.62,50.11,135.96,0.2532,-1,-1,-1
168,24,674.61,442.38,91.15,353.56,0.7279,-1,-1,-1
168,26,1146.04,442.01,44.13,103.15,0.3472,-1,-1,-1
169,2,753.59,433.84,115.26,356.19,0.7999,-1,-1,-1
169,5,864.12,447.02,124.02,288.26,0.7802,-1,-1,-1
169,18,531.64,430.29,218.35,471.26,0.8084,-1,-1,-1
169,3,531.64,430.29,218.35,471.26,0.8084,-1,-1,-1
169,22,941.41,434.39,70.49,246.12,0.5911,-1,-1,-1
169,12,1078.83,456.51,49.94,137.47,0.2564,-1,-1,-1
169,24,675.74,442.60,90.66,354.81,0.7358,-1,-1,-1
169,26,1147.13,441.27,44.37,103.72,0.3554,-1,-1,-1
170,2,755.82,434.79,114.48,356.08,0.7811,-1,-1,-1
170,5,868.05,446.43,120.81,289.94,0.7984,-1,-1,-1
170,18,531.95,429.64,229.73,471.39,0.8297,-1,-1,-1
170,3,531.95,429.64,229.73,471.39,0.8297,-1,-1,-1
170,22,943.98,434.13,69.92,240.94,0.6178,-1,-1,-1
170,12,1078.49,456.21,50.36,137.60,0.2530,-1,-1,-1
170,24,677.48,442.46,88.91,356.08,0.7288,-1,-1,-1
170,26,1147.60,442.22,44.62,102.90,0.4361,-1,-1,-1
171,2,757.61,435.37,113.05,350.86,0.7895,-1,-1,-1
171,5,870.57,446.52,118.62,291.28,0.7923,-1,-1,-1
171,18,533.75,429.99,237.81,471.15,0.8572,-1,-1,-1
171,3,533.75,429.99,237.81,471.15,0.8572,-1,-1,-1
171,22,946.41,435.28,71.06,247.14,0.6681,-1,-1,-1
171,12,1079.25,454.74,49.76,138.66,0.2231,-1,-1,-1
171,24,678.13,442.36,89.67,359.63,0.7303,-1,-1,-1
171,26,1146.91,444.17,46.12,101.09,0.4403,-1,-1,-1
172,2,759.97,436.20,115.61,347.64,0.8125,-1,-1,-1
172,5,871.19,447.04,118.45,291.42,0.7950,-1,-1,-1
172,18,535.72,432.34,240.55,470.57,0.8475,-1,-1,-1
172,3,535.72,432.34,240.55,470.57,0.8475,-1,-1,-1
172,22,950.24,435.32,73.32,251.91,0.6843,-1,-1,-1
172,12,1079.73,454.36,49.56,139.56,0.2855,-1,-1,-1
172,24,679.85,444.27,86.46,358.15,0.7015,-1,-1,-1
172,26,1147.23,445.41,44.26,100.46,0.4059,-1,-1,-1
173,2,761.80,437.14,117.08,345.51,0.8191,-1,-1,-1
173,5,872.90,445.57,117.78,293.34,0.7876,-1,-1,-1
173,18,537.61,432.40,236.52,470.24,0.8567,-1,-1,-1
173,3,537.61,432.40,236.52,470.24,0.8567,-1,-1,-1
173,22,952.14,434.70,75.36,258.13,0.6618,-1,-1,-1
173,12,1083.88,454.66,46.31,140.18,0.3413,-1,-1,-1
173,24,681.21,446.10,88.33,352.65,0.6247,-1,-1,-1
173,26,1147.54,446.32,42.00,100.10,0.3467,-1,-1,-1
174,2,762.58,438.75,119.75,347.73,0.8228,-1,-1,-1
174,5,874.76,444.99,118.42,293.99,0.7877,-1,-1,-1
174,18,541.55,432.61,233.19,471.69,0.8521,-1,-1,-1
174,3,541.55,432.61,233.19,471.69,0.8521,-1,-1,-1
174,22,954.28,435.30,74.91,260.48,0.6316,-1,-1,-1
174,12,1084.54,455.14,46.41,140.34,0.4162,-1,-1,-1
174,24,685.55,449.57,85.46,349.72,0.4771,-1,-1,-1
174,26,1148.53,448.31,40.69,98.60,0.2836,-1,-1,-1
175,2,766.36,439.66,117.97,349.68,0.8433,-1,-1,-1
175,5,876.41,444.33,117.44,294.55,0.7927,-1,-1,-1
175,18,548.39,433.49,227.84,471.61,0.8353,-1,-1,-1
175,3,548.39,433.49,227.84,471.61,0.8353,-1,-1,-1
175,22,957.23,435.23,75.78,262.27,0.6018,-1,-1,-1
175,12,1084.84,455.87,45.85,139.90,0.3237,-1,-1,-1
175,24,693.69,464.02,80.44,338.25,0.2066,-1,-1,-1
175,26,1150.51,451.94,50.40,95.57,0.4229,-1,-1,-1
175,13,1152.34,453.44,54.02,94.23,0.4229,-1,-1,-1
176,2,768.03,441.18,116.16,354.25,0.8306,-1,-1,-1
176,5,877.95,443.89,115.72,294.70,0.7984,-1,-1,-1
176,18,556.56,433.14,219.39,474.16,0.7969,-1,-1,-1
176,3,556.56,433.14,219.39,474.16,0.7969,-1,-1,-1
176,22,960.22,434.75,79.68,261.55,0.5880,-1,-1,-1
176,12,1082.68,455.56,47.81,139.97,0.3484,-1,-1,-1
176,26,1152.95,455.17,52.14,91.44,0.4384,-1,-1,-1
176,13,1152.00,455.16,53.91,91.49,0.4384,-1,-1,-1
177,2,768.43,441.30,117.58,355.30,0.8227,-1,-1,-1
177,5,880.29,445.51,115.16,293.05,0.7896,-1,-1,-1
177,18,558.67,435.68,216.32,473.11,0.7982,-1,-1,-1
177,3,558.67,435.68,216.32,473.11,0.7982,-1,-1,-1
177,22,962.48,434.44,83.23,262.72,0.5193,-1,-1,-1
177,12,1083.54,454.88,46.83,140.34,0.2484,-1,-1,-1
177,26,1155.18,451.92,51.32,96.06,0.3968,-1,-1,-1
177,13,1153.34,451.53,52.22,96.44,0.3968,-1,-1,-1
178,2,772.43,440.88,113.47,356.13,0.8095,-1,-1,-1
178,5,885.76,446.92,110.83,290.87,0.7654,-1,-1,-1
178,18,561.44,434.22,214.36,474.56,0.8392,-1,-1,-1
178,3,561.44,434.22,214.36,474.56,0.8392,-1,-1,-1
178,22,963.53,433.32,90.08,266.00,0.4595,-1,-1,-1
178,12,1080.79,452.57,49.42,142.55,0.2775,-1,-1,-1
178,26,1155.26,448.60,47.81,98.48,0.4755,-1,-1,-1
178,13,1153.27,448.08,48.40,98.99,0.4755,-1,-1,-1
179,2,774.53,439.83,113.48,355.71,0.7901,-1,-1,-1
179,5,890.36,446.03,106.90,291.92,0.7732,-1,-1,-1
179,18,568.89,433.12,207.57,477.00,0.8621,-1,-1,-1
179,3,568.89,433.12,207.57,477.00,0.8621,-1,-1,-1
179,22,964.83,434.30,93.58,265.72,0.5241,-1,-1,-1
179,12,1078.37,453.79,50.33,140.86,0.2659,-1,-1,-1
179,26,1157.10,450.77,45.80,96.80,0.4626,-1,-1,-1
179,13,1155.19,450.18,46.26,97.38,0.4626,-1,-1,-1
180,2,777.09,438.62,116.93,357.36,0.7648,-1,-1,-1
180,5,895.47,445.37,101.48,292.81,0.7769,-1,-1,-1
180,18,575.82,431.07,200.99,479.01,0.8399,-1,-1,-1
180,3,575.82,431.07,200.99,479.01,0.8399,-1,-1,-1
180,22,968.66,434.21,101.66,263.95,0.4876,-1,-1,-1
180,12,1078.56,453.09,50.35,141.44,0.3251,-1,-1,-1
180,26,1157.89,450.32,42.00,97.64,0.4495,-1,-1,-1
180,13,1156.14,449.78,42.44,98.16,0.4495,-1,-1,-1
180,27,465.26,464.12,38.81,111.69,0.4749,-1,-1,-1
181,2,778.92,437.04,116.20,358.35,0.7562,-1,-1,-1
181,5,901.48,444.03,97.33,295.08,0.7278,-1,-1,-1
181,18,581.52,426.24,197.10,484.65,0.8644,-1,-1,-1
181,3,581.52,426.24,197.10,484.65,0.8644,-1,-1,-1
181,22,971.39,436.07,94.89,264.53,0.6200,-1,-1,-1
181,12,1078.51,447.59,51.47,148.54,0.3518,-1,-1,-1
181,26,1157.01,446.68,41.11,100.22,0.4798,-1,-1,-1
181,13,1155.54,446.23,41.47,100.67,0.4798,-1,-1,-1
181,27,466.54,467.03,37.34,107.68,0.3700,-1,-1,-1
181,28,571.39,449.10,58.85,110.75,0.4072,-1,-1,-1
182,2,781.02,435.82,116.34,362.63,0.7530,-1,-1,-1
182,5,910.20,445.22,91.32,296.35,0.7130,-1,-1,-1
182,18,583.95,424.51,197.63,486.30,0.8652,-1,-1,-1
182,3,583.95,424.51,197.63,486.30,0.8652,-1,-1,-1
182,22,976.23,435.28,91.02,268.27,0.6128,-1,-1,-1
182,12,1080.50,445.42,50.44,151.64,0.3734,-1,-1,-1
182,26,1157.56,446.62,38.78,100.15,0.5441,-1,-1,-1
182,13,1156.24,446.21,39.11,100.57,0.5441,-1,-1,-1
182,27,467.09,470.92,37.31,103.54,0.4223,-1,-1,-1
182,28,571.09,445.21,59.09,119.59,0.4493,-1,-1,-1
183,2,783.19,434.83,117.54,366.18,0.7697,-1,-1,-1
183,5,916.09,443.64,89.93,297.84,0.7466,-1,-1,-1
183,18,587.28,424.39,195.42,486.54,0.8583,-1,-1,-1
183,3,587.28,424.39,195.42,486.54,0.8583,-1,-1,-1
183,22,980.01,436.43,88.22,263.98,0.6251,-1,-1,-1
183,12,1081.97,444.77,49.31,152.43,0.3265,-1,-1,-1
183,26,1158.30,448.41,36.53,98.34,0.5407,-1,-1,-1
183,13,1157.18,448.03,36.83,98.73,0.5407,-1,-1,-1
183,27,466.77,472.46,38.51,102.67,0.3812,-1,-1,-1
183,28,570.57,446.94,60.11,129.65,0.4806,-1,-1,-1
184,2,784.42,434.05,118.34,367.80,0.7831,-1,-1,-1
184,5,922.91,441.93,87.11,299.32,0.7693,-1,-1,-1
184,18,591.16,425.18,192.52,485.38,0.8523,-1,-1,-1
184,3,591.16,425.18,192.52,485.38,0.8523,-1,-1,-1
184,22,983.02,439.25,86.53,251.70,0.6325,-1,-1,-1
184,12,1082.45,442.63,50.04,154.37,0.3372,-1,-1,-1
184,26,1156.21,450.25,39.10,98.01,0.6060,-1,-1,-1
184,13,1155.30,449.90,39.30,98.35,0.6060,-1,-1,-1
184,27,466.36,472.84,38.76,102.21,0.4027,-1,-1,-1
184,28,571.23,444.40,59.78,145.44,0.4366,-1,-1,-1
185,2,786.13,434.31,118.35,369.06,0.7816,-1,-1,-1
185,5,926.29,441.52,86.03,302.17,0.7595,-1,-1,-1
185,18,597.86,426.87,187.31,483.51,0.8411,-1,-1,-1
185,3,597.86,426.87,187.31,483.51,0.8411,-1,-1,-1
185,22,986.13,440.57,85.40,252.87,0.6332,-1,-1,-1
185,12,1082.19,439.16,50.66,158.02,0.3229,-1,-1,-1
185,26,1156.04,451.43,39.46,95.87,0.5556,-1,-1,-1
185,13,1155.18,451.13,39.65,96.17,0.5556,-1,-1,-1
185,27,466.44,474.77,40.09,100.87,0.4636,-1,-1,-1
185,28,571.02,444.36,61.30,156.79,0.4475,-1,-1,-1
186,2,787.11,434.73,116.29,368.44,0.8028,-1,-1,-1
186,5,929.16,443.88,85.20,304.86,0.7448,-1,-1,-1
186,18,602.94,426.24,184.49,484.06,0.8440,-1,-1,-1
186,3,602.94,426.24,184.49,484.06,0.8440,-1,-1,-1
186,22,988.93,442.09,84.60,246.39,0.5737,-1,-1,-1
186,12,1079.30,442.19,51.32,153.94,0.2454,-1,-1,-1
186,26,1154.49,449.06,43.46,97.74,0.5948,-1,-1,-1
186,13,1153.75,448.81,43.60,97.99,0.5948,-1,-1,-1
186,27,467.04,477.38,41.00,98.38,0.4708,-1,-1,-1
186,28,571.38,439.33,58.39,172.74,0.4865,-1,-1,-1
187,2,789.85,435.03,114.64,368.38,0.8032,-1,-1,-1
187,5,930.18,444.72,88.45,307.15,0.7313,-1,-1,-1
187,18,608.53,427.57,179.41,484.03,0.8414,-1,-1,-1
187,3,608.53,427.57,179.41,484.03,0.8414,-1,-1,-1
187,22,994.27,442.51,82.87,250.05,0.6258,-1,-1,-1
187,12,1077.34,442.16,52.62,153.95,0.2563,-1,-1,-1
187,26,1155.01,450.06,44.36,96.26,0.5449,-1,-1,-1
187,13,1154.31,449.83,44.50,96.49,0.5449,-1,-1,-1
187,27,467.11,477.77,41.34,97.93,0.4653,-1,-1,-1
187,28,572.10,435.22,57.06,177.97,0.4804,-1,-1,-1
188,2,792.29,434.67,114.27,366.00,0.8121,-1,-1,-1
188,5,932.58,442.73,91.37,309.78,0.6870,-1,-1,-1
188,18,610.56,426.81,179.53,491.95,0.8356,-1,-1,-1
188,3,610.56,426.81,179.53,491.95,0.8356,-1,-1,-1
188,22,997.81,443.85,80.27,250.14,0.5066,-1,-1,-1
188,12,1086.95,441.32,44.92,154.40,0.2256,-1,-1,-1
188,26,1155.94,451.49,43.35,95.96,0.5013,-1,-1,-1
188,13,1155.31,451.29,43.48,96.16,0.5013,-1,-1,-1
188,27,467.43,478.32,39.01,96.93,0.3657,-1,-1,-1
188,28,571.29,434.07,59.59,182.82,0.4446,-1,-1,-1
189,2,794.66,433.57,112.71,367.48,0.8098,-1,-1,-1
189,5,934.11,442.06,101.44,311.60,0.7795,-1,-1,-1
189,18,612.62,426.20,178.48,501.27,0.7961,-1,-1,-1
189,3,612.62,426.20,178.48,501.27,0.7961,-1,-1,-1
189,22,1004.07,439.95,81.62,261.58,0.5325,-1,-1,-1
189,12,1091.33,441.71,41.37,154.03,0.2086,-1,-1,-1
189,26,1156.43,448.17,42.94,99.44,0.4801,-1,-1,-1
189,13,1155.89,448.00,43.06,99.61,0.4801,-1,-1,-1
189,27,466.74,477.54,39.77,98.40,0.4117,-1,-1,-1
189,28,570.22,433.10,59.38,183.51,0.5288,-1,-1,-1
190,2,796.93,432.73,116.45,371.21,0.8021,-1,-1,-1
190,5,936.95,442.56,107.18,310.78,0.7578,-1,-1,-1
190,18,616.37,426.21,180.64,509.06,0.7024,-1,-1,-1
190,3,616.37,426.21,180.64,509.06,0.7024,-1,-1,-1
190,22,1009.16,440.35,80.03,266.18,0.4656,-1,-1,-1
190,12,1084.55,442.59,46.24,154.14,0.2757,-1,-1,-1
190,26,1153.91,448.87,45.10,99.31,0.4186,-1,-1,-1
190,13,1153.44,448.71,45.20,99.47,0.4186,-1,-1,-1
190,27,467.62,477.35,38.28,98.39,0.3892,-1,-1,-1
190,28,569.89,436.80,61.48,178.12,0.5403,-1,-1,-1
191,2,799.07,432.53,116.00,371.62,0.7812,-1,-1,-1
191,5,940.84,443.19,112.98,310.99,0.7603,-1,-1,-1
191,18,620.31,425.96,179.09,515.25,0.7481,-1,-1,-1
191,3,620.31,425.96,179.09,515.25,0.7481,-1,-1,-1
191,22,1012.11,437.25,78.26,272.09,0.3276,-1,-1,-1
191,12,1083.92,441.78,46.72,155.86,0.2239,-1,-1,-1
191,26,1152.93,446.76,47.79,101.45,0.4996,-1,-1,-1
191,13,1152.51,446.62,47.88,101.58,0.4996,-1,-1,-1
191,27,466.24,477.49,36.82,97.98,0.3554,-1,-1,-1
191,28,569.06,443.50,60.91,173.47,0.5804,-1,-1,-1
192,2,800.87,430.18,115.57,377.75,0.7873,-1,-1,-1
192,5,943.57,447.18,114.30,306.72,0.7594,-1,-1,-1
192,18,624.68,426.21,177.05,523.69,0.7263,-1,-1,-1
192,3,624.68,426.21,177.05,523.69,0.7263,-1,-1,-1
192,22,1012.19,436.14,82.68,276.85,0.2953,-1,-1,-1
192,12,1086.44,441.89,44.11,156.40,0.2349,-1,-1,-1
192,26,1151.14,447.09,49.58,101.67,0.4786,-1,-1,-1
192,13,1150.75,446.97,49.66,101.79,0.4786,-1,-1,-1
192,27,465.14,477.31,36.49,97.31,0.3436,-1,-1,-1
192,28,568.40,443.03,63.40,174.11,0.5896,-1,-1,-1
193,2,803.05,427.28,113.42,380.28,0.7858,-1,-1,-1
193,5,945.39,444.18,115.37,310.08,0.7562,-1,-1,-1
193,18,630.39,426.72,170.40,527.43,0.7650,-1,-1,-1
193,3,630.39,426.72,170.40,527.43,0.7650,-1,-1,-1
193,22,1015.14,437.11,89.10,268.56,0.5398,-1,-1,-1
193,26,1149.76,443.77,50.09,105.10,0.4475,-1,-1,-1
193,13,1149.41,443.66,50.16,105.20,0.4475,-1,-1,-1
193,27,463.98,477.78,38.31,97.51,0.3081,-1,-1,-1
193,28,569.55,442.73,62.92,174.44,0.6289,-1,-1,-1
194,2,804.73,425.45,117.14,383.14,0.7889,-1,-1,-1
194,5,947.23,443.76,111.27,310.71,0.7486,-1,-1,-1
194,18,632.99,425.85,177.03,536.46,0.7596,-1,-1,-1
194,3,632.99,425.85,177.03,536.46,0.7596,-1,-1,-1
194,22,1016.72,434.90,94.03,274.95,0.6467,-1,-1,-1
194,26,1148.32,446.86,47.27,101.75,0.3698,-1,-1,-1
194,13,1148.01,446.76,47.34,101.85,0.3698,-1,-1,-1
194,27,461.72,476.47,37.42,99.39,0.3316,-1,-1,-1
194,28,570.13,442.49,62.85,175.63,0.6701,-1,-1,-1
195,2,805.72,424.31,123.51,383.36,0.7891,-1,-1,-1
195,5,946.99,446.79,115.03,309.54,0.7595,-1,-1,-1
195,18,636.56,423.50,177.71,540.74,0.7843,-1,-1,-1
195,3,636.56,423.50,177.71,540.74,0.7843,-1,-1,-1
195,22,1020.51,433.66,95.53,277.89,0.6931,-1,-1,-1
195,26,1147.51,445.07,43.34,103.30,0.4054,-1,-1,-1
195,13,1147.25,444.99,43.40,103.38,0.4054,-1,-1,-1
195,27,459.26,474.57,43.63,100.56,0.2975,-1,-1,-1
195,28,569.81,441.77,63.82,176.41,0.6825,-1,-1,-1
196,2,807.40,425.44,132.05,381.47,0.8250,-1,-1,-1
196,5,947.72,448.43,115.60,308.75,0.7277,-1,-1,-1
196,18,642.63,423.97,173.59,539.18,0.8010,-1,-1,-1
196,3,642.63,423.97,173.59,539.18,0.8010,-1,-1,-1
196,22,1025.04,432.54,96.46,280.14,0.6814,-1,-1,-1
196,26,1146.51,441.88,43.02,106.14,0.4141,-1,-1,-1
196,13,1146.29,441.80,43.07,106.21,0.4141,-1,-1,-1
196,27,457.02,473.60,45.26,101.67,0.3472,-1,-1,-1
196,28,569.83,442.41,64.94,175.78,0.6700,-1,-1,-1
196,29,512.62,439.78,38.72,121.72,0.4387,-1,-1,-1
197,2,809.75,426.92,143.39,380.04,0.8148,-1,-1,-1
197,5,951.08,447.58,112.79,309.89,0.7519,-1,-1,-1
197,18,646.34,422.46,166.97,548.52,0.8227,-1,-1,-1
197,3,646.34,422.46,166.97,548.52,0.8227,-1,-1,-1
197,22,1029.74,431.74,96.17,281.61,0.4686,-1,-1,-1
197,26,1146.04,443.30,42.83,104.55,0.3618,-1,-1,-1
197,13,1145.84,443.23,42.87,104.62,0.3618,-1,-1,-1
197,27,455.82,471.70,44.75,103.55,0.3355,-1,-1,-1
197,28,569.61,441.39,66.37,176.01,0.6707,-1,-1,-1
197,29,512.87,439.86,38.65,121.29,0.4480,-1,-1,-1
198,2,813.17,430.93,149.62,376.46,0.8301,-1,-1,-1
198,5,957.09,447.49,107.56,311.08,0.7683,-1,-1,-1
198,18,649.62,422.74,164.69,544.56,0.8327,-1,-1,-1
198,3,649.62,422.74,164.69,544.56,0.8327,-1,-1,-1
198,22,1035.67,432.83,93.45,281.17,0.6463,-1,-1,-1
198,26,1146.27,441.54,42.71,106.29,0.3867,-1,-1,-1
198,13,1146.09,441.48,42.75,106.35,0.3867,-1,-1,-1
198,27,457.63,471.55,39.92,103.35,0.3179,-1,-1,-1
198,28,570.23,441.71,66.67,175.66,0.6827,-1,-1,-1
198,29,515.26,443.65,36.94,118.59,0.3382,-1,-1,-1
199,2,816.08,432.72,156.32,375.66,0.8460,-1,-1,-1
199,5,964.01,447.90,104.91,312.58,0.7580,-1,-1,-1
199,18,649.54,423.23,169.83,541.65,0.8391,-1,-1,-1
199,3,649.54,423.23,169.83,541.64,0.8391,-1,-1,-1
199,22,1040.13,435.87,92.99,280.25,0.6363,-1,-1,-1
199,26,1145.10,443.15,40.94,105.32,0.3756,-1,-1,-1
199,13,1144.95,443.10,40.97,105.38,0.3756,-1,-1,-1
199,27,457.07,472.04,38.80,103.26,0.2781,-1,-1,-1
199,28,571.46,443.31,65.05,173.47,0.6891,-1,-1,-1
199,29,514.86,447.27,37.10,115.49,0.3012,-1,-1,-1
200,2,817.49,434.95,159.10,374.71,0.8427,-1,-1,-1
200,5,969.53,448.50,103.43,312.12,0.7222,-1,-1,-1
200,18,651.76,422.61,171.58,541.33,0.8591,-1,-1,-1
200,3,651.76,422.61,171.58,541.33,0.8591,-1,-1,-1
200,22,1042.66,434.42,93.57,284.06,0.6063,-1,-1,-1
200,27,456.34,469.51,37.05,100.87,0.2894,-1,-1,-1
200,28,571.80,445.59,64.81,171.69,0.6774,-1,-1,-1
200,29,512.69,445.28,38.03,116.76,0.3388,-1,-1,-1
201,2,820.10,436.86,159.22,373.90,0.8390,-1,-1,-1
201,5,977.46,450.78,94.96,310.27,0.7080,-1,-1,-1
201,18,656.78,422.88,173.04,539.64,0.8444,-1,-1,-1
201,3,656.78,422.88,173.04,539.64,0.8444,-1,-1,-1
201,22,1047.17,435.44,92.75,287.36,0.6139,-1,-1,-1
201,27,454.63,468.08,37.68,105.39,0.2768,-1,-1,-1
201,28,573.20,444.79,63.94,170.81,0.6634,-1,-1,-1
201,29,510.82,441.68,39.44,120.14,0.2782,-1,-1,-1
202,2,822.14,437.60,156.80,374.75,0.8453,-1,-1,-1
202,5,985.10,449.94,90.47,312.46,0.7740,-1,-1,-1
202,18,658.49,421.78,177.29,542.11,0.8547,-1,-1,-1
202,3,658.49,421.78,177.29,542.11,0.8547,-1,-1,-1
202,22,1050.20,436.04,94.68,284.12,0.6834,-1,-1,-1
202,27,453.89,471.30,36.25,100.84,0.2494,-1,-1,-1
202,28,573.19,446.45,65.68,168.83,0.6780,-1,-1,-1
202,29,511.85,439.53,38.58,121.75,0.2162,-1,-1,-1
202,13,1141.87,438.86,35.90,109.13,0.3480,-1,-1,-1
203,2,823.90,437.90,153.66,375.63,0.8436,-1,-1,-1
203,5,988.66,449.73,91.88,313.86,0.7718,-1,-1,-1
203,18,665.71,424.73,175.63,547.39,0.8227,-1,-1,-1
203,3,665.71,424.73,175.63,547.39,0.8227,-1,-1,-1
203,22,1053.79,434.91,95.11,283.80,0.6937,-1,-1,-1
203,27,451.79,473.59,40.55,100.00,0.2248,-1,-1,-1
203,28,573.54,444.57,67.47,170.81,0.7085,-1,-1,-1
203,29,509.57,439.55,40.40,122.53,0.3396,-1,-1,-1
203,13,1142.96,437.42,33.19,110.01,0.2447,-1,-1,-1
204,2,824.87,437.58,152.19,376.03,0.8423,-1,-1,-1
204,5,992.07,449.48,91.96,315.85,0.7721,-1,-1,-1
204,18,664.92,424.15,179.56,555.60,0.8434,-1,-1,-1
204,3,664.92,424.15,179.56,555.60,0.8434,-1,-1,-1
204,22,1059.53,434.76,90.75,283.64,0.6991,-1,-1,-1
204,27,451.43,473.15,41.98,101.60,0.2984,-1,-1,-1
204,28,575.75,448.16,66.05,167.53,0.7259,-1,-1,-1
205,2,825.82,435.08,151.65,378.34,0.8317,-1,-1,-1
205,5,995.10,448.16,93.02,317.03,0.7862,-1,-1,-1
205,18,668.84,424.05,176.94,564.99,0.8479,-1,-1,-1
205,3,668.84,424.05,176.94,564.99,0.8479,-1,-1,-1
205,22,1063.56,438.01,88.43,279.08,0.7158,-1,-1,-1
205,27,450.80,474.07,42.67,101.15,0.3197,-1,-1,-1
205,28,575.64,447.01,66.21,169.51,0.7469,-1,-1,-1
206,2,829.52,435.47,149.80,377.61,0.8325,-1,-1,-1
206,5,999.78,447.81,92.58,317.52,0.7752,-1,-1,-1
206,18,673.58,423.23,173.95,569.70,0.8387,-1,-1,-1
206,3,673.58,423.23,173.95,569.70,0.8387,-1,-1,-1
206,22,1066.29,436.87,87.08,281.35,0.6802,-1,-1,-1
206,27,450.70,475.02,42.50,98.41,0.2300,-1,-1,-1
206,28,575.91,447.03,66.78,170.44,0.7255,-1,-1,-1
207,2,831.27,435.51,149.54,377.14,0.8275,-1,-1,-1
207,5,1005.49,448.52,94.17,315.17,0.7191,-1,-1,-1
207,18,676.37,420.63,173.32,573.75,0.8415,-1,-1,-1
207,3,676.37,420.63,173.32,573.75,0.8415,-1,-1,-1
207,22,1073.00,435.61,81.20,284.23,0.6523,-1,-1,-1
207,27,450.53,473.22,40.48,97.38,0.2643,-1,-1,-1
207,28,579.09,452.92,64.68,164.47,0.7391,-1,-1,-1
208,2,833.24,434.88,148.58,379.06,0.8233,-1,-1,-1
208,5,1009.22,450.13,92.88,311.87,0.6924,-1,-1,-1
208,18,679.35,420.25,172.38,574.06,0.8345,-1,-1,-1
208,3,679.35,420.25,172.38,574.06,0.8345,-1,-1,-1
208,22,1076.83,434.07,77.24,297.84,0.5923,-1,-1,-1
208,27,448.61,470.74,40.68,101.56,0.2038,-1,-1,-1
208,28,580.93,454.30,63.62,163.37,0.7303,-1,-1,-1
208,30,1187.39,447.74,40.36,102.75,0.4098,-1,-1,-1
208,29,510.28,444.14,40.36,117.35,0.3970,-1,-1,-1
209,2,835.82,434.58,146.72,380.27,0.8073,-1,-1,-1
209,5,1011.88,446.65,123.26,316.06,0.6000,-1,-1,-1
209,18,683.30,416.96,171.25,577.72,0.8192,-1,-1,-1
209,3,683.30,416.96,171.25,577.72,0.8192,-1,-1,-1
209,22,1082.63,433.68,77.05,288.17,0.6143,-1,-1,-1
209,28,582.24,456.74,65.44,161.01,0.7430,-1,-1,-1
209,30,1188.70,448.45,40.27,103.00,0.4843,-1,-1,-1
209,29,510.72,444.07,40.60,117.62,0.4145,-1,-1,-1
210,2,839.62,429.92,147.72,384.50,0.8141,-1,-1,-1
210,5,1016.29,444.61,141.08,318.57,0.8155,-1,-1,-1
210,18,686.06,415.82,171.52,578.71,0.7953,-1,-1,-1
210,3,686.06,415.82,171.52,578.71,0.7953,-1,-1,-1
210,22,1087.12,433.65,78.93,270.01,0.2479,-1,-1,-1
210,28,584.07,457.27,66.61,160.09,0.7274,-1,-1,-1
210,30,1189.98,446.00,40.01,106.12,0.4825,-1,-1,-1
210,29,510.80,442.94,40.43,118.14,0.4133,-1,-1,-1
211,2,845.58,430.18,148.78,385.83,0.7888,-1,-1,-1
211,5,1019.47,443.70,152.74,319.76,0.8011,-1,-1,-1
211,18,686.31,418.54,174.05,576.45,0.8110,-1,-1,-1
211,3,686.31,418.54,174.05,576.45,0.8110,-1,-1,-1
211,22,1090.12,433.35,82.47,260.92,0.3133,-1,-1,-1
211,28,584.86,453.57,69.68,163.53,0.7422,-1,-1,-1
211,30,1191.87,445.14,38.89,107.51,0.4637,-1,-1,-1
211,29,510.75,441.79,40.19,119.26,0.4344,-1,-1,-1
212,2,851.57,430.49,147.51,386.06,0.7875,-1,-1,-1
212,5,1021.17,444.71,160.77,319.67,0.7908,-1,-1,-1
212,18,688.19,416.40,173.57,578.42,0.8253,-1,-1,-1
212,3,688.19,416.40,173.57,578.42,0.8253,-1,-1,-1
212,22,1095.83,430.72,81.22,253.33,0.3564,-1,-1,-1
212,28,587.15,451.92,68.57,164.48,0.7128,-1,-1,-1
212,30,1193.24,446.47,38.62,105.93,0.5084,-1,-1,-1
212,29,510.93,440.72,40.62,119.91,0.4643,-1,-1,-1
213,2,860.46,430.58,141.46,386.70,0.8085,-1,-1,-1
213,5,1021.59,446.96,164.44,319.06,0.8070,-1,-1,-1
213,18,688.72,414.51,176.29,579.77,0.8219,-1,-1,-1
213,3,688.72,414.51,176.29,579.77,0.8219,-1,-1,-1
213,22,1099.87,432.84,79.93,265.63,0.5045,-1,-1,-1
213,28,588.13,452.26,68.27,164.57,0.7388,-1,-1,-1
213,30,1194.51,446.83,38.03,104.05,0.3671,-1,-1,-1
213,29,510.83,439.55,41.28,120.95,0.4530,-1,-1,-1
214,2,869.12,429.67,137.83,385.95,0.8163,-1,-1,-1
214,5,1021.35,448.00,166.11,319.31,0.7730,-1,-1,-1
214,18,690.12,413.67,175.94,580.08,0.8242,-1,-1,-1
214,3,690.12,413.67,175.94,580.08,0.8242,-1,-1,-1
214,22,1104.96,431.54,78.75,274.27,0.5426,-1,-1,-1
214,28,589.25,451.39,67.63,166.41,0.7261,-1,-1,-1
214,30,1195.30,445.59,39.97,104.07,0.3777,-1,-1,-1
214,29,510.53,439.23,42.27,120.90,0.4720,-1,-1,-1
215,2,877.38,429.19,130.52,387.11,0.8099,-1,-1,-1
215,5,1021.52,447.13,164.04,321.08,0.8161,-1,-1,-1
215,18,692.92,412.08,176.09,582.17,0.8178,-1,-1,-1
215,3,692.92,412.08,176.09,582.17,0.8178,-1,-1,-1
215,22,1111.67,427.73,77.31,286.26,0.5566,-1,-1,-1
215,28,591.01,453.96,66.97,163.62,0.6825,-1,-1,-1
215,30,1197.19,441.98,40.90,108.61,0.3531,-1,-1,-1
215,29,510.38,438.57,42.75,121.32,0.4797,-1,-1,-1
216,2,882.22,427.78,126.59,388.63,0.8192,-1,-1,-1
216,5,1022.05,446.38,167.05,323.42,0.8254,-1,-1,-1
216,18,695.26,414.01,176.36,580.06,0.7932,-1,-1,-1
216,3,695.26,414.01,176.36,580.06,0.7932,-1,-1,-1
216,22,1120.17,429.47,71.10,288.43,0.4638,-1,-1,-1
216,28,593.86,455.55,65.59,165.54,0.6860,-1,-1,-1
216,30,1198.84,440.26,41.17,111.34,0.4073,-1,-1,-1
216,29,510.17,438.16,43.13,121.18,0.4927,-1,-1,-1
217,2,884.59,428.40,125.19,390.86,0.8149,-1,-1,-1
217,5,1023.95,446.47,166.52,323.27,0.7895,-1,-1,-1
217,18,695.00,413.43,180.62,580.14,0.7478,-1,-1,-1
217,3,695.00,413.43,180.62,580.14,0.7478,-1,-1,-1
217,22,1126.42,430.65,64.18,226.61,0.3325,-1,-1,-1
217,28,595.21,457.09,65.66,165.56,0.7148,-1,-1,-1
217,30,1199.65,437.88,42.04,113.72,0.4762,-1,-1,-1
217,29,509.86,438.12,43.31,120.89,0.4864,-1,-1,-1
218,2,887.72,427.47,124.73,395.28,0.8203,-1,-1,-1
218,5,1027.61,442.69,163.75,327.45,0.7875,-1,-1,-1
218,18,697.93,411.31,184.24,582.73,0.7673,-1,-1,-1
218,3,697.93,411.31,184.24,582.73,0.7673,-1,-1,-1
218,22,1134.44,434.20,57.40,197.55,0.2387,-1,-1,-1
218,28,597.59,457.74,64.80,165.30,0.6989,-1,-1,-1
218,30,1201.31,440.03,42.97,111.82,0.4351,-1,-1,-1
218,29,509.35,438.97,42.76,120.22,0.5038,-1,-1,-1
219,2,890.25,426.03,126.56,400.17,0.8411,-1,-1,-1
219,5,1035.49,438.81,155.62,331.07,0.7945,-1,-1,-1
219,18,701.29,411.10,186.55,582.80,0.7603,-1,-1,-1
219,3,701.29,411.10,186.55,582.80,0.7603,-1,-1,-1
219,28,596.44,460.26,65.51,165.36,0.6768,-1,-1,-1
219,30,1202.06,439.41,43.50,112.27,0.4276,-1,-1,-1
219,29,509.09,439.08,42.83,119.90,0.5114,-1,-1,-1
220,2,892.59,425.90,126.98,405.21,0.8422,-1,-1,-1
220,5,1044.33,438.74,147.51,330.87,0.8069,-1,-1,-1
220,18,708.85,410.00,191.08,583.29,0.8119,-1,-1,-1
220,3,708.85,410.00,191.08,583.29,0.8119,-1,-1,-1
220,28,596.92,461.35,65.42,165.05,0.7003,-1,-1,-1
220,30,1206.08,444.23,41.05,106.89,0.3050,-1,-1,-1
220,29,508.74,438.69,43.10,120.15,0.5419,-1,-1,-1
221,2,895.71,424.96,128.14,407.98,0.8384,-1,-1,-1
221,5,1052.74,438.47,140.01,331.07,0.8092,-1,-1,-1
221,18,714.54,410.27,205.61,583.83,0.8604,-1,-1,-1
221,3,714.54,410.27,205.61,583.83,0.8604,-1,-1,-1
221,28,598.21,460.92,63.05,163.94,0.7227,-1,-1,-1
221,29,508.88,439.21,42.77,120.27,0.5025,-1,-1,-1
221,22,1149.66,436.50,66.78,281.63,0.5501,-1,-1,-1
222,2,897.14,424.81,130.03,409.31,0.8378,-1,-1,-1
222,5,1064.70,439.29,128.40,330.32,0.8169,-1,-1,-1
222,18,716.89,410.41,219.36,584.07,0.8616,-1,-1,-1
222,3,716.89,410.41,219.36,584.07,0.8616,-1,-1,-1
222,28,600.30,461.21,60.15,163.40,0.7403,-1,-1,-1
222,29,508.87,439.13,42.50,120.81,0.4930,-1,-1,-1
222,22,1154.74,433.51,75.63,294.88,0.5996,-1,-1,-1
223,2,899.99,426.40,129.96,411.02,0.8241,-1,-1,-1
223,5,1077.80,439.28,115.47,331.06,0.7983,-1,-1,-1
223,18,717.70,407.53,239.37,587.41,0.8502,-1,-1,-1
223,3,717.70,407.53,239.37,587.41,0.8502,-1,-1,-1
223,28,601.45,459.14,58.76,166.92,0.6914,-1,-1,-1
223,29,507.70,439.49,44.61,120.95,0.4910,-1,-1,-1
223,22,1166.17,430.02,70.33,303.41,0.2288,-1,-1,-1
224,2,901.67,427.33,128.53,412.83,0.8211,-1,-1,-1
224,5,1093.24,440.62,108.23,333.06,0.7628,-1,-1,-1
224,18,721.29,406.76,256.08,587.13,0.8502,-1,-1,-1
224,3,721.29,406.76,256.08,587.13,0.8502,-1,-1,-1
224,28,603.36,459.46,57.04,165.62,0.6901,-1,-1,-1
224,29,507.18,439.96,45.92,120.75,0.5187,-1,-1,-1
225,2,903.39,428.01,128.81,414.40,0.8178,-1,-1,-1
225,5,1102.70,440.06,98.43,335.73,0.7241,-1,-1,-1
225,18,724.64,408.63,267.37,586.82,0.8307,-1,-1,-1
225,3,724.64,408.63,267.37,586.82,0.8307,-1,-1,-1
225,28,603.73,460.61,58.22,166.50,0.6748,-1,-1,-1
225,29,507.84,440.13,45.43,120.63,0.4954,-1,-1,-1
226,2,904.91,428.54,132.31,415.53,0.8177,-1,-1,-1
226,5,1109.14,437.90,94.81,340.42,0.6922,-1,-1,-1
226,18,727.57,405.30,279.81,590.86,0.8565,-1,-1,-1
226,3,727.57,405.30,279.81,590.86,0.8565,-1,-1,-1
226,28,604.50,461.94,57.58,167.19,0.6736,-1,-1,-1
226,29,507.40,439.88,45.78,120.92,0.5071,-1,-1,-1
226,22,1175.78,432.48,65.00,305.71,0.5219,-1,-1,-1
227,2,906.36,428.43,135.64,416.70,0.8113,-1,-1,-1
227,5,1114.76,438.08,96.74,342.40,0.7434,-1,-1,-1
227,18,729.94,404.91,289.92,590.51,0.8731,-1,-1,-1
227,3,729.94,404.91,289.92,590.51,0.8731,-1,-1,-1
227,28,606.48,460.03,55.73,168.09,0.6643,-1,-1,-1
227,29,506.78,438.90,46.02,121.89,0.4671,-1,-1,-1
227,22,1179.23,430.45,67.70,308.67,0.5517,-1,-1,-1
228,2,907.36,426.24,138.31,418.60,0.7919,-1,-1,-1
228,5,1118.11,438.47,99.28,348.35,0.7539,-1,-1,-1
228,18,734.18,406.81,293.31,588.47,0.8739,-1,-1,-1
228,3,734.18,406.81,293.31,588.47,0.8739,-1,-1,-1
228,28,607.55,460.61,54.35,167.10,0.6634,-1,-1,-1
228,29,506.06,439.01,46.22,122.18,0.4949,-1,-1,-1
228,22,1184.82,430.64,68.71,306.78,0.4425,-1,-1,-1
229,2,907.45,426.47,139.76,418.52,0.7790,-1,-1,-1
229,5,1119.33,440.48,101.00,348.51,0.7589,-1,-1,-1
229,18,738.58,407.82,297.70,587.78,0.8632,-1,-1,-1
229,3,738.58,407.82,297.70,587.78,0.8632,-1,-1,-1
229,28,608.46,457.45,55.33,173.09,0.6668,-1,-1,-1
229,29,506.35,438.74,46.31,122.73,0.4472,-1,-1,-1
229,22,1189.81,423.98,73.22,229.72,0.5813,-1,-1,-1
229,27,425.71,477.30,44.14,101.08,0.3816,-1,-1,-1
230,2,908.25,425.95,143.42,417.90,0.7785,-1,-1,-1
230,5,1120.77,441.94,107.34,349.13,0.7171,-1,-1,-1
230,18,744.35,410.61,295.19,584.54,0.8319,-1,-1,-1
230,3,744.35,410.61,295.19,584.54,0.8319,-1,-1,-1
230,28,610.72,457.60,56.13,174.66,0.6643,-1,-1,-1
230,29,506.50,439.99,45.57,121.25,0.4379,-1,-1,-1
230,22,1194.43,419.83,73.76,199.22,0.5679,-1,-1,-1
230,27,425.53,478.17,45.70,99.82,0.4626,-1,-1,-1
231,2,910.83,425.51,138.69,417.62,0.7760,-1,-1,-1
231,5,1126.05,440.67,120.36,350.63,0.7979,-1,-1,-1
231,18,750.55,411.10,289.98,585.27,0.8496,-1,-1,-1
231,3,750.55,411.10,289.98,585.27,0.8496,-1,-1,-1
231,28,610.92,461.40,58.91,170.59,0.6850,-1,-1,-1
231,29,507.56,439.91,44.58,121.32,0.4873,-1,-1,-1
231,22,1199.36,419.15,73.05,188.18,0.5553,-1,-1,-1
231,27,425.31,477.61,45.48,100.53,0.4686,-1,-1,-1
232,2,913.34,425.09,134.01,419.06,0.7985,-1,-1,-1
232,5,1132.28,440.37,127.68,351.54,0.7952,-1,-1,-1
232,18,759.22,410.14,282.66,586.25,0.8218,-1,-1,-1
232,3,759.22,410.14,282.66,586.25,0.8218,-1,-1,-1
232,28,611.41,457.04,60.10,174.52,0.6769,-1,-1,-1
232,29,507.92,440.56,43.85,120.90,0.5414,-1,-1,-1
232,22,1204.27,418.98,70.79,182.47,0.4753,-1,-1,-1
232,27,425.34,477.82,45.95,100.16,0.4851,-1,-1,-1
233,2,918.91,424.84,128.96,421.98,0.7579,-1,-1,-1
233,5,1134.35,442.01,132.22,351.61,0.8319,-1,-1,-1
233,18,766.43,411.54,276.64,585.12,0.8233,-1,-1,-1
233,3,766.43,411.54,276.64,585.12,0.8233,-1,-1,-1
233,28,611.59,454.74,62.55,176.56,0.6709,-1,-1,-1
233,29,508.56,440.53,42.08,120.64,0.5224,-1,-1,-1
233,22,1208.83,425.18,69.10,176.30,0.3827,-1,-1,-1
233,27,425.47,477.86,43.76,99.43,0.4404,-1,-1,-1
234,2,922.96,424.55,126.11,424.97,0.7378,-1,-1,-1
234,5,1135.28,444.09,133.87,353.01,0.8435,-1,-1,-1
234,18,775.07,415.59,269.95,581.92,0.7897,-1,-1,-1
234,3,775.07,415.59,269.95,581.92,0.7897,-1,-1,-1
234,28,612.64,456.07,63.90,173.58,0.6645,-1,-1,-1
234,29,508.55,440.32,41.99,120.80,0.5273,-1,-1,-1
234,22,1212.72,424.38,68.86,178.62,0.3031,-1,-1,-1
234,27,424.97,477.06,42.09,99.82,0.4591,-1,-1,-1
234,12,1062.42,436.57,63.33,154.85,0.3790,-1,-1,-1
235,2,924.82,423.88,125.36,430.71,0.6975,-1,-1,-1
235,5,1135.27,444.75,137.02,355.69,0.8150,-1,-1,-1
235,18,786.25,417.83,259.00,579.48,0.8166,-1,-1,-1
235,3,786.25,417.83,259.00,579.48,0.8166,-1,-1,-1
235,28,615.55,454.77,61.26,175.46,0.6712,-1,-1,-1
235,29,508.66,440.53,40.90,120.50,0.5105,-1,-1,-1
235,22,1216.43,428.46,68.35,175.12,0.4322,-1,-1,-1
235,27,424.71,476.73,40.73,99.19,0.4737,-1,-1,-1
235,32,734.94,427.25,156.26,435.50,0.5503,-1,-1,-1
236,2,932.47,423.35,117.87,430.13,0.6905,-1,-1,-1
236,5,1135.69,444.42,138.60,358.04,0.8210,-1,-1,-1
236,18,790.22,413.13,254.84,584.30,0.8124,-1,-1,-1
236,3,790.22,413.13,254.84,584.30,0.8124,-1,-1,-1
236,28,619.52,456.46,57.57,173.98,0.6882,-1,-1,-1
236,29,508.48,440.31,40.29,120.35,0.4784,-1,-1,-1
236,22,1221.37,430.45,66.92,175.42,0.4837,-1,-1,-1
236,27,424.71,475.17,39.23,100.07,0.4677,-1,-1,-1
236,32,743.03,430.60,142.98,434.02,0.5305,-1,-1,-1
237,2,938.75,423.09,116.23,422.45,0.5452,-1,-1,-1
237,5,1137.55,442.73,139.39,360.76,0.8088,-1,-1,-1
237,18,792.67,415.58,251.14,582.08,0.8146,-1,-1,-1
237,3,792.67,415.58,251.14,582.08,0.8146,-1,-1,-1
237,28,621.50,455.19,55.79,175.15,0.6501,-1,-1,-1
237,29,509.09,440.09,39.94,119.62,0.4440,-1,-1,-1
237,22,1229.51,430.32,65.01,178.42,0.4660,-1,-1,-1
237,27,424.17,472.70,39.30,100.55,0.2561,-1,-1,-1
237,32,754.20,432.97,130.62,431.08,0.5868,-1,-1,-1
238,2,943.11,422.04,116.21,411.57,0.5795,-1,-1,-1
238,5,1140.75,438.99,138.10,365.00,0.7701,-1,-1,-1
238,18,791.48,411.79,251.96,585.76,0.8136,-1,-1,-1
238,3,791.48,411.79,251.96,585.76,0.8136,-1,-1,-1
238,28,623.99,458.06,52.06,175.20,0.6749,-1,-1,-1
238,29,509.59,441.34,39.47,117.11,0.3338,-1,-1,-1
238,22,1233.54,429.97,71.03,180.21,0.4727,-1,-1,-1
238,27,424.03,473.12,39.30,100.20,0.2821,-1,-1,-1
238,32,758.99,436.45,124.75,428.79,0.4336,-1,-1,-1
239,2,948.71,423.02,113.74,375.30,0.4369,-1,-1,-1
239,5,1147.09,437.93,132.37,366.80,0.7497,-1,-1,-1
239,18,793.14,408.97,249.06,589.09,0.8385,-1,-1,-1
239,3,793.14,408.97,249.06,589.09,0.8385,-1,-1,-1
239,28,625.89,460.17,52.52,174.22,0.6684,-1,-1,-1
239,29,509.53,441.56,39.50,116.68,0.3983,-1,-1,-1
239,22,1238.63,432.86,75.07,272.17,0.4483,-1,-1,-1
239,27,423.79,474.55,38.43,98.66,0.2391,-1,-1,-1
239,32,726.35,438.65,150.41,427.58,0.5459,-1,-1,-1
240,2,954.27,424.38,114.52,402.56,0.6244,-1,-1,-1
240,5,1158.41,437.47,122.10,370.48,0.7144,-1,-1,-1
240,18,796.39,410.84,245.56,587.71,0.8479,-1,-1,-1
240,3,796.39,410.84,245.56,587.71,0.8479,-1,-1,-1
240,28,627.62,460.59,51.65,172.97,0.5948,-1,-1,-1
240,29,509.27,441.34,39.68,117.29,0.4044,-1,-1,-1
240,22,1244.18,432.82,72.50,305.10,0.5410,-1,-1,-1
240,32,718.57,438.71,159.85,429.43,0.6316,-1,-1,-1
241,2,959.80,425.14,110.48,411.97,0.6741,-1,-1,-1
241,5,1169.78,437.77,113.08,371.25,0.7355,-1,-1,-1
241,18,807.37,414.44,235.74,585.17,0.8195,-1,-1,-1
241,3,807.37,414.44,235.74,585.17,0.8195,-1,-1,-1
241,28,628.96,458.20,55.06,174.38,0.5836,-1,-1,-1
241,29,509.06,441.82,39.68,116.92,0.4088,-1,-1,-1
241,22,1250.99,431.52,67.35,321.55,0.5439,-1,-1,-1
241,32,719.26,438.10,162.00,429.15,0.6224,-1,-1,-1
242,2,959.65,425.65,113.07,411.99,0.5620,-1,-1,-1
242,5,1179.46,437.44,110.62,368.73,0.6819,-1,-1,-1
242,18,820.19,420.68,221.96,581.59,0.8240,-1,-1,-1
242,3,820.19,420.68,221.96,581.59,0.8240,-1,-1,-1
242,28,629.17,459.08,57.02,171.81,0.5867,-1,-1,-1
242,29,508.69,443.82,39.63,115.21,0.3896,-1,-1,-1
242,22,1255.32,430.16,64.69,336.37,0.2641,-1,-1,-1
242,32,743.15,437.92,140.31,432.91,0.6461,-1,-1,-1
243,2,972.49,427.08,101.38,409.52,0.4638,-1,-1,-1
243,5,1187.92,435.93,108.02,368.88,0.6394,-1,-1,-1
243,18,828.35,409.03,214.50,595.33,0.8006,-1,-1,-1
243,3,828.35,409.03,214.50,595.33,0.8006,-1,-1,-1
243,28,630.35,460.81,59.62,169.08,0.5670,-1,-1,-1
243,29,508.24,448.31,39.96,110.69,0.3382,-1,-1,-1
243,32,737.41,437.63,149.28,432.68,0.6696,-1,-1,-1
244,2,979.87,424.06,96.91,415.02,0.4881,-1,-1,-1
244,5,1197.62,434.08,111.73,370.06,0.7684,-1,-1,-1
244,18,838.86,399.70,205.66,607.83,0.7915,-1,-1,-1
244,3,838.86,399.70,205.66,607.83,0.7915,-1,-1,-1
244,28,631.35,461.90,63.84,168.93,0.5955,-1,-1,-1
244,29,507.75,447.85,40.53,111.38,0.3752,-1,-1,-1
244,32,734.87,436.84,152.82,432.80,0.6902,-1,-1,-1
245,2,984.19,421.37,94.92,418.77,0.2540,-1,-1,-1
245,5,1204.56,432.35,115.15,372.01,0.7982,-1,-1,-1
245,18,847.31,400.09,201.73,613.47,0.7380,-1,-1,-1
245,3,847.31,400.09,201.73,613.47,0.7380,-1,-1,-1
245,28,631.72,462.79,65.37,168.68,0.5918,-1,-1,-1
245,29,507.17,447.00,41.23,111.90,0.3850,-1,-1,-1
245,32,734.74,437.62,156.76,434.12,0.6432,-1,-1,-1
246,2,986.07,422.65,101.05,420.74,0.2658,-1,-1,-1
246,5,1209.20,431.51,113.33,371.60,0.7657,-1,-1,-1
246,18,855.68,407.89,197.52,615.63,0.7831,-1,-1,-1
246,3,855.68,407.89,197.52,615.63,0.7831,-1,-1,-1
246,28,632.11,461.17,63.80,170.54,0.5926,-1,-1,-1
246,29,507.40,443.22,41.37,115.79,0.3770,-1,-1,-1
246,32,734.80,439.00,162.58,433.89,0.5700,-1,-1,-1
246,22,1277.97,425.19,60.72,234.77,0.4112,-1,-1,-1
247,2,990.31,426.96,107.25,419.61,0.2783,-1,-1,-1
247,5,1212.56,430.67,118.00,370.61,0.7322,-1,-1,-1
247,18,865.64,416.62,189.94,615.35,0.7729,-1,-1,-1
247,3,865.64,416.62,189.94,615.35,0.7729,-1,-1,-1
247,28,632.31,459.04,67.63,172.71,0.5081,-1,-1,-1
247,29,505.30,441.88,43.46,117.27,0.4360,-1,-1,-1
247,32,758.47,437.37,145.72,438.46,0.5568,-1,-1,-1
247,22,1284.02,429.35,55.35,205.45,0.2143,-1,-1,-1
248,2,993.32,437.85,117.04,411.55,0.2510,-1,-1,-1
248,5,1216.36,430.95,130.04,371.33,0.8024,-1,-1,-1
248,18,876.25,419.08,185.90,618.92,0.7379,-1,-1,-1
248,3,876.25,419.08,185.90,618.92,0.7379,-1,-1,-1
248,28,636.40,460.50,62.43,171.60,0.5892,-1,-1,-1
248,29,504.25,440.76,44.61,118.44,0.3945,-1,-1,-1
248,32,768.00,435.34,139.62,441.89,0.5747,-1,-1,-1
248,12,1070.56,437.85,65.83,154.25,0.3624,-1,-1,-1
249,2,995.50,434.34,115.59,415.11,0.2458,-1,-1,-1
249,5,1219.27,431.00,145.84,371.80,0.7020,-1,-1,-1
249,18,884.65,421.91,182.11,620.89,0.7139,-1,-1,-1
249,3,884.65,421.91,182.11,620.89,0.7139,-1,-1,-1
249,28,637.31,455.08,61.96,177.73,0.5781,-1,-1,-1
249,29,504.78,442.49,44.51,116.97,0.4013,-1,-1,-1
249,32,776.94,432.45,141.06,445.34,0.7507,-1,-1,-1
249,12,1069.78,440.83,61.74,153.44,0.2695,-1,-1,-1
250,2,994.06,431.48,119.01,418.30,0.2060,-1,-1,-1
250,5,1221.10,431.80,165.09,372.45,0.7419,-1,-1,-1
250,18,891.30,423.07,208.34,617.92,0.7196,-1,-1,-1
250,3,891.30,423.07,208.34,617.92,0.7196,-1,-1,-1
250,28,641.84,451.50,64.61,182.03,0.6453,-1,-1,-1
250,29,506.92,443.69,42.79,115.82,0.3408,-1,-1,-1
250,32,780.04,429.14,145.34,449.04,0.7525,-1,-1,-1
251,5,1220.42,430.44,183.32,374.37,0.8485,-1,-1,-1
251,18,901.05,414.33,213.79,629.61,0.7893,-1,-1,-1
251,3,901.05,414.33,213.79,629.61,0.7893,-1,-1,-1
251,28,646.56,450.09,66.70,182.30,0.6701,-1,-1,-1
251,29,507.46,445.20,42.81,114.73,0.3452,-1,-1,-1
251,32,784.08,428.75,142.44,449.77,0.7635,-1,-1,-1
252,5,1220.16,428.02,196.73,377.76,0.8414,-1,-1,-1
252,18,909.17,407.04,216.48,634.97,0.8474,-1,-1,-1
252,3,909.17,407.04,216.48,634.97,0.8474,-1,-1,-1
252,28,649.42,448.27,67.41,183.75,0.7187,-1,-1,-1
252,29,507.40,443.73,43.60,116.56,0.3647,-1,-1,-1
252,32,785.43,429.19,143.07,450.44,0.7428,-1,-1,-1
252,33,1848.14,519.25,71.40,261.55,0.4946,-1,-1,-1
252,27,410.75,472.25,44.07,99.97,0.3846,-1,-1,-1
253,5,1220.39,427.31,203.60,379.82,0.8540,-1,-1,-1
253,18,917.33,405.04,212.99,636.91,0.8428,-1,-1,-1
253,3,917.33,405.04,212.99,636.91,0.8428,-1,-1,-1
253,28,651.81,447.02,66.49,185.30,0.6939,-1,-1,-1
253,29,508.02,444.01,43.46,116.74,0.3321,-1,-1,-1
253,32,788.90,431.21,138.52,446.92,0.7414,-1,-1,-1
253,33,1848.11,486.58,71.46,292.36,0.5933,-1,-1,-1
253,27,410.25,471.31,44.66,100.62,0.3767,-1,-1,-1
254,5,1219.96,424.91,204.57,383.99,0.8595,-1,-1,-1
254,18,922.64,407.60,206.90,634.07,0.8355,-1,-1,-1
254,3,922.64,407.60,206.90,634.07,0.8355,-1,-1,-1
254,28,654.85,447.59,63.97,184.53,0.7197,-1,-1,-1
254,29,508.47,445.75,42.96,115.30,0.3842,-1,-1,-1
254,32,788.36,432.48,138.83,445.39,0.7460,-1,-1,-1
254,33,1841.52,410.87,77.94,368.92,0.5201,-1,-1,-1
254,27,410.66,468.81,42.40,103.24,0.3535,-1,-1,-1
254,34,730.98,484.76,45.65,112.44,0.3839,-1,-1,-1
255,5,1219.95,426.39,209.48,384.66,0.8622,-1,-1,-1
255,18,926.75,405.73,196.38,637.29,0.8328,-1,-1,-1
255,3,926.75,405.73,196.38,637.29,0.8328,-1,-1,-1
255,28,656.87,448.54,64.08,183.98,0.6828,-1,-1,-1
255,29,510.79,446.07,40.93,114.81,0.3657,-1,-1,-1
255,32,796.78,431.27,135.35,446.08,0.7035,-1,-1,-1
255,33,1820.74,382.44,98.63,397.18,0.7466,-1,-1,-1
255,27,410.17,470.20,41.17,102.93,0.3805,-1,-1,-1
255,34,731.03,483.81,46.02,113.64,0.3565,-1,-1,-1
256,5,1223.18,427.42,210.21,385.73,0.8681,-1,-1,-1
256,18,930.05,407.22,195.46,633.87,0.8421,-1,-1,-1
256,3,930.05,407.22,195.46,633.87,0.8421,-1,-1,-1
256,28,658.15,449.58,67.33,183.89,0.7107,-1,-1,-1
256,29,510.55,442.36,41.95,118.89,0.4505,-1,-1,-1
256,32,804.55,431.98,130.81,448.52,0.7448,-1,-1,-1
256,33,1808.27,377.77,110.98,401.98,0.7645,-1,-1,-1
256,27,408.63,473.37,41.51,100.69,0.3763,-1,-1,-1
256,34,730.51,483.48,45.21,114.95,0.3399,-1,-1,-1
257,5,1227.57,428.26,209.51,385.95,0.8661,-1,-1,-1
257,18,932.18,407.38,190.64,634.27,0.8271,-1,-1,-1
257,3,932.18,407.38,190.64,634.27,0.8271,-1,-1,-1
257,28,658.54,451.38,70.21,183.06,0.7089,-1,-1,-1
257,29,510.19,440.86,42.33,120.22,0.4336,-1,-1,-1
257,32,809.48,433.10,128.66,456.88,0.7058,-1,-1,-1
257,33,1807.09,378.50,112.18,401.88,0.7881,-1,-1,-1
257,27,407.57,474.19,42.12,100.85,0.3683,-1,-1,-1
257,34,730.57,483.95,44.52,114.06,0.3061,-1,-1,-1
258,5,1237.24,427.62,201.71,386.06,0.8651,-1,-1,-1
258,18,936.08,400.93,186.33,640.46,0.8024,-1,-1,-1
258,3,936.08,400.93,186.33,640.46,0.8024,-1,-1,-1
258,28,659.59,449.03,71.78,189.08,0.7457,-1,-1,-1
258,29,510.23,445.13,42.64,115.26,0.2762,-1,-1,-1
258,32,799.82,433.15,139.60,468.28,0.6285,-1,-1,-1
258,33,1803.76,382.16,115.01,397.48,0.7384,-1,-1,-1
258,27,406.65,473.39,42.99,99.56,0.2302,-1,-1,-1
258,34,732.85,485.56,43.12,114.94,0.2518,-1,-1,-1
258,35,1101.19,434.26,51.99,122.15,0.3990,-1,-1,-1
259,5,1247.68,427.31,191.63,385.98,0.8001,-1,-1,-1
259,18,936.78,396.53,183.11,645.69,0.7603,-1,-1,-1
259,3,936.78,396.53,183.11,645.69,0.7603,-1,-1,-1
259,28,660.14,449.75,73.12,188.57,0.7311,-1,-1,-1
259,29,509.37,443.30,43.17,116.92,0.2416,-1,-1,-1
259,32,807.32,432.42,131.77,472.83,0.6527,-1,-1,-1
259,33,1786.88,387.14,131.59,390.20,0.7977,-1,-1,-1
259,27,405.82,474.10,43.68,99.00,0.2676,-1,-1,-1
259,34,733.65,487.25,43.97,111.98,0.2253,-1,-1,-1
259,35,1101.55,432.81,52.71,123.37,0.3994,-1,-1,-1
260,5,1258.79,426.37,181.52,386.86,0.7872,-1,-1,-1
260,18,938.66,395.74,178.23,645.34,0.7712,-1,-1,-1
260,3,938.66,395.74,178.23,645.34,0.7712,-1,-1,-1
260,28,662.32,451.30,71.61,186.40,0.7026,-1,-1,-1
260,29,507.77,446.13,44.13,114.05,0.2545,-1,-1,-1
260,32,811.92,432.51,128.94,476.98,0.5798,-1,-1,-1
260,33,1759.84,391.21,158.80,385.66,0.7756,-1,-1,-1
260,27,404.63,473.08,44.48,101.56,0.3161,-1,-1,-1
260,34,735.12,489.36,43.18,109.38,0.2700,-1,-1,-1
260,35,1101.59,433.60,55.01,120.96,0.2856,-1,-1,-1
261,5,1273.52,426.23,166.69,387.20,0.7394,-1,-1,-1
261,18,940.57,398.23,176.24,643.10,0.7814,-1,-1,-1
261,3,940.57,398.23,176.24,643.10,0.7814,-1,-1,-1
261,28,663.54,450.98,70.97,188.29,0.7249,-1,-1,-1
261,29,506.24,444.44,45.36,116.03,0.3156,-1,-1,-1
261,32,790.46,439.32,146.97,475.22,0.5594,-1,-1,-1
261,33,1726.81,387.86,191.29,389.19,0.7868,-1,-1,-1
261,27,403.21,471.06,45.78,102.52,0.2710,-1,-1,-1
261,34,735.12,491.95,44.06,107.64,0.2661,-1,-1,-1
261,35,1103.91,436.21,55.36,117.70,0.2112,-1,-1,-1
262,5,1297.99,424.84,144.67,390.36,0.7776,-1,-1,-1
262,18,941.08,396.54,175.03,645.17,0.7995,-1,-1,-1
262,3,941.08,396.54,175.03,645.17,0.7995,-1,-1,-1
262,28,664.26,450.66,70.61,189.38,0.6883,-1,-1,-1
262,29,505.38,440.77,46.09,119.66,0.4138,-1,-1,-1
262,32,809.13,435.80,134.57,479.70,0.6396,-1,-1,-1
262,33,1695.09,400.31,222.36,378.22,0.8120,-1,-1,-1
262,27,401.32,470.73,47.82,99.38,0.3281,-1,-1,-1
262,34,732.99,489.69,46.66,111.54,0.2446,-1,-1,-1
262,35,1104.04,435.78,56.44,119.73,0.3307,-1,-1,-1
263,5,1312.72,424.49,137.86,391.52,0.7905,-1,-1,-1
263,18,943.39,395.99,174.95,645.69,0.8203,-1,-1,-1
263,3,943.39,395.99,174.95,645.69,0.8203,-1,-1,-1
263,28,664.61,452.10,71.97,187.34,0.6495,-1,-1,-1
263,29,503.72,439.34,47.38,121.25,0.4046,-1,-1,-1
263,32,817.82,434.56,128.29,481.85,0.6636,-1,-1,-1
263,33,1674.13,412.94,243.47,365.42,0.8339,-1,-1,-1
263,27,400.80,470.62,48.65,97.39,0.3306,-1,-1,-1
263,34,729.99,487.58,49.33,114.68,0.2528,-1,-1,-1
263,35,1106.03,437.33,54.72,118.22,0.3362,-1,-1,-1
264,5,1328.52,421.68,129.10,395.90,0.8136,-1,-1,-1
264,18,945.54,398.01,178.58,643.17,0.8214,-1,-1,-1
264,3,945.54,398.01,178.58,643.17,0.8214,-1,-1,-1
264,28,666.04,452.38,73.14,187.02,0.6318,-1,-1,-1
264,29,504.20,439.37,47.46,121.10,0.4162,-1,-1,-1
264,32,822.68,433.82,122.07,482.33,0.6326,-1,-1,-1
264,33,1662.04,419.25,254.16,359.20,0.8501,-1,-1,-1
264,27,401.70,468.97,46.20,98.89,0.3451,-1,-1,-1
264,34,728.90,490.17,50.44,112.95,0.2553,-1,-1,-1
264,35,1107.79,438.89,52.98,113.95,0.2283,-1,-1,-1
264,36,1297.02,431.97,42.76,118.51,0.3468,-1,-1,-1
265,5,1340.10,421.64,121.61,398.03,0.8057,-1,-1,-1
265,18,947.06,400.49,181.33,641.28,0.8286,-1,-1,-1
265,3,947.06,400.49,181.33,641.28,0.8286,-1,-1,-1
265,28,668.72,452.17,73.27,187.14,0.6313,-1,-1,-1
265,29,504.52,438.82,47.57,121.59,0.4098,-1,-1,-1
265,32,825.06,433.29,120.51,483.68,0.5959,-1,-1,-1
265,33,1655.81,422.82,253.76,354.85,0.8362,-1,-1,-1
265,27,400.99,468.09,47.98,101.43,0.3564,-1,-1,-1
265,35,1109.96,438.34,51.49,117.48,0.3253,-1,-1,-1
265,36,1298.22,434.21,45.66,114.49,0.3179,-1,-1,-1
266,5,1347.56,421.85,121.21,403.09,0.8192,-1,-1,-1
266,18,949.11,402.06,177.94,639.81,0.8175,-1,-1,-1
266,3,949.11,402.06,177.94,639.81,0.8175,-1,-1,-1
266,28,673.12,453.45,71.49,185.50,0.5930,-1,-1,-1
266,29,504.91,438.58,47.57,121.86,0.4097,-1,-1,-1
266,32,826.03,432.23,119.98,485.40,0.6315,-1,-1,-1
266,33,1652.46,415.16,245.74,360.39,0.8503,-1,-1,-1
266,27,401.34,467.37,47.88,104.96,0.3033,-1,-1,-1
266,35,1110.74,438.14,51.83,119.63,0.4099,-1,-1,-1
267,5,1353.35,419.66,120.81,411.36,0.8200,-1,-1,-1
267,18,950.73,402.30,175.93,639.47,0.8105,-1,-1,-1
267,3,950.73,402.30,175.93,639.47,0.8105,-1,-1,-1
267,28,674.98,453.41,71.17,184.35,0.6216,-1,-1,-1
267,29,504.94,438.72,47.63,121.61,0.4298,-1,-1,-1
267,32,826.01,429.48,119.65,489.83,0.7038,-1,-1,-1
267,33,1650.76,415.87,232.02,353.34,0.8299,-1,-1,-1
267,27,400.39,465.11,49.42,108.24,0.3755,-1,-1,-1
267,35,1114.17,438.62,48.87,119.04,0.3496,-1,-1,-1
268,5,1356.51,422.27,133.55,410.15,0.8310,-1,-1,-1
268,18,951.50,403.31,172.73,638.82,0.8180,-1,-1,-1
268,3,951.50,403.31,172.73,638.82,0.8180,-1,-1,-1
268,28,676.99,453.88,69.44,183.37,0.6813,-1,-1,-1
268,29,505.60,437.88,46.96,123.12,0.4167,-1,-1,-1
268,32,825.36,429.62,123.60,489.39,0.5944,-1,-1,-1
268,33,1651.69,414.51,206.41,345.63,0.8202,-1,-1,-1
268,27,397.72,463.69,51.72,110.48,0.3040,-1,-1,-1
268,35,1122.21,445.87,39.50,111.53,0.2912,-1,-1,-1
269,5,1360.69,423.41,152.41,412.87,0.8576,-1,-1,-1
269,18,951.86,403.48,175.88,639.07,0.8197,-1,-1,-1
269,3,951.86,403.48,175.88,639.07,0.8197,-1,-1,-1
269,28,678.82,453.52,67.86,183.12,0.6684,-1,-1,-1
269,29,505.26,436.50,47.21,124.56,0.4430,-1,-1,-1
269,32,823.82,428.86,125.41,491.69,0.5650,-1,-1,-1
269,33,1651.87,415.33,182.31,341.40,0.8106,-1,-1,-1
269,27,394.62,462.40,53.45,110.48,0.2994,-1,-1,-1
269,35,1122.45,444.82,39.63,111.67,0.3667,-1,-1,-1
270,5,1363.90,423.87,169.32,414.73,0.8498,-1,-1,-1
270,18,953.11,404.22,173.49,638.79,0.8080,-1,-1,-1
270,3,953.11,404.22,173.49,638.79,0.8080,-1,-1,-1
270,28,681.37,452.62,66.42,185.50,0.7002,-1,-1,-1
270,29,505.56,436.07,47.01,125.04,0.4104,-1,-1,-1
270,32,825.77,427.23,131.81,493.98,0.5990,-1,-1,-1
270,33,1652.83,410.95,151.86,343.14,0.8016,-1,-1,-1
270,35,1121.58,441.97,40.72,113.06,0.2589,-1,-1,-1
271,5,1364.46,423.61,187.42,415.25,0.8316,-1,-1,-1
271,18,955.51,404.91,168.14,638.58,0.7718,-1,-1,-1
271,3,955.51,404.91,168.14,638.58,0.7718,-1,-1,-1
271,28,684.83,449.38,65.39,190.76,0.6166,-1,-1,-1
271,29,506.76,437.04,46.96,123.97,0.3787,-1,-1,-1
271,32,826.61,426.43,135.54,495.39,0.6077,-1,-1,-1
271,33,1653.49,413.00,121.14,340.22,0.7670,-1,-1,-1
272,5,1364.59,425.09,196.77,415.82,0.8649,-1,-1,-1
272,18,959.35,404.28,161.28,639.00,0.8078,-1,-1,-1
272,3,959.35,404.28,161.28,639.00,0.8078,-1,-1,-1
272,28,687.45,446.76,66.42,195.84,0.6514,-1,-1,-1
272,29,507.15,439.63,47.64,121.38,0.3849,-1,-1,-1
272,32,828.99,426.42,134.40,495.06,0.6612,-1,-1,-1
272,33,1643.68,414.32,101.19,337.31,0.7027,-1,-1,-1
273,5,1365.22,426.77,201.23,418.94,0.8805,-1,-1,-1
273,18,962.84,403.48,158.74,639.79,0.8123,-1,-1,-1
273,3,962.84,403.48,158.74,639.79,0.8123,-1,-1,-1
273,28,688.57,444.36,67.23,200.05,0.6533,-1,-1,-1
273,29,508.01,447.26,46.70,113.45,0.2805,-1,-1,-1
273,32,830.66,424.72,133.61,496.10,0.6601,-1,-1,-1
273,33,1637.23,424.42,87.05,327.72,0.7104,-1,-1,-1
273,27,393.13,463.79,53.41,109.36,0.3630,-1,-1,-1
274,5,1366.82,425.97,204.99,425.68,0.8752,-1,-1,-1
274,18,964.75,403.30,155.81,640.18,0.8157,-1,-1,-1
274,3,964.75,403.30,155.81,640.18,0.8157,-1,-1,-1
274,28,689.08,447.94,67.46,194.27,0.5840,-1,-1,-1
274,29,508.41,447.71,46.33,112.67,0.2938,-1,-1,-1
274,32,832.08,424.52,133.93,495.64,0.6801,-1,-1,-1
274,33,1624.44,433.91,92.60,316.61,0.7958,-1,-1,-1
274,27,393.66,466.54,52.37,106.41,0.3273,-1,-1,-1
275,5,1370.43,424.77,204.98,429.52,0.8780,-1,-1,-1
275,18,966.31,404.23,153.62,639.59,0.7984,-1,-1,-1
275,3,966.31,404.23,153.62,639.59,0.7984,-1,-1,-1
275,28,691.80,448.71,71.66,194.10,0.5692,-1,-1,-1
275,29,509.36,448.90,45.96,111.79,0.2950,-1,-1,-1
275,32,832.66,422.98,134.36,496.38,0.6998,-1,-1,-1
275,33,1596.31,437.29,118.60,313.67,0.7848,-1,-1,-1
275,27,392.90,465.50,54.57,107.63,0.3169,-1,-1,-1
276,5,1375.53,425.13,199.96,430.17,0.8331,-1,-1,-1
276,18,967.79,402.23,154.22,641.48,0.8142,-1,-1,-1
276,3,967.79,402.23,154.22,641.48,0.8142,-1,-1,-1
276,28,696.80,449.04,68.51,193.01,0.5452,-1,-1,-1
276,29,508.78,452.62,45.92,107.35,0.2129,-1,-1,-1
276,32,831.38,423.27,132.47,495.89,0.7016,-1,-1,-1
276,33,1573.47,437.78,138.59,314.98,0.8038,-1,-1,-1
276,27,391.73,465.03,57.36,108.23,0.2722,-1,-1,-1
276,37,1070.73,423.27,102.20,228.66,0.4051,-1,-1,-1
276,36,1304.67,427.87,57.00,123.08,0.4031,-1,-1,-1
277,5,1379.64,425.38,196.23,430.41,0.8146,-1,-1,-1
277,18,970.73,403.18,155.19,640.95,0.8281,-1,-1,-1
277,3,970.73,403.18,155.19,640.95,0.8281,-1,-1,-1
277,28,696.10,451.81,66.31,192.25,0.4537,-1,-1,-1
277,32,828.90,423.37,131.66,496.02,0.6845,-1,-1,-1
277,33,1554.48,424.64,156.52,328.51,0.8516,-1,-1,-1
277,37,1076.01,426.02,97.84,226.45,0.3680,-1,-1,-1
277,36,1304.83,429.41,58.99,121.02,0.2549,-1,-1,-1
278,5,1387.16,425.70,205.09,428.05,0.8071,-1,-1,-1
278,18,971.11,402.01,158.19,642.69,0.8238,-1,-1,-1
278,3,971.11,402.01,158.19,642.69,0.8238,-1,-1,-1
278,28,703.14,451.71,68.24,193.26,0.4962,-1,-1,-1
278,32,830.16,423.10,130.56,496.09,0.7096,-1,-1,-1
278,33,1537.99,447.42,172.74,303.52,0.8509,-1,-1,-1
278,37,1090.06,439.43,85.17,216.09,0.2771,-1,-1,-1
279,5,1427.06,429.47,164.22,421.99,0.5479,-1,-1,-1
279,18,973.81,401.28,158.42,644.24,0.8243,-1,-1,-1
279,3,973.81,401.28,158.42,644.24,0.8243,-1,-1,-1
279,28,707.52,452.19,73.79,192.88,0.4314,-1,-1,-1
279,32,829.13,421.34,132.05,498.10,0.7351,-1,-1,-1
279,33,1530.75,429.67,178.48,319.78,0.8377,-1,-1,-1
279,37,1091.66,445.56,84.86,213.41,0.2682,-1,-1,-1
280,5,1447.47,428.92,144.77,422.39,0.7806,-1,-1,-1
280,18,975.54,401.12,162.39,643.77,0.8129,-1,-1,-1
280,3,975.54,401.12,162.39,643.77,0.8129,-1,-1,-1
280,28,711.97,452.18,75.30,193.30,0.5386,-1,-1,-1
280,32,826.74,419.90,135.27,499.51,0.7231,-1,-1,-1
280,33,1542.27,443.59,162.02,302.21,0.7799,-1,-1,-1
280,37,1099.07,460.66,77.18,198.69,0.2535,-1,-1,-1
280,27,387.59,461.76,56.88,113.31,0.3614,-1,-1,-1
281,5,1458.13,428.61,128.35,421.86,0.7882,-1,-1,-1
281,18,977.59,399.12,165.33,645.16,0.8157,-1,-1,-1
281,3,977.59,399.12,165.33,645.16,0.8157,-1,-1,-1
281,28,714.83,454.97,76.50,191.56,0.6092,-1,-1,-1
281,32,826.87,419.86,141.59,499.49,0.7253,-1,-1,-1
281,33,1546.01,424.12,148.68,323.84,0.6385,-1,-1,-1
281,37,1101.83,460.51,73.27,199.71,0.2411,-1,-1,-1
281,27,387.10,461.06,59.21,113.01,0.3627,-1,-1,-1
282,5,1467.01,432.98,122.36,418.38,0.7365,-1,-1,-1
282,18,979.09,399.84,168.34,644.21,0.7955,-1,-1,-1
282,3,979.09,399.84,168.34,644.21,0.7955,-1,-1,-1
282,28,714.81,458.29,80.23,187.12,0.5094,-1,-1,-1
282,32,826.41,419.40,149.90,498.36,0.7453,-1,-1,-1
282,33,1542.93,420.42,135.68,322.80,0.5467,-1,-1,-1
282,27,385.93,462.86,54.47,111.75,0.3586,-1,-1,-1
283,5,1472.32,432.18,136.05,420.97,0.7706,-1,-1,-1
283,18,982.63,399.47,168.69,644.53,0.7814,-1,-1,-1
283,3,982.63,399.47,168.69,644.53,0.7814,-1,-1,-1
283,28,716.58,458.75,80.38,185.86,0.6087,-1,-1,-1
283,32,825.72,420.32,162.86,497.65,0.7565,-1,-1,-1
283,27,385.53,463.25,52.66,111.97,0.4537,-1,-1,-1
283,29,504.40,455.60,43.57,103.92,0.3480,-1,-1,-1
284,5,1479.42,429.53,143.11,422.77,0.7982,-1,-1,-1
284,18,989.39,400.65,160.80,642.55,0.7642,-1,-1,-1
284,3,989.39,400.65,160.80,642.55,0.7642,-1,-1,-1
284,28,717.87,457.97,80.59,186.89,0.6899,-1,-1,-1
284,32,825.24,420.67,174.81,498.48,0.7643,-1,-1,-1
284,27,384.17,465.52,55.63,109.78,0.4317,-1,-1,-1
284,29,505.00,456.44,42.14,103.57,0.3524,-1,-1,-1
285,5,1487.58,433.90,142.21,418.62,0.7754,-1,-1,-1
285,18,992.65,403.25,156.72,639.91,0.7921,-1,-1,-1
285,3,992.65,403.25,156.72,639.91,0.7921,-1,-1,-1
285,28,717.13,456.36,82.89,188.42,0.7345,-1,-1,-1
285,32,825.68,425.67,182.99,496.83,0.7773,-1,-1,-1
285,27,382.19,466.83,56.16,108.33,0.4219,-1,-1,-1
285,29,504.58,456.55,42.24,103.69,0.3974,-1,-1,-1
285,38,1346.09,444.29,36.17,102.14,0.4821,-1,-1,-1
286,5,1495.53,434.45,152.46,417.84,0.8167,-1,-1,-1
286,18,995.27,405.55,154.65,637.86,0.7906,-1,-1,-1
286,3,995.27,405.55,154.65,637.86,0.7906,-1,-1,-1
286,28,716.99,454.77,86.14,190.00,0.7744,-1,-1,-1
286,32,825.80,425.40,189.30,498.47,0.7842,-1,-1,-1
286,27,380.80,468.22,54.98,106.73,0.3752,-1,-1,-1
286,29,504.46,457.11,42.16,103.14,0.3722,-1,-1,-1
286,38,1348.78,443.04,35.95,103.02,0.4344,-1,-1,-1
286,22,1472.85,442.61,57.15,194.40,0.4088,-1,-1,-1
287,5,1499.29,431.47,175.01,421.11,0.8300,-1,-1,-1
287,18,995.66,406.35,155.59,637.26,0.7841,-1,-1,-1
287,3,995.66,406.35,155.59,637.26,0.7841,-1,-1,-1
287,28,718.55,454.91,85.64,189.29,0.7629,-1,-1,-1
287,32,828.26,422.45,192.22,500.05,0.8052,-1,-1,-1
287,27,380.34,469.54,51.70,104.77,0.3061,-1,-1,-1
287,29,504.42,457.28,41.91,103.29,0.3376,-1,-1,-1
287,38,1350.79,443.72,35.08,104.31,0.4862,-1,-1,-1
287,22,1477.96,442.22,58.90,193.89,0.5658,-1,-1,-1
288,5,1503.23,429.99,199.99,426.05,0.8565,-1,-1,-1
288,18,997.30,406.58,154.40,637.59,0.7845,-1,-1,-1
288,3,997.30,406.58,154.40,637.59,0.7845,-1,-1,-1
288,28,721.41,449.44,83.24,193.74,0.7399,-1,-1,-1
288,32,830.05,421.49,193.30,500.59,0.8137,-1,-1,-1
288,27,380.84,470.60,48.67,103.97,0.3561,-1,-1,-1
288,29,504.65,456.58,41.50,104.30,0.3752,-1,-1,-1
288,38,1351.27,443.79,38.86,103.31,0.2487,-1,-1,-1
288,22,1484.55,437.60,60.27,207.22,0.2326,-1,-1,-1
289,5,1505.71,435.33,219.45,423.32,0.8818,-1,-1,-1
289,18,999.32,407.79,152.98,636.02,0.7845,-1,-1,-1
289,3,999.32,407.79,152.98,636.02,0.7845,-1,-1,-1
289,28,725.50,447.26,81.32,196.46,0.6604,-1,-1,-1
289,32,834.35,422.95,190.13,497.97,0.8087,-1,-1,-1
289,27,380.87,471.87,47.73,102.41,0.2891,-1,-1,-1
289,29,505.92,456.28,40.37,104.55,0.3560,-1,-1,-1
289,38,1353.35,442.56,41.39,105.05,0.3064,-1,-1,-1
289,33,1476.48,414.66,107.38,309.47,0.3416,-1,-1,-1
290,5,1505.71,436.17,235.76,427.87,0.8746,-1,-1,-1
290,18,1002.32,405.89,151.46,637.96,0.8123,-1,-1,-1
290,3,1002.32,405.89,151.46,637.96,0.8123,-1,-1,-1
290,28,729.85,448.15,80.22,195.64,0.6351,-1,-1,-1
290,32,839.13,419.15,185.26,501.84,0.8089,-1,-1,-1
290,27,379.33,473.86,46.58,98.67,0.2483,-1,-1,-1
290,29,506.32,456.41,39.13,102.90,0.3480,-1,-1,-1
290,38,1356.14,440.44,42.94,106.91,0.2755,-1,-1,-1
290,33,1440.85,414.82,132.30,309.13,0.4384,-1,-1,-1
291,5,1504.03,434.77,249.95,433.29,0.8359,-1,-1,-1
291,18,1003.75,404.01,153.28,639.17,0.7855,-1,-1,-1
291,3,1003.75,404.01,153.28,639.17,0.7855,-1,-1,-1
291,28,733.37,452.60,78.79,192.54,0.6252,-1,-1,-1
291,32,835.18,420.52,189.72,501.12,0.8190,-1,-1,-1
291,29,505.99,456.94,39.26,102.10,0.2591,-1,-1,-1
291,38,1357.76,441.52,45.23,106.04,0.3008,-1,-1,-1
291,33,1419.56,421.42,146.33,297.73,0.6328,-1,-1,-1
291,39,677.70,483.11,52.64,121.26,0.3435,-1,-1,-1
292,5,1502.46,435.43,256.12,436.90,0.8560,-1,-1,-1
292,18,1003.45,403.73,155.02,638.88,0.7559,-1,-1,-1
292,3,1003.45,403.73,155.02,638.88,0.7559,-1,-1,-1
292,28,741.31,452.42,70.92,193.23,0.6021,-1,-1,-1
292,32,835.10,422.02,190.31,498.52,0.8118,-1,-1,-1
292,29,505.65,456.49,39.81,103.17,0.2613,-1,-1,-1
292,33,1403.17,426.79,154.87,308.58,0.3362,-1,-1,-1
292,39,680.01,482.56,51.27,122.54,0.2981,-1,-1,-1
293,5,1502.14,436.54,261.70,441.12,0.8686,-1,-1,-1
293,18,1006.32,404.32,155.11,638.07,0.8019,-1,-1,-1
293,3,1006.32,404.32,155.11,638.07,0.8019,-1,-1,-1
293,28,744.80,450.25,68.92,196.42,0.6661,-1,-1,-1
293,32,839.14,418.66,185.74,502.36,0.8220,-1,-1,-1
293,29,505.09,455.06,40.15,104.47,0.3590,-1,-1,-1
293,33,1397.18,429.02,140.26,288.63,0.7030,-1,-1,-1
293,39,681.32,487.06,48.71,118.57,0.2650,-1,-1,-1
294,5,1502.66,435.82,266.55,444.90,0.8660,-1,-1,-1
294,18,1008.09,403.05,154.84,640.40,0.8147,-1,-1,-1
294,3,1008.09,403.05,154.84,640.40,0.8147,-1,-1,-1
294,28,747.52,451.52,64.78,195.09,0.6553,-1,-1,-1
294,32,842.22,415.56,183.05,505.68,0.8318,-1,-1,-1
294,29,504.90,457.03,40.28,101.87,0.3393,-1,-1,-1
294,33,1394.43,429.66,139.15,282.34,0.7575,-1,-1,-1
294,39,681.68,485.18,49.77,120.88,0.3564,-1,-1,-1
294,22,1529.49,437.65,69.44,218.33,0.4477,-1,-1,-1
295,5,1502.52,432.09,268.58,447.97,0.8550,-1,-1,-1
295,18,1009.68,402.93,152.30,640.60,0.8107,-1,-1,-1
295,3,1009.68,402.93,152.30,640.60,0.8107,-1,-1,-1
295,28,748.00,451.68,69.08,196.24,0.6381,-1,-1,-1
295,32,845.18,413.42,180.51,507.39,0.8263,-1,-1,-1
295,29,504.48,458.24,40.01,100.08,0.2816,-1,-1,-1
295,33,1390.17,429.39,148.17,280.80,0.7584,-1,-1,-1
295,39,683.33,486.90,47.56,118.82,0.2562,-1,-1,-1
295,22,1537.64,433.46,69.80,219.76,0.4277,-1,-1,-1
296,5,1511.36,430.08,258.65,450.23,0.8339,-1,-1,-1
296,18,1009.48,403.58,154.68,639.41,0.8182,-1,-1,-1
296,3,1009.48,403.58,154.68,639.41,0.8182,-1,-1,-1
296,28,750.70,449.98,73.96,196.80,0.6586,-1,-1,-1
296,32,848.67,412.76,177.40,508.44,0.8369,-1,-1,-1
296,29,504.76,459.70,39.58,98.37,0.2660,-1,-1,-1
296,33,1391.32,428.17,144.79,281.33,0.7694,-1,-1,-1
296,39,681.59,490.60,50.54,116.02,0.2997,-1,-1,-1
296,22,1544.54,431.66,75.84,220.88,0.3584,-1,-1,-1
296,35,1156.40,436.62,46.65,114.70,0.3713,-1,-1,-1
297,5,1527.17,429.93,240.45,449.97,0.7892,-1,-1,-1
297,18,1011.13,404.59,154.91,637.77,0.8150,-1,-1,-1
297,3,1011.13,404.59,154.91,637.77,0.8150,-1,-1,-1
297,28,757.19,448.46,71.49,199.24,0.7289,-1,-1,-1
297,32,852.78,409.90,173.23,511.48,0.8351,-1,-1,-1
297,29,505.70,458.43,38.95,100.17,0.2765,-1,-1,-1
297,33,1394.99,432.37,137.76,277.34,0.7835,-1,-1,-1
297,39,680.41,492.00,50.97,114.60,0.3200,-1,-1,-1
297,22,1553.16,438.09,77.70,215.86,0.4012,-1,-1,-1
297,35,1157.66,436.74,46.90,115.61,0.3644,-1,-1,-1
298,5,1540.74,430.78,227.21,447.38,0.7481,-1,-1,-1
298,18,1010.78,405.57,157.28,636.28,0.8084,-1,-1,-1
298,3,1010.78,405.57,157.28,636.28,0.8084,-1,-1,-1
298,28,757.70,447.58,71.91,199.98,0.7160,-1,-1,-1
298,32,855.23,410.08,170.84,512.56,0.8062,-1,-1,-1
298,29,506.28,456.27,39.25,103.12,0.3014,-1,-1,-1
298,33,1395.03,438.49,126.97,269.53,0.7831,-1,-1,-1
298,39,679.82,493.31,51.80,112.65,0.2638,-1,-1,-1
298,22,1563.14,428.20,76.40,222.38,0.3774,-1,-1,-1
298,35,1158.01,436.46,48.02,116.69,0.4044,-1,-1,-1
299,5,1554.79,425.79,219.96,454.15,0.7704,-1,-1,-1
299,18,1010.76,405.16,160.42,635.46,0.8110,-1,-1,-1
299,3,1010.76,405.16,160.42,635.46,0.8110,-1,-1,-1
299,28,762.10,450.46,71.03,199.13,0.7052,-1,-1,-1
299,32,865.56,413.55,160.65,512.68,0.7732,-1,-1,-1
299,29,506.83,456.87,38.15,102.90,0.2108,-1,-1,-1
299,33,1394.01,447.22,112.82,259.90,0.7393,-1,-1,-1
299,39,681.66,489.69,47.85,115.22,0.3255,-1,-1,-1
299,22,1571.72,423.09,85.97,226.42,0.3311,-1,-1,-1
299,35,1157.86,437.06,49.32,116.07,0.2424,-1,-1,-1
300,5,1574.54,423.34,196.22,457.02,0.6960,-1,-1,-1
300,18,1012.04,405.30,161.99,632.28,0.8216,-1,-1,-1
300,3,1012.04,405.30,161.99,632.28,0.8216,-1,-1,-1
300,28,765.17,450.85,70.67,199.02,0.7141,-1,-1,-1
300,32,875.54,417.51,148.97,513.50,0.7727,-1,-1,-1
300,29,506.07,456.81,38.85,102.86,0.3022,-1,-1,-1
300,33,1385.73,430.36,102.76,276.25,0.7879,-1,-1,-1
300,39,682.98,494.31,46.51,110.87,0.3337,-1,-1,-1
300,22,1579.83,424.61,83.72,224.58,0.4266,-1,-1,-1
300,35,1160.61,439.12,47.75,114.03,0.2242,-1,-1,-1
301,5,1604.82,422.10,181.35,457.36,0.7290,-1,-1,-1
301,18,1011.00,404.97,161.37,629.72,0.8168,-1,-1,-1
301,3,1011.00,404.97,161.37,629.72,0.8168,-1,-1,-1
301,28,769.38,449.95,68.28,199.82,0.7476,-1,-1,-1
301,32,884.18,418.74,139.05,520.46,0.7645,-1,-1,-1
301,29,506.20,457.86,37.70,101.71,0.3103,-1,-1,-1
301,33,1381.02,442.63,88.78,263.50,0.8122,-1,-1,-1
301,39,681.80,491.90,49.80,114.80,0.2730,-1,-1,-1
301,22,1584.41,425.39,87.24,223.08,0.3787,-1,-1,-1
301,35,1160.56,440.16,49.75,112.33,0.2097,-1,-1,-1
301,27,378.73,468.15,44.68,105.80,0.3899,-1,-1,-1
302,5,1628.17,417.09,164.20,463.32,0.7631,-1,-1,-1
302,18,1008.57,405.87,164.37,625.44,0.8145,-1,-1,-1
302,3,1008.57,405.87,164.37,625.44,0.8145,-1,-1,-1
302,28,770.93,454.14,71.22,196.73,0.7886,-1,-1,-1
302,32,889.18,419.19,134.21,527.15,0.7533,-1,-1,-1
302,29,506.64,459.48,36.40,99.61,0.3996,-1,-1,-1
302,33,1371.97,450.99,85.62,255.86,0.8321,-1,-1,-1
302,39,681.68,492.47,50.12,114.37,0.2408,-1,-1,-1
302,22,1589.39,422.48,93.65,227.39,0.3663,-1,-1,-1
302,35,1161.16,438.27,53.94,116.29,0.2755,-1,-1,-1
302,27,379.36,468.49,44.10,104.97,0.4013,-1,-1,-1
303,5,1646.64,411.17,152.13,475.70,0.7714,-1,-1,-1
303,18,1011.07,405.13,163.20,622.38,0.8101,-1,-1,-1
303,3,1011.07,405.13,163.20,622.38,0.8101,-1,-1,-1
303,28,771.96,454.16,71.92,197.75,0.7771,-1,-1,-1
303,32,879.32,420.57,144.60,528.56,0.7568,-1,-1,-1
303,29,506.31,459.47,36.41,100.15,0.4128,-1,-1,-1
303,33,1359.85,430.69,88.17,275.26,0.7920,-1,-1,-1
303,39,681.75,492.37,50.40,114.49,0.2351,-1,-1,-1
303,22,1595.12,419.67,94.02,229.45,0.3895,-1,-1,-1
303,35,1163.26,438.36,53.85,114.47,0.2623,-1,-1,-1
303,27,378.88,466.55,44.48,107.03,0.4227,-1,-1,-1
303,41,0.13,655.54,116.64,202.92,0.6850,-1,-1,-1
304,5,1660.52,410.14,153.23,486.21,0.7765,-1,-1,-1
304,18,1012.40,404.30,168.57,622.55,0.8101,-1,-1,-1
304,3,1012.40,404.30,168.57,622.55,0.8101,-1,-1,-1
304,28,773.91,454.00,74.60,198.72,0.7694,-1,-1,-1
304,32,871.48,420.29,153.51,530.87,0.7955,-1,-1,-1
304,29,505.62,459.15,37.60,101.32,0.4882,-1,-1,-1
304,33,1345.98,423.89,95.23,281.82,0.7748,-1,-1,-1
304,39,681.80,489.95,51.20,117.25,0.2557,-1,-1,-1
304,22,1603.10,419.38,93.16,230.25,0.3355,-1,-1,-1
304,35,1173.49,438.83,45.43,112.33,0.3285,-1,-1,-1
304,27,378.51,466.43,44.66,107.12,0.3869,-1,-1,-1
304,41,0.06,579.42,118.61,278.87,0.7202,-1,-1,-1
305,5,1670.14,412.68,150.62,491.70,0.7420,-1,-1,-1
305,18,1012.59,404.23,179.52,620.60,0.7974,-1,-1,-1
305,3,1012.59,404.23,179.52,620.60,0.7974,-1,-1,-1
305,28,774.95,451.41,76.02,203.09,0.7746,-1,-1,-1
305,32,873.31,420.74,151.78,531.13,0.7789,-1,-1,-1
305,29,505.55,457.96,37.40,102.63,0.4558,-1,-1,-1
305,33,1336.50,424.46,100.42,281.00,0.7664,-1,-1,-1
305,39,685.75,477.76,48.39,127.17,0.2187,-1,-1,-1
305,22,1611.48,411.86,93.64,238.80,0.3237,-1,-1,-1
305,35,1181.31,439.34,39.95,110.38,0.3831,-1,-1,-1
305,27,377.75,466.25,45.41,107.44,0.3846,-1,-1,-1
305,41,0.32,512.02,117.88,346.42,0.6239,-1,-1,-1
306,5,1674.17,415.65,167.10,495.19,0.8636,-1,-1,-1
306,18,1014.32,404.78,191.70,616.94,0.8195,-1,-1,-1
306,3,1014.32,404.78,191.70,616.94,0.8195,-1,-1,-1
306,28,776.64,448.48,76.22,206.72,0.7657,-1,-1,-1
306,32,874.79,420.35,151.16,532.04,0.7989,-1,-1,-1
306,29,504.51,457.59,39.14,103.31,0.4755,-1,-1,-1
306,33,1321.95,434.49,113.73,268.92,0.8031,-1,-1,-1
306,39,684.28,480.28,49.06,124.02,0.2345,-1,-1,-1
306,22,1615.68,411.77,102.85,322.15,0.3464,-1,-1,-1
306,35,1183.60,441.12,40.61,108.19,0.5471,-1,-1,-1
306,27,377.37,465.97,46.18,108.04,0.3836,-1,-1,-1
306,41,0.19,470.36,121.81,389.42,0.7372,-1,-1,-1
307,5,1679.03,414.02,199.30,501.38,0.8525,-1,-1,-1
307,18,1016.18,402.84,200.87,617.10,0.8297,-1,-1,-1
307,3,1016.18,402.84,200.87,617.10,0.8297,-1,-1,-1
307,28,779.43,450.78,74.15,203.72,0.7219,-1,-1,-1
307,32,873.45,419.91,153.08,532.42,0.8144,-1,-1,-1
307,29,504.09,460.20,38.72,100.81,0.4178,-1,-1,-1
307,33,1311.15,445.50,124.29,255.70,0.8039,-1,-1,-1
307,39,684.34,486.39,48.91,119.29,0.2358,-1,-1,-1
307,22,1616.43,409.48,114.09,372.35,0.5693,-1,-1,-1
307,35,1185.31,442.28,40.69,106.33,0.5618,-1,-1,-1
307,27,378.29,466.40,45.40,107.54,0.3606,-1,-1,-1
307,41,0.38,419.36,122.83,441.55,0.7494,-1,-1,-1
308,5,1680.47,416.83,224.38,500.40,0.8353,-1,-1,-1
308,18,1016.60,401.78,210.98,616.06,0.8432,-1,-1,-1
308,3,1016.60,401.78,210.98,616.06,0.8432,-1,-1,-1
308,28,782.14,449.83,72.37,203.92,0.7513,-1,-1,-1
308,32,874.30,420.31,152.75,532.10,0.8198,-1,-1,-1
308,29,502.82,461.78,40.10,99.38,0.4131,-1,-1,-1
308,33,1301.31,436.80,132.64,263.43,0.8115,-1,-1,-1
308,39,685.86,490.07,47.38,115.73,0.2548,-1,-1,-1
308,22,1611.81,404.48,126.90,396.55,0.6372,-1,-1,-1
308,35,1186.86,442.49,42.66,105.81,0.4959,-1,-1,-1
308,27,377.92,466.69,46.59,107.29,0.3474,-1,-1,-1
308,41,0.51,394.26,123.59,466.71,0.7872,-1,-1,-1
308,34,731.56,478.47,46.91,117.41,0.3392,-1,-1,-1
309,5,1680.13,417.54,235.83,503.18,0.8587,-1,-1,-1
309,18,1016.94,400.00,220.45,616.16,0.8481,-1,-1,-1
309,3,1016.94,400.00,220.45,616.16,0.8481,-1,-1,-1
309,28,788.72,447.68,68.59,206.91,0.7215,-1,-1,-1
309,32,873.36,421.07,153.42,530.73,0.8315,-1,-1,-1
309,29,501.39,461.47,41.52,99.59,0.4335,-1,-1,-1
309,33,1293.87,433.33,137.77,267.29,0.8019,-1,-1,-1
309,39,684.07,491.78,48.51,112.89,0.2234,-1,-1,-1
309,22,1612.56,404.96,134.58,405.00,0.5927,-1,-1,-1
309,35,1189.43,443.42,40.72,104.32,0.4225,-1,-1,-1
309,27,378.09,465.59,46.20,108.10,0.3290,-1,-1,-1
309,41,0.49,381.62,123.91,479.53,0.8110,-1,-1,-1
309,34,731.94,477.76,49.03,118.72,0.3720,-1,-1,-1
310,5,1677.50,417.75,245.54,509.52,0.8810,-1,-1,-1
310,18,1017.43,399.84,228.00,615.12,0.8571,-1,-1,-1
310,3,1017.43,399.84,228.00,615.12,0.8571,-1,-1,-1
310,28,793.87,445.52,65.30,209.50,0.7222,-1,-1,-1
310,32,874.24,421.60,151.99,530.10,0.8077,-1,-1,-1
310,29,499.66,460.52,42.84,100.62,0.4624,-1,-1,-1
310,33,1288.12,430.34,139.16,269.46,0.7630,-1,-1,-1
310,22,1617.16,407.03,139.23,406.89,0.5088,-1,-1,-1
310,35,1190.76,444.89,41.23,103.06,0.4925,-1,-1,-1
310,27,376.96,464.53,45.65,108.49,0.2794,-1,-1,-1
310,41,0.41,377.30,124.10,483.77,0.8048,-1,-1,-1
310,34,732.41,479.44,49.52,118.06,0.3742,-1,-1,-1
311,5,1674.96,418.89,250.97,514.34,0.8750,-1,-1,-1
311,18,1016.77,401.57,232.12,613.10,0.8584,-1,-1,-1
311,3,1016.77,401.57,232.12,613.10,0.8584,-1,-1,-1
311,28,798.11,444.71,64.11,211.01,0.7322,-1,-1,-1
311,32,873.68,421.05,152.73,530.62,0.8186,-1,-1,-1
311,29,499.01,457.36,44.57,103.52,0.4801,-1,-1,-1
311,33,1285.64,431.45,131.77,264.96,0.7594,-1,-1,-1
311,22,1638.16,407.81,125.68,411.53,0.4776,-1,-1,-1
311,35,1190.99,446.27,41.40,101.28,0.5117,-1,-1,-1
311,27,375.97,465.67,46.01,107.44,0.2412,-1,-1,-1
311,41,0.17,375.00,121.70,483.78,0.8183,-1,-1,-1
311,34,732.52,479.40,50.85,118.94,0.4494,-1,-1,-1
312,5,1675.26,419.75,251.47,515.98,0.8617,-1,-1,-1
312,18,1019.16,403.11,230.64,611.49,0.8612,-1,-1,-1
312,3,1019.16,403.11,230.64,611.49,0.8612,-1,-1,-1
312,28,800.02,446.85,66.04,209.46,0.7320,-1,-1,-1
312,32,872.02,420.57,154.97,531.52,0.8326,-1,-1,-1
312,29,498.58,455.85,45.28,105.32,0.4224,-1,-1,-1
312,33,1278.82,430.43,122.72,261.39,0.7649,-1,-1,-1
312,22,1627.83,409.84,144.04,411.82,0.5099,-1,-1,-1
312,35,1191.93,443.88,40.90,104.97,0.4681,-1,-1,-1
312,27,375.50,462.98,47.10,109.71,0.2190,-1,-1,-1
312,41,0.14,374.11,125.58,485.49,0.8305,-1,-1,-1
312,34,732.38,479.75,52.16,118.82,0.4645,-1,-1,-1
313,5,1679.50,421.26,246.77,516.29,0.8692,-1,-1,-1
313,18,1020.11,402.76,230.57,611.81,0.8613,-1,-1,-1
313,3,1020.11,402.76,230.57,611.81,0.8613,-1,-1,-1
313,28,800.96,445.69,72.99,211.24,0.7281,-1,-1,-1
313,32,870.84,419.88,156.64,532.42,0.8132,-1,-1,-1
313,29,498.35,457.29,45.24,104.27,0.3891,-1,-1,-1
313,33,1273.26,431.70,113.21,257.70,0.7863,-1,-1,-1
313,22,1623.95,411.59,159.75,407.46,0.4773,-1,-1,-1
313,35,1192.08,441.53,42.79,108.65,0.4890,-1,-1,-1
313,27,375.57,460.64,46.92,112.72,0.2310,-1,-1,-1
313,41,1.07,375.38,136.26,484.98,0.8574,-1,-1,-1
313,34,732.69,478.96,52.09,118.96,0.4908,-1,-1,-1
314,5,1687.73,419.71,237.58,518.59,0.8701,-1,-1,-1
314,18,1021.94,402.43,228.20,611.39,0.8650,-1,-1,-1
314,3,1021.94,402.43,228.20,611.39,0.8650,-1,-1,-1
314,28,802.55,445.44,75.34,211.68,0.7232,-1,-1,-1
314,32,869.77,419.23,158.61,533.19,0.8201,-1,-1,-1
314,29,497.32,456.25,46.26,105.57,0.4149,-1,-1,-1
314,33,1273.49,428.42,97.63,259.84,0.8068,-1,-1,-1
314,22,1625.89,413.80,166.41,402.50,0.3588,-1,-1,-1
314,35,1192.56,439.64,44.20,111.36,0.5538,-1,-1,-1
314,27,375.81,463.89,47.01,109.58,0.2099,-1,-1,-1
314,41,5.84,378.05,148.94,480.55,0.8539,-1,-1,-1
314,34,733.40,481.27,50.51,116.46,0.4090,-1,-1,-1
315,5,1748.75,421.21,176.01,517.88,0.7135,-1,-1,-1
315,18,1027.13,400.32,222.93,614.17,0.8599,-1,-1,-1
315,3,1027.13,400.32,222.93,614.17,0.8599,-1,-1,-1
315,28,805.27,443.86,77.14,213.76,0.7224,-1,-1,-1
315,32,868.60,417.70,161.14,534.58,0.8151,-1,-1,-1
315,29,497.45,454.67,45.45,106.53,0.4379,-1,-1,-1
315,33,1272.14,427.06,86.15,259.95,0.7806,-1,-1,-1
315,22,1629.30,417.20,201.80,448.41,0.4207,-1,-1,-1
315,35,1193.80,435.94,43.40,114.93,0.5373,-1,-1,-1
315,27,376.95,463.16,45.63,110.66,0.3028,-1,-1,-1
315,41,13.35,382.72,173.22,477.80,0.8669,-1,-1,-1
315,34,732.45,480.83,50.58,116.93,0.3639,-1,-1,-1
316,5,1781.42,418.15,141.60,519.26,0.7916,-1,-1,-1
316,18,1032.58,401.10,215.95,612.43,0.8603,-1,-1,-1
316,3,1032.58,401.10,215.95,612.43,0.8603,-1,-1,-1
316,28,806.13,444.02,79.06,214.83,0.6920,-1,-1,-1
316,32,867.45,416.27,161.37,535.98,0.8042,-1,-1,-1
316,29,497.79,453.48,44.60,107.79,0.4586,-1,-1,-1
316,33,1270.97,427.64,75.86,260.92,0.7539,-1,-1,-1
316,22,1637.52,415.02,212.49,469.93,0.6287,-1,-1,-1
316,35,1195.16,435.87,44.72,115.06,0.6068,-1,-1,-1
316,27,377.76,462.99,44.68,110.68,0.2960,-1,-1,-1
316,41,17.30,390.53,205.11,471.47,0.8802,-1,-1,-1
316,34,731.44,481.08,51.16,116.22,0.3191,-1,-1,-1
317,5,1799.03,416.43,123.44,518.92,0.7086,-1,-1,-1
317,18,1035.95,400.19,212.26,613.61,0.8566,-1,-1,-1
317,3,1035.95,400.19,212.26,613.61,0.8566,-1,-1,-1
317,28,807.67,443.67,72.40,216.52,0.6834,-1,-1,-1
317,32,866.09,417.07,164.89,534.68,0.8187,-1,-1,-1
317,29,497.94,451.89,43.52,109.54,0.4666,-1,-1,-1
317,33,1265.40,423.48,74.66,263.30,0.7733,-1,-1,-1
317,22,1646.17,410.80,206.88,475.90,0.5942,-1,-1,-1
317,35,1196.45,436.82,44.17,114.16,0.5815,-1,-1,-1
317,27,378.20,463.48,44.82,111.17,0.3880,-1,-1,-1
317,41,18.52,392.51,235.25,469.82,0.8819,-1,-1,-1
317,34,731.70,481.66,50.80,115.71,0.3406,-1,-1,-1
318,5,1790.99,419.72,129.94,524.25,0.6348,-1,-1,-1
318,18,1039.05,399.97,209.62,613.14,0.8526,-1,-1,-1
318,3,1039.05,399.97,209.62,613.14,0.8526,-1,-1,-1
318,28,808.70,443.61,70.35,216.72,0.6698,-1,-1,-1
318,32,867.35,417.04,165.18,534.83,0.8159,-1,-1,-1
318,29,497.49,452.73,42.71,108.53,0.4920,-1,-1,-1
318,33,1258.12,427.14,77.77,259.08,0.7975,-1,-1,-1
318,22,1673.33,409.25,176.29,448.84,0.3698,-1,-1,-1
318,35,1198.71,437.20,44.74,112.68,0.5598,-1,-1,-1
318,27,377.67,463.18,45.51,111.03,0.3304,-1,-1,-1
318,41,18.42,393.70,262.30,469.49,0.9009,-1,-1,-1
318,34,731.05,481.55,51.12,115.66,0.3317,-1,-1,-1
319,5,1809.89,416.85,110.96,525.60,0.6743,-1,-1,-1
319,18,1041.33,400.25,207.39,611.97,0.8536,-1,-1,-1
319,3,1041.33,400.25,207.39,611.97,0.8536,-1,-1,-1
319,28,813.37,444.30,70.49,215.14,0.6717,-1,-1,-1
319,32,866.66,416.41,166.48,535.50,0.8180,-1,-1,-1
319,29,496.86,453.55,41.77,107.82,0.4823,-1,-1,-1
319,33,1246.54,427.41,87.77,259.19,0.7735,-1,-1,-1
319,22,1705.85,403.74,147.35,448.69,0.4395,-1,-1,-1
319,35,1200.81,438.67,44.73,110.33,0.5846,-1,-1,-1
319,27,377.47,462.86,46.02,111.40,0.3375,-1,-1,-1
319,41,18.62,393.70,278.53,469.96,0.8974,-1,-1,-1
319,34,730.21,481.93,51.41,114.81,0.2259,-1,-1,-1
320,5,1828.42,417.54,92.08,523.98,0.7310,-1,-1,-1
320,18,1044.83,401.15,203.29,610.79,0.8578,-1,-1,-1
320,3,1044.83,401.15,203.29,610.79,0.8578,-1,-1,-1
320,28,816.11,444.95,72.13,214.49,0.6274,-1,-1,-1
320,32,865.90,416.50,168.73,534.85,0.8257,-1,-1,-1
320,29,496.53,451.18,41.18,110.00,0.4493,-1,-1,-1
320,33,1233.92,433.56,100.35,254.20,0.7423,-1,-1,-1
320,22,1707.93,399.23,150.05,457.97,0.5105,-1,-1,-1
320,35,1202.86,440.36,44.29,108.29,0.4239,-1,-1,-1
320,27,377.32,463.90,46.41,110.04,0.2698,-1,-1,-1
320,41,20.44,396.10,288.23,466.46,0.8932,-1,-1,-1
320,34,735.04,485.61,45.40,110.89,0.2583,-1,-1,-1
320,38,1437.66,434.61,41.16,114.60,0.4445,-1,-1,-1
321,5,1844.20,425.28,75.99,516.41,0.7352,-1,-1,-1
321,18,1047.51,400.82,200.36,611.12,0.8621,-1,-1,-1
321,3,1047.51,400.82,200.36,611.12,0.8621,-1,-1,-1
321,28,818.74,447.24,69.91,211.85,0.6443,-1,-1,-1
321,32,867.37,417.07,166.47,534.30,0.8211,-1,-1,-1
321,29,495.60,448.93,40.54,112.13,0.4158,-1,-1,-1
321,33,1231.62,434.87,103.04,252.22,0.7711,-1,-1,-1
321,22,1716.11,400.04,147.92,449.40,0.5450,-1,-1,-1
321,35,1206.05,442.39,42.32,99.32,0.3209,-1,-1,-1
321,27,377.77,464.00,45.58,109.91,0.2799,-1,-1,-1
321,41,22.15,397.35,293.00,464.29,0.8873,-1,-1,-1
321,34,734.99,486.58,45.46,110.16,0.2860,-1,-1,-1
321,38,1438.51,435.10,42.97,114.42,0.5424,-1,-1,-1
322,5,1856.32,427.29,63.54,513.64,0.6968,-1,-1,-1
322,18,1049.09,403.11,198.23,609.43,0.8586,-1,-1,-1
322,3,1049.09,403.11,198.23,609.43,0.8586,-1,-1,-1
322,28,820.24,448.43,70.92,210.93,0.6699,-1,-1,-1
322,32,868.14,416.78,164.43,534.59,0.8250,-1,-1,-1
322,29,493.85,446.83,41.73,114.47,0.4479,-1,-1,-1
322,33,1229.22,440.84,105.55,245.09,0.7586,-1,-1,-1
322,22,1728.98,395.63,143.94,451.94,0.5514,-1,-1,-1
322,27,377.02,463.03,46.38,111.10,0.3770,-1,-1,-1
322,41,24.63,399.28,298.24,456.34,0.8863,-1,-1,-1
322,34,735.59,486.61,44.76,110.23,0.2857,-1,-1,-1
322,38,1438.11,434.71,45.14,114.68,0.5471,-1,-1,-1
323,5,1861.66,453.83,58.00,488.34,0.6179,-1,-1,-1
323,18,1051.15,402.52,195.54,609.53,0.8646,-1,-1,-1
323,3,1051.15,402.52,195.54,609.53,0.8646,-1,-1,-1
323,28,821.14,451.67,73.19,207.50,0.6408,-1,-1,-1
323,32,869.79,415.89,165.05,535.47,0.8170,-1,-1,-1
323,29,492.93,446.14,42.56,114.93,0.4658,-1,-1,-1
323,33,1228.45,441.24,103.14,243.49,0.7669,-1,-1,-1
323,22,1737.90,393.21,143.12,452.49,0.6870,-1,-1,-1
323,27,376.68,463.00,46.54,111.38,0.4019,-1,-1,-1
323,41,25.96,402.02,302.35,450.57,0.8895,-1,-1,-1
323,38,1437.91,437.20,49.32,111.70,0.4975,-1,-1,-1
324,5,1862.74,450.45,56.82,493.43,0.5796,-1,-1,-1
324,18,1054.46,400.51,192.20,611.65,0.8562,-1,-1,-1
324,3,1054.46,400.51,192.20,611.65,0.8562,-1,-1,-1
324,28,821.67,455.60,74.21,203.13,0.6242,-1,-1,-1
324,32,871.70,415.96,164.61,535.51,0.8081,-1,-1,-1
324,29,492.09,446.32,42.93,114.75,0.4748,-1,-1,-1
324,33,1222.59,439.17,103.87,245.70,0.7491,-1,-1,-1
324,22,1748.53,392.53,141.84,454.82,0.6026,-1,-1,-1
324,27,376.69,463.75,46.25,110.76,0.4073,-1,-1,-1
324,41,31.06,403.63,299.86,444.87,0.8970,-1,-1,-1
324,38,1439.99,439.86,51.23,108.98,0.5524,-1,-1,-1
325,5,1865.04,416.52,54.52,525.74,0.5330,-1,-1,-1
325,18,1056.53,398.80,190.81,613.33,0.8534,-1,-1,-1
325,3,1056.53,398.80,190.81,613.33,0.8534,-1,-1,-1
325,28,825.53,447.23,76.01,213.81,0.4451,-1,-1,-1
325,32,873.71,415.48,163.23,535.89,0.8058,-1,-1,-1
325,29,491.84,446.48,42.41,115.46,0.4745,-1,-1,-1
325,33,1217.78,442.84,102.86,241.52,0.6803,-1,-1,-1
325,22,1758.24,391.64,152.61,467.55,0.5507,-1,-1,-1
325,27,376.31,464.06,47.18,110.60,0.4271,-1,-1,-1
325,41,39.66,403.37,292.54,443.89,0.9014,-1,-1,-1
325,38,1443.87,439.71,51.25,108.56,0.5734,-1,-1,-1
326,5,1863.17,410.41,56.24,532.83,0.3082,-1,-1,-1
326,18,1057.68,398.48,190.48,613.98,0.8585,-1,-1,-1
326,3,1057.68,398.48,190.48,613.98,0.8585,-1,-1,-1
326,28,828.26,442.36,79.90,220.48,0.3753,-1,-1,-1
326,32,875.28,415.64,162.22,535.93,0.7933,-1,-1,-1
326,29,490.64,445.63,43.64,116.25,0.4509,-1,-1,-1
326,33,1212.34,451.87,98.87,229.56,0.5432,-1,-1,-1
326,22,1765.10,393.16,154.62,493.94,0.6152,-1,-1,-1
326,27,376.65,465.29,46.98,109.82,0.4042,-1,-1,-1
326,41,54.09,403.65,278.08,440.62,0.8901,-1,-1,-1
326,38,1446.57,441.15,50.55,107.37,0.5906,-1,-1,-1
327,18,1058.28,396.49,190.22,616.61,0.8635,-1,-1,-1
327,3,1058.28,396.49,190.22,616.61,0.8635,-1,-1,-1
327,28,841.26,442.96,67.82,166.03,0.3477,-1,-1,-1
327,32,878.59,416.65,158.86,534.88,0.7848,-1,-1,-1
327,29,489.80,445.27,43.56,116.32,0.5024,-1,-1,-1
327,33,1207.03,439.31,74.76,202.75,0.4022,-1,-1,-1
327,22,1770.33,392.16,152.55,525.73,0.7192,-1,-1,-1
327,27,376.38,466.31,47.73,108.67,0.4012,-1,-1,-1
327,41,76.77,402.08,254.59,438.34,0.8740,-1,-1,-1
327,38,1448.22,441.54,52.57,106.83,0.5939,-1,-1,-1
328,18,1058.25,395.97,191.43,617.51,0.8601,-1,-1,-1
328,3,1058.25,395.97,191.43,617.51,0.8601,-1,-1,-1
328,28,852.41,444.57,59.00,137.65,0.3224,-1,-1,-1
328,32,879.71,415.93,157.74,535.82,0.7551,-1,-1,-1
328,29,489.67,448.81,42.05,112.82,0.3993,-1,-1,-1
328,33,1202.16,442.77,78.93,218.93,0.3389,-1,-1,-1
328,22,1771.81,389.03,151.81,545.65,0.7893,-1,-1,-1
328,27,377.09,466.89,47.55,108.59,0.4555,-1,-1,-1
328,41,98.14,394.16,233.03,439.15,0.8826,-1,-1,-1
328,38,1452.37,442.34,48.19,105.60,0.6210,-1,-1,-1
328,34,733.96,485.07,48.57,112.21,0.3385,-1,-1,-1
329,18,1058.28,398.11,191.78,615.99,0.8601,-1,-1,-1
329,3,1058.28,398.11,191.78,615.99,0.8601,-1,-1,-1
329,28,858.48,445.84,55.66,127.01,0.2292,-1,-1,-1
329,32,876.02,417.41,162.00,535.87,0.7764,-1,-1,-1
329,29,489.60,452.08,42.11,109.71,0.3906,-1,-1,-1
329,22,1770.24,393.19,153.43,547.09,0.8198,-1,-1,-1
329,27,377.25,467.05,47.50,108.00,0.4093,-1,-1,-1
329,41,120.69,392.07,208.96,435.03,0.8314,-1,-1,-1
329,38,1456.84,441.82,42.91,104.39,0.5397,-1,-1,-1
329,34,733.61,484.53,49.17,113.35,0.3472,-1,-1,-1
330,18,1058.33,396.83,191.68,617.51,0.8641,-1,-1,-1
330,3,1058.33,396.83,191.68,617.51,0.8641,-1,-1,-1
330,32,870.87,418.96,168.79,534.16,0.8044,-1,-1,-1
330,29,488.97,452.49,42.55,109.36,0.4434,-1,-1,-1
330,22,1769.85,395.52,153.65,541.22,0.7421,-1,-1,-1
330,27,377.60,466.73,47.02,107.62,0.4270,-1,-1,-1
330,41,145.22,396.92,182.46,427.22,0.8069,-1,-1,-1
330,38,1460.26,441.38,39.74,103.58,0.4592,-1,-1,-1
330,34,734.73,484.78,47.90,112.73,0.3624,-1,-1,-1
331,18,1058.52,395.75,193.06,618.56,0.8649,-1,-1,-1
331,3,1058.52,395.75,193.06,618.56,0.8649,-1,-1,-1
331,32,869.47,419.93,171.45,532.93,0.8023,-1,-1,-1
331,29,488.04,452.98,42.93,109.02,0.3922,-1,-1,-1
331,22,1769.93,392.47,153.18,490.52,0.7401,-1,-1,-1
331,27,377.29,465.78,47.33,108.39,0.4195,-1,-1,-1
331,41,172.24,394.16,156.10,428.94,0.7994,-1,-1,-1
331,38,1464.01,440.78,37.85,104.59,0.5805,-1,-1,-1
331,34,734.68,483.82,47.54,114.06,0.3464,-1,-1,-1
332,18,1059.17,396.36,193.61,618.77,0.8638,-1,-1,-1
332,3,1059.17,396.36,193.61,618.77,0.8638,-1,-1,-1
332,32,870.90,420.22,173.92,532.48,0.8235,-1,-1,-1
332,29,488.63,451.41,41.79,110.78,0.4047,-1,-1,-1
332,22,1770.55,393.63,152.34,469.77,0.7846,-1,-1,-1
332,27,377.67,463.57,47.25,111.85,0.4423,-1,-1,-1
332,41,199.86,392.69,137.07,430.41,0.7746,-1,-1,-1
332,38,1467.03,440.16,39.45,106.06,0.5812,-1,-1,-1
332,34,736.04,484.14,46.82,113.78,0.3065,-1,-1,-1
333,18,1059.95,397.00,194.68,618.07,0.8718,-1,-1,-1
333,3,1059.95,397.00,194.68,618.07,0.8718,-1,-1,-1
333,32,871.70,419.77,175.68,532.95,0.8293,-1,-1,-1
333,29,490.26,452.54,40.37,109.33,0.3878,-1,-1,-1
333,22,1770.57,393.89,151.98,464.05,0.7828,-1,-1,-1
333,27,373.96,467.39,52.50,106.51,0.2877,-1,-1,-1
333,41,217.88,390.62,132.72,432.46,0.7502,-1,-1,-1
333,38,1471.02,440.31,38.67,104.59,0.5667,-1,-1,-1
333,34,738.04,482.30,45.71,116.05,0.3103,-1,-1,-1
333,42,0.39,592.04,109.74,197.63,0.3763,-1,-1,-1
334,18,1061.03,396.68,193.57,618.45,0.8759,-1,-1,-1
334,3,1061.03,396.68,193.57,618.45,0.8759,-1,-1,-1
334,32,872.43,420.13,176.76,532.50,0.8307,-1,-1,-1
334,29,490.96,453.13,39.45,108.63,0.3503,-1,-1,-1
334,22,1775.62,392.45,146.51,462.94,0.6607,-1,-1,-1
334,27,372.69,470.07,54.05,103.60,0.2699,-1,-1,-1
334,41,226.18,398.97,141.19,423.52,0.7157,-1,-1,-1
334,38,1472.87,440.31,37.57,105.72,0.4882,-1,-1,-1
334,34,738.94,482.26,45.78,116.36,0.3448,-1,-1,-1
334,42,0.51,484.49,126.55,306.80,0.6673,-1,-1,-1
335,18,1061.45,396.73,191.99,617.59,0.8785,-1,-1,-1
335,3,1061.45,396.73,191.99,617.59,0.8785,-1,-1,-1
335,32,872.64,419.57,177.52,532.93,0.8366,-1,-1,-1
335,29,490.35,449.95,40.02,112.42,0.4442,-1,-1,-1
335,22,1780.92,402.89,140.81,453.81,0.6202,-1,-1,-1
335,27,374.06,470.79,53.00,103.40,0.2313,-1,-1,-1
335,41,206.99,414.70,177.75,407.24,0.7269,-1,-1,-1
335,38,1474.27,438.98,38.26,106.60,0.5404,-1,-1,-1
335,34,738.89,481.43,45.64,117.93,0.3817,-1,-1,-1
335,42,0.43,449.65,139.67,337.32,0.6942,-1,-1,-1
336,18,1060.70,396.62,192.43,617.51,0.8792,-1,-1,-1
336,3,1060.70,396.62,192.43,617.51,0.8792,-1,-1,-1
336,32,873.13,420.45,175.65,532.06,0.8424,-1,-1,-1
336,29,489.11,447.92,40.23,113.36,0.4384,-1,-1,-1
336,22,1789.19,429.21,132.20,429.19,0.5104,-1,-1,-1
336,41,209.52,414.87,189.18,404.66,0.6272,-1,-1,-1
336,38,1475.60,438.14,37.42,106.67,0.5230,-1,-1,-1
336,34,737.36,482.59,46.69,116.39,0.3298,-1,-1,-1
336,42,0.31,429.32,147.04,358.42,0.8055,-1,-1,-1
337,18,1060.80,397.05,194.21,617.53,0.8804,-1,-1,-1
337,3,1060.80,397.05,194.21,617.53,0.8804,-1,-1,-1
337,32,873.96,419.72,174.50,532.86,0.8339,-1,-1,-1
337,29,488.53,449.29,39.24,111.75,0.2603,-1,-1,-1
337,22,1803.33,436.38,117.50,421.97,0.3929,-1,-1,-1
337,41,222.46,424.55,194.74,398.01,0.7151,-1,-1,-1
337,38,1476.22,436.67,39.09,109.00,0.5357,-1,-1,-1
337,34,735.77,482.93,47.26,117.06,0.3872,-1,-1,-1
337,42,0.32,423.52,151.69,363.21,0.8236,-1,-1,-1
338,18,1061.17,397.22,195.64,617.17,0.8736,-1,-1,-1
338,3,1061.17,397.22,195.64,617.17,0.8736,-1,-1,-1
338,32,874.85,418.74,175.76,534.26,0.8204,-1,-1,-1
338,41,229.37,435.53,209.72,387.42,0.7953,-1,-1,-1
338,38,1478.93,436.17,40.59,109.50,0.5942,-1,-1,-1
338,34,735.16,483.36,47.61,116.85,0.3667,-1,-1,-1
338,42,0.53,428.07,152.33,357.69,0.8322,-1,-1,-1
339,18,1062.30,396.66,193.63,617.47,0.8826,-1,-1,-1
339,3,1062.30,396.66,193.63,617.47,0.8826,-1,-1,-1
339,32,875.47,418.41,173.69,534.81,0.8224,-1,-1,-1
339,41,236.88,415.56,215.10,407.01,0.8187,-1,-1,-1
339,38,1481.53,436.92,41.63,108.83,0.5213,-1,-1,-1
339,34,736.39,484.69,46.19,114.99,0.4453,-1,-1,-1
339,42,0.60,429.48,153.10,355.60,0.8346,-1,-1,-1
339,39,679.97,492.17,49.28,111.80,0.3510,-1,-1,-1
340,18,1062.76,398.11,194.37,615.68,0.8841,-1,-1,-1
340,3,1062.76,398.11,194.37,615.68,0.8841,-1,-1,-1
340,32,876.91,418.25,170.83,534.86,0.8207,-1,-1,-1
340,41,237.24,408.97,224.33,413.96,0.8488,-1,-1,-1
340,38,1484.11,436.80,41.13,109.32,0.4274,-1,-1,-1
340,34,736.77,484.93,45.32,114.34,0.4515,-1,-1,-1
340,42,0.61,429.14,151.96,356.66,0.8390,-1,-1,-1
340,39,679.78,491.74,49.31,112.39,0.3512,-1,-1,-1
341,18,1063.79,401.47,194.20,612.35,0.8853,-1,-1,-1
341,3,1063.79,401.47,194.20,612.35,0.8853,-1,-1,-1
341,32,878.11,418.02,169.28,534.73,0.8211,-1,-1,-1
341,41,241.54,423.20,223.02,399.02,0.8177,-1,-1,-1
341,38,1485.25,434.79,44.08,111.62,0.2678,-1,-1,-1
341,34,736.52,483.91,45.12,115.27,0.4482,-1,-1,-1
341,42,0.42,426.02,152.64,359.07,0.8457,-1,-1,-1
341,39,679.29,491.91,49.35,111.82,0.3521,-1,-1,-1
342,18,1065.34,400.75,195.97,612.73,0.8778,-1,-1,-1
342,3,1065.34,400.75,195.97,612.73,0.8778,-1,-1,-1
342,32,881.41,421.56,171.30,530.98,0.8178,-1,-1,-1
342,41,243.33,430.45,224.24,390.65,0.8159,-1,-1,-1
342,38,1485.45,434.54,51.82,112.63,0.2320,-1,-1,-1
342,34,737.84,483.62,43.93,115.10,0.4758,-1,-1,-1
342,42,0.87,429.13,153.29,355.46,0.8343,-1,-1,-1
342,39,679.23,490.16,50.08,113.81,0.3739,-1,-1,-1
343,18,1065.64,400.94,194.47,612.54,0.8819,-1,-1,-1
343,3,1065.64,400.94,194.47,612.54,0.8819,-1,-1,-1
343,32,884.12,422.84,169.52,529.73,0.8163,-1,-1,-1
343,41,245.33,431.46,221.90,388.62,0.8161,-1,-1,-1
343,38,1487.47,434.13,55.71,113.45,0.2279,-1,-1,-1
343,34,738.20,484.69,44.70,113.97,0.4107,-1,-1,-1
343,42,0.68,426.00,153.19,361.94,0.7919,-1,-1,-1
343,39,677.55,489.30,52.79,113.65,0.3024,-1,-1,-1
344,18,1066.16,400.07,194.83,613.57,0.8784,-1,-1,-1
344,3,1066.16,400.07,194.83,613.57,0.8784,-1,-1,-1
344,32,886.37,424.01,168.19,528.37,0.8185,-1,-1,-1
344,41,247.76,419.25,218.52,399.07,0.8110,-1,-1,-1
344,34,737.30,484.93,45.98,114.38,0.4691,-1,-1,-1
344,42,6.76,427.29,146.59,359.59,0.7777,-1,-1,-1
344,39,676.72,488.34,54.35,115.25,0.3697,-1,-1,-1
345,18,1066.45,400.75,197.53,612.32,0.8807,-1,-1,-1
345,3,1066.45,400.75,197.53,612.32,0.8807,-1,-1,-1
345,32,888.88,424.23,165.54,527.69,0.8059,-1,-1,-1
345,41,250.86,411.24,214.06,405.96,0.8542,-1,-1,-1
345,34,735.30,484.08,48.49,114.72,0.3779,-1,-1,-1
345,42,11.41,426.85,143.05,360.75,0.8136,-1,-1,-1
345,39,677.93,489.26,53.65,114.71,0.3228,-1,-1,-1
346,18,1066.90,400.49,196.98,613.01,0.8778,-1,-1,-1
346,3,1066.90,400.49,196.98,613.01,0.8778,-1,-1,-1
346,32,890.13,424.28,167.26,527.23,0.8130,-1,-1,-1
346,41,260.17,404.73,203.81,411.00,0.8379,-1,-1,-1
346,34,734.11,483.26,50.13,115.58,0.4084,-1,-1,-1
346,42,30.17,429.63,129.23,356.49,0.8016,-1,-1,-1
346,39,676.71,491.53,54.49,113.32,0.3187,-1,-1,-1
347,18,1067.57,402.23,198.21,611.66,0.8741,-1,-1,-1
347,3,1067.57,402.23,198.21,611.66,0.8741,-1,-1,-1
347,32,891.54,424.39,168.25,526.86,0.8081,-1,-1,-1
347,41,271.22,402.85,193.12,413.60,0.8133,-1,-1,-1
347,34,733.65,483.95,50.38,115.07,0.3356,-1,-1,-1
347,42,47.59,432.75,123.16,350.58,0.8049,-1,-1,-1
347,39,673.34,489.33,57.38,117.67,0.3354,-1,-1,-1
348,18,1067.55,400.35,199.99,613.36,0.8733,-1,-1,-1
348,3,1067.55,400.35,199.99,613.36,0.8733,-1,-1,-1
348,32,895.21,423.67,162.02,527.24,0.8008,-1,-1,-1
348,41,287.60,405.68,178.64,409.27,0.7894,-1,-1,-1
348,34,731.78,482.21,52.93,116.11,0.3809,-1,-1,-1
348,42,53.71,431.14,128.32,351.83,0.6840,-1,-1,-1
348,39,671.76,491.63,59.10,116.43,0.2452,-1,-1,-1
349,18,1067.53,401.67,201.15,612.31,0.8727,-1,-1,-1
349,3,1067.53,401.67,201.15,612.31,0.8727,-1,-1,-1
349,32,898.30,422.64,159.55,528.49,0.8063,-1,-1,-1
349,41,298.27,401.90,163.55,405.49,0.8060,-1,-1,-1
349,34,733.43,482.79,50.07,115.81,0.2586,-1,-1,-1
349,42,47.70,430.20,143.64,352.95,0.5194,-1,-1,-1
349,39,671.76,493.13,58.47,115.39,0.2272,-1,-1,-1
350,18,1067.07,400.37,201.41,613.35,0.8741,-1,-1,-1
350,3,1067.07,400.37,201.41,613.35,0.8741,-1,-1,-1
350,32,899.24,421.87,161.97,529.33,0.8087,-1,-1,-1
350,41,313.87,398.57,147.41,406.12,0.8007,-1,-1,-1
350,34,734.70,486.01,47.64,112.67,0.2049,-1,-1,-1
350,42,66.87,432.21,141.57,351.16,0.7811,-1,-1,-1
350,39,672.19,493.12,56.03,115.21,0.2054,-1,-1,-1
350,29,474.86,444.09,53.44,117.83,0.4962,-1,-1,-1
351,18,1066.93,399.94,199.85,613.92,0.8754,-1,-1,-1
351,3,1066.93,399.94,199.85,613.92,0.8754,-1,-1,-1
351,32,899.51,421.80,163.12,528.98,0.8005,-1,-1,-1
351,41,337.79,392.30,124.61,407.67,0.7795,-1,-1,-1
351,34,735.38,485.92,47.07,112.81,0.2941,-1,-1,-1
351,42,70.13,434.07,165.92,349.19,0.8102,-1,-1,-1
351,39,672.54,492.25,53.94,115.76,0.2873,-1,-1,-1
351,45,0.57,503.18,52.55,351.18,0.5300,-1,-1,-1
351,29,475.60,445.92,52.19,115.88,0.4333,-1,-1,-1
352,18,1066.37,400.45,201.24,613.61,0.8788,-1,-1,-1
352,3,1066.37,400.45,201.24,613.61,0.8788,-1,-1,-1
352,32,900.31,422.37,163.27,527.86,0.7982,-1,-1,-1
352,41,356.65,394.61,112.32,403.45,0.7257,-1,-1,-1
352,34,733.21,484.95,49.99,113.42,0.2775,-1,-1,-1
352,42,72.94,433.70,184.64,348.56,0.8394,-1,-1,-1
352,39,672.18,490.11,54.82,117.32,0.2824,-1,-1,-1
352,45,0.55,505.87,59.64,349.49,0.5708,-1,-1,-1
352,29,476.15,445.64,51.48,115.90,0.4015,-1,-1,-1
353,18,1065.70,400.28,201.14,614.03,0.8772,-1,-1,-1
353,3,1065.70,400.28,201.14,614.03,0.8772,-1,-1,-1
353,32,900.78,421.65,162.03,527.67,0.8014,-1,-1,-1
353,41,369.62,408.40,109.23,390.42,0.5821,-1,-1,-1
353,34,735.87,485.81,45.94,113.04,0.3163,-1,-1,-1
353,42,78.57,432.92,198.47,349.62,0.8506,-1,-1,-1
353,39,671.20,490.23,54.02,116.82,0.2877,-1,-1,-1
353,45,0.46,507.10,70.11,349.20,0.6884,-1,-1,-1
353,29,473.29,445.82,50.16,116.43,0.2849,-1,-1,-1
354,18,1065.58,399.49,201.48,614.90,0.8736,-1,-1,-1
354,3,1065.58,399.49,201.48,614.90,0.8736,-1,-1,-1
354,32,901.50,421.85,163.86,527.61,0.7946,-1,-1,-1
354,41,369.91,402.03,119.28,397.87,0.5876,-1,-1,-1
354,34,735.02,485.65,47.35,112.64,0.3236,-1,-1,-1
354,42,83.77,433.45,206.69,348.95,0.8238,-1,-1,-1
354,39,676.90,483.72,54.54,120.50,0.2661,-1,-1,-1
354,45,0.66,501.20,79.72,353.03,0.6866,-1,-1,-1
354,29,472.98,449.76,50.11,112.10,0.2017,-1,-1,-1
355,18,1066.06,400.18,199.79,613.93,0.8756,-1,-1,-1
355,3,1066.06,400.18,199.79,613.93,0.8756,-1,-1,-1
355,32,901.95,421.86,164.79,526.54,0.7721,-1,-1,-1
355,41,356.43,395.14,145.47,402.10,0.5678,-1,-1,-1
355,34,735.34,485.62,48.10,112.04,0.3873,-1,-1,-1
355,42,87.18,436.21,210.34,342.23,0.8582,-1,-1,-1
355,39,678.98,482.45,54.63,120.48,0.2353,-1,-1,-1
355,45,0.69,476.31,102.30,376.87,0.7159,-1,-1,-1
356,18,1066.11,401.10,198.94,613.58,0.8680,-1,-1,-1
356,3,1066.11,401.10,198.94,613.58,0.8680,-1,-1,-1
356,32,903.47,421.92,161.58,524.75,0.7562,-1,-1,-1
356,41,355.71,399.68,159.12,397.85,0.6153,-1,-1,-1
356,34,737.94,486.46,43.93,111.98,0.4022,-1,-1,-1
356,42,97.48,437.10,203.29,336.48,0.8341,-1,-1,-1
356,39,680.57,481.21,54.29,120.52,0.2596,-1,-1,-1
356,45,0.69,456.63,136.09,396.20,0.8015,-1,-1,-1
357,18,1066.23,399.95,202.60,614.85,0.8535,-1,-1,-1
357,3,1066.23,399.95,202.60,614.85,0.8535,-1,-1,-1
357,32,904.59,421.74,158.70,523.15,0.7651,-1,-1,-1
357,41,360.21,403.24,178.90,395.92,0.6802,-1,-1,-1
357,34,738.23,489.67,42.35,108.78,0.2815,-1,-1,-1
357,42,110.23,436.33,192.02,332.82,0.8124,-1,-1,-1
357,39,680.34,479.54,55.20,121.57,0.3068,-1,-1,-1
357,45,0.74,450.00,166.74,406.32,0.8445,-1,-1,-1
358,18,1066.74,400.22,203.72,614.55,0.8522,-1,-1,-1
358,3,1066.74,400.22,203.72,614.55,0.8522,-1,-1,-1
358,32,904.67,419.83,158.20,524.06,0.7857,-1,-1,-1
358,41,382.81,401.44,177.02,395.71,0.6519,-1,-1,-1
358,34,736.78,485.99,44.44,113.32,0.3774,-1,-1,-1
358,42,124.20,436.31,177.77,331.18,0.8112,-1,-1,-1
358,39,680.50,478.65,55.27,119.23,0.2447,-1,-1,-1
358,45,0.67,449.01,194.75,407.08,0.8560,-1,-1,-1
359,18,1067.13,399.52,204.90,615.11,0.8520,-1,-1,-1
359,3,1067.13,399.52,204.90,615.11,0.8520,-1,-1,-1
359,32,906.95,419.59,155.79,523.85,0.7899,-1,-1,-1
359,41,393.18,405.19,183.39,393.27,0.8122,-1,-1,-1
359,34,736.10,484.17,45.72,115.56,0.3855,-1,-1,-1
359,42,133.58,434.83,168.08,332.33,0.8212,-1,-1,-1
359,39,679.00,479.46,56.94,114.50,0.2703,-1,-1,-1
359,45,0.44,444.39,208.55,410.65,0.8450,-1,-1,-1
359,47,1045.87,429.77,65.60,213.47,0.4369,-1,-1,-1
360,18,1067.03,400.56,206.90,614.30,0.8503,-1,-1,-1
360,3,1067.03,400.56,206.90,614.30,0.8503,-1,-1,-1
360,32,908.51,419.94,157.61,522.97,0.7899,-1,-1,-1
360,41,399.07,409.23,189.52,388.97,0.8065,-1,-1,-1
360,34,737.11,486.35,44.75,113.63,0.3589,-1,-1,-1
360,42,143.99,435.21,158.51,328.87,0.7775,-1,-1,-1
360,39,677.85,480.80,57.66,117.34,0.2074,-1,-1,-1
360,45,0.33,443.66,218.54,410.69,0.8746,-1,-1,-1
360,47,1037.98,430.60,68.83,212.97,0.2365,-1,-1,-1
361,18,1066.94,401.76,208.78,612.95,0.8539,-1,-1,-1
361,3,1066.94,401.76,208.78,612.95,0.8539,-1,-1,-1
361,32,909.14,419.38,158.18,520.54,0.7994,-1,-1,-1
361,41,399.30,406.69,199.51,391.39,0.8432,-1,-1,-1
361,34,736.33,484.52,45.55,115.17,0.2949,-1,-1,-1
361,42,164.68,434.80,138.28,328.62,0.7519,-1,-1,-1
361,45,0.14,441.72,225.58,411.63,0.8764,-1,-1,-1
362,18,1067.86,402.16,209.24,612.66,0.8602,-1,-1,-1
362,3,1067.86,402.16,209.24,612.66,0.8602,-1,-1,-1
362,32,909.52,417.47,160.10,519.90,0.8061,-1,-1,-1
362,41,398.81,406.63,204.00,391.98,0.8475,-1,-1,-1
362,34,733.49,484.08,47.87,114.93,0.2726,-1,-1,-1
362,42,174.23,437.89,126.70,326.19,0.6725,-1,-1,-1
362,45,0.13,442.30,234.99,412.12,0.8540,-1,-1,-1
363,18,1068.08,401.81,209.42,612.87,0.8536,-1,-1,-1
363,3,1068.08,401.81,209.42,612.87,0.8536,-1,-1,-1
363,32,912.51,418.87,161.16,517.56,0.8019,-1,-1,-1
363,41,395.65,409.88,209.01,388.39,0.8392,-1,-1,-1
363,34,732.59,482.79,48.23,115.84,0.3876,-1,-1,-1
363,42,182.96,437.66,116.84,327.40,0.7533,-1,-1,-1
363,45,0.03,443.61,237.25,409.90,0.8440,-1,-1,-1
363,38,1540.96,426.10,41.01,118.52,0.3511,-1,-1,-1
364,18,1068.26,401.58,210.70,613.15,0.8541,-1,-1,-1
364,3,1068.26,401.58,210.70,613.15,0.8541,-1,-1,-1
364,32,914.61,414.64,160.60,520.12,0.8270,-1,-1,-1
364,41,396.61,413.83,207.77,384.54,0.8503,-1,-1,-1
364,34,732.71,482.80,48.24,116.07,0.4332,-1,-1,-1
364,42,195.70,440.66,104.26,323.69,0.7330,-1,-1,-1
364,45,0.20,439.82,237.12,410.92,0.8533,-1,-1,-1
364,38,1543.22,426.21,40.53,118.48,0.3544,-1,-1,-1
365,18,1068.31,402.48,210.47,611.82,0.8522,-1,-1,-1
365,3,1068.31,402.48,210.47,611.82,0.8522,-1,-1,-1
365,32,916.59,413.10,160.18,521.16,0.8189,-1,-1,-1
365,41,396.24,413.10,207.44,384.83,0.8574,-1,-1,-1
365,34,733.34,481.76,48.03,117.60,0.4253,-1,-1,-1
365,42,203.24,438.22,101.80,326.34,0.7419,-1,-1,-1
365,45,1.47,439.76,239.03,411.84,0.8604,-1,-1,-1
366,18,1068.33,400.52,209.81,614.17,0.8472,-1,-1,-1
366,3,1068.33,400.52,209.81,614.17,0.8472,-1,-1,-1
366,32,919.01,412.12,159.97,522.59,0.8289,-1,-1,-1
366,41,398.05,411.88,205.35,382.47,0.8216,-1,-1,-1
366,34,733.22,481.95,46.90,116.97,0.4097,-1,-1,-1
366,42,209.07,435.96,102.11,328.27,0.7750,-1,-1,-1
366,45,3.14,440.43,238.63,409.28,0.8590,-1,-1,-1
367,18,1068.51,400.97,211.77,613.94,0.8220,-1,-1,-1
367,3,1068.51,400.97,211.77,613.94,0.8220,-1,-1,-1
367,32,921.99,410.73,157.97,524.44,0.8252,-1,-1,-1
367,41,400.19,406.94,199.60,385.08,0.8416,-1,-1,-1
367,34,732.27,481.56,46.67,117.19,0.4558,-1,-1,-1
367,42,218.33,436.03,105.00,327.93,0.7569,-1,-1,-1
367,45,21.00,440.27,220.39,400.16,0.7860,-1,-1,-1
368,18,1068.37,399.44,217.63,615.51,0.7875,-1,-1,-1
368,3,1068.37,399.44,217.63,615.51,0.7875,-1,-1,-1
368,32,924.53,409.72,156.31,525.25,0.8198,-1,-1,-1
368,41,402.52,398.73,194.31,390.48,0.8464,-1,-1,-1
368,34,731.46,481.67,47.23,116.90,0.4662,-1,-1,-1
368,42,227.42,437.34,116.12,327.14,0.7362,-1,-1,-1
368,45,44.67,436.48,193.19,394.40,0.7833,-1,-1,-1
369,18,1069.03,400.08,221.73,614.97,0.7467,-1,-1,-1
369,3,1069.03,400.08,221.73,614.97,0.7467,-1,-1,-1
369,32,926.13,413.45,155.54,519.97,0.8221,-1,-1,-1
369,41,407.79,396.53,186.94,392.13,0.8535,-1,-1,-1
369,34,731.38,482.20,47.46,116.31,0.4193,-1,-1,-1
369,42,234.60,435.02,131.20,329.33,0.8107,-1,-1,-1
369,45,75.66,433.11,161.67,393.12,0.7698,-1,-1,-1
370,18,1069.03,398.06,221.19,616.87,0.7956,-1,-1,-1
370,3,1069.03,398.06,221.19,616.87,0.7956,-1,-1,-1
370,32,928.94,415.52,156.69,519.80,0.8016,-1,-1,-1
370,41,414.44,404.20,179.25,385.46,0.8349,-1,-1,-1
370,34,730.96,481.11,47.54,117.38,0.4009,-1,-1,-1
370,42,241.15,434.47,146.37,331.76,0.8302,-1,-1,-1
370,45,105.73,434.12,132.88,388.49,0.8105,-1,-1,-1
371,18,1069.62,397.92,215.19,616.69,0.7183,-1,-1,-1
371,3,1069.62,397.92,215.19,616.69,0.7183,-1,-1,-1
371,32,932.51,415.59,155.76,520.56,0.7966,-1,-1,-1
371,41,426.58,402.17,168.74,386.79,0.8322,-1,-1,-1
371,34,730.22,481.27,48.26,117.88,0.3848,-1,-1,-1
371,42,244.25,432.74,159.47,331.17,0.8395,-1,-1,-1
371,45,128.05,438.23,122.09,382.15,0.7982,-1,-1,-1
372,18,1070.40,397.40,216.00,616.72,0.8191,-1,-1,-1
372,3,1070.40,397.40,216.00,616.72,0.8191,-1,-1,-1
372,32,935.40,415.58,154.95,520.65,0.7960,-1,-1,-1
372,41,439.09,418.11,155.65,363.88,0.7977,-1,-1,-1
372,34,730.72,481.95,46.98,116.79,0.3729,-1,-1,-1
372,42,245.07,434.37,167.85,327.78,0.8183,-1,-1,-1
372,45,137.35,437.59,120.91,382.20,0.7600,-1,-1,-1
373,18,1070.85,397.17,218.41,617.19,0.8387,-1,-1,-1
373,3,1070.85,397.17,218.41,617.19,0.8387,-1,-1,-1
373,32,938.02,416.18,154.59,520.99,0.7950,-1,-1,-1
373,41,457.08,406.07,145.36,370.69,0.8001,-1,-1,-1
373,34,731.60,482.49,47.03,115.26,0.3944,-1,-1,-1
373,42,253.08,435.26,164.54,321.75,0.8036,-1,-1,-1
373,45,147.10,435.04,138.51,383.50,0.8090,-1,-1,-1
373,48,0.34,491.85,46.27,316.23,0.6282,-1,-1,-1
374,18,1071.61,397.76,218.40,616.48,0.8102,-1,-1,-1
374,3,1071.61,397.76,218.40,616.48,0.8102,-1,-1,-1
374,32,942.78,416.73,152.07,519.83,0.7883,-1,-1,-1
374,41,470.97,402.34,139.59,370.30,0.7727,-1,-1,-1
374,34,732.59,480.67,47.46,117.42,0.3957,-1,-1,-1
374,42,264.76,440.31,157.84,307.42,0.7794,-1,-1,-1
374,45,156.48,431.85,144.70,385.40,0.7262,-1,-1,-1
374,48,0.81,491.54,49.87,316.93,0.7028,-1,-1,-1
375,18,1071.54,399.27,219.25,614.49,0.7951,-1,-1,-1
375,3,1071.54,399.27,219.25,614.49,0.7951,-1,-1,-1
375,32,942.81,414.19,152.71,521.15,0.7756,-1,-1,-1
375,41,481.70,406.67,140.45,364.39,0.7129,-1,-1,-1
375,34,733.16,480.16,47.52,118.46,0.3843,-1,-1,-1
375,42,277.09,449.13,147.14,297.88,0.7429,-1,-1,-1
375,45,160.93,432.93,167.08,383.51,0.8170,-1,-1,-1
375,48,0.63,487.34,57.87,324.45,0.6594,-1,-1,-1
376,18,1071.42,399.61,221.19,613.60,0.8090,-1,-1,-1
376,3,1071.42,399.61,221.19,613.60,0.8090,-1,-1,-1
376,32,944.52,416.76,150.04,521.16,0.7739,-1,-1,-1
376,41,488.52,404.53,140.78,364.06,0.6942,-1,-1,-1
376,34,731.41,479.32,48.61,119.73,0.3214,-1,-1,-1
376,42,278.35,439.71,147.34,307.66,0.7425,-1,-1,-1
376,45,160.18,436.09,186.38,379.98,0.7682,-1,-1,-1
376,48,0.34,481.62,69.66,330.83,0.7806,-1,-1,-1
377,18,1071.11,400.44,224.50,613.83,0.8122,-1,-1,-1
377,3,1071.11,400.44,224.50,613.83,0.8122,-1,-1,-1
377,32,946.19,417.32,151.96,521.20,0.7968,-1,-1,-1
377,41,490.46,400.73,143.63,367.38,0.7360,-1,-1,-1
377,34,731.22,480.84,47.87,118.70,0.3285,-1,-1,-1
377,42,283.73,441.44,144.88,306.19,0.7060,-1,-1,-1
377,45,158.54,439.12,204.04,377.28,0.7974,-1,-1,-1
377,48,0.05,451.79,95.04,358.63,0.7789,-1,-1,-1
378,18,1071.59,399.29,223.50,615.53,0.7752,-1,-1,-1
378,3,1071.59,399.29,223.50,615.53,0.7752,-1,-1,-1
378,32,946.45,413.34,155.56,522.77,0.7802,-1,-1,-1
378,41,494.83,396.47,147.19,373.15,0.7883,-1,-1,-1
378,34,731.49,482.06,46.68,116.04,0.3465,-1,-1,-1
378,42,292.45,440.66,136.52,309.24,0.6759,-1,-1,-1
378,45,159.18,440.09,211.84,376.34,0.8198,-1,-1,-1
378,48,0.05,436.67,125.63,373.43,0.8290,-1,-1,-1
379,18,1071.22,397.27,222.25,617.05,0.8308,-1,-1,-1
379,3,1071.22,397.27,222.25,617.05,0.8308,-1,-1,-1
379,32,946.30,411.26,156.69,523.87,0.8143,-1,-1,-1
379,41,500.60,396.75,157.66,373.74,0.7933,-1,-1,-1
379,34,731.71,482.04,45.42,116.10,0.3900,-1,-1,-1
379,42,309.58,439.48,119.03,309.44,0.6842,-1,-1,-1
379,45,159.01,441.36,216.34,374.88,0.8249,-1,-1,-1
379,48,0.06,431.09,138.48,377.37,0.8212,-1,-1,-1
380,18,1071.59,395.60,221.18,618.47,0.8255,-1,-1,-1
380,3,1071.59,395.60,221.18,618.47,0.8255,-1,-1,-1
380,32,946.81,407.64,159.10,526.41,0.8112,-1,-1,-1
380,41,505.75,398.67,163.32,371.97,0.6393,-1,-1,-1
380,34,731.29,480.63,43.98,116.80,0.3588,-1,-1,-1
380,42,321.95,444.48,102.99,306.51,0.6355,-1,-1,-1
380,45,160.65,443.03,221.48,371.68,0.8376,-1,-1,-1
380,48,0.33,428.58,157.50,378.66,0.7755,-1,-1,-1
381,18,1072.19,393.91,217.43,620.34,0.7993,-1,-1,-1
381,3,1072.19,393.91,217.43,620.34,0.7993,-1,-1,-1
381,32,950.93,411.25,157.29,525.50,0.7699,-1,-1,-1
381,41,516.11,405.60,149.85,365.40,0.5869,-1,-1,-1
381,34,730.75,479.68,46.45,118.68,0.3082,-1,-1,-1
381,42,324.92,442.21,98.53,309.74,0.7061,-1,-1,-1
381,45,158.60,444.11,226.58,367.28,0.8611,-1,-1,-1
381,48,0.55,434.38,171.26,372.33,0.7524,-1,-1,-1
382,18,1073.43,396.79,219.95,617.79,0.8141,-1,-1,-1
382,3,1073.43,396.79,219.95,617.79,0.8141,-1,-1,-1
382,32,952.07,414.44,158.84,520.89,0.7522,-1,-1,-1
382,41,533.08,405.64,140.09,364.21,0.6058,-1,-1,-1
382,34,730.80,479.21,48.70,120.45,0.3577,-1,-1,-1
382,42,334.66,442.03,95.48,307.47,0.6882,-1,-1,-1
382,45,164.35,442.81,220.91,367.35,0.8296,-1,-1,-1
382,48,0.65,436.05,179.85,369.73,0.8044,-1,-1,-1
383,18,1073.56,397.28,220.30,617.55,0.8288,-1,-1,-1
383,3,1073.56,397.28,220.30,617.55,0.8288,-1,-1,-1
383,32,954.00,416.35,157.17,521.60,0.6960,-1,-1,-1
383,41,530.19,411.36,150.34,358.54,0.6918,-1,-1,-1
383,34,730.45,477.86,51.06,121.98,0.3674,-1,-1,-1
383,42,345.17,443.79,96.97,301.89,0.5561,-1,-1,-1
383,45,181.73,442.29,203.51,367.02,0.7934,-1,-1,-1
383,48,0.43,436.30,191.11,368.79,0.8581,-1,-1,-1
383,39,690.73,463.63,44.62,125.86,0.3427,-1,-1,-1
384,18,1073.84,397.10,220.25,617.85,0.8327,-1,-1,-1
384,3,1073.84,397.10,220.25,617.85,0.8327,-1,-1,-1
384,32,955.69,416.53,153.74,522.72,0.7102,-1,-1,-1
384,41,531.54,408.54,154.54,361.30,0.7508,-1,-1,-1
384,34,730.08,475.86,50.83,124.86,0.4522,-1,-1,-1
384,42,361.45,453.06,92.21,291.03,0.6051,-1,-1,-1
384,45,194.81,437.28,189.77,371.76,0.7938,-1,-1,-1
384,48,0.45,433.32,200.31,372.71,0.8757,-1,-1,-1
384,39,687.96,465.38,46.96,125.60,0.3554,-1,-1,-1
385,18,1074.08,397.14,219.33,617.91,0.7877,-1,-1,-1
385,3,1074.08,397.14,219.33,617.91,0.7877,-1,-1,-1
385,32,957.86,416.55,150.67,523.71,0.7202,-1,-1,-1
385,41,535.53,408.22,154.43,361.81,0.7879,-1,-1,-1
385,34,730.27,473.19,50.13,127.80,0.5475,-1,-1,-1
385,42,365.40,443.54,95.89,299.87,0.7059,-1,-1,-1
385,45,210.63,434.17,173.99,369.81,0.8060,-1,-1,-1
385,48,0.35,434.62,210.80,371.71,0.8627,-1,-1,-1
385,39,687.24,467.29,47.18,126.36,0.3845,-1,-1,-1
386,18,1073.90,397.35,220.26,617.32,0.7052,-1,-1,-1
386,3,1073.90,397.35,220.26,617.32,0.7052,-1,-1,-1
386,32,960.32,415.02,149.48,526.36,0.7416,-1,-1,-1
386,41,540.22,406.39,154.20,363.10,0.8333,-1,-1,-1
386,34,730.71,471.00,49.22,129.67,0.5291,-1,-1,-1
386,42,369.12,439.72,110.45,304.81,0.7072,-1,-1,-1
386,45,230.08,435.09,152.82,365.94,0.7924,-1,-1,-1
386,48,0.22,433.08,213.91,374.40,0.8362,-1,-1,-1
386,39,689.73,468.08,43.94,126.19,0.3450,-1,-1,-1
387,18,1073.62,397.54,220.48,616.84,0.7754,-1,-1,-1
387,3,1073.62,397.54,220.48,616.84,0.7754,-1,-1,-1
387,32,960.36,416.33,148.41,524.49,0.7225,-1,-1,-1
387,41,542.94,407.05,151.62,360.75,0.8457,-1,-1,-1
387,34,731.07,470.78,48.69,129.80,0.5302,-1,-1,-1
387,42,369.94,438.52,134.45,307.64,0.8057,-1,-1,-1
387,45,253.63,431.45,128.43,367.37,0.5761,-1,-1,-1
387,48,1.62,432.78,212.37,373.33,0.8367,-1,-1,-1
387,39,690.97,472.31,42.70,119.67,0.3111,-1,-1,-1
388,18,1061.71,397.16,243.58,617.89,0.7371,-1,-1,-1
388,3,1061.71,397.16,243.58,617.89,0.7371,-1,-1,-1
388,32,960.88,417.44,145.34,523.13,0.7216,-1,-1,-1
388,41,546.39,405.86,148.22,358.78,0.8252,-1,-1,-1
388,34,730.64,469.14,48.69,132.87,0.4966,-1,-1,-1
388,42,370.83,439.71,150.64,308.05,0.7894,-1,-1,-1
388,45,275.42,433.05,105.98,363.77,0.6754,-1,-1,-1
388,48,9.88,432.01,203.19,372.20,0.8071,-1,-1,-1
388,39,691.75,473.10,42.17,120.13,0.3501,-1,-1,-1
389,18,1056.65,397.36,288.11,617.67,0.7276,-1,-1,-1
389,3,1056.65,397.36,288.11,617.67,0.7276,-1,-1,-1
389,32,962.81,418.01,140.13,522.38,0.7017,-1,-1,-1
389,41,549.24,407.87,145.91,355.57,0.8066,-1,-1,-1
389,34,730.41,471.06,48.69,131.00,0.5033,-1,-1,-1
389,42,368.11,441.05,165.29,304.54,0.8017,-1,-1,-1
389,45,285.87,429.45,100.66,368.59,0.6791,-1,-1,-1
389,48,20.26,425.23,192.89,374.85,0.7874,-1,-1,-1
389,39,692.17,474.88,40.87,117.31,0.3355,-1,-1,-1
390,18,1057.18,397.20,303.18,618.47,0.7750,-1,-1,-1
390,3,1057.18,397.20,303.18,618.47,0.7750,-1,-1,-1
390,32,965.51,418.08,135.82,523.30,0.6754,-1,-1,-1
390,41,554.83,409.40,141.07,352.45,0.8006,-1,-1,-1
390,34,729.88,472.93,49.79,130.61,0.4870,-1,-1,-1
390,42,370.40,440.94,171.22,303.30,0.8140,-1,-1,-1
390,45,285.15,433.45,108.93,364.63,0.5268,-1,-1,-1
390,48,32.04,426.85,183.30,371.18,0.7948,-1,-1,-1
390,39,691.03,477.43,40.10,113.43,0.2992,-1,-1,-1
391,18,1054.02,397.09,313.60,618.54,0.7783,-1,-1,-1
391,3,1054.02,397.09,313.60,618.54,0.7783,-1,-1,-1
391,32,972.10,416.91,128.18,527.63,0.6589,-1,-1,-1
391,41,560.62,411.49,135.45,351.84,0.8023,-1,-1,-1
391,34,728.82,471.57,50.87,131.93,0.4436,-1,-1,-1
391,42,377.11,441.05,168.23,300.29,0.7848,-1,-1,-1
391,45,299.48,436.93,103.29,361.85,0.5335,-1,-1,-1
391,48,40.31,428.01,175.74,369.70,0.7605,-1,-1,-1
391,39,690.39,477.93,40.61,111.38,0.3288,-1,-1,-1
391,49,917.91,435.06,67.93,154.20,0.3723,-1,-1,-1
392,18,1052.43,397.82,314.47,618.24,0.7853,-1,-1,-1
392,3,1052.43,397.82,314.47,618.24,0.7853,-1,-1,-1
392,32,978.59,412.95,123.23,527.97,0.6495,-1,-1,-1
392,41,568.37,408.99,128.68,356.25,0.7869,-1,-1,-1
392,34,728.12,468.70,51.72,134.22,0.4475,-1,-1,-1
392,42,388.95,439.62,157.90,299.16,0.7248,-1,-1,-1
392,45,308.43,437.42,117.25,361.88,0.6569,-1,-1,-1
392,48,51.92,431.62,165.76,364.23,0.7637,-1,-1,-1
392,39,687.84,472.34,42.94,118.51,0.2547,-1,-1,-1
392,49,924.38,434.83,58.52,155.87,0.5644,-1,-1,-1
393,18,1049.77,398.23,316.56,618.29,0.8138,-1,-1,-1
393,3,1049.77,398.23,316.56,618.29,0.8138,-1,-1,-1
393,32,971.04,416.85,130.35,525.45,0.6503,-1,-1,-1
393,41,576.15,413.14,121.41,344.23,0.7914,-1,-1,-1
393,34,727.84,467.50,52.26,135.00,0.5306,-1,-1,-1
393,42,399.00,439.65,148.04,296.98,0.7278,-1,-1,-1
393,45,312.45,440.11,138.72,359.51,0.7910,-1,-1,-1
393,48,77.43,429.53,144.11,365.66,0.6337,-1,-1,-1
393,39,685.50,471.33,43.38,119.91,0.3084,-1,-1,-1
393,49,925.09,437.10,54.85,162.48,0.6498,-1,-1,-1
394,18,1053.33,398.17,287.04,617.51,0.6771,-1,-1,-1
394,3,1053.33,398.17,287.04,617.51,0.6771,-1,-1,-1
394,32,979.93,413.72,120.47,525.70,0.6297,-1,-1,-1
394,41,582.67,412.47,114.91,341.06,0.7610,-1,-1,-1
394,34,726.62,473.43,52.74,129.84,0.5974,-1,-1,-1
394,42,410.68,442.71,137.93,292.76,0.7292,-1,-1,-1
394,45,314.39,443.12,148.58,357.32,0.7241,-1,-1,-1
394,48,71.03,428.80,159.04,366.83,0.7580,-1,-1,-1
394,49,922.74,438.39,55.15,165.25,0.6387,-1,-1,-1
395,18,1055.04,397.16,272.45,618.36,0.6998,-1,-1,-1
395,3,1055.04,397.16,272.45,618.36,0.6998,-1,-1,-1
395,32,985.33,413.15,113.85,524.60,0.6578,-1,-1,-1
395,41,587.90,413.50,111.55,336.52,0.7670,-1,-1,-1
395,34,725.13,471.13,53.55,134.25,0.6128,-1,-1,-1
395,42,421.36,441.22,127.05,293.95,0.7397,-1,-1,-1
395,45,314.53,443.96,156.70,357.05,0.7477,-1,-1,-1
395,48,72.30,430.21,163.50,365.93,0.7789,-1,-1,-1
395,49,920.43,439.65,54.18,164.28,0.5964,-1,-1,-1
396,18,1057.02,398.44,292.83,618.03,0.7628,-1,-1,-1
396,3,1057.02,398.44,292.83,618.03,0.7628,-1,-1,-1
396,32,984.95,413.55,113.65,523.73,0.6217,-1,-1,-1
396,41,591.89,423.03,112.39,322.32,0.7562,-1,-1,-1
396,34,722.65,466.14,56.33,142.64,0.5795,-1,-1,-1
396,42,433.94,443.28,114.34,289.20,0.6570,-1,-1,-1
396,45,313.10,442.90,170.36,356.45,0.7601,-1,-1,-1
396,48,99.98,441.34,141.10,353.88,0.5849,-1,-1,-1
396,49,918.30,442.01,53.90,167.75,0.6765,-1,-1,-1
397,18,1060.60,398.55,262.18,618.62,0.7902,-1,-1,-1
397,3,1060.60,398.55,262.18,618.62,0.7902,-1,-1,-1
397,32,985.43,413.63,112.95,524.20,0.6774,-1,-1,-1
397,41,596.07,419.52,112.90,324.98,0.7489,-1,-1,-1
397,34,720.58,464.35,57.87,144.98,0.5767,-1,-1,-1
397,42,447.65,465.99,98.89,264.23,0.5736,-1,-1,-1
397,45,312.89,434.45,174.43,364.12,0.7632,-1,-1,-1
397,48,127.15,436.43,123.66,359.85,0.6221,-1,-1,-1
397,49,915.71,442.89,54.94,167.74,0.6401,-1,-1,-1
398,18,1063.76,399.06,246.97,619.06,0.8379,-1,-1,-1
398,3,1063.76,399.06,246.97,619.06,0.8379,-1,-1,-1
398,32,975.20,415.21,123.62,524.65,0.6356,-1,-1,-1
398,41,599.52,423.14,117.12,319.66,0.7558,-1,-1,-1
398,34,720.08,461.78,57.46,147.51,0.5432,-1,-1,-1
398,42,448.19,443.87,98.92,287.20,0.7332,-1,-1,-1
398,45,313.96,436.52,179.41,360.21,0.8206,-1,-1,-1
398,48,136.80,436.28,125.30,360.00,0.7496,-1,-1,-1
398,49,915.72,444.26,55.12,163.93,0.4855,-1,-1,-1
399,18,1065.51,400.27,241.27,617.94,0.8373,-1,-1,-1
399,3,1065.51,400.27,241.27,617.94,0.8373,-1,-1,-1
399,32,970.43,415.38,129.43,525.13,0.6616,-1,-1,-1
399,41,604.76,427.56,122.90,312.76,0.7884,-1,-1,-1
399,34,719.69,463.26,55.87,145.98,0.5366,-1,-1,-1
399,42,463.53,442.11,85.46,289.39,0.6281,-1,-1,-1
399,45,316.83,437.72,176.84,359.01,0.8308,-1,-1,-1
399,48,137.37,433.55,151.30,361.55,0.7642,-1,-1,-1
399,49,913.98,439.15,56.56,171.64,0.5829,-1,-1,-1
400,18,1067.64,400.36,237.28,618.41,0.8528,-1,-1,-1
400,3,1067.64,400.36,237.28,618.41,0.8528,-1,-1,-1
400,32,968.67,414.16,130.82,526.66,0.6570,-1,-1,-1
400,41,607.20,423.83,131.54,316.30,0.7795,-1,-1,-1
400,34,718.19,468.02,52.36,140.28,0.4777,-1,-1,-1
400,42,471.20,439.67,81.88,290.25,0.7310,-1,-1,-1
400,45,316.61,435.76,177.61,360.09,0.8428,-1,-1,-1
400,48,140.40,433.09,169.67,360.95,0.7803,-1,-1,-1
400,49,911.35,438.70,56.11,171.04,0.5656,-1,-1,-1
401,18,1069.19,399.82,235.09,619.30,0.8463,-1,-1,-1
401,3,1069.19,399.82,235.09,619.30,0.8463,-1,-1,-1
401,32,979.40,411.56,118.39,527.07,0.6368,-1,-1,-1
401,41,609.58,423.91,144.27,315.84,0.7725,-1,-1,-1
401,34,715.86,465.94,52.97,145.54,0.4258,-1,-1,-1
401,42,480.19,443.51,80.48,287.67,0.7210,-1,-1,-1
401,45,322.76,436.63,172.04,356.71,0.8149,-1,-1,-1
401,48,141.89,433.17,174.55,360.98,0.8138,-1,-1,-1
401,49,908.96,438.29,59.14,168.01,0.5767,-1,-1,-1
402,18,1071.32,399.48,231.32,619.95,0.8370,-1,-1,-1
402,3,1071.32,399.48,231.32,619.95,0.8370,-1,-1,-1
402,32,983.95,410.87,113.14,527.18,0.6259,-1,-1,-1
402,41,615.36,417.08,151.39,322.75,0.8023,-1,-1,-1
402,34,715.44,463.56,53.82,147.21,0.4928,-1,-1,-1
402,42,484.27,449.17,86.44,280.08,0.7229,-1,-1,-1
402,45,335.22,442.44,159.43,348.71,0.8265,-1,-1,-1
402,48,144.27,435.40,174.75,357.59,0.8098,-1,-1,-1
402,49,904.78,438.38,66.23,170.35,0.5297,-1,-1,-1
403,18,1074.62,399.71,227.13,619.58,0.8374,-1,-1,-1
403,3,1074.62,399.71,227.13,619.58,0.8374,-1,-1,-1
403,32,970.93,415.20,127.92,524.86,0.6187,-1,-1,-1
403,41,619.17,411.10,158.12,330.24,0.8363,-1,-1,-1
403,34,715.58,464.38,53.81,146.20,0.4665,-1,-1,-1
403,42,488.87,445.82,95.80,283.26,0.6049,-1,-1,-1
403,45,347.02,448.64,148.48,335.80,0.7468,-1,-1,-1
403,48,144.15,438.70,184.01,354.23,0.8041,-1,-1,-1
403,49,901.92,441.10,72.84,169.38,0.3611,-1,-1,-1
404,18,1076.55,399.82,225.50,620.32,0.8293,-1,-1,-1
404,3,1076.55,399.82,225.50,620.32,0.8293,-1,-1,-1
404,32,965.95,416.84,132.92,524.75,0.6688,-1,-1,-1
404,41,623.74,407.89,163.61,334.70,0.8027,-1,-1,-1
404,34,715.37,463.23,52.67,148.01,0.4498,-1,-1,-1
404,42,491.03,441.01,115.47,286.58,0.6411,-1,-1,-1
404,45,357.49,443.72,140.38,339.71,0.7214,-1,-1,-1
404,48,150.32,438.55,183.82,351.58,0.8273,-1,-1,-1
404,49,898.54,446.80,60.23,164.12,0.5260,-1,-1,-1
405,18,1078.28,400.33,214.00,619.21,0.8327,-1,-1,-1
405,3,1078.28,400.33,214.00,619.21,0.8327,-1,-1,-1
405,32,964.10,416.57,134.90,525.30,0.6856,-1,-1,-1
405,41,627.66,414.25,166.43,329.40,0.7877,-1,-1,-1
405,34,716.12,466.88,51.50,144.93,0.3758,-1,-1,-1
405,42,495.74,444.13,123.28,283.55,0.6791,-1,-1,-1
405,45,377.69,438.02,119.49,340.11,0.7014,-1,-1,-1
405,48,155.04,437.00,178.92,351.15,0.8183,-1,-1,-1
405,49,895.59,452.58,54.39,158.24,0.4050,-1,-1,-1
406,18,1077.15,399.32,209.45,620.66,0.8325,-1,-1,-1
406,3,1077.15,399.32,209.45,620.66,0.8325,-1,-1,-1
406,32,961.61,416.04,137.04,525.81,0.6972,-1,-1,-1
406,41,632.10,420.69,166.63,322.66,0.7933,-1,-1,-1
406,34,718.37,466.74,48.28,145.73,0.2246,-1,-1,-1
406,42,499.87,447.65,123.86,279.64,0.6744,-1,-1,-1
406,45,395.76,434.77,103.30,337.95,0.7056,-1,-1,-1
406,48,159.70,436.02,173.09,352.40,0.8079,-1,-1,-1
406,49,892.56,454.82,54.02,154.35,0.3649,-1,-1,-1
407,18,1076.47,397.10,203.92,622.23,0.8346,-1,-1,-1
407,3,1076.47,397.10,203.92,622.23,0.8346,-1,-1,-1
407,32,958.50,417.64,139.15,523.84,0.7254,-1,-1,-1
407,41,635.98,416.55,163.43,327.14,0.8544,-1,-1,-1
407,42,496.88,446.31,135.02,284.04,0.7084,-1,-1,-1
407,45,410.41,434.51,93.46,335.89,0.6733,-1,-1,-1
407,48,171.65,433.64,164.20,355.16,0.8025,-1,-1,-1
407,49,888.69,458.19,55.31,150.40,0.3136,-1,-1,-1
408,18,1073.90,397.65,201.98,622.44,0.8384,-1,-1,-1
408,3,1073.90,397.65,201.98,622.44,0.8384,-1,-1,-1
408,32,959.10,417.39,138.77,523.83,0.7102,-1,-1,-1
408,41,641.13,418.68,159.26,325.81,0.8468,-1,-1,-1
408,42,500.85,440.70,139.22,289.31,0.7524,-1,-1,-1
408,45,408.44,433.71,100.93,336.20,0.6181,-1,-1,-1
408,48,185.45,433.40,152.80,352.10,0.7956,-1,-1,-1
408,49,880.49,456.00,61.00,153.92,0.4991,-1,-1,-1
409,18,1073.80,398.88,198.68,620.58,0.8396,-1,-1,-1
409,3,1073.80,398.88,198.68,620.58,0.8396,-1,-1,-1
409,32,959.11,417.06,140.22,523.58,0.7044,-1,-1,-1
409,41,643.83,418.01,157.23,326.43,0.8315,-1,-1,-1
409,42,500.33,436.79,143.39,293.36,0.7533,-1,-1,-1
409,45,400.79,437.11,116.29,331.90,0.6159,-1,-1,-1
409,48,201.81,435.74,138.18,339.13,0.7235,-1,-1,-1
409,49,875.72,448.10,63.96,162.66,0.6132,-1,-1,-1
410,18,1073.40,398.17,192.23,621.00,0.8459,-1,-1,-1
410,3,1073.40,398.17,192.23,621.00,0.8459,-1,-1,-1
410,32,959.44,418.89,139.13,521.14,0.7097,-1,-1,-1
410,41,645.53,413.13,156.30,331.52,0.8198,-1,-1,-1
410,42,511.08,438.83,133.81,285.19,0.7314,-1,-1,-1
410,45,416.53,438.53,115.53,331.16,0.5812,-1,-1,-1
410,48,222.39,435.40,123.38,336.66,0.6604,-1,-1,-1
410,49,874.75,446.49,62.48,164.73,0.5705,-1,-1,-1
411,18,1072.20,398.20,186.19,620.86,0.8466,-1,-1,-1
411,3,1072.20,398.20,186.19,620.86,0.8466,-1,-1,-1
411,32,958.38,420.86,140.24,518.63,0.7183,-1,-1,-1
411,41,645.93,416.74,155.75,325.91,0.8268,-1,-1,-1
411,42,521.02,440.48,123.07,282.86,0.6933,-1,-1,-1
411,45,423.68,436.54,132.00,331.01,0.6691,-1,-1,-1
411,48,247.58,428.36,105.69,341.35,0.5468,-1,-1,-1
411,49,874.34,442.69,62.27,168.66,0.5413,-1,-1,-1
412,18,1071.04,399.72,185.53,618.79,0.8432,-1,-1,-1
412,3,1071.04,399.72,185.53,618.79,0.8432,-1,-1,-1
412,32,961.15,421.70,137.52,518.26,0.6859,-1,-1,-1
412,41,645.96,407.06,155.91,335.92,0.8272,-1,-1,-1
412,42,528.80,437.90,116.50,283.45,0.7388,-1,-1,-1
412,45,420.75,436.16,147.77,331.23,0.6622,-1,-1,-1
412,48,264.00,426.94,99.46,342.55,0.7139,-1,-1,-1
412,49,873.95,441.70,58.95,167.69,0.5155,-1,-1,-1
413,18,1070.93,401.30,185.22,617.33,0.8517,-1,-1,-1
413,3,1070.93,401.30,185.22,617.33,0.8517,-1,-1,-1
413,32,959.23,421.67,140.43,518.28,0.7357,-1,-1,-1
413,41,647.95,408.42,154.00,333.08,0.8039,-1,-1,-1
413,42,547.52,436.55,101.97,283.16,0.6173,-1,-1,-1
413,45,431.87,435.08,154.33,331.28,0.7118,-1,-1,-1
413,48,269.71,426.16,104.71,344.35,0.7257,-1,-1,-1
413,49,874.88,440.41,55.80,167.73,0.4901,-1,-1,-1
414,18,1066.59,404.01,188.74,614.97,0.8610,-1,-1,-1
414,3,1066.59,404.01,188.74,614.97,0.8610,-1,-1,-1
414,32,961.08,421.57,138.02,516.86,0.6945,-1,-1,-1
414,41,653.05,419.95,148.05,320.83,0.8022,-1,-1,-1
414,42,558.34,437.45,95.30,282.35,0.6544,-1,-1,-1
414,45,436.48,436.96,158.91,329.03,0.7426,-1,-1,-1
414,48,273.15,424.65,109.85,346.94,0.6976,-1,-1,-1
414,49,872.11,440.18,53.91,167.96,0.5947,-1,-1,-1
415,18,1064.09,407.52,191.28,611.76,0.8578,-1,-1,-1
415,3,1064.09,407.52,191.28,611.76,0.8578,-1,-1,-1
415,32,963.38,419.95,133.71,518.53,0.7133,-1,-1,-1
415,41,657.60,424.53,143.62,316.46,0.8064,-1,-1,-1
415,42,562.39,434.36,92.06,286.58,0.6032,-1,-1,-1
415,45,436.12,438.54,162.88,327.53,0.7652,-1,-1,-1
415,48,278.81,430.96,116.80,340.63,0.6671,-1,-1,-1
415,49,871.46,440.87,50.94,167.21,0.7087,-1,-1,-1
416,18,1061.44,410.89,195.32,608.76,0.8635,-1,-1,-1
416,3,1061.44,410.89,195.32,608.76,0.8635,-1,-1,-1
416,32,964.16,419.30,131.79,519.21,0.7053,-1,-1,-1
416,41,666.78,430.52,134.74,308.17,0.7950,-1,-1,-1
416,42,570.62,433.84,87.21,286.47,0.7329,-1,-1,-1
416,45,435.67,440.88,163.63,325.49,0.8115,-1,-1,-1
416,48,287.32,435.55,115.68,334.84,0.7309,-1,-1,-1
416,49,869.65,440.40,51.19,166.48,0.6150,-1,-1,-1
417,18,1061.57,409.52,197.04,610.85,0.8532,-1,-1,-1
417,3,1061.57,409.52,197.04,610.85,0.8532,-1,-1,-1
417,32,968.11,417.38,128.21,518.37,0.6691,-1,-1,-1
417,41,675.86,424.63,125.97,310.46,0.8034,-1,-1,-1
417,42,569.61,435.55,96.74,283.88,0.6753,-1,-1,-1
417,45,436.10,449.65,164.24,317.04,0.7916,-1,-1,-1
417,48,289.12,437.97,128.76,330.75,0.5967,-1,-1,-1
417,49,868.16,439.10,50.78,167.12,0.6313,-1,-1,-1
418,18,1059.60,405.87,199.88,614.66,0.8571,-1,-1,-1
418,3,1059.60,405.87,199.88,614.66,0.8571,-1,-1,-1
418,32,968.39,418.07,126.87,519.51,0.6729,-1,-1,-1
418,41,682.07,413.73,121.81,318.45,0.7854,-1,-1,-1
418,42,581.51,436.13,94.44,282.44,0.7153,-1,-1,-1
418,45,438.19,446.38,158.83,319.49,0.8083,-1,-1,-1
418,48,289.96,436.01,142.78,332.64,0.6845,-1,-1,-1
418,49,867.44,439.65,48.87,165.31,0.5205,-1,-1,-1
419,18,1056.86,407.63,204.72,612.90,0.8489,-1,-1,-1
419,3,1056.86,407.63,204.72,612.90,0.8489,-1,-1,-1
419,32,969.99,419.54,125.73,517.13,0.6839,-1,-1,-1
419,41,688.24,407.17,120.30,324.07,0.8007,-1,-1,-1
419,42,588.50,436.99,91.26,280.41,0.7167,-1,-1,-1
419,45,441.09,439.44,159.52,324.62,0.8019,-1,-1,-1
419,48,291.15,438.18,155.80,330.77,0.7584,-1,-1,-1
419,49,865.62,440.67,46.16,164.16,0.5457,-1,-1,-1
420,18,1054.07,409.22,212.65,611.61,0.8392,-1,-1,-1
420,3,1054.07,409.22,212.65,611.61,0.8392,-1,-1,-1
420,32,970.68,415.52,123.96,521.74,0.5914,-1,-1,-1
420,41,694.89,407.32,116.71,323.12,0.7801,-1,-1,-1
420,42,586.93,436.93,97.26,278.24,0.7145,-1,-1,-1
420,45,448.04,435.79,152.94,327.39,0.7694,-1,-1,-1
420,48,293.48,442.12,161.29,326.90,0.7821,-1,-1,-1
420,49,861.78,443.43,45.95,162.16,0.2580,-1,-1,-1
421,18,1051.12,409.22,215.68,611.64,0.8238,-1,-1,-1
421,3,1051.12,409.22,215.68,611.64,0.8238,-1,-1,-1
421,32,969.32,412.25,123.96,525.45,0.5954,-1,-1,-1
421,41,697.74,418.56,111.20,311.96,0.7099,-1,-1,-1
421,42,589.28,438.98,108.55,277.26,0.7296,-1,-1,-1
421,45,448.31,434.33,150.94,326.94,0.7424,-1,-1,-1
421,48,292.61,439.60,167.11,328.93,0.7783,-1,-1,-1
421,49,858.51,437.25,47.70,168.30,0.4990,-1,-1,-1
422,18,1047.36,407.10,216.04,614.36,0.8181,-1,-1,-1
422,3,1047.36,407.10,216.04,614.36,0.8181,-1,-1,-1
422,32,968.76,412.55,124.33,525.16,0.5188,-1,-1,-1
422,41,701.90,431.58,108.30,296.22,0.6478,-1,-1,-1
422,42,595.39,440.49,114.08,276.31,0.7147,-1,-1,-1
422,45,459.58,435.11,135.76,325.68,0.6974,-1,-1,-1
422,48,292.89,439.59,182.89,327.68,0.8235,-1,-1,-1
422,49,859.25,439.73,47.03,160.83,0.4732,-1,-1,-1
422,52,1158.55,410.93,163.38,492.70,0.5072,-1,-1,-1
423,18,1046.18,404.03,218.36,618.24,0.8158,-1,-1,-1
423,3,1046.18,404.03,218.36,618.24,0.8158,-1,-1,-1
423,32,969.04,416.38,123.33,520.60,0.4224,-1,-1,-1
423,41,707.15,435.97,105.74,291.97,0.6219,-1,-1,-1
423,42,601.76,443.06,121.86,273.00,0.7252,-1,-1,-1
423,45,470.50,437.19,123.18,320.32,0.7151,-1,-1,-1
423,48,292.56,436.89,187.14,329.54,0.7825,-1,-1,-1
423,49,856.50,439.01,50.20,161.38,0.5987,-1,-1,-1
423,52,1155.45,411.97,168.25,493.46,0.6567,-1,-1,-1
424,18,1047.55,399.90,217.52,624.41,0.7840,-1,-1,-1
424,3,1047.55,399.90,217.52,624.41,0.7840,-1,-1,-1
424,32,969.06,462.42,121.43,472.94,0.4162,-1,-1,-1
424,41,711.33,431.20,104.51,298.12,0.6346,-1,-1,-1
424,42,607.67,443.19,130.29,272.34,0.7741,-1,-1,-1
424,45,477.00,437.20,120.75,320.57,0.7191,-1,-1,-1
424,48,300.39,436.86,179.55,327.83,0.7751,-1,-1,-1
424,49,851.69,438.79,52.35,163.14,0.5310,-1,-1,-1
424,52,1151.55,412.40,173.59,498.53,0.5142,-1,-1,-1
425,18,1048.54,397.77,208.81,633.08,0.7197,-1,-1,-1
425,3,1048.54,397.77,208.81,633.08,0.7197,-1,-1,-1
425,32,970.76,482.42,119.56,451.16,0.5237,-1,-1,-1
425,41,714.20,421.71,113.04,305.19,0.7303,-1,-1,-1
425,42,610.81,448.83,130.55,266.77,0.7360,-1,-1,-1
425,45,487.93,438.74,112.86,318.99,0.6390,-1,-1,-1
425,48,310.25,437.95,170.22,325.70,0.7792,-1,-1,-1
425,49,850.24,439.84,49.46,159.43,0.5427,-1,-1,-1
425,52,1159.74,412.73,165.73,508.63,0.6054,-1,-1,-1
426,18,1050.14,397.43,201.94,638.35,0.7139,-1,-1,-1
426,3,1050.14,397.43,201.94,638.35,0.7139,-1,-1,-1
426,32,970.98,489.77,118.87,442.01,0.5296,-1,-1,-1
426,41,715.59,413.43,115.49,312.47,0.7549,-1,-1,-1
426,42,611.80,448.98,133.11,267.94,0.7210,-1,-1,-1
426,45,514.44,438.36,96.94,315.96,0.6458,-1,-1,-1
426,48,321.45,434.43,157.96,329.50,0.7908,-1,-1,-1
426,49,848.18,439.07,47.78,159.12,0.5958,-1,-1,-1
426,52,1163.18,411.74,163.48,515.98,0.5898,-1,-1,-1
427,18,1053.73,399.98,187.82,638.40,0.6815,-1,-1,-1
427,3,1053.73,399.98,187.82,638.40,0.6815,-1,-1,-1
427,32,971.67,452.61,119.74,478.90,0.4416,-1,-1,-1
427,41,720.46,411.08,111.39,315.30,0.7455,-1,-1,-1
427,42,611.43,450.03,132.65,267.64,0.7150,-1,-1,-1
427,45,520.30,438.63,94.15,315.03,0.6316,-1,-1,-1
427,48,330.68,433.83,151.11,326.20,0.7855,-1,-1,-1
427,49,844.34,437.32,48.97,161.86,0.4928,-1,-1,-1
427,52,1159.61,409.69,171.10,521.68,0.4897,-1,-1,-1
428,18,1058.10,405.59,169.69,622.48,0.6657,-1,-1,-1
428,3,1058.10,405.59,169.69,622.48,0.6657,-1,-1,-1
428,32,972.55,440.28,120.81,486.65,0.5757,-1,-1,-1
428,41,723.82,417.54,114.60,309.92,0.7234,-1,-1,-1
428,42,609.28,447.65,133.54,268.32,0.6944,-1,-1,-1
428,45,508.12,437.79,109.38,317.27,0.6649,-1,-1,-1
428,48,346.74,436.51,136.13,317.96,0.7385,-1,-1,-1
428,49,841.30,441.10,49.85,157.83,0.5169,-1,-1,-1
428,52,1149.14,411.84,179.75,597.19,0.4315,-1,-1,-1
428,56,1692.07,330.62,227.50,619.65,0.6096,-1,-1,-1
429,18,1059.74,402.87,164.62,619.35,0.6601,-1,-1,-1
429,3,1059.74,402.87,164.62,619.35,0.6601,-1,-1,-1
429,32,973.97,452.14,119.12,478.20,0.5124,-1,-1,-1
429,41,727.33,430.94,116.29,296.40,0.7140,-1,-1,-1
429,42,618.15,442.55,123.34,271.63,0.7093,-1,-1,-1
429,45,503.02,438.49,123.81,316.38,0.6046,-1,-1,-1
429,48,366.24,438.05,119.42,314.24,0.7172,-1,-1,-1
429,52,1145.66,414.19,182.92,627.73,0.3509,-1,-1,-1
429,56,1650.14,325.80,269.69,615.24,0.4652,-1,-1,-1
430,18,1062.55,403.16,163.33,623.69,0.6897,-1,-1,-1
430,3,1062.55,403.16,163.33,623.69,0.6897,-1,-1,-1
430,32,975.07,446.06,119.19,482.40,0.5748,-1,-1,-1
430,41,729.48,431.71,119.80,295.44,0.6791,-1,-1,-1
430,42,633.51,441.88,109.16,271.15,0.6008,-1,-1,-1
430,45,510.72,438.10,136.06,317.29,0.5811,-1,-1,-1
430,48,377.42,437.85,109.83,310.24,0.7393,-1,-1,-1
430,52,1147.33,416.12,182.78,638.80,0.3096,-1,-1,-1
430,56,1597.90,320.73,321.85,620.65,0.4808,-1,-1,-1
430,49,839.50,438.88,46.22,155.56,0.3810,-1,-1,-1
431,18,1065.81,404.32,162.16,629.71,0.6786,-1,-1,-1
431,3,1065.81,404.32,162.16,629.71,0.6786,-1,-1,-1
431,32,976.13,440.15,120.33,486.94,0.5677,-1,-1,-1
431,41,728.35,430.27,122.97,297.27,0.6865,-1,-1,-1
431,42,642.06,441.87,99.92,266.35,0.5392,-1,-1,-1
431,45,531.59,441.18,132.31,313.74,0.6323,-1,-1,-1
431,48,384.79,438.03,106.33,307.00,0.7321,-1,-1,-1
431,52,1144.38,417.08,181.77,650.67,0.3018,-1,-1,-1
431,56,1548.61,308.14,371.08,690.05,0.7133,-1,-1,-1
431,49,839.41,440.13,43.51,154.03,0.5895,-1,-1,-1
432,18,1069.26,407.13,167.94,630.36,0.7302,-1,-1,-1
432,3,1069.26,407.13,167.94,630.36,0.7302,-1,-1,-1
432,32,976.88,443.54,120.85,484.81,0.5617,-1,-1,-1
432,41,728.48,424.63,124.26,301.84,0.6505,-1,-1,-1
432,42,655.64,446.57,84.40,257.65,0.4658,-1,-1,-1
432,45,543.22,441.37,135.08,313.88,0.6600,-1,-1,-1
432,48,388.92,439.62,106.99,308.02,0.7044,-1,-1,-1
432,52,1166.88,413.20,158.18,483.35,0.5700,-1,-1,-1
432,56,1501.09,301.76,418.10,715.23,0.8270,-1,-1,-1
432,49,836.74,442.02,45.04,151.45,0.6310,-1,-1,-1
432,57,1261.17,420.96,94.19,256.40,0.4264,-1,-1,-1
433,18,1073.75,409.05,165.94,616.75,0.7188,-1,-1,-1
433,3,1073.75,409.05,165.94,616.75,0.7188,-1,-1,-1
433,32,978.82,429.72,125.78,498.55,0.5651,-1,-1,-1
433,41,732.63,427.14,121.90,298.09,0.6894,-1,-1,-1
433,42,665.54,446.47,82.35,256.91,0.4262,-1,-1,-1
433,45,544.49,442.60,143.03,313.85,0.6807,-1,-1,-1
433,48,395.77,440.88,107.99,306.29,0.6754,-1,-1,-1
433,52,1180.00,413.41,151.74,411.01,0.6477,-1,-1,-1
433,56,1452.77,302.78,466.97,719.96,0.7809,-1,-1,-1
433,49,834.71,439.46,46.67,154.68,0.6019,-1,-1,-1
433,57,1266.07,417.98,93.57,258.79,0.3081,-1,-1,-1
434,18,1076.25,403.68,158.51,558.09,0.4757,-1,-1,-1
434,3,1076.25,403.68,158.51,558.09,0.4757,-1,-1,-1
434,32,981.44,424.47,132.83,512.81,0.6456,-1,-1,-1
434,41,737.82,419.98,118.01,305.64,0.6973,-1,-1,-1
434,42,669.63,448.71,84.66,254.15,0.4125,-1,-1,-1
434,45,547.91,445.20,142.61,311.30,0.7811,-1,-1,-1
434,48,403.20,440.86,107.19,305.94,0.6781,-1,-1,-1
434,52,1188.73,408.25,132.00,341.81,0.4601,-1,-1,-1
434,56,1406.71,302.40,497.49,717.31,0.7410,-1,-1,-1
434,49,833.17,438.61,46.21,151.87,0.2683,-1,-1,-1
434,57,1270.91,418.40,93.92,289.94,0.3894,-1,-1,-1
435,18,1081.94,404.81,160.65,439.75,0.6219,-1,-1,-1
435,3,1081.94,404.81,160.65,439.75,0.6219,-1,-1,-1
435,32,983.87,419.46,136.28,495.83,0.7034,-1,-1,-1
435,41,743.46,422.35,112.40,302.06,0.6922,-1,-1,-1
435,42,683.74,437.74,78.35,266.02,0.5280,-1,-1,-1
435,45,548.73,444.98,145.32,311.42,0.7973,-1,-1,-1
435,48,413.36,437.89,106.00,309.81,0.7636,-1,-1,-1
435,52,1193.44,405.37,126.89,306.69,0.6139,-1,-1,-1
435,56,1364.97,305.82,482.64,708.45,0.4198,-1,-1,-1
435,57,1276.96,418.71,93.46,299.75,0.5584,-1,-1,-1
436,18,1087.27,410.21,162.74,415.51,0.6526,-1,-1,-1
436,3,1087.27,410.21,162.74,415.51,0.6526,-1,-1,-1
436,32,994.15,419.09,133.63,421.40,0.6310,-1,-1,-1
436,41,751.09,424.42,105.56,297.27,0.6585,-1,-1,-1
436,42,696.06,437.11,75.96,270.61,0.4708,-1,-1,-1
436,45,547.40,442.31,148.48,314.06,0.7820,-1,-1,-1
436,48,416.96,437.23,109.45,310.91,0.7579,-1,-1,-1
436,52,1191.40,408.79,133.06,365.81,0.5848,-1,-1,-1
436,56,1312.54,309.82,471.64,704.65,0.8392,-1,-1,-1
437,18,1093.85,404.32,158.79,427.92,0.6934,-1,-1,-1
437,3,1093.85,404.32,158.79,427.92,0.6934,-1,-1,-1
437,32,997.99,419.98,135.19,403.48,0.6795,-1,-1,-1
437,41,757.21,416.88,99.99,302.80,0.5662,-1,-1,-1
437,42,706.68,432.57,74.97,276.52,0.4959,-1,-1,-1
437,45,548.19,440.65,148.94,316.66,0.7820,-1,-1,-1
437,48,418.04,438.58,115.74,311.87,0.7784,-1,-1,-1
437,52,1198.90,405.97,132.32,324.44,0.5323,-1,-1,-1
437,56,1225.84,317.36,489.26,702.87,0.8074,-1,-1,-1
438,18,1099.10,396.63,157.38,445.00,0.8135,-1,-1,-1
438,3,1099.10,396.63,157.38,445.00,0.8135,-1,-1,-1
438,32,1001.03,422.37,135.54,405.55,0.6854,-1,-1,-1
438,41,768.27,415.07,90.92,303.85,0.5409,-1,-1,-1
438,42,710.33,430.32,81.80,279.52,0.5464,-1,-1,-1
438,45,549.14,441.79,149.47,312.55,0.7834,-1,-1,-1
438,48,421.16,434.45,119.31,316.10,0.8063,-1,-1,-1
438,56,1193.61,326.22,449.12,701.00,0.7264,-1,-1,-1
439,18,1101.83,419.77,154.07,429.88,0.5211,-1,-1,-1
439,3,1101.83,419.77,154.07,429.88,0.5211,-1,-1,-1
439,32,1000.22,421.77,139.77,419.76,0.7035,-1,-1,-1
439,41,772.30,430.06,89.03,287.88,0.5405,-1,-1,-1
439,42,711.88,434.89,85.89,276.28,0.4638,-1,-1,-1
439,45,551.28,439.92,148.49,314.15,0.7897,-1,-1,-1
439,48,424.26,438.33,123.78,309.62,0.7600,-1,-1,-1
439,56,1155.04,333.25,417.47,701.56,0.7735,-1,-1,-1
440,32,999.34,423.39,146.06,435.21,0.7793,-1,-1,-1
440,41,773.86,439.07,88.18,277.76,0.5882,-1,-1,-1
440,42,712.77,437.54,85.75,273.62,0.5189,-1,-1,-1
440,45,552.21,440.81,148.10,313.46,0.7786,-1,-1,-1
440,48,428.72,438.34,124.38,306.40,0.7016,-1,-1,-1
440,56,1103.63,349.04,398.86,685.85,0.7388,-1,-1,-1
440,58,1832.89,466.13,65.09,179.86,0.4014,-1,-1,-1
441,32,999.81,431.61,140.03,407.98,0.4472,-1,-1,-1
441,41,776.63,436.15,86.43,276.65,0.5725,-1,-1,-1
441,42,713.34,444.86,95.65,266.64,0.5609,-1,-1,-1
441,45,552.96,441.07,147.03,312.74,0.7498,-1,-1,-1
441,48,436.06,438.78,118.47,302.87,0.6945,-1,-1,-1
441,56,1050.81,357.97,380.33,673.03,0.7500,-1,-1,-1
441,58,1833.43,466.32,68.94,181.96,0.4007,-1,-1,-1
441,57,1313.99,428.31,136.48,324.00,0.7006,-1,-1,-1
442,32,1001.56,442.73,126.74,328.13,0.2684,-1,-1,-1
442,41,778.48,430.89,87.63,279.33,0.5493,-1,-1,-1
442,42,713.57,447.76,109.95,264.31,0.5515,-1,-1,-1
442,45,560.23,439.79,140.33,310.58,0.7673,-1,-1,-1
442,48,442.94,437.45,110.80,307.66,0.6983,-1,-1,-1
442,56,1004.18,364.76,363.46,659.78,0.7932,-1,-1,-1
442,58,1834.14,465.95,67.42,182.39,0.3566,-1,-1,-1
442,57,1310.40,432.30,149.25,325.16,0.7322,-1,-1,-1
443,41,783.97,428.46,82.57,281.95,0.6365,-1,-1,-1
443,42,712.88,444.48,114.78,267.09,0.5491,-1,-1,-1
443,45,566.92,438.45,134.55,310.95,0.7966,-1,-1,-1
443,48,450.18,439.94,106.12,303.12,0.7198,-1,-1,-1
443,56,960.03,364.60,351.70,654.14,0.8089,-1,-1,-1
443,58,1834.75,465.88,67.72,181.77,0.2928,-1,-1,-1
443,57,1313.14,433.27,150.88,326.72,0.6965,-1,-1,-1
443,52,1230.18,426.51,122.17,401.65,0.6267,-1,-1,-1
444,41,787.16,430.77,84.41,279.72,0.5145,-1,-1,-1
444,42,712.12,443.62,127.37,267.47,0.5968,-1,-1,-1
444,45,578.54,437.19,123.12,308.56,0.7456,-1,-1,-1
444,48,461.09,436.43,99.68,304.34,0.7625,-1,-1,-1
444,56,917.26,363.45,338.79,651.46,0.8145,-1,-1,-1
444,58,1834.78,466.53,68.58,181.68,0.3265,-1,-1,-1
444,57,1315.67,434.04,148.71,329.46,0.6654,-1,-1,-1
444,52,1235.42,429.37,120.96,413.32,0.5231,-1,-1,-1
445,41,785.55,436.36,89.83,275.93,0.5040,-1,-1,-1
445,42,712.27,445.60,107.39,263.43,0.4197,-1,-1,-1
445,45,587.24,437.78,114.60,306.82,0.7542,-1,-1,-1
445,48,468.76,434.53,99.72,301.15,0.7620,-1,-1,-1
445,56,875.88,354.26,338.99,657.40,0.7806,-1,-1,-1
445,58,1833.58,467.69,71.47,180.28,0.2899,-1,-1,-1
445,57,1324.58,434.27,139.82,328.83,0.7329,-1,-1,-1
445,52,1237.80,429.59,127.04,388.00,0.4107,-1,-1,-1
445,3,1140.11,409.37,205.98,503.54,0.5941,-1,-1,-1
446,41,790.52,429.81,88.30,281.78,0.5669,-1,-1,-1
446,42,713.23,450.76,109.44,258.18,0.4564,-1,-1,-1
446,45,603.29,438.77,99.38,303.73,0.6875,-1,-1,-1
446,48,471.27,434.65,103.74,294.65,0.7216,-1,-1,-1
446,56,842.35,345.80,329.78,654.94,0.7822,-1,-1,-1
446,58,1832.69,469.20,71.36,179.01,0.3501,-1,-1,-1
446,57,1333.43,433.69,130.13,329.31,0.7053,-1,-1,-1
446,52,1241.10,428.90,126.94,403.96,0.4984,-1,-1,-1
446,3,1138.70,420.95,202.30,593.10,0.7608,-1,-1,-1
447,41,792.49,431.44,82.54,273.33,0.2883,-1,-1,-1
447,42,716.55,451.51,106.38,256.25,0.3915,-1,-1,-1
447,45,610.66,433.71,95.89,308.17,0.6749,-1,-1,-1
447,48,474.61,431.21,105.82,295.57,0.6849,-1,-1,-1
447,56,801.03,336.54,333.27,654.20,0.7790,-1,-1,-1
447,58,1832.46,469.88,69.24,178.08,0.2777,-1,-1,-1
447,57,1340.67,432.50,123.43,329.83,0.6715,-1,-1,-1
447,52,1238.78,423.75,127.53,417.19,0.3023,-1,-1,-1
447,3,1136.97,416.15,197.88,636.64,0.7875,-1,-1,-1
448,42,724.06,445.70,122.64,262.94,0.4139,-1,-1,-1
448,45,606.70,434.52,104.19,308.78,0.6114,-1,-1,-1
448,48,482.83,434.07,103.09,285.25,0.5845,-1,-1,-1
448,56,766.06,333.27,334.29,646.27,0.7762,-1,-1,-1
448,58,1831.89,469.52,72.06,178.79,0.2754,-1,-1,-1
448,57,1346.41,424.87,120.16,339.01,0.7806,-1,-1,-1
448,52,1243.37,422.38,126.43,379.19,0.3713,-1,-1,-1
448,3,1139.18,418.85,198.18,650.27,0.7738,-1,-1,-1
448,62,1057.15,421.35,130.92,484.53,0.5333,-1,-1,-1
449,45,625.80,434.77,93.78,308.07,0.5935,-1,-1,-1
449,48,485.14,436.82,105.63,282.98,0.7031,-1,-1,-1
449,56,729.85,332.21,333.84,646.32,0.7322,-1,-1,-1
449,58,1831.17,469.81,73.19,179.25,0.3388,-1,-1,-1
449,57,1350.53,422.74,116.76,340.65,0.7500,-1,-1,-1
449,52,1245.61,419.37,123.56,343.76,0.5111,-1,-1,-1
449,3,1142.60,423.89,192.90,649.33,0.7308,-1,-1,-1
449,62,1037.68,420.94,150.18,519.76,0.8009,-1,-1,-1
450,45,635.33,434.79,87.56,303.50,0.6591,-1,-1,-1
450,48,486.56,435.79,106.66,285.29,0.6996,-1,-1,-1
450,56,695.72,335.48,331.10,635.41,0.7551,-1,-1,-1
450,58,1831.64,468.80,74.96,180.17,0.3344,-1,-1,-1
450,57,1353.22,421.74,119.00,340.89,0.7539,-1,-1,-1
450,52,1253.93,424.19,116.10,333.49,0.2414,-1,-1,-1
450,3,1143.88,420.74,210.87,651.32,0.8142,-1,-1,-1
450,62,1032.46,415.69,159.18,544.18,0.7719,-1,-1,-1
451,45,644.80,437.97,81.03,300.50,0.6662,-1,-1,-1
451,48,489.52,434.29,118.58,289.35,0.6387,-1,-1,-1
451,56,660.43,339.50,333.42,638.58,0.7167,-1,-1,-1
451,58,1832.59,467.59,79.48,182.54,0.2803,-1,-1,-1
451,57,1353.66,419.13,124.55,345.44,0.7265,-1,-1,-1
451,52,1258.39,425.34,111.52,327.91,0.2700,-1,-1,-1
451,3,1136.59,418.75,248.64,654.78,0.8219,-1,-1,-1
451,62,1032.96,412.51,161.84,553.64,0.7848,-1,-1,-1
452,45,646.54,458.43,72.48,253.78,0.2747,-1,-1,-1
452,48,490.02,433.75,127.31,290.08,0.7213,-1,-1,-1
452,56,634.20,347.00,323.89,635.80,0.7141,-1,-1,-1
452,58,1834.99,466.44,73.17,182.40,0.2409,-1,-1,-1
452,57,1359.03,418.24,127.14,347.08,0.7839,-1,-1,-1
452,3,1107.01,416.39,294.01,657.33,0.7161,-1,-1,-1
452,62,1037.02,413.48,162.27,553.44,0.7996,-1,-1,-1
453,48,495.96,436.26,125.57,286.73,0.7167,-1,-1,-1
453,56,586.72,358.21,347.02,668.36,0.5382,-1,-1,-1
453,58,1834.94,464.17,70.80,184.92,0.2481,-1,-1,-1
453,57,1365.85,418.17,125.32,346.74,0.8185,-1,-1,-1
453,3,1135.71,415.90,294.63,652.83,0.8061,-1,-1,-1
453,62,1043.92,414.27,155.10,549.83,0.7941,-1,-1,-1
454,48,504.37,437.62,111.69,284.68,0.7768,-1,-1,-1
454,56,541.89,368.39,362.43,657.75,0.6761,-1,-1,-1
454,58,1834.43,465.04,79.11,185.29,0.2192,-1,-1,-1
454,57,1370.18,418.08,126.43,349.40,0.8182,-1,-1,-1
454,3,1144.63,410.44,303.44,662.88,0.7956,-1,-1,-1
454,62,1046.61,415.36,156.78,544.75,0.7733,-1,-1,-1
454,41,820.40,423.56,69.60,270.51,0.4522,-1,-1,-1
455,48,513.87,449.28,94.42,268.57,0.6621,-1,-1,-1
455,56,499.09,384.49,370.08,631.76,0.6360,-1,-1,-1
455,57,1373.13,418.71,129.00,349.66,0.8237,-1,-1,-1
455,3,1149.00,417.13,304.36,661.41,0.7105,-1,-1,-1
455,62,1050.61,417.76,169.25,545.26,0.7694,-1,-1,-1
455,65,243.80,517.24,90.99,123.20,0.5258,-1,-1,-1
455,41,820.93,421.14,74.71,283.01,0.6188,-1,-1,-1
456,56,460.35,391.88,376.51,646.99,0.7105,-1,-1,-1
456,57,1376.68,419.80,131.41,353.30,0.8207,-1,-1,-1
456,3,1151.04,421.88,309.87,659.14,0.7529,-1,-1,-1
456,62,1054.78,420.00,170.81,543.59,0.7770,-1,-1,-1
456,65,240.39,516.12,88.43,121.16,0.2718,-1,-1,-1
456,41,814.93,420.08,86.00,288.02,0.5995,-1,-1,-1
457,56,411.75,395.68,382.77,645.98,0.6784,-1,-1,-1
457,57,1379.38,420.58,135.05,357.30,0.8461,-1,-1,-1
457,3,1152.50,414.92,298.24,665.15,0.8217,-1,-1,-1
457,62,1059.98,420.77,168.05,543.69,0.8059,-1,-1,-1
457,65,230.73,514.34,92.51,115.93,0.3940,-1,-1,-1
457,41,809.45,413.87,95.33,295.13,0.6822,-1,-1,-1
457,67,415.70,470.96,42.49,100.95,0.3418,-1,-1,-1
457,45,687.01,442.25,69.38,215.03,0.3441,-1,-1,-1
458,56,375.14,394.22,391.00,666.65,0.7583,-1,-1,-1
458,57,1386.31,421.77,134.80,359.32,0.8285,-1,-1,-1
458,3,1153.33,414.90,303.30,664.30,0.8404,-1,-1,-1
458,62,1067.28,419.70,162.13,541.39,0.8053,-1,-1,-1
458,65,220.86,517.60,93.83,117.29,0.4045,-1,-1,-1
458,41,809.11,415.31,97.75,293.17,0.6733,-1,-1,-1
458,67,415.28,471.72,41.27,100.36,0.2661,-1,-1,-1
458,45,688.78,441.20,81.28,268.57,0.4975,-1,-1,-1
459,56,339.84,390.38,395.57,680.40,0.8432,-1,-1,-1
459,57,1391.62,423.57,144.38,361.39,0.8362,-1,-1,-1
459,3,1154.83,414.76,314.06,664.29,0.8346,-1,-1,-1
459,62,1074.80,418.81,158.03,544.94,0.7696,-1,-1,-1
459,65,210.11,520.65,96.09,123.23,0.3798,-1,-1,-1
459,41,816.70,419.00,88.41,286.23,0.5969,-1,-1,-1
459,45,688.22,441.79,102.93,284.01,0.4904,-1,-1,-1
460,56,302.43,388.37,405.30,678.26,0.6814,-1,-1,-1
460,57,1397.49,424.05,156.63,363.47,0.8446,-1,-1,-1
460,3,1158.26,412.71,311.56,664.46,0.8424,-1,-1,-1
460,62,1084.91,418.86,152.88,547.01,0.7161,-1,-1,-1
460,65,202.12,521.59,95.75,117.40,0.4021,-1,-1,-1
460,41,820.86,421.92,88.35,280.46,0.5389,-1,-1,-1
460,45,678.13,440.34,122.34,292.84,0.6885,-1,-1,-1
461,56,274.10,375.07,404.54,698.81,0.8019,-1,-1,-1
461,57,1401.25,425.55,163.73,365.02,0.8554,-1,-1,-1
461,3,1160.28,411.07,310.20,667.73,0.8619,-1,-1,-1
461,62,1096.87,421.74,151.46,552.31,0.7141,-1,-1,-1
461,65,192.46,521.00,96.65,116.04,0.2778,-1,-1,-1
461,41,818.49,416.56,96.96,284.96,0.5818,-1,-1,-1
461,45,662.75,439.01,141.92,298.49,0.7448,-1,-1,-1
462,56,249.37,369.91,396.44,705.06,0.7663,-1,-1,-1
462,57,1403.58,426.31,167.11,366.42,0.8153,-1,-1,-1
462,3,1158.57,405.76,313.26,672.39,0.8664,-1,-1,-1
462,62,1098.45,420.31,157.49,555.51,0.7316,-1,-1,-1
462,41,813.20,413.16,102.82,289.45,0.6095,-1,-1,-1
462,45,665.41,438.87,138.26,299.85,0.6937,-1,-1,-1
462,48,563.94,434.80,88.36,276.04,0.5541,-1,-1,-1
463,56,243.45,363.36,382.05,711.21,0.7795,-1,-1,-1
463,57,1405.39,430.39,171.09,367.23,0.8301,-1,-1,-1
463,3,1160.95,403.41,310.39,674.80,0.8028,-1,-1,-1
463,62,1102.08,417.32,157.47,557.34,0.7729,-1,-1,-1
463,41,810.15,411.47,109.60,291.07,0.5974,-1,-1,-1
463,45,672.19,438.33,126.39,299.17,0.6770,-1,-1,-1
463,48,567.03,432.70,91.80,276.95,0.7024,-1,-1,-1
463,49,774.37,446.66,46.98,141.05,0.4050,-1,-1,-1
464,56,220.92,358.79,384.98,714.68,0.8129,-1,-1,-1
464,57,1413.21,427.73,166.00,372.86,0.8498,-1,-1,-1
464,3,1167.02,401.92,303.27,675.30,0.7971,-1,-1,-1
464,62,1104.43,413.54,162.32,563.63,0.7789,-1,-1,-1
464,41,809.23,411.68,114.81,292.11,0.6321,-1,-1,-1
464,45,680.74,437.88,117.45,295.82,0.6810,-1,-1,-1
464,48,572.20,432.06,91.63,275.64,0.6957,-1,-1,-1
464,49,772.88,446.09,46.93,140.35,0.5095,-1,-1,-1
465,56,195.63,360.43,393.32,710.31,0.7817,-1,-1,-1
465,57,1421.58,424.85,158.43,378.40,0.8425,-1,-1,-1
465,3,1183.20,402.01,286.26,677.07,0.8340,-1,-1,-1
465,62,1107.82,416.30,159.74,560.96,0.7698,-1,-1,-1
465,41,817.06,412.26,108.50,291.88,0.6266,-1,-1,-1
465,45,685.72,438.23,114.13,294.70,0.6242,-1,-1,-1
465,48,568.02,430.82,99.79,276.64,0.6815,-1,-1,-1
466,56,157.85,365.13,399.45,707.35,0.7490,-1,-1,-1
466,57,1432.81,421.88,147.09,382.96,0.8451,-1,-1,-1
466,3,1195.72,402.61,274.48,676.15,0.8166,-1,-1,-1
466,62,1107.43,420.33,165.42,554.84,0.7763,-1,-1,-1
466,41,822.47,409.65,106.42,295.54,0.6719,-1,-1,-1
466,45,704.22,437.97,108.50,294.03,0.6411,-1,-1,-1
466,48,564.58,430.14,106.12,278.09,0.6880,-1,-1,-1
466,68,512.16,448.55,75.09,193.39,0.3998,-1,-1,-1
467,56,129.57,369.20,402.33,703.80,0.8544,-1,-1,-1
467,57,1447.83,421.10,135.48,385.49,0.8019,-1,-1,-1
467,3,1216.26,404.51,259.61,667.72,0.7358,-1,-1,-1
467,62,1108.47,426.09,171.64,549.45,0.7267,-1,-1,-1
467,41,827.46,407.94,100.56,297.81,0.6769,-1,-1,-1
467,45,718.56,439.48,98.10,293.21,0.6695,-1,-1,-1
467,48,568.53,428.63,103.53,279.90,0.6876,-1,-1,-1
467,68,501.98,456.09,78.96,183.36,0.3586,-1,-1,-1
468,56,113.40,371.99,391.02,702.30,0.8189,-1,-1,-1
468,57,1459.69,416.32,131.53,389.07,0.8165,-1,-1,-1
468,3,1239.01,405.56,244.06,655.03,0.6439,-1,-1,-1
468,62,1112.37,423.96,176.48,561.40,0.7788,-1,-1,-1
468,41,830.57,406.94,97.28,298.47,0.6698,-1,-1,-1
468,45,713.55,439.04,101.55,293.99,0.6051,-1,-1,-1
468,48,572.39,432.38,99.11,272.89,0.7035,-1,-1,-1
468,68,497.54,456.05,73.45,166.05,0.2639,-1,-1,-1
469,56,78.74,379.67,388.36,689.89,0.7295,-1,-1,-1
469,57,1471.52,414.27,123.28,391.17,0.7871,-1,-1,-1
469,3,1253.47,403.37,242.73,665.72,0.7932,-1,-1,-1
469,62,1116.34,422.69,173.84,573.62,0.7744,-1,-1,-1
469,41,833.63,407.03,93.61,298.80,0.6873,-1,-1,-1
469,45,711.62,437.11,106.22,295.87,0.6254,-1,-1,-1
469,48,575.92,435.63,97.30,268.99,0.7122,-1,-1,-1
469,68,492.45,457.63,79.92,186.54,0.3636,-1,-1,-1
470,56,49.09,388.96,392.57,679.47,0.7838,-1,-1,-1
470,57,1481.43,412.30,119.70,391.54,0.8237,-1,-1,-1
470,3,1270.77,405.88,236.24,667.59,0.6423,-1,-1,-1
470,62,1122.99,422.19,178.26,583.18,0.7595,-1,-1,-1
470,41,833.34,407.96,93.00,299.17,0.7193,-1,-1,-1
470,45,712.93,436.99,118.70,294.00,0.6069,-1,-1,-1
470,48,579.69,438.77,95.00,267.57,0.7093,-1,-1,-1
470,68,488.36,470.43,75.57,174.69,0.3064,-1,-1,-1
471,56,18.97,395.51,408.79,673.57,0.8303,-1,-1,-1
471,57,1489.79,410.42,116.67,393.03,0.8151,-1,-1,-1
471,3,1289.68,401.65,213.33,673.33,0.5580,-1,-1,-1
471,62,1129.76,421.94,173.34,587.63,0.7716,-1,-1,-1
471,41,837.10,412.86,90.55,293.15,0.7534,-1,-1,-1
471,45,730.41,432.74,117.02,299.59,0.5847,-1,-1,-1
471,48,581.82,446.02,94.70,262.65,0.6995,-1,-1,-1
471,68,482.14,477.31,74.51,175.09,0.2107,-1,-1,-1
472,56,-2.65,401.31,398.76,665.09,0.7826,-1,-1,-1
472,57,1494.90,409.58,117.83,395.56,0.8316,-1,-1,-1
472,3,1290.43,399.20,207.72,674.58,0.6533,-1,-1,-1
472,62,1133.62,418.64,178.83,593.03,0.8035,-1,-1,-1
472,41,838.18,412.82,89.54,292.50,0.7329,-1,-1,-1
472,45,738.56,432.13,119.24,300.09,0.6446,-1,-1,-1
472,48,584.36,446.11,96.10,262.35,0.7332,-1,-1,-1
472,68,482.61,474.67,66.11,169.27,0.3567,-1,-1,-1
472,70,408.55,486.69,62.37,138.05,0.3856,-1,-1,-1
473,56,-11.34,402.90,394.31,663.66,0.6318,-1,-1,-1
473,57,1500.48,410.35,118.55,393.04,0.8031,-1,-1,-1
473,3,1310.57,399.21,201.69,669.80,0.6613,-1,-1,-1
473,62,1138.33,421.67,171.57,590.16,0.7926,-1,-1,-1
473,41,840.09,416.01,89.69,289.44,0.6985,-1,-1,-1
473,45,742.14,434.75,119.14,296.54,0.6693,-1,-1,-1
473,48,587.11,441.89,97.52,266.51,0.7318,-1,-1,-1
473,68,470.49,475.25,72.41,174.31,0.3434,-1,-1,-1
473,70,409.40,488.09,54.34,127.14,0.3496,-1,-1,-1
474,56,-13.57,401.11,364.81,670.00,0.5950,-1,-1,-1
474,57,1504.00,411.10,123.70,391.81,0.7798,-1,-1,-1
474,3,1323.98,399.69,202.00,666.55,0.7211,-1,-1,-1
474,62,1143.68,422.04,166.84,589.68,0.8006,-1,-1,-1
474,41,839.33,414.48,86.38,290.29,0.6225,-1,-1,-1
474,45,741.97,437.57,119.74,292.71,0.6530,-1,-1,-1
474,48,589.82,440.18,98.31,267.87,0.7394,-1,-1,-1
474,68,453.20,475.75,88.86,181.23,0.4084,-1,-1,-1
475,56,-12.31,398.84,346.39,674.06,0.7477,-1,-1,-1
475,57,1508.79,410.46,130.43,392.86,0.7780,-1,-1,-1
475,3,1326.34,400.97,205.69,666.13,0.7506,-1,-1,-1
475,62,1147.44,422.09,167.23,589.76,0.8163,-1,-1,-1
475,41,845.74,415.49,90.89,287.98,0.5109,-1,-1,-1
475,45,743.66,436.55,118.60,294.14,0.6514,-1,-1,-1
475,48,592.71,441.79,98.69,265.74,0.7418,-1,-1,-1
475,68,453.51,476.06,86.02,186.02,0.3752,-1,-1,-1
476,56,-10.78,395.56,257.98,678.64,0.6785,-1,-1,-1
476,57,1513.68,411.55,145.53,392.97,0.7606,-1,-1,-1
476,3,1328.75,397.79,212.97,673.21,0.6737,-1,-1,-1
476,62,1149.70,421.53,167.35,590.11,0.8137,-1,-1,-1
476,41,846.88,416.54,83.54,287.58,0.5584,-1,-1,-1
476,45,744.06,436.47,118.25,294.63,0.7018,-1,-1,-1
476,48,595.57,444.39,100.85,261.80,0.7924,-1,-1,-1
476,68,443.04,478.56,89.18,183.54,0.5483,-1,-1,-1
477,56,-6.64,390.87,283.22,680.83,0.7832,-1,-1,-1
477,57,1517.09,411.12,165.62,398.63,0.8325,-1,-1,-1
477,3,1335.26,396.83,199.01,665.39,0.3969,-1,-1,-1
477,62,1151.57,421.21,170.77,590.51,0.8251,-1,-1,-1
477,41,847.26,416.82,77.08,285.59,0.5527,-1,-1,-1
477,45,745.55,437.31,116.46,293.98,0.7031,-1,-1,-1
477,48,600.17,444.63,100.35,260.94,0.7702,-1,-1,-1
477,68,432.63,475.33,92.38,187.55,0.4182,-1,-1,-1
478,56,-6.83,385.19,212.79,687.14,0.4854,-1,-1,-1
478,57,1523.57,408.32,180.50,401.41,0.8259,-1,-1,-1
478,3,1338.36,398.18,202.06,660.27,0.6569,-1,-1,-1
478,62,1157.50,421.03,169.11,590.54,0.8188,-1,-1,-1
478,41,848.77,415.60,75.35,286.27,0.4891,-1,-1,-1
478,45,747.48,437.29,113.58,295.15,0.6311,-1,-1,-1
478,48,611.06,445.39,93.99,258.66,0.6864,-1,-1,-1
478,68,422.62,475.08,97.25,189.88,0.4568,-1,-1,-1
478,73,1307.58,418.28,86.74,511.24,0.4052,-1,-1,-1
478,42,852.49,427.76,143.89,269.19,0.3469,-1,-1,-1
479,56,-3.36,382.89,243.32,687.23,0.7242,-1,-1,-1
479,57,1530.00,409.43,193.70,404.30,0.8490,-1,-1,-1
479,3,1345.09,398.16,212.15,669.10,0.7607,-1,-1,-1
479,62,1162.39,420.16,168.44,590.84,0.8015,-1,-1,-1
479,41,851.33,414.16,70.34,286.06,0.5194,-1,-1,-1
479,45,755.65,438.37,106.79,294.15,0.6150,-1,-1,-1
479,48,609.62,444.44,101.03,258.75,0.6577,-1,-1,-1
479,68,417.58,476.28,91.45,185.55,0.2733,-1,-1,-1
479,73,1316.03,413.41,94.33,529.09,0.4344,-1,-1,-1
479,42,883.99,433.08,118.84,258.61,0.4886,-1,-1,-1
480,56,-3.68,389.03,170.98,684.21,0.4762,-1,-1,-1
480,57,1536.57,412.81,199.55,408.38,0.8578,-1,-1,-1
480,3,1348.17,401.72,226.49,670.22,0.8129,-1,-1,-1
480,62,1168.13,420.51,166.06,589.89,0.8059,-1,-1,-1
480,41,852.11,412.92,69.59,286.93,0.5703,-1,-1,-1
480,45,763.66,437.31,100.46,292.51,0.6541,-1,-1,-1
480,48,618.65,439.24,92.89,262.06,0.6063,-1,-1,-1
480,68,412.72,478.94,91.46,182.40,0.3096,-1,-1,-1
480,73,1323.78,411.24,93.77,542.18,0.4473,-1,-1,-1
480,42,896.80,436.18,110.03,250.76,0.5526,-1,-1,-1
481,56,-1.68,406.22,205.68,666.07,0.7641,-1,-1,-1
481,57,1542.20,417.72,203.79,407.11,0.8478,-1,-1,-1
481,3,1349.39,399.23,243.91,676.92,0.8316,-1,-1,-1
481,62,1173.02,419.49,165.11,590.38,0.8083,-1,-1,-1
481,41,853.29,413.18,67.70,286.19,0.5485,-1,-1,-1
481,45,773.12,439.33,96.28,286.47,0.6126,-1,-1,-1
481,48,625.98,436.12,92.56,263.58,0.6027,-1,-1,-1
481,68,406.98,479.25,86.60,184.23,0.5190,-1,-1,-1
481,73,1328.60,407.65,90.95,554.91,0.3931,-1,-1,-1
481,42,902.81,439.18,105.08,245.08,0.6321,-1,-1,-1
482,56,-2.15,452.99,199.45,619.13,0.7682,-1,-1,-1
482,57,1547.83,418.61,205.95,409.51,0.8334,-1,-1,-1
482,3,1354.45,396.89,254.38,680.48,0.8511,-1,-1,-1
482,62,1177.24,419.12,164.07,592.90,0.7926,-1,-1,-1
482,41,854.45,413.34,66.61,284.24,0.5306,-1,-1,-1
482,45,780.91,438.64,92.24,284.34,0.5800,-1,-1,-1
482,48,632.01,434.72,88.92,265.44,0.5772,-1,-1,-1
482,68,404.15,478.07,84.40,190.73,0.4564,-1,-1,-1
482,73,1330.69,406.44,97.13,551.12,0.3450,-1,-1,-1
482,42,906.62,442.56,102.50,240.46,0.6763,-1,-1,-1
483,56,-1.86,500.91,185.77,570.12,0.7445,-1,-1,-1
483,57,1555.22,418.48,199.48,413.01,0.8257,-1,-1,-1
483,3,1358.77,394.78,263.12,681.99,0.8279,-1,-1,-1
483,62,1183.37,418.59,162.09,593.30,0.7927,-1,-1,-1
483,41,855.70,415.24,66.91,283.96,0.5268,-1,-1,-1
483,45,792.73,437.03,82.34,288.08,0.6332,-1,-1,-1
483,48,631.12,433.73,94.96,264.36,0.6164,-1,-1,-1
483,68,398.83,476.78,88.60,192.85,0.4746,-1,-1,-1
483,73,1332.32,401.33,102.97,558.95,0.4048,-1,-1,-1
483,42,909.95,445.07,98.29,237.60,0.6634,-1,-1,-1
484,56,-1.24,544.39,165.82,454.62,0.3883,-1,-1,-1
484,57,1563.14,416.42,193.59,418.85,0.8216,-1,-1,-1
484,3,1360.58,393.99,272.21,683.73,0.8716,-1,-1,-1
484,62,1188.85,417.66,161.47,594.81,0.7879,-1,-1,-1
484,41,859.15,428.42,65.23,270.99,0.5163,-1,-1,-1
484,45,797.70,437.76,78.06,289.92,0.6600,-1,-1,-1
484,48,633.11,435.09,100.22,261.97,0.6559,-1,-1,-1
484,68,384.42,476.04,101.34,195.09,0.4643,-1,-1,-1
484,73,1336.03,405.73,101.44,557.32,0.4305,-1,-1,-1
484,42,912.81,445.57,95.12,237.85,0.6519,-1,-1,-1
485,56,-1.01,564.63,146.29,488.60,0.4240,-1,-1,-1
485,57,1573.66,411.73,184.83,426.04,0.8340,-1,-1,-1
485,3,1361.22,395.43,278.43,681.66,0.8567,-1,-1,-1
485,62,1193.89,419.62,162.94,593.49,0.7822,-1,-1,-1
485,41,861.72,425.33,61.00,271.13,0.4660,-1,-1,-1
485,45,801.13,438.66,83.12,286.82,0.6579,-1,-1,-1
485,48,632.55,434.87,110.21,261.92,0.6882,-1,-1,-1
485,68,368.20,477.09,110.66,198.35,0.3475,-1,-1,-1
485,73,1338.33,417.86,101.26,543.65,0.5510,-1,-1,-1
485,42,913.88,442.38,94.64,239.94,0.6782,-1,-1,-1
486,56,-0.49,580.17,118.88,427.08,0.5681,-1,-1,-1
486,57,1582.50,412.08,178.38,427.58,0.8357,-1,-1,-1
486,3,1360.78,396.57,283.68,679.87,0.8409,-1,-1,-1
486,62,1198.93,419.92,163.50,592.74,0.7763,-1,-1,-1
486,41,864.68,430.01,59.49,251.51,0.3564,-1,-1,-1
486,45,802.19,438.64,95.10,285.97,0.5760,-1,-1,-1
486,48,633.26,434.55,118.11,262.32,0.7142,-1,-1,-1
486,68,356.53,478.64,108.27,193.64,0.3277,-1,-1,-1
486,73,1339.43,415.57,105.28,549.08,0.6089,-1,-1,-1
486,42,913.09,441.60,94.43,239.92,0.6943,-1,-1,-1
487,56,-0.27,553.68,94.39,434.62,0.4665,-1,-1,-1
487,57,1590.00,415.30,169.92,425.12,0.7893,-1,-1,-1
487,3,1361.84,396.49,283.59,679.57,0.8439,-1,-1,-1
487,62,1201.60,419.20,175.70,593.62,0.7763,-1,-1,-1
487,41,863.97,429.45,61.38,260.36,0.4199,-1,-1,-1
487,45,804.11,437.91,93.44,285.48,0.4917,-1,-1,-1
487,48,633.83,435.33,125.27,261.36,0.6703,-1,-1,-1
487,68,353.36,478.27,106.69,197.16,0.4732,-1,-1,-1
487,73,1345.41,413.33,104.34,533.57,0.5811,-1,-1,-1
487,42,917.62,441.76,91.18,240.17,0.6625,-1,-1,-1
488,56,-0.02,628.18,71.48,337.93,0.5589,-1,-1,-1
488,57,1598.42,417.91,164.67,422.15,0.7656,-1,-1,-1
488,3,1361.70,399.57,288.31,676.55,0.8192,-1,-1,-1
488,62,1203.21,419.59,181.47,592.72,0.7843,-1,-1,-1
488,45,805.59,434.45,115.63,290.29,0.5851,-1,-1,-1
488,48,636.00,435.43,126.51,261.08,0.6730,-1,-1,-1
488,68,348.64,475.99,105.95,201.90,0.4943,-1,-1,-1
488,73,1349.22,416.98,106.42,514.33,0.5108,-1,-1,-1
488,42,920.95,447.57,88.68,234.16,0.5541,-1,-1,-1
489,57,1607.62,414.30,156.84,428.05,0.7453,-1,-1,-1
489,3,1362.33,395.02,290.77,678.29,0.7880,-1,-1,-1
489,62,1205.76,415.08,185.48,595.00,0.8261,-1,-1,-1
489,45,806.91,432.38,127.73,292.24,0.5718,-1,-1,-1
489,48,640.69,435.19,125.74,260.74,0.6961,-1,-1,-1
489,68,340.18,460.35,101.73,219.79,0.5010,-1,-1,-1
489,73,1351.14,421.54,110.23,484.24,0.5552,-1,-1,-1
489,42,923.61,441.32,88.00,239.92,0.6095,-1,-1,-1
489,78,-0.32,534.49,64.80,130.31,0.5443,-1,-1,-1
490,57,1615.78,412.34,149.63,431.76,0.7317,-1,-1,-1
490,3,1366.83,396.60,274.06,675.76,0.7452,-1,-1,-1
490,62,1205.91,416.68,187.85,594.54,0.8007,-1,-1,-1
490,45,807.10,435.30,134.41,289.34,0.5806,-1,-1,-1
490,48,643.31,435.11,124.71,262.25,0.7904,-1,-1,-1
490,68,331.96,460.63,98.13,220.42,0.5006,-1,-1,-1
490,73,1355.07,420.23,113.07,477.18,0.6120,-1,-1,-1
490,42,933.19,439.84,79.63,240.30,0.6166,-1,-1,-1
490,78,-0.46,541.89,53.17,112.91,0.3634,-1,-1,-1
491,57,1620.84,409.73,133.58,432.54,0.7351,-1,-1,-1
491,3,1369.20,399.16,260.76,670.69,0.6711,-1,-1,-1
491,62,1206.55,417.42,188.32,594.42,0.8077,-1,-1,-1
491,45,808.54,436.38,137.04,288.32,0.5252,-1,-1,-1
491,48,647.17,434.96,122.60,263.86,0.7892,-1,-1,-1
491,68,321.30,482.33,101.99,199.93,0.4788,-1,-1,-1
491,73,1361.35,418.80,114.36,473.48,0.5507,-1,-1,-1
491,42,944.74,437.21,71.41,241.25,0.5936,-1,-1,-1
491,78,-0.15,553.07,41.95,86.95,0.2449,-1,-1,-1
492,57,1631.68,409.76,120.26,436.84,0.7097,-1,-1,-1
492,3,1373.20,394.89,298.45,668.02,0.4257,-1,-1,-1
492,62,1206.48,414.33,194.17,596.03,0.8157,-1,-1,-1
492,45,808.89,442.03,141.10,283.00,0.6687,-1,-1,-1
492,48,648.58,433.51,123.73,266.88,0.7643,-1,-1,-1
492,68,315.32,482.45,98.20,200.85,0.5229,-1,-1,-1
492,73,1366.94,413.65,120.32,469.39,0.5252,-1,-1,-1
492,42,952.69,436.92,72.33,241.35,0.6239,-1,-1,-1
492,78,0.00,560.42,34.20,86.03,0.3581,-1,-1,-1
492,80,723.83,444.44,46.77,132.01,0.3467,-1,-1,-1
492,81,565.66,440.55,32.50,89.81,0.3614,-1,-1,-1
493,57,1636.71,409.91,120.82,434.94,0.6395,-1,-1,-1
493,3,1374.73,390.43,260.81,670.38,0.4735,-1,-1,-1
493,62,1206.92,416.38,198.12,593.74,0.8292,-1,-1,-1
493,45,810.30,445.13,142.47,279.17,0.6880,-1,-1,-1
493,48,651.78,439.36,120.97,262.41,0.7730,-1,-1,-1
493,68,306.59,486.62,101.41,194.18,0.4880,-1,-1,-1
493,73,1372.88,410.84,121.60,486.66,0.5386,-1,-1,-1
493,42,957.73,439.15,73.60,239.84,0.7062,-1,-1,-1
493,80,727.77,444.27,42.06,130.11,0.3708,-1,-1,-1
493,81,563.81,439.07,34.93,92.41,0.3298,-1,-1,-1
494,57,1637.31,410.06,129.28,410.42,0.6719,-1,-1,-1
494,3,1378.07,388.58,284.59,663.05,0.4993,-1,-1,-1
494,62,1207.03,419.65,205.13,590.45,0.8280,-1,-1,-1
494,45,810.96,445.78,144.13,279.39,0.7109,-1,-1,-1
494,48,654.50,441.50,119.70,260.56,0.7826,-1,-1,-1
494,68,301.18,479.17,104.00,200.86,0.3785,-1,-1,-1
494,73,1378.24,408.23,123.14,515.85,0.6176,-1,-1,-1
494,42,958.34,440.98,77.19,238.75,0.6560,-1,-1,-1
494,80,729.04,445.67,39.89,129.43,0.2629,-1,-1,-1
494,81,564.08,439.55,35.01,92.55,0.3093,-1,-1,-1
495,57,1638.37,406.79,154.33,441.82,0.6934,-1,-1,-1
495,3,1379.24,384.60,285.17,664.31,0.4448,-1,-1,-1
495,62,1207.71,421.02,212.24,589.94,0.8144,-1,-1,-1
495,45,817.24,443.86,138.71,281.01,0.6831,-1,-1,-1
495,48,655.20,438.64,118.54,263.28,0.7627,-1,-1,-1
495,68,295.01,474.11,100.82,215.02,0.3153,-1,-1,-1
495,73,1379.08,406.89,125.75,543.84,0.5720,-1,-1,-1
495,42,961.20,441.63,86.16,239.17,0.6626,-1,-1,-1
495,81,564.11,441.00,35.43,92.53,0.3225,-1,-1,-1
496,57,1641.97,404.52,168.92,417.40,0.4886,-1,-1,-1
496,3,1388.46,377.24,280.07,684.51,0.5698,-1,-1,-1
496,62,1208.15,420.34,219.10,591.10,0.8325,-1,-1,-1
496,45,821.64,441.85,135.33,284.32,0.7019,-1,-1,-1
496,48,657.24,438.07,116.17,263.85,0.7866,-1,-1,-1
496,68,291.47,463.19,92.39,224.41,0.3578,-1,-1,-1
496,73,1382.62,410.57,129.28,558.31,0.6482,-1,-1,-1
496,42,961.08,442.67,99.23,238.83,0.7292,-1,-1,-1
496,81,566.31,441.69,33.84,91.92,0.3871,-1,-1,-1
497,57,1646.14,405.37,160.64,454.37,0.8000,-1,-1,-1
497,3,1395.82,377.25,288.60,692.30,0.6530,-1,-1,-1
497,62,1209.20,420.48,223.56,590.52,0.8527,-1,-1,-1
497,45,828.85,442.62,128.31,285.20,0.7343,-1,-1,-1
497,48,663.10,435.09,109.54,267.11,0.7763,-1,-1,-1
497,68,262.84,467.94,109.56,224.24,0.4461,-1,-1,-1
497,73,1389.68,415.74,130.56,496.48,0.6543,-1,-1,-1
497,42,963.53,442.34,108.37,239.52,0.7280,-1,-1,-1
497,81,567.08,442.26,33.12,91.17,0.3681,-1,-1,-1
498,57,1651.64,408.41,160.16,463.00,0.7416,-1,-1,-1
498,3,1409.85,376.66,280.00,693.82,0.6497,-1,-1,-1
498,62,1213.02,418.27,223.30,592.85,0.8473,-1,-1,-1
498,45,838.06,443.70,119.30,283.32,0.6812,-1,-1,-1
498,48,669.41,433.00,102.16,269.30,0.7721,-1,-1,-1
498,68,256.27,474.78,111.56,223.88,0.4579,-1,-1,-1
498,73,1392.31,413.24,135.79,519.48,0.6517,-1,-1,-1
498,42,967.68,440.57,112.95,241.45,0.7381,-1,-1,-1
498,81,567.06,441.71,33.53,91.99,0.3901,-1,-1,-1
499,57,1654.49,406.73,190.94,469.06,0.8522,-1,-1,-1
499,3,1422.48,377.66,272.47,693.75,0.6663,-1,-1,-1
499,62,1220.05,415.71,216.24,596.11,0.8360,-1,-1,-1
499,45,851.54,443.33,106.27,284.68,0.6998,-1,-1,-1
499,48,673.36,435.36,98.13,265.97,0.7671,-1,-1,-1
499,68,244.84,480.66,111.35,220.36,0.5499,-1,-1,-1
499,73,1393.60,407.97,143.17,531.60,0.6558,-1,-1,-1
499,42,970.33,440.66,118.73,242.09,0.6977,-1,-1,-1
499,81,567.25,442.27,32.74,91.60,0.3971,-1,-1,-1
500,57,1661.10,410.59,205.92,473.11,0.8431,-1,-1,-1
500,3,1443.95,377.88,263.11,693.10,0.5798,-1,-1,-1
500,62,1228.42,416.50,209.90,595.96,0.7889,-1,-1,-1
500,45,856.40,440.08,102.88,286.74,0.6595,-1,-1,-1
500,48,676.26,433.97,95.97,267.06,0.7473,-1,-1,-1
500,68,237.32,481.38,104.31,222.81,0.6091,-1,-1,-1
500,73,1390.93,409.02,154.13,544.69,0.6765,-1,-1,-1
500,42,971.16,442.91,120.24,240.13,0.6806,-1,-1,-1
500,81,568.40,442.68,32.00,91.06,0.3354,-1,-1,-1
501,57,1671.64,415.16,218.52,472.30,0.8532,-1,-1,-1
501,3,1477.33,375.00,232.72,611.54,0.6124,-1,-1,-1
501,62,1239.76,414.92,202.53,598.19,0.7919,-1,-1,-1
501,45,859.47,438.36,102.55,287.54,0.6991,-1,-1,-1
501,48,682.33,433.78,91.19,266.36,0.6854,-1,-1,-1
501,68,226.57,481.34,107.33,222.34,0.6270,-1,-1,-1
501,73,1394.37,411.58,153.82,543.76,0.6843,-1,-1,-1
501,42,970.48,451.00,120.31,231.85,0.7070,-1,-1,-1
501,81,570.87,445.04,29.87,88.88,0.3175,-1,-1,-1
502,57,1683.01,415.14,217.68,474.66,0.8443,-1,-1,-1
502,3,1496.34,376.22,225.85,662.14,0.6162,-1,-1,-1
502,62,1252.97,414.94,195.96,599.39,0.7969,-1,-1,-1
502,45,862.04,439.73,103.67,286.44,0.6559,-1,-1,-1
502,48,691.59,435.44,83.59,263.63,0.6779,-1,-1,-1
502,68,217.87,483.57,112.84,219.45,0.6012,-1,-1,-1
502,73,1390.66,407.43,162.08,554.73,0.7128,-1,-1,-1
502,42,972.83,451.17,117.19,231.60,0.7334,-1,-1,-1
502,81,572.19,449.14,28.48,84.26,0.3030,-1,-1,-1
503,57,1691.73,413.04,216.05,481.36,0.8555,-1,-1,-1
503,3,1508.89,374.14,218.02,681.47,0.7256,-1,-1,-1
503,62,1276.50,411.43,178.73,605.16,0.7671,-1,-1,-1
503,45,867.28,440.14,104.76,285.64,0.6736,-1,-1,-1
503,48,691.96,434.70,86.41,265.03,0.6964,-1,-1,-1
503,68,205.64,481.77,118.57,230.15,0.5352,-1,-1,-1
503,73,1386.58,409.93,169.86,555.74,0.6205,-1,-1,-1
503,42,979.71,448.23,110.58,234.43,0.7199,-1,-1,-1
503,81,572.28,447.78,28.44,86.39,0.3505,-1,-1,-1
503,83,0.06,914.28,111.31,165.74,0.4091,-1,-1,-1
504,57,1698.20,411.02,218.74,492.82,0.8656,-1,-1,-1
504,3,1518.40,372.76,216.52,690.39,0.7001,-1,-1,-1
504,62,1292.62,411.88,168.60,606.87,0.8043,-1,-1,-1
504,45,873.29,440.46,105.88,284.64,0.5698,-1,-1,-1
504,48,693.82,435.36,86.78,265.02,0.6869,-1,-1,-1
504,68,192.29,482.05,119.12,234.98,0.6460,-1,-1,-1
504,73,1390.17,410.47,170.30,556.14,0.6971,-1,-1,-1
504,42,989.06,447.99,99.52,234.68,0.6599,-1,-1,-1
504,81,572.10,447.33,28.46,87.43,0.4044,-1,-1,-1
504,83,0.35,929.49,92.84,149.29,0.3494,-1,-1,-1
505,57,1708.39,408.11,212.60,500.84,0.8850,-1,-1,-1
505,3,1525.23,372.79,219.62,698.03,0.7681,-1,-1,-1
505,62,1302.46,410.59,165.30,613.11,0.8282,-1,-1,-1
505,45,882.29,442.81,113.79,281.07,0.5834,-1,-1,-1
505,48,694.36,436.71,89.71,264.40,0.7825,-1,-1,-1
505,68,181.97,482.39,114.54,235.98,0.6026,-1,-1,-1
505,73,1401.19,420.80,164.12,547.77,0.6621,-1,-1,-1
505,42,1000.15,453.83,87.37,229.11,0.6444,-1,-1,-1
505,81,572.01,448.97,28.45,85.81,0.4043,-1,-1,-1
505,85,866.28,425.18,61.87,282.54,0.4616,-1,-1,-1
506,57,1718.11,403.58,204.84,507.25,0.8854,-1,-1,-1
506,3,1529.71,372.05,218.21,701.28,0.7571,-1,-1,-1
506,62,1309.27,411.28,163.99,622.86,0.7936,-1,-1,-1
506,45,893.91,449.05,117.82,273.59,0.6528,-1,-1,-1
506,48,699.09,435.44,90.19,266.35,0.7431,-1,-1,-1
506,68,168.32,484.00,114.32,234.34,0.6543,-1,-1,-1
506,73,1430.77,422.88,137.98,534.52,0.7064,-1,-1,-1
506,42,1010.76,459.09,78.65,223.40,0.6264,-1,-1,-1
506,81,571.83,448.40,28.91,85.82,0.4101,-1,-1,-1
506,85,868.49,415.62,68.12,287.98,0.5856,-1,-1,-1
507,57,1732.68,399.95,190.45,512.88,0.8765,-1,-1,-1
507,3,1532.36,374.27,220.22,701.05,0.7411,-1,-1,-1
507,62,1314.83,411.96,162.04,631.96,0.8116,-1,-1,-1
507,45,899.95,450.76,120.67,270.80,0.6702,-1,-1,-1
507,48,702.34,435.46,95.26,266.11,0.7237,-1,-1,-1
507,68,153.21,482.49,116.32,242.46,0.6776,-1,-1,-1
507,73,1444.43,418.89,126.87,541.60,0.6957,-1,-1,-1
507,42,1017.36,452.69,79.30,228.84,0.5342,-1,-1,-1
507,81,572.24,447.35,28.69,86.88,0.3940,-1,-1,-1
507,85,869.44,413.06,69.44,289.47,0.6054,-1,-1,-1
508,57,1743.23,397.81,179.00,514.85,0.8459,-1,-1,-1
508,3,1532.04,373.84,227.22,699.36,0.7466,-1,-1,-1
508,62,1319.35,414.75,178.70,637.71,0.7754,-1,-1,-1
508,45,901.37,452.37,133.18,269.09,0.7096,-1,-1,-1
508,48,712.28,435.76,92.02,264.46,0.6845,-1,-1,-1
508,68,139.35,483.39,120.39,244.66,0.6711,-1,-1,-1
508,73,1453.87,413.73,121.41,537.67,0.6742,-1,-1,-1
508,42,1026.11,449.99,73.38,230.22,0.5336,-1,-1,-1
508,81,571.29,446.95,29.21,88.13,0.4380,-1,-1,-1
508,85,869.47,411.93,69.97,286.93,0.6063,-1,-1,-1
509,57,1751.73,396.11,170.14,514.34,0.7912,-1,-1,-1
509,3,1532.89,373.83,225.67,695.08,0.7008,-1,-1,-1
509,62,1324.80,413.57,199.09,643.82,0.8279,-1,-1,-1
509,45,902.47,448.97,138.71,274.25,0.7371,-1,-1,-1
509,48,715.71,438.04,96.23,262.15,0.6718,-1,-1,-1
509,68,127.51,479.43,120.71,245.48,0.6704,-1,-1,-1
509,73,1461.72,407.78,120.74,558.39,0.5875,-1,-1,-1
509,42,1032.22,460.82,68.00,218.15,0.4932,-1,-1,-1
509,81,570.86,446.47,29.86,89.03,0.4295,-1,-1,-1
509,85,872.86,419.52,66.41,279.92,0.5877,-1,-1,-1
510,57,1767.84,393.45,153.80,503.91,0.8240,-1,-1,-1
510,3,1545.24,375.78,237.94,697.84,0.6135,-1,-1,-1
510,62,1326.88,413.28,217.48,644.98,0.8406,-1,-1,-1
510,45,902.40,446.78,139.80,277.91,0.7510,-1,-1,-1
510,48,715.50,436.29,109.14,263.78,0.7043,-1,-1,-1
510,68,110.01,477.49,125.78,247.84,0.6635,-1,-1,-1
510,73,1468.63,405.32,121.10,570.28,0.7081,-1,-1,-1
510,42,1036.70,465.35,69.86,210.41,0.4971,-1,-1,-1
510,81,570.34,445.69,29.93,88.88,0.4345,-1,-1,-1
510,85,874.84,413.56,66.83,284.24,0.5885,-1,-1,-1
511,57,1778.94,393.63,142.56,497.33,0.8073,-1,-1,-1
511,3,1545.26,371.13,262.33,703.79,0.7181,-1,-1,-1
511,62,1326.19,414.56,233.33,645.42,0.8385,-1,-1,-1
511,45,901.40,446.49,150.30,278.82,0.7629,-1,-1,-1
511,48,715.92,438.29,114.21,261.53,0.7250,-1,-1,-1
511,68,98.04,477.12,127.18,251.48,0.5588,-1,-1,-1
511,73,1475.05,405.16,119.90,559.18,0.6674,-1,-1,-1
511,42,1037.36,461.80,75.75,213.25,0.5464,-1,-1,-1
511,81,570.19,446.05,29.81,88.04,0.4674,-1,-1,-1
511,85,875.09,421.38,67.94,274.24,0.4941,-1,-1,-1
512,57,1786.28,393.63,134.74,497.86,0.8064,-1,-1,-1
512,3,1548.69,373.66,242.50,694.50,0.5769,-1,-1,-1
512,62,1324.42,417.64,241.58,644.52,0.8450,-1,-1,-1
512,45,901.33,444.42,153.24,281.21,0.7580,-1,-1,-1
512,48,718.37,437.20,113.75,261.92,0.7389,-1,-1,-1
512,68,82.13,494.03,136.39,238.28,0.2143,-1,-1,-1
512,73,1477.05,407.57,119.76,542.05,0.6393,-1,-1,-1
512,42,1039.69,456.24,83.24,220.37,0.6048,-1,-1,-1
512,81,570.46,446.85,29.28,87.13,0.4570,-1,-1,-1
512,85,874.82,414.69,72.82,280.61,0.5612,-1,-1,-1
513,57,1802.09,390.69,118.82,507.82,0.7984,-1,-1,-1
513,3,1551.91,372.57,234.14,622.12,0.4814,-1,-1,-1
513,62,1323.63,418.46,248.32,647.27,0.8471,-1,-1,-1
513,45,901.42,443.96,155.41,281.76,0.7511,-1,-1,-1
513,48,719.93,436.46,117.19,262.89,0.7425,-1,-1,-1
513,68,66.13,482.74,140.73,251.65,0.6033,-1,-1,-1
513,73,1480.44,411.94,120.11,550.90,0.6534,-1,-1,-1
513,42,1042.48,447.99,89.83,229.13,0.6051,-1,-1,-1
513,81,570.60,446.26,29.29,87.73,0.4760,-1,-1,-1
513,85,875.84,412.92,75.41,283.25,0.5148,-1,-1,-1
514,57,1809.35,390.23,111.49,512.16,0.8034,-1,-1,-1
514,3,1557.71,371.63,226.61,592.01,0.5664,-1,-1,-1
514,62,1323.38,418.60,251.82,648.43,0.8434,-1,-1,-1
514,45,902.24,444.31,155.99,280.74,0.7018,-1,-1,-1
514,48,722.37,439.01,115.18,258.97,0.7479,-1,-1,-1
514,68,50.61,478.64,143.72,256.74,0.6570,-1,-1,-1
514,73,1485.20,415.32,119.96,538.57,0.5939,-1,-1,-1
514,42,1043.57,445.60,98.97,231.31,0.6229,-1,-1,-1
514,81,570.19,446.04,29.67,87.47,0.5263,-1,-1,-1
514,85,877.71,412.72,76.80,284.33,0.5097,-1,-1,-1
515,57,1819.62,388.75,101.09,517.44,0.7930,-1,-1,-1
515,3,1563.73,371.96,243.05,661.09,0.5280,-1,-1,-1
515,62,1324.17,418.01,253.60,650.08,0.8440,-1,-1,-1
515,45,903.53,443.48,156.78,280.82,0.7434,-1,-1,-1
515,48,725.82,439.17,112.88,257.33,0.7254,-1,-1,-1
515,68,37.46,477.93,146.01,259.37,0.6993,-1,-1,-1
515,73,1489.47,415.35,124.92,525.00,0.5207,-1,-1,-1
515,42,1046.01,449.10,103.77,228.09,0.6783,-1,-1,-1
515,81,569.80,446.16,30.30,87.66,0.4839,-1,-1,-1
515,85,876.91,417.87,75.58,279.65,0.5764,-1,-1,-1
515,87,693.68,451.75,39.06,124.52,0.4615,-1,-1,-1
516,57,1824.34,387.61,95.72,525.24,0.7578,-1,-1,-1
516,3,1564.14,374.02,269.11,676.06,0.6064,-1,-1,-1
516,62,1324.10,421.43,257.16,648.50,0.8307,-1,-1,-1
516,45,906.66,439.39,154.31,282.70,0.7597,-1,-1,-1
516,48,730.85,436.34,109.35,259.24,0.7485,-1,-1,-1
516,68,22.49,478.37,149.11,260.40,0.7053,-1,-1,-1
516,73,1495.47,415.01,128.00,516.11,0.4171,-1,-1,-1
516,42,1049.36,449.74,100.46,226.07,0.5778,-1,-1,-1
516,81,569.28,445.71,31.25,89.18,0.5026,-1,-1,-1
516,85,877.61,417.97,79.08,282.30,0.5691,-1,-1,-1
516,87,692.67,450.06,38.44,126.29,0.4895,-1,-1,-1
517,57,1833.94,390.59,86.04,517.27,0.6988,-1,-1,-1
517,3,1572.27,376.90,274.82,686.61,0.4327,-1,-1,-1
517,62,1324.20,423.70,261.28,646.74,0.8205,-1,-1,-1
517,45,910.23,437.87,149.71,284.18,0.7690,-1,-1,-1
517,48,734.94,438.87,106.91,255.78,0.7292,-1,-1,-1
517,68,13.69,489.26,148.84,249.59,0.5804,-1,-1,-1
517,73,1501.42,411.10,130.43,508.45,0.3996,-1,-1,-1
517,42,1050.41,449.89,101.38,226.23,0.5539,-1,-1,-1
517,81,568.36,444.72,31.84,90.96,0.4719,-1,-1,-1
517,85,879.13,422.62,82.96,280.67,0.5801,-1,-1,-1
517,87,686.11,446.46,43.12,129.71,0.4906,-1,-1,-1
518,57,1842.44,393.17,77.46,514.12,0.6635,-1,-1,-1
518,3,1577.22,374.84,315.09,696.07,0.4229,-1,-1,-1
518,62,1327.53,419.76,263.64,649.75,0.8205,-1,-1,-1
518,45,913.88,435.61,145.93,286.93,0.7869,-1,-1,-1
518,48,740.14,433.84,102.29,259.69,0.7801,-1,-1,-1
518,68,2.48,483.27,150.67,256.62,0.6834,-1,-1,-1
518,73,1509.05,411.27,131.19,597.59,0.3606,-1,-1,-1
518,42,1050.29,457.27,103.68,219.76,0.5711,-1,-1,-1
518,81,569.55,446.20,30.88,89.00,0.4533,-1,-1,-1
518,85,879.35,418.26,81.54,286.02,0.6179,-1,-1,-1
518,87,682.09,447.81,44.85,126.20,0.4473,-1,-1,-1
519,57,1852.33,393.55,67.45,497.44,0.5252,-1,-1,-1
519,3,1577.89,379.18,317.25,692.33,0.6567,-1,-1,-1
519,62,1330.13,420.45,263.31,648.26,0.7952,-1,-1,-1
519,45,917.36,439.18,142.41,281.50,0.6559,-1,-1,-1
519,48,743.81,432.64,100.63,260.06,0.7719,-1,-1,-1
519,68,-3.11,488.27,148.48,252.05,0.6145,-1,-1,-1
519,73,1516.35,412.49,126.28,629.98,0.4687,-1,-1,-1
519,42,1051.11,451.42,102.95,226.12,0.5341,-1,-1,-1
519,81,570.44,449.00,30.04,86.47,0.4606,-1,-1,-1
519,85,879.93,428.23,79.82,273.24,0.5927,-1,-1,-1
519,87,678.62,447.62,45.86,126.01,0.5497,-1,-1,-1
520,57,1866.62,395.55,53.16,483.44,0.5434,-1,-1,-1
520,3,1580.86,379.83,274.96,692.53,0.5516,-1,-1,-1
520,62,1334.52,418.68,258.18,649.75,0.7826,-1,-1,-1
520,45,927.91,443.91,135.84,276.08,0.6576,-1,-1,-1
520,48,749.54,430.79,95.14,260.31,0.7281,-1,-1,-1
520,68,-4.99,482.51,150.35,261.02,0.5352,-1,-1,-1
520,73,1522.16,417.01,129.96,561.54,0.4475,-1,-1,-1
520,42,1051.37,454.48,102.18,222.81,0.5671,-1,-1,-1
520,81,570.91,449.40,29.69,86.44,0.4250,-1,-1,-1
520,85,881.23,433.40,79.14,266.31,0.6394,-1,-1,-1
520,87,679.02,448.07,44.79,124.62,0.5481,-1,-1,-1
521,57,1868.45,391.26,51.20,458.60,0.3693,-1,-1,-1
521,3,1580.32,380.71,316.10,687.19,0.6128,-1,-1,-1
521,62,1339.32,415.94,250.63,651.67,0.8273,-1,-1,-1
521,45,936.33,444.73,130.45,275.02,0.6327,-1,-1,-1
521,48,756.31,430.88,89.40,259.62,0.7424,-1,-1,-1
521,68,-5.10,480.90,135.80,267.16,0.4948,-1,-1,-1
521,73,1527.04,418.99,135.74,534.14,0.4992,-1,-1,-1
521,42,1052.82,443.40,99.77,234.18,0.6213,-1,-1,-1
521,81,571.44,452.40,29.11,82.61,0.4256,-1,-1,-1
521,85,881.87,432.72,80.49,267.38,0.6339,-1,-1,-1
521,87,679.17,450.16,43.04,122.91,0.5131,-1,-1,-1
522,3,1602.20,378.32,306.55,606.51,0.6284,-1,-1,-1
522,62,1345.01,413.14,249.69,653.68,0.8025,-1,-1,-1
522,45,948.01,442.15,121.99,277.22,0.6702,-1,-1,-1
522,48,765.67,432.53,80.75,256.07,0.7152,-1,-1,-1
522,68,-4.60,478.25,114.94,269.00,0.4969,-1,-1,-1
522,73,1531.70,416.93,142.91,537.16,0.4887,-1,-1,-1
522,42,1054.52,443.16,98.09,234.53,0.6240,-1,-1,-1
522,81,572.32,454.18,28.52,80.56,0.3789,-1,-1,-1
522,85,880.64,432.05,84.46,268.97,0.6426,-1,-1,-1
522,87,677.48,449.11,44.00,124.13,0.5590,-1,-1,-1
523,3,1589.09,379.08,330.96,664.09,0.6023,-1,-1,-1
523,62,1352.01,412.21,246.82,655.04,0.7319,-1,-1,-1
523,45,952.81,442.22,115.70,278.29,0.6814,-1,-1,-1
523,48,766.02,432.83,85.53,256.45,0.7168,-1,-1,-1
523,68,-3.57,502.91,107.90,251.20,0.3591,-1,-1,-1
523,73,1538.38,413.23,151.65,543.32,0.5182,-1,-1,-1
523,42,1055.57,452.55,98.31,225.19,0.6442,-1,-1,-1
523,81,572.71,454.12,28.71,80.94,0.4006,-1,-1,-1
523,85,881.12,422.94,89.72,279.75,0.6486,-1,-1,-1
523,87,675.38,448.47,45.48,125.58,0.5925,-1,-1,-1
524,3,1589.09,375.44,335.34,684.36,0.7972,-1,-1,-1
524,62,1363.15,411.33,238.46,655.40,0.7128,-1,-1,-1
524,45,964.86,443.02,104.88,276.60,0.6239,-1,-1,-1
524,48,768.25,431.31,87.85,258.47,0.7391,-1,-1,-1
524,68,-3.17,519.89,84.65,240.20,0.2305,-1,-1,-1
524,73,1546.62,412.10,150.93,556.61,0.4786,-1,-1,-1
524,42,1059.15,455.72,95.85,221.67,0.6082,-1,-1,-1
524,81,573.44,454.00,29.25,82.00,0.4089,-1,-1,-1
524,85,880.42,419.55,94.41,283.32,0.6635,-1,-1,-1
524,87,673.99,448.67,46.25,124.77,0.6095,-1,-1,-1
525,3,1594.40,370.98,330.91,697.63,0.6825,-1,-1,-1
525,62,1380.08,411.14,224.93,656.71,0.7220,-1,-1,-1
525,45,971.79,443.97,97.33,275.69,0.6573,-1,-1,-1
525,48,767.92,430.40,91.35,259.46,0.7485,-1,-1,-1
525,68,-1.23,514.62,78.89,235.09,0.3250,-1,-1,-1
525,73,1546.51,409.29,157.27,580.31,0.5919,-1,-1,-1
525,42,1061.10,459.44,97.32,218.65,0.6287,-1,-1,-1
525,81,573.89,452.52,29.42,82.38,0.4423,-1,-1,-1
525,85,885.41,413.45,93.88,291.09,0.6532,-1,-1,-1
525,87,673.84,451.26,44.77,121.55,0.6311,-1,-1,-1
526,3,1598.92,363.54,325.86,707.81,0.8161,-1,-1,-1
526,62,1401.74,410.56,207.89,654.23,0.6755,-1,-1,-1
526,45,985.62,444.85,81.78,277.14,0.6584,-1,-1,-1
526,48,767.85,434.24,95.71,255.19,0.7175,-1,-1,-1
526,68,-1.15,521.39,70.52,186.36,0.2939,-1,-1,-1
526,73,1549.28,408.92,160.76,587.48,0.5767,-1,-1,-1
526,42,1064.32,461.85,97.73,215.34,0.6343,-1,-1,-1
526,81,573.87,451.69,29.96,82.54,0.4090,-1,-1,-1
526,85,893.48,411.70,88.69,294.35,0.6754,-1,-1,-1
526,87,671.15,451.21,46.97,120.99,0.5833,-1,-1,-1
526,89,715.04,450.34,33.86,89.08,0.4110,-1,-1,-1
527,3,1600.99,366.02,322.69,706.45,0.6974,-1,-1,-1
527,62,1422.04,412.92,197.38,653.90,0.7508,-1,-1,-1
527,45,994.27,447.97,77.43,274.63,0.7048,-1,-1,-1
527,48,770.51,435.74,104.31,253.66,0.6895,-1,-1,-1
527,68,-1.07,539.18,63.45,144.43,0.3605,-1,-1,-1
527,73,1561.13,408.79,156.67,590.34,0.6801,-1,-1,-1
527,42,1069.12,459.98,97.76,215.84,0.6220,-1,-1,-1
527,81,573.88,451.25,29.64,82.47,0.4243,-1,-1,-1
527,85,898.02,408.49,86.20,297.65,0.7359,-1,-1,-1
527,87,668.97,454.15,48.10,117.84,0.5885,-1,-1,-1
527,89,715.03,449.97,33.60,89.27,0.4909,-1,-1,-1
528,3,1603.53,383.02,320.69,689.97,0.7347,-1,-1,-1
528,62,1436.73,412.07,184.19,653.75,0.6918,-1,-1,-1
528,45,997.30,446.05,82.19,278.34,0.7122,-1,-1,-1
528,48,783.93,437.08,96.97,250.78,0.5988,-1,-1,-1
528,68,-0.87,546.92,55.54,114.60,0.3473,-1,-1,-1
528,73,1569.53,410.05,162.46,590.99,0.7150,-1,-1,-1
528,42,1075.86,454.63,90.01,220.44,0.6409,-1,-1,-1
528,81,573.77,450.73,30.57,83.67,0.4257,-1,-1,-1
528,85,903.28,410.85,81.55,295.61,0.7282,-1,-1,-1
528,87,668.51,455.95,47.65,115.05,0.6124,-1,-1,-1
528,89,714.45,451.16,34.45,87.77,0.4951,-1,-1,-1
529,3,1664.40,384.15,258.56,604.72,0.5820,-1,-1,-1
529,62,1445.01,412.61,181.59,654.71,0.7817,-1,-1,-1
529,45,1000.65,443.47,90.02,279.14,0.7065,-1,-1,-1
529,48,782.32,436.19,118.48,251.92,0.6297,-1,-1,-1
529,68,-0.66,546.92,43.25,109.38,0.3695,-1,-1,-1
529,73,1577.47,411.75,164.46,592.28,0.7307,-1,-1,-1
529,42,1084.50,451.61,78.07,222.33,0.5325,-1,-1,-1
529,81,573.61,450.18,31.02,84.46,0.4560,-1,-1,-1
529,85,912.14,407.06,75.00,299.23,0.7328,-1,-1,-1
529,87,665.79,454.24,52.41,116.90,0.5694,-1,-1,-1
529,89,712.70,450.80,29.55,88.14,0.4921,-1,-1,-1
530,3,1694.83,371.13,227.04,584.97,0.5905,-1,-1,-1
530,62,1450.39,413.84,180.33,654.56,0.7933,-1,-1,-1
530,45,1003.83,440.61,94.94,279.28,0.7162,-1,-1,-1
530,48,789.56,435.23,115.10,252.00,0.6858,-1,-1,-1
530,73,1581.00,411.88,164.71,596.12,0.6779,-1,-1,-1
530,42,1092.01,448.79,71.10,225.52,0.5650,-1,-1,-1
530,81,573.51,449.20,31.17,86.14,0.4596,-1,-1,-1
530,85,916.85,404.63,72.43,301.75,0.7548,-1,-1,-1
530,87,663.70,454.78,52.33,115.86,0.5688,-1,-1,-1
530,89,711.50,450.23,29.31,88.35,0.4384,-1,-1,-1
531,3,1702.48,366.46,218.99,575.08,0.5020,-1,-1,-1
531,62,1452.56,413.42,188.06,653.93,0.8099,-1,-1,-1
531,45,1007.25,442.60,99.56,276.07,0.7750,-1,-1,-1
531,48,787.34,434.47,116.78,252.84,0.7537,-1,-1,-1
531,73,1586.88,413.41,162.22,599.03,0.7199,-1,-1,-1
531,42,1093.31,450.54,71.61,225.42,0.5844,-1,-1,-1
531,81,573.04,448.59,31.50,87.86,0.4672,-1,-1,-1
531,85,919.44,402.93,72.46,303.91,0.7635,-1,-1,-1
531,87,662.91,454.66,50.11,114.23,0.5487,-1,-1,-1
531,89,712.17,450.24,29.97,89.08,0.3994,-1,-1,-1
532,3,1663.55,365.96,257.85,662.50,0.7790,-1,-1,-1
532,62,1454.88,412.46,199.29,654.64,0.7968,-1,-1,-1
532,45,1009.09,443.49,106.42,275.22,0.8029,-1,-1,-1
532,48,788.69,435.22,117.90,252.27,0.7542,-1,-1,-1
532,73,1590.10,410.64,166.78,612.26,0.7535,-1,-1,-1
532,42,1096.60,451.91,63.57,224.36,0.5175,-1,-1,-1
532,81,572.13,448.14,32.14,88.96,0.4830,-1,-1,-1
532,85,922.42,401.82,74.28,303.61,0.7300,-1,-1,-1
532,87,663.69,452.67,46.14,116.66,0.5466,-1,-1,-1
532,89,713.64,450.66,30.24,89.45,0.4131,-1,-1,-1
533,3,1664.57,366.24,257.04,694.59,0.8246,-1,-1,-1
533,62,1456.77,411.50,208.63,654.90,0.8243,-1,-1,-1
533,45,1006.82,444.92,114.03,273.02,0.7602,-1,-1,-1
533,48,793.18,435.46,114.68,251.85,0.7410,-1,-1,-1
533,73,1596.27,407.97,175.27,622.93,0.7708,-1,-1,-1
533,42,1099.04,447.17,65.68,230.83,0.5594,-1,-1,-1
533,81,572.78,447.08,33.02,90.17,0.3917,-1,-1,-1
533,85,922.57,403.02,79.79,302.11,0.7076,-1,-1,-1
533,87,663.53,452.25,42.46,117.68,0.5587,-1,-1,-1
533,89,715.80,452.21,28.34,88.40,0.3789,-1,-1,-1
534,3,1704.58,368.28,217.17,651.85,0.6666,-1,-1,-1
534,62,1457.62,410.96,212.54,655.55,0.8335,-1,-1,-1
534,45,1007.77,448.70,124.86,270.15,0.7159,-1,-1,-1
534,48,799.56,435.97,115.17,251.41,0.7643,-1,-1,-1
534,73,1598.64,410.93,188.05,618.13,0.7507,-1,-1,-1
534,42,1096.36,447.54,67.97,230.44,0.5682,-1,-1,-1
534,81,574.58,447.30,34.41,90.21,0.4195,-1,-1,-1
534,85,921.28,406.15,85.55,300.30,0.7234,-1,-1,-1
534,87,661.58,451.07,42.04,118.43,0.6094,-1,-1,-1
534,89,715.82,452.35,27.95,88.52,0.4161,-1,-1,-1
535,3,1714.52,371.81,206.82,685.55,0.6240,-1,-1,-1
535,62,1457.71,411.85,213.13,654.91,0.8323,-1,-1,-1
535,45,1008.38,444.86,131.64,276.87,0.6865,-1,-1,-1
535,48,799.34,437.78,119.51,249.48,0.7658,-1,-1,-1
535,73,1606.13,409.59,184.22,615.67,0.7675,-1,-1,-1
535,42,1099.74,444.83,72.34,231.89,0.4566,-1,-1,-1
535,81,575.09,445.76,35.13,91.72,0.4700,-1,-1,-1
535,85,920.38,421.49,92.88,285.53,0.7379,-1,-1,-1
535,87,660.24,449.98,41.99,119.44,0.6464,-1,-1,-1
535,89,715.30,451.85,28.10,88.80,0.4229,-1,-1,-1
536,3,1738.58,369.01,182.25,701.26,0.8055,-1,-1,-1
536,62,1457.84,412.96,216.60,654.24,0.8186,-1,-1,-1
536,45,1007.37,448.36,137.81,272.73,0.7138,-1,-1,-1
536,48,801.56,436.96,117.96,249.32,0.7336,-1,-1,-1
536,73,1610.01,408.46,182.73,620.21,0.7379,-1,-1,-1
536,42,1103.56,445.13,70.42,229.21,0.3850,-1,-1,-1
536,81,576.01,450.27,34.12,88.16,0.3894,-1,-1,-1
536,85,916.30,426.76,100.15,280.42,0.7410,-1,-1,-1
536,87,659.16,449.66,41.64,119.03,0.5694,-1,-1,-1
536,89,714.19,450.19,28.73,90.36,0.4318,-1,-1,-1
537,3,1757.60,369.84,162.75,705.98,0.8077,-1,-1,-1
537,62,1458.88,414.14,227.16,652.34,0.7856,-1,-1,-1
537,45,1006.99,452.94,141.68,268.05,0.6610,-1,-1,-1
537,48,804.07,436.52,116.13,249.91,0.7345,-1,-1,-1
537,73,1614.74,407.39,184.16,626.40,0.5627,-1,-1,-1
537,42,1108.75,453.79,65.82,220.32,0.4647,-1,-1,-1
537,81,578.40,455.79,31.92,82.72,0.3416,-1,-1,-1
537,85,916.33,433.61,102.81,272.17,0.7108,-1,-1,-1
537,87,658.46,449.68,41.71,119.11,0.6083,-1,-1,-1
537,89,712.42,449.56,29.84,91.08,0.4629,-1,-1,-1
538,3,1767.71,370.26,152.45,708.15,0.8157,-1,-1,-1
538,62,1459.93,413.73,229.86,652.99,0.7968,-1,-1,-1
538,45,1009.82,450.95,138.70,270.22,0.7037,-1,-1,-1
538,48,804.95,435.25,117.53,250.98,0.7534,-1,-1,-1
538,73,1618.92,408.57,189.78,623.88,0.6289,-1,-1,-1
538,42,1107.25,450.46,66.97,225.65,0.4774,-1,-1,-1
538,81,579.58,457.75,31.51,80.94,0.3853,-1,-1,-1
538,85,917.54,428.20,104.39,279.19,0.7380,-1,-1,-1
538,87,657.32,450.78,42.01,118.48,0.5809,-1,-1,-1
538,89,711.49,449.05,31.42,91.04,0.4801,-1,-1,-1
539,3,1777.54,378.86,142.55,700.77,0.7908,-1,-1,-1
539,62,1461.42,413.20,232.96,653.81,0.7979,-1,-1,-1
539,45,1011.10,443.56,137.18,277.68,0.7106,-1,-1,-1
539,48,807.78,434.36,116.36,253.24,0.7493,-1,-1,-1
539,73,1623.48,408.58,195.68,618.09,0.6962,-1,-1,-1
539,42,1112.87,447.15,64.88,229.59,0.4290,-1,-1,-1
539,81,579.98,458.49,31.41,79.98,0.3885,-1,-1,-1
539,85,919.92,425.17,103.64,282.74,0.7461,-1,-1,-1
539,87,656.36,451.68,41.61,117.78,0.5732,-1,-1,-1
539,89,712.75,449.29,29.54,91.23,0.4762,-1,-1,-1
540,3,1783.91,404.07,135.97,673.78,0.7930,-1,-1,-1
540,62,1464.54,414.01,233.02,653.84,0.7923,-1,-1,-1
540,45,1012.17,440.39,136.02,281.48,0.6800,-1,-1,-1
540,48,812.81,433.57,112.26,252.94,0.7278,-1,-1,-1
540,73,1631.89,408.36,192.67,612.20,0.7276,-1,-1,-1
540,42,1112.30,447.69,64.81,229.94,0.3891,-1,-1,-1
540,81,578.50,458.55,32.99,79.96,0.4295,-1,-1,-1
540,85,920.30,424.70,107.08,283.52,0.7698,-1,-1,-1
540,87,655.09,452.89,38.61,116.40,0.6162,-1,-1,-1
540,89,712.56,449.04,27.69,91.73,0.4968,-1,-1,-1
541,3,1789.24,393.16,130.90,686.52,0.7728,-1,-1,-1
541,62,1468.08,412.49,239.09,658.27,0.7714,-1,-1,-1
541,45,1020.36,437.42,127.16,285.16,0.6588,-1,-1,-1
541,48,815.43,432.62,111.75,254.06,0.7387,-1,-1,-1
541,73,1639.57,407.14,191.34,613.43,0.7708,-1,-1,-1
541,42,1115.87,447.68,62.10,230.15,0.4596,-1,-1,-1
541,81,577.91,458.72,33.27,80.06,0.3895,-1,-1,-1
541,85,921.52,420.91,118.10,287.43,0.7210,-1,-1,-1
541,87,654.85,453.73,37.35,116.15,0.5564,-1,-1,-1
541,89,712.67,449.31,27.30,93.10,0.5287,-1,-1,-1
542,3,1797.68,388.34,122.45,692.15,0.7391,-1,-1,-1
542,62,1472.11,411.44,258.42,659.58,0.7630,-1,-1,-1
542,45,1028.42,434.15,117.68,288.04,0.6438,-1,-1,-1
542,48,819.80,433.78,108.86,253.09,0.7250,-1,-1,-1
542,73,1644.48,405.92,191.82,615.57,0.6298,-1,-1,-1
542,42,1118.72,451.71,60.38,224.51,0.5019,-1,-1,-1
542,81,578.26,459.25,33.50,79.72,0.4259,-1,-1,-1
542,85,921.96,415.97,122.42,293.13,0.7282,-1,-1,-1
542,87,655.05,454.51,36.84,115.26,0.5630,-1,-1,-1
542,89,712.67,449.42,27.70,95.40,0.5137,-1,-1,-1
543,3,1805.95,388.38,114.16,693.00,0.6776,-1,-1,-1
543,62,1480.29,411.10,256.38,658.20,0.6022,-1,-1,-1
543,45,1042.61,436.06,104.52,285.09,0.5755,-1,-1,-1
543,48,825.27,432.67,103.92,253.56,0.6639,-1,-1,-1
543,73,1648.16,404.48,194.34,614.62,0.5379,-1,-1,-1
543,42,1121.85,449.29,57.88,226.10,0.3820,-1,-1,-1
543,81,577.59,458.55,33.39,80.36,0.3940,-1,-1,-1
543,85,921.83,421.71,121.33,285.84,0.7433,-1,-1,-1
543,87,655.24,455.42,37.52,114.78,0.5963,-1,-1,-1
543,89,712.16,449.19,28.69,96.25,0.5188,-1,-1,-1
544,3,1822.23,385.33,97.49,610.04,0.6719,-1,-1,-1
544,62,1493.59,411.19,308.12,658.16,0.5398,-1,-1,-1
544,45,1050.29,436.25,99.28,283.87,0.5856,-1,-1,-1
544,48,834.23,433.36,96.45,252.16,0.6830,-1,-1,-1
544,73,1650.72,406.06,193.72,598.99,0.4537,-1,-1,-1
544,42,1123.27,450.19,59.34,226.63,0.3417,-1,-1,-1
544,81,577.63,456.99,33.44,81.37,0.4462,-1,-1,-1
544,85,921.75,431.25,124.20,275.46,0.7080,-1,-1,-1
544,87,654.95,455.20,38.47,114.88,0.6254,-1,-1,-1
544,89,712.25,448.73,28.90,96.11,0.5113,-1,-1,-1
545,3,1836.99,448.58,82.46,518.97,0.5113,-1,-1,-1
545,62,1511.26,410.45,298.81,656.65,0.5708,-1,-1,-1
545,45,1064.41,434.93,93.38,286.03,0.4627,-1,-1,-1
545,48,844.67,435.18,89.39,247.52,0.6682,-1,-1,-1
545,73,1653.50,406.79,193.55,614.39,0.5732,-1,-1,-1
545,42,1120.44,456.22,67.23,223.13,0.2949,-1,-1,-1
545,81,578.58,455.28,33.46,82.98,0.3945,-1,-1,-1
545,85,924.29,432.58,126.64,274.40,0.6997,-1,-1,-1
545,87,655.00,453.29,41.01,115.74,0.5945,-1,-1,-1
545,89,711.88,448.14,30.55,96.90,0.5506,-1,-1,-1
546,3,1826.44,472.10,93.02,572.69,0.5889,-1,-1,-1
546,62,1528.21,409.85,242.27,656.34,0.5449,-1,-1,-1
546,45,1075.24,435.62,83.65,282.21,0.5187,-1,-1,-1
546,48,860.04,433.96,78.24,246.69,0.7013,-1,-1,-1
546,73,1658.26,406.17,191.64,623.35,0.5449,-1,-1,-1
546,42,1123.28,455.32,66.95,225.80,0.3774,-1,-1,-1
546,81,579.17,452.59,33.43,84.87,0.4174,-1,-1,-1
546,85,929.06,433.25,123.57,272.41,0.7102,-1,-1,-1
546,87,655.14,453.22,40.02,115.11,0.5904,-1,-1,-1
546,89,712.75,448.07,30.28,97.45,0.5189,-1,-1,-1
547,3,1824.64,490.34,94.69,577.84,0.6470,-1,-1,-1
547,62,1541.64,408.32,213.87,655.38,0.6403,-1,-1,-1
547,45,1090.87,435.04,85.22,272.88,0.4565,-1,-1,-1
547,48,867.89,435.47,71.99,244.44,0.6619,-1,-1,-1
547,73,1664.27,410.73,189.17,607.40,0.6551,-1,-1,-1
547,42,1126.41,452.33,64.84,227.27,0.2726,-1,-1,-1
547,81,579.33,452.37,33.70,85.22,0.4723,-1,-1,-1
547,85,934.73,429.37,118.86,276.82,0.6842,-1,-1,-1
547,87,654.19,454.27,39.92,113.10,0.6223,-1,-1,-1
547,89,713.17,448.28,29.63,96.99,0.5019,-1,-1,-1
547,90,544.45,449.16,30.56,87.19,0.3812,-1,-1,-1
548,3,1829.80,463.35,89.44,614.85,0.5221,-1,-1,-1
548,62,1548.33,408.45,198.86,659.84,0.7219,-1,-1,-1
548,45,1093.34,433.59,91.02,274.69,0.4719,-1,-1,-1
548,48,871.50,435.11,70.31,242.78,0.6323,-1,-1,-1
548,73,1668.56,411.62,190.97,602.45,0.7375,-1,-1,-1
548,81,579.88,453.65,33.72,83.51,0.4925,-1,-1,-1
548,85,937.20,427.73,117.95,277.81,0.6609,-1,-1,-1
548,87,653.67,454.05,37.92,112.39,0.6777,-1,-1,-1
548,89,713.86,448.43,28.87,96.79,0.4945,-1,-1,-1
548,90,545.29,449.67,31.29,86.67,0.4366,-1,-1,-1
549,3,1833.55,435.66,85.67,645.31,0.3141,-1,-1,-1
549,62,1551.25,408.45,196.89,656.46,0.7545,-1,-1,-1
549,45,1087.92,437.08,87.62,279.54,0.4023,-1,-1,-1
549,48,874.85,436.83,71.47,243.31,0.6223,-1,-1,-1
549,73,1675.94,413.07,188.46,600.93,0.7200,-1,-1,-1
549,81,580.13,452.16,33.85,85.18,0.4399,-1,-1,-1
549,85,943.89,425.98,111.54,278.22,0.6542,-1,-1,-1
549,87,652.42,454.49,38.52,110.56,0.6690,-1,-1,-1
549,89,714.44,448.41,29.12,96.85,0.5578,-1,-1,-1
549,90,545.95,447.89,31.65,87.91,0.4113,-1,-1,-1
550,62,1553.26,409.05,195.27,655.75,0.7735,-1,-1,-1
550,45,1081.01,436.02,105.70,281.34,0.4621,-1,-1,-1
550,48,876.69,437.61,76.24,243.66,0.6224,-1,-1,-1
550,73,1683.89,407.89,191.69,610.05,0.7346,-1,-1,-1
550,81,580.62,453.09,33.25,84.17,0.4524,-1,-1,-1
550,85,953.66,419.94,106.41,282.69,0.6231,-1,-1,-1
550,87,652.58,455.01,37.60,109.13,0.6712,-1,-1,-1
550,89,714.72,449.89,31.27,96.00,0.5145,-1,-1,-1
550,90,546.70,448.03,31.62,87.50,0.4034,-1,-1,-1
551,62,1555.88,409.70,199.03,658.72,0.7708,-1,-1,-1
551,45,1072.43,437.52,120.69,279.76,0.5128,-1,-1,-1
551,48,879.09,435.73,76.37,246.62,0.6450,-1,-1,-1
551,73,1690.57,404.98,192.56,610.69,0.7085,-1,-1,-1
551,81,580.80,453.73,33.05,83.55,0.5142,-1,-1,-1
551,85,961.57,414.88,100.03,286.25,0.6154,-1,-1,-1
551,87,651.99,455.62,37.98,108.03,0.6459,-1,-1,-1
551,89,714.38,449.82,32.24,96.01,0.5344,-1,-1,-1
551,90,547.63,447.83,31.17,87.62,0.4032,-1,-1,-1
552,62,1557.99,409.81,207.52,665.25,0.8021,-1,-1,-1
552,45,1079.30,436.86,120.67,283.03,0.5009,-1,-1,-1
552,48,884.56,433.35,75.46,250.07,0.6798,-1,-1,-1
552,73,1696.77,404.28,190.89,609.77,0.7358,-1,-1,-1
552,81,580.63,452.84,33.36,84.40,0.5237,-1,-1,-1
552,85,970.84,416.20,88.94,282.44,0.6094,-1,-1,-1
552,87,650.75,455.48,40.69,109.03,0.6139,-1,-1,-1
552,89,714.83,449.68,32.77,96.27,0.5937,-1,-1,-1
552,90,547.67,445.95,31.36,89.12,0.4413,-1,-1,-1
553,62,1560.73,409.36,212.13,666.62,0.7907,-1,-1,-1
553,45,1084.44,436.72,111.62,284.32,0.5001,-1,-1,-1
553,48,887.04,433.06,81.27,250.00,0.7234,-1,-1,-1
553,73,1702.01,403.49,196.53,614.86,0.6792,-1,-1,-1
553,81,580.30,452.61,33.82,84.91,0.5206,-1,-1,-1
553,85,984.18,418.76,78.49,276.83,0.6985,-1,-1,-1
553,87,649.58,455.23,42.19,109.84,0.5782,-1,-1,-1
553,89,715.46,449.06,34.04,96.24,0.5778,-1,-1,-1
553,90,547.43,445.55,30.89,90.01,0.4165,-1,-1,-1
554,62,1561.62,409.72,272.17,662.37,0.5405,-1,-1,-1
554,45,1081.36,435.78,119.89,285.44,0.5786,-1,-1,-1
554,48,887.93,431.94,86.55,251.31,0.7366,-1,-1,-1
554,73,1703.75,402.83,201.19,633.02,0.2856,-1,-1,-1
554,81,580.60,449.97,33.46,87.44,0.5268,-1,-1,-1
554,85,988.71,415.04,78.77,284.70,0.6596,-1,-1,-1
554,87,647.46,455.30,41.54,109.50,0.4870,-1,-1,-1
554,89,715.29,448.47,33.63,95.75,0.5863,-1,-1,-1
554,90,546.87,444.52,30.46,91.30,0.4486,-1,-1,-1
555,62,1562.34,408.88,264.16,661.85,0.6170,-1,-1,-1
555,45,1079.80,434.41,124.91,286.90,0.5960,-1,-1,-1
555,48,888.06,431.92,88.45,251.45,0.7329,-1,-1,-1
555,73,1711.34,401.96,201.38,637.70,0.4136,-1,-1,-1
555,81,580.90,447.63,33.61,89.75,0.5428,-1,-1,-1
555,85,993.65,412.04,78.30,287.62,0.6795,-1,-1,-1
555,87,645.91,456.32,41.36,107.74,0.4909,-1,-1,-1
555,89,714.43,446.65,33.75,98.15,0.5748,-1,-1,-1
555,90,546.43,444.03,31.65,91.94,0.4760,-1,-1,-1
556,62,1561.83,407.19,270.53,660.82,0.5708,-1,-1,-1
556,45,1085.93,435.51,122.01,285.33,0.7186,-1,-1,-1
556,48,889.14,432.89,87.84,251.16,0.7683,-1,-1,-1
556,73,1716.66,401.02,202.56,628.42,0.2027,-1,-1,-1
556,81,581.39,446.39,33.33,90.85,0.5001,-1,-1,-1
556,85,999.82,411.23,80.22,288.18,0.7242,-1,-1,-1
556,87,644.16,457.01,42.17,107.18,0.5157,-1,-1,-1
556,89,714.59,446.28,33.65,99.66,0.5951,-1,-1,-1
556,90,546.31,442.30,32.77,93.60,0.4540,-1,-1,-1
557,62,1560.85,407.20,263.50,661.76,0.6845,-1,-1,-1
557,45,1088.91,437.12,119.16,283.31,0.7477,-1,-1,-1
557,48,890.95,434.70,89.27,249.48,0.7570,-1,-1,-1
557,73,1717.01,399.55,201.99,646.56,0.3297,-1,-1,-1
557,81,581.06,446.42,33.87,91.25,0.5237,-1,-1,-1
557,85,996.92,420.66,88.07,275.88,0.6694,-1,-1,-1
557,87,643.58,457.64,41.66,106.58,0.5427,-1,-1,-1
557,89,714.05,445.96,34.21,101.31,0.6255,-1,-1,-1
557,90,546.02,440.94,33.67,95.90,0.4754,-1,-1,-1
558,62,1560.61,405.21,288.90,667.83,0.8043,-1,-1,-1
558,45,1092.05,437.21,117.15,282.16,0.8020,-1,-1,-1
558,48,892.09,435.79,88.39,248.26,0.7478,-1,-1,-1
558,81,582.87,450.33,32.63,88.76,0.5481,-1,-1,-1
558,85,991.38,430.68,98.84,265.59,0.7064,-1,-1,-1
558,87,643.00,459.39,40.94,105.07,0.5465,-1,-1,-1
558,89,712.79,445.33,35.73,102.34,0.6487,-1,-1,-1
558,90,546.35,442.12,34.60,94.79,0.5021,-1,-1,-1
559,62,1561.57,405.28,295.20,665.83,0.8004,-1,-1,-1
559,45,1092.95,434.91,119.49,283.37,0.8026,-1,-1,-1
559,48,891.56,436.80,90.48,247.31,0.7451,-1,-1,-1
559,81,583.75,452.36,32.03,87.07,0.5575,-1,-1,-1
559,85,992.80,430.91,102.44,265.95,0.6417,-1,-1,-1
559,87,643.40,461.41,39.94,102.00,0.5365,-1,-1,-1
559,89,712.50,444.91,36.18,102.16,0.6462,-1,-1,-1
559,90,546.49,442.58,34.19,94.54,0.5177,-1,-1,-1
559,73,1743.63,399.79,177.89,589.08,0.3953,-1,-1,-1
560,62,1562.05,404.18,305.36,670.45,0.8596,-1,-1,-1
560,45,1097.23,435.53,116.07,282.03,0.7145,-1,-1,-1
560,48,891.04,435.77,92.44,247.16,0.7593,-1,-1,-1
560,81,584.28,453.53,31.58,86.01,0.5231,-1,-1,-1
560,85,997.33,424.86,104.53,271.74,0.6793,-1,-1,-1
560,87,643.24,460.94,37.74,101.14,0.5573,-1,-1,-1
560,89,712.84,444.98,36.03,101.89,0.6330,-1,-1,-1
560,90,547.51,444.91,32.84,92.46,0.5055,-1,-1,-1
560,73,1751.71,402.81,169.83,411.37,0.3122,-1,-1,-1
561,62,1565.64,403.06,289.40,669.76,0.7227,-1,-1,-1
561,45,1101.72,436.78,111.14,278.63,0.6601,-1,-1,-1
561,48,900.03,435.55,88.65,246.59,0.6557,-1,-1,-1
561,81,584.44,453.08,31.79,85.89,0.4888,-1,-1,-1
561,85,1000.25,423.57,110.26,273.04,0.6982,-1,-1,-1
561,87,642.45,458.78,36.32,102.86,0.5441,-1,-1,-1
561,89,712.20,445.76,37.14,101.73,0.6253,-1,-1,-1
561,90,548.52,442.67,32.18,94.54,0.5228,-1,-1,-1
561,73,1749.01,399.43,172.05,514.34,0.3758,-1,-1,-1
562,62,1569.20,404.80,301.42,669.62,0.8118,-1,-1,-1
562,45,1105.69,438.24,113.02,277.75,0.7010,-1,-1,-1
562,48,908.41,435.02,84.33,246.02,0.6981,-1,-1,-1
562,81,584.42,452.47,31.84,87.03,0.4987,-1,-1,-1
562,85,1000.90,419.60,112.63,276.69,0.6646,-1,-1,-1
562,87,642.75,458.53,35.46,102.67,0.5040,-1,-1,-1
562,89,713.78,448.25,35.95,99.09,0.5753,-1,-1,-1
562,90,548.74,441.28,33.36,95.97,0.4869,-1,-1,-1
562,73,1758.02,397.94,162.86,556.61,0.3099,-1,-1,-1
563,62,1573.53,405.05,316.26,669.85,0.8046,-1,-1,-1
563,45,1110.19,439.54,111.14,275.16,0.6917,-1,-1,-1
563,48,911.74,434.17,83.59,248.69,0.7010,-1,-1,-1
563,81,584.36,452.98,32.54,86.59,0.4490,-1,-1,-1
563,85,1000.08,419.26,117.59,277.09,0.6622,-1,-1,-1
563,87,642.12,457.98,34.46,102.81,0.5252,-1,-1,-1
563,89,714.39,448.98,36.89,98.69,0.5298,-1,-1,-1
563,90,548.69,441.09,34.46,95.47,0.4630,-1,-1,-1
563,73,1766.07,394.23,154.69,547.48,0.3418,-1,-1,-1
564,62,1580.78,402.69,325.39,669.51,0.8678,-1,-1,-1
564,45,1113.26,435.70,112.18,277.41,0.7001,-1,-1,-1
564,48,915.08,431.67,82.72,250.23,0.6335,-1,-1,-1
564,81,584.60,454.28,32.22,84.19,0.3942,-1,-1,-1
564,85,1002.46,425.43,117.71,269.92,0.6410,-1,-1,-1
564,87,641.96,457.40,34.72,103.59,0.4947,-1,-1,-1
564,89,715.48,448.98,36.04,98.41,0.5201,-1,-1,-1
564,90,548.53,441.58,34.82,94.69,0.3782,-1,-1,-1
564,73,1780.73,398.48,139.89,493.70,0.4059,-1,-1,-1
565,62,1587.23,400.43,313.98,668.33,0.7038,-1,-1,-1
565,45,1117.58,433.23,110.80,279.03,0.6437,-1,-1,-1
565,48,920.06,433.15,79.90,245.85,0.6353,-1,-1,-1
565,81,584.75,455.25,32.32,83.03,0.3997,-1,-1,-1
565,85,1000.94,429.68,122.12,265.11,0.6369,-1,-1,-1
565,87,641.83,456.49,35.33,104.48,0.5472,-1,-1,-1
565,89,716.22,449.12,35.69,97.44,0.5556,-1,-1,-1
565,90,548.43,441.78,34.38,94.28,0.4267,-1,-1,-1
565,73,1783.75,393.71,136.36,614.57,0.6214,-1,-1,-1
566,62,1601.28,399.32,306.36,670.54,0.7345,-1,-1,-1
566,45,1124.06,433.05,107.50,281.38,0.5416,-1,-1,-1
566,48,927.30,432.08,84.35,242.71,0.5394,-1,-1,-1
566,81,585.02,455.59,32.49,83.05,0.4355,-1,-1,-1
566,85,1004.00,435.14,122.31,261.24,0.6650,-1,-1,-1
566,87,641.47,454.78,35.60,106.53,0.5219,-1,-1,-1
566,89,716.96,449.52,35.49,97.07,0.5433,-1,-1,-1
566,90,548.60,442.20,34.10,93.85,0.4294,-1,-1,-1
566,73,1790.90,392.34,129.15,647.87,0.6381,-1,-1,-1
567,62,1620.92,399.81,289.12,669.20,0.8356,-1,-1,-1
567,45,1124.53,431.49,109.14,283.48,0.6357,-1,-1,-1
567,48,932.10,430.32,84.21,242.48,0.5119,-1,-1,-1
567,81,585.40,455.77,32.28,82.72,0.4653,-1,-1,-1
567,85,1005.49,440.53,126.35,257.13,0.6881,-1,-1,-1
567,87,641.19,454.59,34.58,106.49,0.4867,-1,-1,-1
567,89,717.73,449.23,35.43,97.72,0.5406,-1,-1,-1
567,90,548.84,442.33,33.77,93.89,0.4386,-1,-1,-1
567,73,1797.47,396.53,122.69,644.62,0.6305,-1,-1,-1
568,62,1642.86,400.42,267.91,668.89,0.8224,-1,-1,-1
568,45,1129.37,430.63,108.34,282.47,0.6105,-1,-1,-1
568,48,940.81,431.53,78.48,241.40,0.5361,-1,-1,-1
568,81,585.90,456.06,32.13,84.15,0.4903,-1,-1,-1
568,85,1004.98,432.33,136.12,267.07,0.6909,-1,-1,-1
568,87,641.15,455.61,32.80,105.01,0.4808,-1,-1,-1
568,89,718.15,448.61,36.95,99.13,0.5149,-1,-1,-1
568,90,548.47,441.03,35.17,95.85,0.4364,-1,-1,-1
568,73,1801.58,401.30,118.41,656.30,0.6112,-1,-1,-1
569,62,1655.68,400.59,243.30,671.76,0.8119,-1,-1,-1
569,45,1132.19,431.23,109.69,281.39,0.5309,-1,-1,-1
569,48,943.09,434.72,79.30,234.26,0.6688,-1,-1,-1
569,81,586.21,455.88,32.25,85.26,0.5298,-1,-1,-1
569,85,1006.28,432.80,139.03,267.40,0.7162,-1,-1,-1
569,87,641.22,455.46,33.26,104.55,0.5248,-1,-1,-1
569,89,718.36,448.46,37.17,99.84,0.5256,-1,-1,-1
569,90,548.49,442.23,35.49,95.45,0.4210,-1,-1,-1
569,73,1800.84,407.73,118.95,653.06,0.4554,-1,-1,-1
570,62,1662.75,402.01,236.27,670.24,0.7784,-1,-1,-1
570,45,1135.26,433.28,116.23,280.25,0.6418,-1,-1,-1
570,48,944.34,434.76,81.59,234.16,0.7107,-1,-1,-1
570,81,586.58,455.87,31.79,85.60,0.5234,-1,-1,-1
570,85,1007.02,433.07,138.90,267.40,0.7112,-1,-1,-1
570,87,640.00,455.27,32.43,104.45,0.5121,-1,-1,-1
570,89,718.11,447.07,37.75,102.07,0.5577,-1,-1,-1
570,90,548.87,442.69,35.62,95.85,0.4402,-1,-1,-1
570,73,1806.50,414.02,113.16,530.74,0.2618,-1,-1,-1
571,62,1667.91,401.55,246.66,671.40,0.8659,-1,-1,-1
571,45,1142.93,432.30,126.60,281.49,0.5988,-1,-1,-1
571,48,947.21,435.06,80.38,239.32,0.6901,-1,-1,-1
571,81,586.77,455.89,31.62,85.95,0.5252,-1,-1,-1
571,85,1010.39,428.26,134.59,270.91,0.7015,-1,-1,-1
571,87,638.88,456.24,30.85,104.22,0.4922,-1,-1,-1
571,89,717.58,445.95,39.06,102.77,0.6080,-1,-1,-1
571,90,549.45,447.26,35.94,91.84,0.4303,-1,-1,-1
571,73,1813.88,412.61,105.66,478.22,0.2271,-1,-1,-1
572,62,1672.07,401.97,247.00,670.90,0.8701,-1,-1,-1
572,45,1145.11,433.08,133.30,281.79,0.7604,-1,-1,-1
572,48,948.92,435.73,80.48,239.84,0.6855,-1,-1,-1
572,81,586.89,452.79,31.96,89.13,0.4943,-1,-1,-1
572,85,1012.30,430.76,131.44,268.12,0.6876,-1,-1,-1
572,87,637.72,456.72,31.95,102.99,0.5212,-1,-1,-1
572,89,717.54,444.87,40.03,104.46,0.6255,-1,-1,-1
572,90,549.44,442.23,37.15,97.38,0.4582,-1,-1,-1
572,73,1821.21,420.71,98.37,444.26,0.3008,-1,-1,-1
573,62,1676.17,402.41,244.86,668.97,0.8860,-1,-1,-1
573,45,1149.91,435.88,137.00,279.25,0.7013,-1,-1,-1
573,48,945.78,434.81,89.57,242.47,0.6387,-1,-1,-1
573,81,585.88,453.33,32.21,88.94,0.4888,-1,-1,-1
573,85,1015.98,430.48,126.49,266.03,0.6443,-1,-1,-1
573,87,636.81,456.76,30.83,102.63,0.5578,-1,-1,-1
573,89,718.11,445.13,40.28,104.81,0.5691,-1,-1,-1
573,90,550.42,449.15,35.46,90.90,0.4044,-1,-1,-1
573,73,1830.63,426.75,89.20,297.75,0.3980,-1,-1,-1
573,91,1110.37,430.43,47.47,146.14,0.3486,-1,-1,-1
574,62,1676.89,399.71,244.78,674.00,0.9003,-1,-1,-1
574,45,1151.05,437.49,140.91,278.04,0.7348,-1,-1,-1
574,48,951.27,434.89,101.60,247.69,0.6143,-1,-1,-1
574,81,585.03,454.63,33.04,88.17,0.3412,-1,-1,-1
574,85,1029.17,432.49,112.96,263.61,0.5435,-1,-1,-1
574,87,636.32,457.09,30.37,101.63,0.5465,-1,-1,-1
574,89,718.04,445.05,40.72,105.24,0.5539,-1,-1,-1
574,90,550.26,450.25,35.73,89.15,0.3875,-1,-1,-1
574,73,1837.11,430.19,82.74,255.28,0.3398,-1,-1,-1
574,91,1112.00,428.41,45.80,149.11,0.3580,-1,-1,-1
575,62,1677.14,398.29,244.58,676.29,0.9046,-1,-1,-1
575,45,1154.62,438.87,139.78,276.88,0.7008,-1,-1,-1
575,48,955.06,434.56,106.21,248.35,0.5754,-1,-1,-1
575,81,584.71,454.31,33.63,88.69,0.4282,-1,-1,-1
575,85,1037.01,427.76,104.43,268.59,0.5023,-1,-1,-1
575,87,635.59,456.32,30.54,102.22,0.5658,-1,-1,-1
575,89,718.04,445.35,40.60,104.80,0.5795,-1,-1,-1
575,90,550.50,450.14,35.21,88.73,0.3538,-1,-1,-1
575,73,1845.03,431.59,74.76,232.76,0.3098,-1,-1,-1
575,91,1113.24,425.67,43.97,151.85,0.2349,-1,-1,-1
576,62,1676.27,397.45,245.14,677.20,0.8990,-1,-1,-1
576,45,1157.75,438.22,138.13,277.49,0.7312,-1,-1,-1
576,48,956.46,434.20,111.16,248.34,0.6243,-1,-1,-1
576,81,585.31,454.23,33.19,88.79,0.4252,-1,-1,-1
576,85,1041.48,426.96,99.55,269.18,0.6162,-1,-1,-1
576,87,634.33,456.12,32.67,102.03,0.5209,-1,-1,-1
576,89,719.16,445.97,39.52,104.73,0.6059,-1,-1,-1
576,90,550.46,449.49,33.96,88.67,0.2934,-1,-1,-1
576,73,1854.79,432.08,65.04,213.28,0.4447,-1,-1,-1
577,62,1675.44,398.36,245.63,676.73,0.9090,-1,-1,-1
577,45,1157.75,436.91,138.37,278.66,0.7447,-1,-1,-1
577,48,957.89,434.04,112.01,247.24,0.6655,-1,-1,-1
577,81,585.16,453.07,33.53,90.34,0.3979,-1,-1,-1
577,85,1048.26,424.42,92.46,270.74,0.6270,-1,-1,-1
577,87,633.39,453.56,33.27,105.25,0.5251,-1,-1,-1
577,89,719.67,446.87,38.93,104.32,0.5854,-1,-1,-1
577,90,550.14,447.11,35.53,91.33,0.2891,-1,-1,-1
577,73,1857.36,429.81,62.54,203.12,0.2287,-1,-1,-1
578,62,1673.91,399.07,246.80,676.66,0.9063,-1,-1,-1
578,45,1159.22,434.54,134.12,280.39,0.7291,-1,-1,-1
578,48,958.82,438.61,104.18,237.53,0.7226,-1,-1,-1
578,81,584.42,451.79,34.31,92.09,0.3743,-1,-1,-1
578,85,1051.53,426.67,88.89,266.93,0.6189,-1,-1,-1
578,87,632.91,450.13,33.20,108.34,0.6221,-1,-1,-1
578,89,719.74,445.90,38.83,104.21,0.6294,-1,-1,-1
578,90,549.89,449.62,36.44,88.69,0.3215,-1,-1,-1
579,62,1673.36,400.33,247.27,676.10,0.8991,-1,-1,-1
579,45,1159.90,434.92,132.44,279.21,0.6913,-1,-1,-1
579,48,959.08,439.47,102.37,234.42,0.7534,-1,-1,-1
579,81,583.85,449.29,32.68,93.07,0.3512,-1,-1,-1
579,85,1055.65,431.65,86.07,262.88,0.6592,-1,-1,-1
579,87,632.40,448.50,33.05,110.01,0.5780,-1,-1,-1
579,89,720.35,446.81,38.58,104.20,0.5934,-1,-1,-1
579,90,549.09,444.96,37.68,93.19,0.3126,-1,-1,-1
580,62,1673.19,401.90,247.20,675.06,0.9084,-1,-1,-1
580,45,1158.92,440.13,133.65,275.12,0.7499,-1,-1,-1
580,48,959.67,437.48,102.11,236.78,0.7577,-1,-1,-1
580,81,584.44,448.80,31.50,92.73,0.3531,-1,-1,-1
580,85,1054.37,436.85,88.55,257.78,0.6684,-1,-1,-1
580,87,631.03,449.36,35.58,109.13,0.5580,-1,-1,-1
580,89,720.76,446.96,38.31,104.76,0.5719,-1,-1,-1
580,90,549.38,441.96,38.43,96.09,0.3509,-1,-1,-1
581,62,1673.09,402.44,247.13,674.85,0.9082,-1,-1,-1
581,45,1159.80,440.45,134.73,275.97,0.6988,-1,-1,-1
581,48,959.66,435.67,102.88,237.54,0.7612,-1,-1,-1
581,81,584.52,447.51,33.34,95.41,0.3906,-1,-1,-1
581,85,1055.79,438.79,92.56,256.19,0.6869,-1,-1,-1
581,87,630.68,452.67,36.39,105.56,0.5503,-1,-1,-1
581,89,721.01,447.18,38.35,104.25,0.5021,-1,-1,-1
581,90,548.99,436.94,40.33,101.39,0.3653,-1,-1,-1
582,62,1673.27,402.10,246.80,676.10,0.9087,-1,-1,-1
582,45,1180.64,439.64,117.01,275.52,0.6916,-1,-1,-1
582,48,957.94,435.76,109.87,236.86,0.7490,-1,-1,-1
582,81,584.45,446.90,33.95,96.24,0.4204,-1,-1,-1
582,85,1065.50,438.18,86.94,260.55,0.6237,-1,-1,-1
582,87,631.21,453.04,34.67,105.08,0.5108,-1,-1,-1
582,89,721.50,447.84,37.86,103.45,0.4976,-1,-1,-1
582,90,548.54,435.77,40.08,102.23,0.3787,-1,-1,-1
583,62,1674.25,399.44,245.63,679.07,0.9097,-1,-1,-1
583,45,1192.90,439.77,107.19,274.32,0.7225,-1,-1,-1
583,48,962.43,436.05,108.76,235.84,0.7285,-1,-1,-1
583,81,584.43,447.96,33.89,95.32,0.4672,-1,-1,-1
583,85,1076.66,434.52,78.74,263.63,0.6310,-1,-1,-1
583,87,631.05,453.66,34.20,104.44,0.4536,-1,-1,-1
583,89,721.22,446.67,38.76,103.63,0.5274,-1,-1,-1
583,90,549.17,438.23,38.96,99.54,0.4182,-1,-1,-1
584,62,1675.99,395.71,243.85,682.02,0.9116,-1,-1,-1
584,45,1201.80,440.63,99.98,271.93,0.7224,-1,-1,-1
584,48,966.14,436.76,107.39,235.97,0.7424,-1,-1,-1
584,81,584.81,447.81,33.56,95.72,0.4715,-1,-1,-1
584,85,1083.97,435.45,75.54,261.74,0.6623,-1,-1,-1
584,87,630.49,454.95,35.13,103.31,0.4310,-1,-1,-1
584,89,722.00,447.19,37.97,104.16,0.5300,-1,-1,-1
584,90,550.14,438.71,37.94,99.18,0.3978,-1,-1,-1
585,62,1677.72,394.51,242.17,682.85,0.8981,-1,-1,-1
585,45,1204.82,441.08,100.32,267.38,0.7488,-1,-1,-1
585,48,969.31,436.53,105.70,235.66,0.7612,-1,-1,-1
585,81,585.44,447.98,33.24,95.12,0.4594,-1,-1,-1
585,85,1087.79,438.90,74.85,257.22,0.6351,-1,-1,-1
585,87,628.39,452.07,36.58,105.90,0.3951,-1,-1,-1
585,89,722.81,447.15,37.74,103.47,0.5279,-1,-1,-1
585,90,550.22,438.62,38.41,99.33,0.4326,-1,-1,-1
586,62,1681.23,393.17,238.93,683.14,0.8962,-1,-1,-1
586,45,1212.28,438.21,100.47,272.17,0.7545,-1,-1,-1
586,48,976.14,440.46,100.81,233.27,0.7688,-1,-1,-1
586,81,585.01,445.39,34.61,98.11,0.4492,-1,-1,-1
586,85,1089.62,436.57,72.97,260.52,0.6899,-1,-1,-1
586,87,626.96,452.37,37.35,105.36,0.4268,-1,-1,-1
586,89,723.57,445.24,37.77,103.72,0.5444,-1,-1,-1
586,90,549.89,439.96,37.81,98.55,0.4357,-1,-1,-1
587,62,1684.96,390.04,235.26,685.58,0.8695,-1,-1,-1
587,45,1216.49,434.58,99.60,276.18,0.6141,-1,-1,-1
587,48,981.35,443.44,96.77,228.01,0.7387,-1,-1,-1
587,81,584.61,444.61,35.16,98.67,0.4203,-1,-1,-1
587,85,1090.74,429.95,73.37,267.37,0.7209,-1,-1,-1
587,87,625.55,452.28,38.25,105.52,0.4832,-1,-1,-1
587,89,724.32,444.39,37.50,104.70,0.5515,-1,-1,-1
587,90,550.09,441.05,37.29,98.11,0.4671,-1,-1,-1
587,92,665.18,452.71,32.96,101.26,0.3699,-1,-1,-1
588,62,1692.29,387.62,227.72,687.84,0.8557,-1,-1,-1
588,45,1215.36,434.54,102.56,277.64,0.7927,-1,-1,-1
588,48,987.82,445.46,91.13,223.88,0.7010,-1,-1,-1
588,81,584.03,445.45,35.78,98.62,0.4148,-1,-1,-1
588,85,1092.07,423.52,77.99,273.50,0.7359,-1,-1,-1
588,87,625.25,453.04,36.64,104.49,0.5081,-1,-1,-1
588,89,726.19,442.94,34.89,106.34,0.5562,-1,-1,-1
588,90,551.09,445.84,36.19,93.97,0.4324,-1,-1,-1
588,92,664.26,452.07,30.87,104.96,0.3572,-1,-1,-1
588,42,1175.80,437.58,66.32,237.20,0.4284,-1,-1,-1
589,62,1700.56,390.19,219.23,683.61,0.7503,-1,-1,-1
589,45,1216.64,434.80,102.62,277.09,0.7783,-1,-1,-1
589,48,995.83,446.09,85.06,222.89,0.7046,-1,-1,-1
589,81,583.34,446.65,36.76,98.67,0.3781,-1,-1,-1
589,85,1092.99,420.54,86.17,276.31,0.7106,-1,-1,-1
589,87,624.73,452.02,35.94,105.64,0.5819,-1,-1,-1
589,89,725.05,443.27,36.40,106.26,0.5507,-1,-1,-1
589,90,551.00,447.07,36.61,93.48,0.4278,-1,-1,-1
589,92,663.71,450.84,30.94,108.09,0.4622,-1,-1,-1
589,42,1182.90,438.26,59.56,235.13,0.3399,-1,-1,-1
590,62,1711.73,410.12,207.93,663.66,0.7423,-1,-1,-1
590,45,1219.83,433.95,101.69,277.46,0.7844,-1,-1,-1
590,48,1005.22,446.98,79.18,221.39,0.7375,-1,-1,-1
590,81,583.94,448.05,36.00,97.90,0.3167,-1,-1,-1
590,85,1092.65,426.68,88.05,270.49,0.6571,-1,-1,-1
590,87,624.17,450.99,35.26,106.39,0.5152,-1,-1,-1
590,89,726.19,442.78,35.22,106.80,0.5678,-1,-1,-1
590,90,551.09,447.67,37.13,92.85,0.3676,-1,-1,-1
590,92,663.50,451.56,31.43,107.97,0.4667,-1,-1,-1
590,42,1184.93,437.59,59.04,238.53,0.3700,-1,-1,-1
591,62,1731.23,461.50,188.36,612.76,0.5599,-1,-1,-1
591,45,1222.93,434.37,103.82,276.88,0.7446,-1,-1,-1
591,48,1011.02,444.71,78.29,222.67,0.7130,-1,-1,-1
591,81,585.13,449.48,33.28,94.78,0.3403,-1,-1,-1
591,85,1091.52,418.65,92.22,278.04,0.6516,-1,-1,-1
591,87,623.99,449.68,34.00,107.87,0.5364,-1,-1,-1
591,89,727.36,442.56,33.59,107.14,0.5754,-1,-1,-1
591,90,550.82,445.04,37.56,95.20,0.3386,-1,-1,-1
591,92,663.37,451.71,32.14,108.17,0.5348,-1,-1,-1
591,42,1188.62,435.48,59.94,240.53,0.3291,-1,-1,-1
592,62,1753.22,490.26,166.21,582.54,0.6784,-1,-1,-1
592,45,1226.54,436.86,108.12,274.46,0.7289,-1,-1,-1
592,48,1013.09,443.90,77.60,222.08,0.7363,-1,-1,-1
592,81,585.51,450.18,32.22,93.43,0.3120,-1,-1,-1
592,85,1091.44,416.83,102.14,279.73,0.6759,-1,-1,-1
592,87,623.99,449.05,34.47,108.87,0.5156,-1,-1,-1
592,89,728.11,443.13,32.30,107.00,0.5666,-1,-1,-1
592,90,550.02,444.34,38.56,95.35,0.3224,-1,-1,-1
592,92,662.62,452.02,33.09,108.11,0.5618,-1,-1,-1
592,42,1190.70,434.18,59.73,239.10,0.2722,-1,-1,-1
593,62,1777.06,500.22,142.39,572.92,0.3901,-1,-1,-1
593,45,1230.95,439.22,110.45,273.69,0.7525,-1,-1,-1
593,48,1014.58,439.82,79.31,226.25,0.6590,-1,-1,-1
593,81,584.39,450.86,32.34,91.28,0.3166,-1,-1,-1
593,85,1092.14,413.45,101.35,282.93,0.6913,-1,-1,-1
593,87,623.21,449.24,35.85,108.56,0.4959,-1,-1,-1
593,89,728.29,443.40,32.74,107.38,0.5405,-1,-1,-1
593,90,550.60,446.40,35.78,93.09,0.3097,-1,-1,-1
593,92,661.67,451.86,33.91,108.17,0.5484,-1,-1,-1
593,42,1193.33,438.10,68.53,239.49,0.2480,-1,-1,-1
594,62,1809.96,520.45,109.50,557.22,0.3173,-1,-1,-1
594,45,1234.36,441.85,112.76,270.81,0.7833,-1,-1,-1
594,48,1020.65,436.68,76.88,228.99,0.6275,-1,-1,-1
594,81,584.08,451.35,32.38,90.54,0.3225,-1,-1,-1
594,85,1092.26,412.58,101.78,285.28,0.6998,-1,-1,-1
594,87,622.89,448.78,36.20,107.96,0.5041,-1,-1,-1
594,89,726.99,444.59,35.69,106.73,0.5129,-1,-1,-1
594,90,549.70,448.00,36.69,91.35,0.3508,-1,-1,-1
594,92,660.47,451.56,35.15,108.97,0.5310,-1,-1,-1
594,42,1192.47,438.13,74.52,240.52,0.3651,-1,-1,-1
595,45,1239.40,439.16,112.20,273.28,0.8186,-1,-1,-1
595,48,1023.14,436.18,76.06,228.82,0.6712,-1,-1,-1
595,81,581.67,451.03,34.46,90.49,0.2790,-1,-1,-1
595,85,1094.28,413.69,101.16,283.15,0.7179,-1,-1,-1
595,87,622.52,449.18,36.98,106.84,0.5527,-1,-1,-1
595,89,728.52,444.09,33.43,106.68,0.5403,-1,-1,-1
595,90,550.79,451.51,33.88,88.04,0.2709,-1,-1,-1
595,92,660.49,452.32,35.16,108.52,0.4748,-1,-1,-1
595,42,1190.54,440.55,74.90,238.93,0.4697,-1,-1,-1
596,45,1242.53,437.41,112.90,275.32,0.8097,-1,-1,-1
596,48,1024.87,440.08,76.59,224.72,0.7105,-1,-1,-1
596,81,581.76,450.34,34.15,91.23,0.3119,-1,-1,-1
596,85,1095.81,418.95,100.45,278.88,0.7372,-1,-1,-1
596,87,623.05,450.09,36.94,104.91,0.5695,-1,-1,-1
596,89,727.06,445.13,35.89,105.54,0.5617,-1,-1,-1
596,90,551.38,451.43,32.67,88.57,0.2983,-1,-1,-1
596,92,660.73,453.76,35.17,107.11,0.4552,-1,-1,-1
596,42,1190.99,441.82,76.03,238.79,0.5269,-1,-1,-1
597,45,1244.54,437.65,113.12,275.68,0.8036,-1,-1,-1
597,48,1026.34,441.77,76.64,223.89,0.7390,-1,-1,-1
597,81,582.35,451.54,32.90,89.98,0.2985,-1,-1,-1
597,85,1097.54,422.09,98.44,275.92,0.7591,-1,-1,-1
597,87,623.71,451.71,35.49,103.24,0.5134,-1,-1,-1
597,89,726.23,445.10,37.58,106.46,0.6078,-1,-1,-1
597,90,550.55,452.38,34.88,87.81,0.3088,-1,-1,-1
597,92,659.80,453.97,37.76,106.93,0.4252,-1,-1,-1
597,42,1191.55,454.63,76.76,227.42,0.5312,-1,-1,-1
598,45,1248.07,437.71,111.20,275.56,0.8136,-1,-1,-1
598,48,1026.51,441.73,79.37,224.42,0.7390,-1,-1,-1
598,81,583.47,451.67,32.42,89.33,0.3400,-1,-1,-1
598,85,1099.10,427.40,98.05,270.24,0.7211,-1,-1,-1
598,87,624.45,453.12,33.67,101.77,0.4814,-1,-1,-1
598,89,725.90,445.40,38.54,107.38,0.5880,-1,-1,-1
598,90,550.44,450.70,34.70,89.23,0.3667,-1,-1,-1
598,92,659.04,455.68,37.10,105.18,0.4316,-1,-1,-1
598,42,1193.16,451.91,76.60,230.80,0.5222,-1,-1,-1
599,45,1252.34,437.24,107.72,275.82,0.7813,-1,-1,-1
599,48,1027.54,442.20,85.06,224.70,0.7392,-1,-1,-1
599,81,583.46,452.61,33.70,90.32,0.3282,-1,-1,-1
599,85,1101.66,430.55,97.23,265.59,0.6998,-1,-1,-1
599,87,624.65,454.23,33.48,100.86,0.4793,-1,-1,-1
599,89,726.41,445.90,37.76,106.51,0.5700,-1,-1,-1
599,90,551.23,449.57,33.42,90.39,0.3355,-1,-1,-1
599,92,657.73,455.06,39.46,105.89,0.4075,-1,-1,-1
599,42,1191.50,443.80,78.91,239.01,0.5725,-1,-1,-1
599,94,378.26,467.30,47.76,109.14,0.3765,-1,-1,-1
600,45,1256.30,437.17,104.88,275.84,0.8178,-1,-1,-1
600,48,1028.49,441.86,88.09,223.94,0.7550,-1,-1,-1
600,81,583.34,455.99,32.77,85.69,0.3143,-1,-1,-1
600,85,1106.74,431.04,94.15,263.55,0.7021,-1,-1,-1
600,87,624.88,454.96,33.14,100.84,0.5053,-1,-1,-1
600,89,726.48,444.67,37.21,108.08,0.5860,-1,-1,-1
600,90,550.82,451.78,35.91,88.43,0.3191,-1,-1,-1
600,92,657.07,455.62,39.73,105.33,0.3591,-1,-1,-1
600,42,1197.10,447.25,73.38,228.89,0.6021,-1,-1,-1
600,94,378.91,465.17,46.28,111.63,0.3496,-1,-1,-1
