1,1,371.74,408.30,79.69,239.71,0.7910,-1,-1,-1
1,2,104.37,546.39,73.24,245.37,0.7261,-1,-1,-1
1,3,1095.30,980.87,73.73,99.13,0.6923,-1,-1,-1
1,4,1732.44,452.88,73.78,221.09,0.6224,-1,-1,-1
1,5,1355.86,569.74,82.11,221.12,0.5497,-1,-1,-1
1,6,0.22,880.54,41.50,199.46,0.5314,-1,-1,-1
1,7,1103.63,210.06,56.22,179.69,0.5278,-1,-1,-1
1,8,546.14,146.36,57.90,183.42,0.5198,-1,-1,-1
1,9,225.79,399.55,64.29,198.95,0.5119,-1,-1,-1
2,1,372.40,408.15,79.73,239.82,0.7974,-1,-1,-1
2,2,104.14,546.52,73.31,245.61,0.7256,-1,-1,-1
2,3,1099.40,981.17,73.47,98.83,0.6896,-1,-1,-1
2,4,1732.19,454.80,72.18,216.11,0.6081,-1,-1,-1
2,5,1356.32,570.09,80.92,217.87,0.5684,-1,-1,-1
2,6,-0.67,878.32,41.82,201.21,0.3834,-1,-1,-1
2,7,1099.93,211.61,55.89,178.48,0.4733,-1,-1,-1
2,8,545.42,146.78,58.07,183.98,0.5064,-1,-1,-1
2,9,225.59,398.30,64.43,199.32,0.4912,-1,-1,-1
3,1,372.74,407.85,80.11,241.08,0.7819,-1,-1,-1
3,2,104.44,546.17,73.60,246.62,0.7315,-1,-1,-1
3,3,1103.64,980.95,73.58,99.05,0.6965,-1,-1,-1
3,4,1731.40,453.31,73.20,219.14,0.6005,-1,-1,-1
3,5,1356.70,570.04,80.57,216.86,0.5669,-1,-1,-1
3,6,-0.84,877.57,41.83,201.54,0.3537,-1,-1,-1
3,7,1096.07,213.37,55.75,177.42,0.5646,-1,-1,-1
3,8,545.05,147.39,57.98,183.68,0.4877,-1,-1,-1
3,9,224.47,396.89,65.26,201.68,0.4727,-1,-1,-1
4,1,372.69,407.36,80.13,241.14,0.7959,-1,-1,-1
4,2,104.00,545.80,73.75,247.18,0.7230,-1,-1,-1
4,3,1106.72,979.26,74.72,100.74,0.6949,-1,-1,-1
4,4,1730.38,452.69,72.67,217.36,0.6207,-1,-1,-1
4,5,1357.09,570.19,80.73,217.08,0.5755,-1,-1,-1
4,6,0.52,876.34,42.19,203.02,0.5372,-1,-1,-1
4,7,1091.36,211.65,56.71,179.63,0.5526,-1,-1,-1
4,8,545.30,145.75,57.91,183.72,0.4667,-1,-1,-1
4,9,223.70,396.70,65.66,202.42,0.4799,-1,-1,-1
5,1,373.77,406.85,80.12,241.28,0.7978,-1,-1,-1
5,2,103.66,545.82,73.68,247.15,0.7244,-1,-1,-1
5,3,1110.10,976.60,76.47,103.40,0.6965,-1,-1,-1
5,4,1729.30,452.21,73.02,218.27,0.6545,-1,-1,-1
5,5,1357.21,570.12,79.90,214.50,0.6074,-1,-1,-1
5,6,1.40,874.48,42.65,204.64,0.5592,-1,-1,-1
5,7,1084.39,210.73,57.52,178.92,0.5400,-1,-1,-1
5,8,544.80,145.15,58.51,185.97,0.5047,-1,-1,-1
5,9,224.05,396.73,65.53,201.00,0.3739,-1,-1,-1
6,1,374.66,406.09,79.80,240.37,0.7856,-1,-1,-1
6,2,103.84,546.00,73.55,246.87,0.7309,-1,-1,-1
6,3,1112.58,975.71,76.91,104.29,0.6920,-1,-1,-1
6,4,1728.30,454.12,72.56,216.42,0.6520,-1,-1,-1
6,5,1357.68,570.14,79.60,213.44,0.6189,-1,-1,-1
6,6,1.75,872.26,43.30,207.05,0.6043,-1,-1,-1
6,7,1078.20,209.40,59.35,179.55,0.5805,-1,-1,-1
6,8,544.00,147.14,58.43,186.24,0.5164,-1,-1,-1
6,9,223.26,393.47,66.75,203.35,0.3016,-1,-1,-1
7,1,375.84,404.97,79.77,240.13,0.7799,-1,-1,-1
7,2,103.82,545.97,73.32,246.21,0.7311,-1,-1,-1
7,3,1113.83,974.15,77.64,105.85,0.7061,-1,-1,-1
7,4,1727.88,454.32,71.76,213.45,0.6323,-1,-1,-1
7,5,1357.70,570.30,79.50,212.75,0.6338,-1,-1,-1
7,6,2.02,870.94,43.79,208.45,0.5961,-1,-1,-1
7,7,1072.68,208.29,62.06,180.87,0.5520,-1,-1,-1
7,8,542.59,148.30,58.38,186.90,0.5408,-1,-1,-1
7,9,219.27,395.86,65.79,200.46,0.2908,-1,-1,-1
7,11,788.54,145.39,65.06,178.01,0.5157,-1,-1,-1
8,1,376.86,402.76,79.51,239.22,0.7699,-1,-1,-1
8,2,104.37,546.07,73.39,246.56,0.7357,-1,-1,-1
8,3,1115.70,973.28,77.76,106.72,0.7072,-1,-1,-1
8,4,1726.84,454.69,70.90,209.78,0.6462,-1,-1,-1
8,5,1357.38,570.04,80.02,213.94,0.6127,-1,-1,-1
8,6,1.87,871.07,43.83,207.73,0.5825,-1,-1,-1
8,7,1070.50,210.53,63.79,178.39,0.5415,-1,-1,-1
8,8,541.97,147.22,58.48,188.47,0.5504,-1,-1,-1
8,11,788.50,145.88,64.72,177.03,0.5038,-1,-1,-1
9,1,377.90,401.79,79.19,237.72,0.7678,-1,-1,-1
9,2,104.65,546.06,73.48,246.80,0.7441,-1,-1,-1
9,3,1119.45,973.24,77.11,106.76,0.6693,-1,-1,-1
9,4,1725.79,454.48,71.23,209.88,0.6354,-1,-1,-1
9,5,1357.29,570.34,80.11,213.98,0.6148,-1,-1,-1
9,6,1.60,869.74,44.30,209.23,0.5590,-1,-1,-1
9,7,1068.14,210.64,65.95,176.11,0.5086,-1,-1,-1
9,8,541.53,147.69,58.31,189.48,0.4975,-1,-1,-1
9,11,788.50,145.79,64.32,175.85,0.4783,-1,-1,-1
10,1,378.59,400.47,78.97,236.46,0.7580,-1,-1,-1
10,2,104.97,545.91,73.50,246.73,0.7400,-1,-1,-1
10,3,1122.96,973.00,76.55,107.00,0.6883,-1,-1,-1
10,4,1725.50,454.65,71.37,209.64,0.6109,-1,-1,-1
10,5,1357.01,569.68,80.77,215.47,0.6149,-1,-1,-1
10,6,1.28,865.77,45.19,212.89,0.5657,-1,-1,-1
10,7,1065.26,211.34,68.18,173.63,0.4671,-1,-1,-1
10,8,540.49,148.49,58.41,191.48,0.4783,-1,-1,-1
10,11,788.32,145.81,64.68,176.80,0.4865,-1,-1,-1
11,1,379.67,398.44,78.52,234.49,0.7549,-1,-1,-1
11,2,104.87,546.09,73.56,246.79,0.7417,-1,-1,-1
11,3,1126.36,973.39,75.64,106.61,0.6693,-1,-1,-1
11,4,1725.67,458.08,70.69,206.48,0.6068,-1,-1,-1
11,5,1357.00,569.69,81.00,215.78,0.6408,-1,-1,-1
11,6,0.71,862.76,45.79,215.66,0.5581,-1,-1,-1
11,7,1060.70,210.19,70.92,174.03,0.4527,-1,-1,-1
11,8,539.45,148.71,58.32,192.77,0.4815,-1,-1,-1
11,11,788.31,145.72,64.84,177.17,0.4864,-1,-1,-1
12,1,379.90,396.86,78.58,233.89,0.7530,-1,-1,-1
12,2,104.89,546.11,73.76,247.06,0.7372,-1,-1,-1
12,3,1129.82,973.20,75.11,106.80,0.6727,-1,-1,-1
12,4,1725.55,459.33,70.68,205.34,0.6365,-1,-1,-1
12,5,1356.93,569.60,80.82,215.41,0.6334,-1,-1,-1
12,6,0.55,857.22,46.81,220.50,0.5759,-1,-1,-1
12,7,1056.77,208.23,73.47,175.79,0.3601,-1,-1,-1
12,8,539.37,149.20,57.77,192.22,0.5004,-1,-1,-1
12,11,788.20,145.82,65.01,177.60,0.4828,-1,-1,-1
13,1,380.28,395.41,78.42,232.43,0.7611,-1,-1,-1
13,2,104.97,545.96,74.08,247.68,0.7424,-1,-1,-1
13,3,1132.12,972.85,74.62,107.15,0.6341,-1,-1,-1
13,4,1725.31,458.49,71.27,206.50,0.6629,-1,-1,-1
13,5,1357.06,569.96,80.38,213.96,0.6361,-1,-1,-1
13,6,-0.22,852.20,47.62,225.12,0.5892,-1,-1,-1
13,7,1049.38,202.74,76.48,182.20,0.2681,-1,-1,-1
13,8,538.71,149.57,57.62,192.25,0.5198,-1,-1,-1
13,11,788.32,146.23,64.99,177.51,0.5107,-1,-1,-1
14,1,380.73,394.61,78.33,231.37,0.7606,-1,-1,-1
14,2,104.86,545.91,74.40,248.29,0.7476,-1,-1,-1
14,3,1134.62,972.58,73.92,107.42,0.6309,-1,-1,-1
14,4,1725.07,459.44,71.64,206.36,0.6575,-1,-1,-1
14,5,1357.20,569.94,80.48,214.25,0.6137,-1,-1,-1
14,6,-0.37,849.36,48.14,228.18,0.6078,-1,-1,-1
14,8,537.80,150.67,57.37,191.85,0.5040,-1,-1,-1
14,11,788.28,146.19,64.94,177.53,0.5245,-1,-1,-1
15,1,381.19,393.53,78.56,231.34,0.7611,-1,-1,-1
15,2,104.96,545.97,74.49,248.19,0.7549,-1,-1,-1
15,3,1136.93,972.91,72.69,106.71,0.5996,-1,-1,-1
15,4,1724.70,456.46,72.85,209.67,0.6515,-1,-1,-1
15,5,1357.11,570.39,80.13,213.20,0.6056,-1,-1,-1
15,6,-0.29,848.46,48.40,229.84,0.5866,-1,-1,-1
15,8,536.69,151.73,57.21,191.76,0.5038,-1,-1,-1
15,11,788.40,146.78,64.52,176.14,0.5366,-1,-1,-1
16,1,381.28,392.83,78.90,231.90,0.7661,-1,-1,-1
16,2,105.02,546.20,74.34,247.37,0.7504,-1,-1,-1
16,3,1140.48,972.78,71.63,106.37,0.5672,-1,-1,-1
16,4,1724.82,455.56,73.00,210.14,0.6560,-1,-1,-1
16,5,1356.85,570.26,80.23,213.49,0.6199,-1,-1,-1
16,6,0.15,848.34,48.50,230.13,0.5055,-1,-1,-1
16,8,535.06,153.34,56.64,189.47,0.5245,-1,-1,-1
16,11,788.76,146.96,64.34,175.66,0.5046,-1,-1,-1
17,1,381.51,391.67,79.64,233.66,0.7514,-1,-1,-1
17,2,105.25,546.68,74.31,246.37,0.7452,-1,-1,-1
17,3,1143.36,972.87,70.83,106.81,0.5348,-1,-1,-1
17,4,1724.61,457.62,73.00,209.13,0.6400,-1,-1,-1
17,5,1356.97,570.05,80.70,214.52,0.6045,-1,-1,-1
17,6,0.82,847.75,49.02,231.70,0.5548,-1,-1,-1
17,8,534.19,155.57,56.45,188.10,0.6086,-1,-1,-1
17,11,788.87,147.12,64.08,174.86,0.4926,-1,-1,-1
18,1,381.37,390.08,80.56,236.13,0.7521,-1,-1,-1
18,2,105.24,546.59,74.40,246.02,0.7477,-1,-1,-1
18,3,1146.12,973.03,69.66,106.85,0.5311,-1,-1,-1
18,4,1724.68,457.96,73.11,208.57,0.6459,-1,-1,-1
18,5,1356.81,569.93,80.70,214.50,0.6187,-1,-1,-1
18,6,1.35,847.15,49.49,232.59,0.5069,-1,-1,-1
18,8,532.65,156.14,56.30,187.11,0.6040,-1,-1,-1
18,11,789.12,147.25,63.94,174.47,0.5333,-1,-1,-1
19,1,381.52,388.65,81.28,237.88,0.7552,-1,-1,-1
19,2,105.18,546.58,74.58,246.12,0.7461,-1,-1,-1
19,3,1148.69,972.74,68.78,107.22,0.5200,-1,-1,-1
19,4,1724.21,456.01,73.81,210.37,0.6470,-1,-1,-1
19,5,1356.74,569.97,80.75,214.79,0.6407,-1,-1,-1
19,6,1.44,845.64,50.08,234.20,0.5319,-1,-1,-1
19,8,531.48,158.64,55.72,184.26,0.5464,-1,-1,-1
19,11,789.04,147.02,63.91,174.42,0.4814,-1,-1,-1
20,1,381.31,387.22,81.91,239.52,0.7477,-1,-1,-1
20,2,105.02,546.59,74.66,245.98,0.7457,-1,-1,-1
20,3,1151.40,972.77,67.59,107.22,0.5109,-1,-1,-1
20,4,1724.67,457.93,73.32,208.11,0.6295,-1,-1,-1
20,5,1356.85,570.43,80.51,214.25,0.6498,-1,-1,-1
20,6,1.39,845.25,50.41,234.73,0.4770,-1,-1,-1
20,8,530.40,158.94,55.60,183.97,0.5437,-1,-1,-1
20,11,789.25,147.63,63.79,174.01,0.4960,-1,-1,-1
21,1,381.21,386.23,82.23,240.16,0.7588,-1,-1,-1
21,2,104.87,546.48,74.85,246.28,0.7433,-1,-1,-1
21,3,1153.43,973.20,66.41,106.81,0.5028,-1,-1,-1
21,4,1724.53,458.13,73.56,208.19,0.6339,-1,-1,-1
21,5,1356.83,570.42,80.82,215.59,0.6140,-1,-1,-1
21,6,1.41,840.55,51.32,237.94,0.5225,-1,-1,-1
21,8,529.93,159.13,55.40,183.72,0.5885,-1,-1,-1
21,11,789.11,147.68,63.94,174.21,0.4868,-1,-1,-1
22,1,381.38,385.94,82.20,239.78,0.7580,-1,-1,-1
22,2,104.83,546.74,74.83,245.73,0.7385,-1,-1,-1
22,3,1154.28,974.20,65.18,105.80,0.5603,-1,-1,-1
22,4,1724.58,458.43,73.46,207.58,0.6680,-1,-1,-1
22,5,1356.92,570.22,80.57,215.19,0.6387,-1,-1,-1
22,6,1.30,841.00,51.62,238.43,0.5432,-1,-1,-1
22,8,528.32,156.98,55.95,186.20,0.5039,-1,-1,-1
22,11,789.27,147.75,64.18,174.88,0.4621,-1,-1,-1
23,1,381.73,385.28,81.91,238.95,0.7571,-1,-1,-1
23,2,104.79,546.56,74.90,245.64,0.7397,-1,-1,-1
23,3,1156.54,973.94,64.96,106.07,0.5509,-1,-1,-1
23,4,1724.67,457.81,73.52,207.62,0.6399,-1,-1,-1
23,5,1356.88,570.02,80.60,215.23,0.6143,-1,-1,-1
23,6,1.30,841.68,51.59,237.32,0.5666,-1,-1,-1
23,8,526.46,157.53,55.70,186.72,0.4696,-1,-1,-1
23,11,789.32,148.38,63.75,174.35,0.4306,-1,-1,-1
24,1,381.77,384.86,81.63,238.07,0.7575,-1,-1,-1
24,2,104.86,546.56,75.04,245.67,0.7383,-1,-1,-1
24,3,1158.21,974.60,64.28,105.41,0.5501,-1,-1,-1
24,4,1724.03,456.08,74.31,209.98,0.6437,-1,-1,-1
24,5,1356.52,569.80,81.19,216.94,0.5895,-1,-1,-1
24,6,1.57,839.88,51.81,236.93,0.5360,-1,-1,-1
24,8,524.64,157.44,55.85,187.44,0.4253,-1,-1,-1
24,11,789.72,148.39,63.66,173.81,0.4291,-1,-1,-1
25,1,381.62,384.07,81.30,237.29,0.7572,-1,-1,-1
25,2,104.69,546.78,75.25,245.89,0.7388,-1,-1,-1
25,3,1159.39,974.74,64.00,105.27,0.5634,-1,-1,-1
25,4,1723.52,457.45,74.25,209.21,0.6549,-1,-1,-1
25,5,1356.79,570.17,80.09,214.13,0.6128,-1,-1,-1
25,6,1.58,836.35,52.43,238.60,0.5024,-1,-1,-1
25,8,524.20,158.79,55.20,185.44,0.4369,-1,-1,-1
25,11,789.60,147.78,64.07,174.79,0.4321,-1,-1,-1
26,1,381.73,382.97,81.14,237.26,0.7684,-1,-1,-1
26,2,104.30,546.35,75.73,246.93,0.7371,-1,-1,-1
26,3,1160.76,975.01,63.67,105.00,0.5972,-1,-1,-1
26,4,1722.66,454.69,75.27,212.66,0.6371,-1,-1,-1
26,5,1357.01,570.47,79.92,213.45,0.6090,-1,-1,-1
26,6,2.17,834.00,51.96,234.28,0.5686,-1,-1,-1
26,8,524.25,160.42,54.58,183.95,0.4211,-1,-1,-1
26,11,789.57,147.89,64.38,175.15,0.4470,-1,-1,-1
27,1,381.66,381.46,81.17,237.40,0.7793,-1,-1,-1
27,2,103.98,546.19,75.89,247.15,0.7380,-1,-1,-1
27,3,1162.55,975.05,63.54,104.95,0.6075,-1,-1,-1
27,4,1722.55,455.46,75.07,212.38,0.6528,-1,-1,-1
27,5,1356.71,570.16,80.24,214.33,0.5872,-1,-1,-1
27,6,2.35,830.72,52.55,234.99,0.6077,-1,-1,-1
27,8,524.30,160.90,54.56,184.84,0.3650,-1,-1,-1
27,11,789.81,147.93,64.35,174.90,0.4483,-1,-1,-1
28,1,382.07,379.66,81.42,237.87,0.7727,-1,-1,-1
28,2,103.80,546.61,75.82,246.38,0.7388,-1,-1,-1
28,3,1164.50,975.60,63.22,104.40,0.6167,-1,-1,-1
28,4,1722.61,455.37,74.82,211.98,0.6404,-1,-1,-1
28,5,1356.68,569.64,80.74,215.70,0.5881,-1,-1,-1
28,6,2.85,828.02,52.89,233.58,0.6341,-1,-1,-1
28,8,523.45,161.07,54.99,186.69,0.2946,-1,-1,-1
28,11,789.36,148.50,63.64,173.92,0.4499,-1,-1,-1
29,1,382.74,377.98,81.52,238.04,0.7811,-1,-1,-1
29,2,103.61,546.41,76.02,246.49,0.7457,-1,-1,-1
29,3,1166.19,975.81,63.31,104.19,0.6353,-1,-1,-1
29,4,1723.07,456.75,74.09,209.73,0.6504,-1,-1,-1
29,5,1356.85,569.75,80.71,215.41,0.6248,-1,-1,-1
29,6,3.46,826.14,52.86,230.07,0.6981,-1,-1,-1
29,8,521.78,161.68,55.53,188.45,0.2802,-1,-1,-1
29,11,789.27,148.61,63.32,174.14,0.4573,-1,-1,-1
30,1,383.77,376.47,81.49,237.22,0.7847,-1,-1,-1
30,2,103.76,546.96,75.94,245.72,0.7382,-1,-1,-1
30,3,1168.19,976.67,63.02,103.29,0.6215,-1,-1,-1
30,4,1723.46,457.27,73.93,208.86,0.6634,-1,-1,-1
30,5,1356.55,569.82,80.71,215.69,0.6178,-1,-1,-1
30,6,3.47,823.32,53.31,228.86,0.6773,-1,-1,-1
30,8,522.00,163.21,55.16,187.74,0.3050,-1,-1,-1
30,11,789.07,148.44,62.99,174.25,0.4583,-1,-1,-1
31,1,385.92,374.90,81.20,234.38,0.7520,-1,-1,-1
31,2,103.50,546.88,76.15,246.18,0.7404,-1,-1,-1
31,3,1169.84,977.20,63.03,102.79,0.6159,-1,-1,-1
31,4,1722.80,455.80,74.58,211.18,0.6548,-1,-1,-1
31,5,1356.72,569.75,80.28,214.45,0.5919,-1,-1,-1
31,6,2.65,818.53,55.23,235.51,0.6490,-1,-1,-1
31,8,511.24,159.17,59.76,194.46,0.2947,-1,-1,-1
31,11,789.03,148.24,63.00,175.12,0.4280,-1,-1,-1
32,1,387.74,373.33,81.70,232.85,0.7461,-1,-1,-1
32,2,103.26,546.75,76.23,246.41,0.7474,-1,-1,-1
32,3,1171.20,977.96,62.98,102.03,0.6750,-1,-1,-1
32,4,1723.09,456.88,74.24,209.81,0.6534,-1,-1,-1
32,5,1356.50,569.77,80.23,214.35,0.6045,-1,-1,-1
32,6,2.03,815.51,56.81,241.18,0.6161,-1,-1,-1
32,8,506.10,159.64,62.33,195.78,0.2686,-1,-1,-1
32,11,789.65,148.69,62.55,174.89,0.4567,-1,-1,-1
33,1,388.88,371.21,82.72,232.69,0.7502,-1,-1,-1
33,2,103.42,546.75,76.44,246.53,0.7486,-1,-1,-1
33,3,1172.95,978.87,62.86,101.13,0.6783,-1,-1,-1
33,4,1722.78,457.21,74.42,210.13,0.6573,-1,-1,-1
33,5,1356.19,569.48,81.06,216.62,0.6024,-1,-1,-1
33,6,1.64,813.34,58.30,246.61,0.6216,-1,-1,-1
33,8,502.79,159.58,64.64,196.58,0.3919,-1,-1,-1
33,11,789.63,149.00,62.10,174.32,0.4376,-1,-1,-1
34,1,389.44,370.26,83.36,231.81,0.7516,-1,-1,-1
34,2,103.32,546.81,76.57,246.56,0.7391,-1,-1,-1
34,3,1175.65,980.58,62.29,99.43,0.6764,-1,-1,-1
34,4,1722.88,457.96,73.93,208.61,0.6498,-1,-1,-1
34,5,1356.60,569.34,81.08,216.69,0.5997,-1,-1,-1
34,6,1.55,811.36,59.05,248.88,0.6136,-1,-1,-1
34,8,500.67,160.33,66.10,195.88,0.3903,-1,-1,-1
34,11,789.27,148.76,62.02,174.95,0.4320,-1,-1,-1
35,1,389.32,369.30,84.47,232.45,0.7409,-1,-1,-1
35,2,103.28,546.86,76.85,246.92,0.7345,-1,-1,-1
35,3,1178.59,982.05,61.65,97.95,0.6626,-1,-1,-1
35,4,1722.58,457.68,73.92,208.59,0.6607,-1,-1,-1
35,5,1356.41,569.37,80.94,216.02,0.6009,-1,-1,-1
35,6,1.78,810.31,60.19,252.38,0.5750,-1,-1,-1
35,8,499.69,160.71,67.28,195.35,0.4000,-1,-1,-1
35,11,789.59,148.64,61.78,175.09,0.4423,-1,-1,-1
36,1,388.96,368.69,85.29,232.81,0.7009,-1,-1,-1
36,2,103.19,547.03,76.80,246.56,0.7385,-1,-1,-1
36,3,1181.32,983.80,60.95,96.20,0.6415,-1,-1,-1
36,4,1722.94,458.48,73.73,207.92,0.6161,-1,-1,-1
36,5,1356.38,569.40,81.23,216.55,0.5770,-1,-1,-1
36,6,2.12,809.55,60.10,250.42,0.5425,-1,-1,-1
36,8,498.83,160.87,67.98,194.52,0.4170,-1,-1,-1
36,11,789.83,149.03,61.28,174.30,0.4403,-1,-1,-1
37,1,388.24,367.72,85.87,233.56,0.6904,-1,-1,-1
37,2,103.10,547.20,76.61,245.91,0.7344,-1,-1,-1
37,3,1184.10,984.51,60.91,95.49,0.6851,-1,-1,-1
37,4,1722.92,457.79,74.06,208.93,0.6405,-1,-1,-1
37,5,1356.25,569.16,81.92,218.42,0.5676,-1,-1,-1
37,6,2.80,808.56,60.45,249.52,0.6285,-1,-1,-1
37,8,498.08,161.94,68.42,193.48,0.4229,-1,-1,-1
37,11,789.66,148.87,61.28,174.73,0.4360,-1,-1,-1
37,12,1021.55,157.86,62.29,183.30,0.5348,-1,-1,-1
38,1,387.54,366.60,86.17,234.74,0.6940,-1,-1,-1
38,2,102.86,547.00,76.50,245.57,0.7332,-1,-1,-1
38,3,1186.60,984.57,61.42,95.43,0.6925,-1,-1,-1
38,4,1723.02,458.26,73.77,207.82,0.6426,-1,-1,-1
38,5,1356.43,569.32,80.94,215.40,0.6056,-1,-1,-1
38,6,3.28,808.07,60.51,247.15,0.6404,-1,-1,-1
38,8,497.22,162.57,68.99,193.03,0.4190,-1,-1,-1
38,11,789.87,149.06,61.15,175.05,0.4244,-1,-1,-1
38,12,1022.36,158.45,62.50,184.06,0.5452,-1,-1,-1
38,13,384.41,993.02,93.24,86.98,0.5472,-1,-1,-1
39,1,386.94,365.38,86.51,236.32,0.6895,-1,-1,-1
39,2,102.87,547.17,76.47,245.07,0.7307,-1,-1,-1
39,3,1189.48,984.08,62.36,95.92,0.6788,-1,-1,-1
39,4,1722.39,457.26,74.17,209.22,0.6230,-1,-1,-1
39,5,1356.64,568.34,81.47,217.00,0.5816,-1,-1,-1
39,6,3.28,807.10,60.71,245.58,0.6525,-1,-1,-1
39,8,496.77,163.23,69.22,192.03,0.4241,-1,-1,-1
39,11,789.87,148.91,60.95,175.10,0.4157,-1,-1,-1
39,12,1022.23,158.82,62.20,183.17,0.5210,-1,-1,-1
39,13,383.79,991.88,94.43,88.12,0.5282,-1,-1,-1
39,7,929.17,200.91,76.16,172.74,0.5018,-1,-1,-1
40,1,387.85,366.08,86.26,235.51,0.6975,-1,-1,-1
40,2,102.72,547.07,76.52,244.91,0.7339,-1,-1,-1
40,3,1193.07,983.97,63.07,96.03,0.6546,-1,-1,-1
40,4,1722.19,456.55,74.49,210.47,0.6281,-1,-1,-1
40,5,1357.37,569.21,80.30,213.78,0.6155,-1,-1,-1
40,6,3.33,806.14,60.71,243.29,0.6072,-1,-1,-1
40,8,495.79,166.25,69.47,191.70,0.4408,-1,-1,-1
40,11,789.76,148.97,60.90,175.83,0.4048,-1,-1,-1
40,12,1022.11,159.12,62.01,182.54,0.5095,-1,-1,-1
40,13,383.38,990.19,96.13,89.81,0.5285,-1,-1,-1
40,7,922.30,198.17,81.20,175.37,0.5114,-1,-1,-1
41,1,388.82,365.79,86.15,235.46,0.6912,-1,-1,-1
41,2,102.69,546.81,76.78,245.45,0.7312,-1,-1,-1
41,3,1195.50,984.81,63.00,95.19,0.6803,-1,-1,-1
41,4,1722.11,456.04,74.57,210.94,0.6401,-1,-1,-1
41,5,1357.00,568.81,80.81,215.16,0.6077,-1,-1,-1
41,6,3.21,805.10,61.24,243.18,0.6003,-1,-1,-1
41,8,497.14,166.11,69.85,191.15,0.3632,-1,-1,-1
41,11,789.88,149.14,60.39,175.28,0.4072,-1,-1,-1
41,12,1022.05,159.19,61.61,181.20,0.4773,-1,-1,-1
41,13,383.33,989.23,97.02,90.77,0.4927,-1,-1,-1
41,7,918.82,201.55,83.34,171.62,0.5441,-1,-1,-1
42,1,389.67,364.66,86.06,235.53,0.7105,-1,-1,-1
42,2,102.82,546.73,76.98,245.64,0.7402,-1,-1,-1
42,3,1198.21,984.96,63.48,95.04,0.6922,-1,-1,-1
42,4,1721.76,455.25,74.66,211.38,0.6468,-1,-1,-1
42,5,1356.92,569.19,80.56,214.53,0.6151,-1,-1,-1
42,6,2.93,802.92,61.75,243.11,0.6311,-1,-1,-1
42,8,497.08,167.06,70.57,191.82,0.3721,-1,-1,-1
42,11,789.61,148.89,60.53,176.69,0.4204,-1,-1,-1
42,12,1021.67,159.45,61.85,181.77,0.4732,-1,-1,-1
42,13,382.53,987.88,98.29,92.12,0.5334,-1,-1,-1
42,7,915.15,200.57,86.86,172.80,0.5454,-1,-1,-1
43,1,390.86,364.66,85.48,233.97,0.7376,-1,-1,-1
43,2,102.54,546.79,77.17,245.83,0.7339,-1,-1,-1
43,3,1201.36,985.17,64.03,94.82,0.6621,-1,-1,-1
43,4,1721.71,454.78,74.75,212.02,0.6164,-1,-1,-1
43,5,1356.81,569.14,80.54,214.48,0.6094,-1,-1,-1
43,6,3.49,799.07,60.64,235.67,0.6608,-1,-1,-1
43,8,496.18,167.84,71.88,194.06,0.3854,-1,-1,-1
43,11,789.72,149.23,60.26,176.26,0.4040,-1,-1,-1
43,12,1021.42,159.75,62.22,182.91,0.4664,-1,-1,-1
43,13,381.89,987.48,98.55,92.52,0.5407,-1,-1,-1
43,7,910.74,197.35,90.59,175.65,0.4985,-1,-1,-1
44,1,391.91,364.43,84.98,232.24,0.7344,-1,-1,-1
44,2,102.39,547.06,77.14,245.50,0.7333,-1,-1,-1
44,3,1202.92,985.45,64.59,94.55,0.6689,-1,-1,-1
44,4,1721.64,456.69,74.22,210.07,0.6477,-1,-1,-1
44,5,1356.72,568.96,81.12,216.10,0.6238,-1,-1,-1
44,6,3.79,795.49,60.26,231.09,0.6728,-1,-1,-1
44,8,495.71,168.91,72.71,195.34,0.3768,-1,-1,-1
44,11,789.91,149.16,60.03,176.19,0.3998,-1,-1,-1
44,12,1021.04,160.14,62.52,184.06,0.4387,-1,-1,-1
44,13,380.67,985.65,100.22,94.35,0.5969,-1,-1,-1
44,7,906.17,194.31,93.30,178.87,0.3171,-1,-1,-1
45,1,392.95,362.40,84.98,232.22,0.7372,-1,-1,-1
45,2,102.01,546.84,77.23,245.71,0.7424,-1,-1,-1
45,3,1204.33,985.76,65.15,94.23,0.6707,-1,-1,-1
45,4,1721.90,458.12,73.71,208.37,0.6322,-1,-1,-1
45,5,1356.42,568.84,81.17,216.27,0.6347,-1,-1,-1
45,6,3.79,792.87,60.55,229.36,0.6681,-1,-1,-1
45,8,495.97,171.89,72.49,194.26,0.3113,-1,-1,-1
45,11,789.99,149.19,59.81,175.81,0.4245,-1,-1,-1
45,12,1021.06,161.41,62.34,182.78,0.3996,-1,-1,-1
45,13,379.16,984.75,100.82,95.25,0.5955,-1,-1,-1
45,7,901.23,187.83,96.85,185.95,0.2928,-1,-1,-1
46,1,394.03,360.91,84.65,231.91,0.7422,-1,-1,-1
46,2,101.90,546.51,77.40,246.10,0.7447,-1,-1,-1
46,3,1204.67,986.21,65.51,93.79,0.6852,-1,-1,-1
46,4,1721.69,458.92,73.43,207.03,0.6155,-1,-1,-1
46,5,1356.52,569.20,81.46,216.78,0.6041,-1,-1,-1
46,6,3.86,790.55,61.23,229.23,0.6713,-1,-1,-1
46,8,494.82,173.66,72.95,193.91,0.3320,-1,-1,-1
46,11,790.06,149.29,59.50,175.26,0.3897,-1,-1,-1
46,12,1020.77,161.93,62.46,182.37,0.4099,-1,-1,-1
46,13,376.03,979.88,105.25,100.12,0.6035,-1,-1,-1
46,7,896.28,181.07,98.52,192.40,0.2949,-1,-1,-1
47,1,394.88,358.86,84.56,232.02,0.7463,-1,-1,-1
47,2,101.73,546.35,77.49,246.21,0.7292,-1,-1,-1
47,3,1205.45,986.33,66.14,93.66,0.6668,-1,-1,-1
47,4,1721.70,458.96,73.77,207.72,0.6308,-1,-1,-1
47,5,1356.69,569.42,81.23,216.08,0.5940,-1,-1,-1
47,6,3.83,788.98,62.37,231.06,0.6183,-1,-1,-1
47,8,500.01,179.05,69.34,187.70,0.3157,-1,-1,-1
47,11,790.26,149.39,59.48,174.91,0.4296,-1,-1,-1
47,12,1019.75,162.68,62.87,183.41,0.3959,-1,-1,-1
47,13,373.42,974.11,110.17,105.89,0.5912,-1,-1,-1
47,7,892.23,174.21,98.85,199.09,0.3147,-1,-1,-1
48,1,396.07,357.21,83.95,230.37,0.7653,-1,-1,-1
48,2,101.67,546.13,77.67,246.76,0.7354,-1,-1,-1
48,3,1207.31,985.19,67.80,94.77,0.6322,-1,-1,-1
48,4,1721.88,459.49,73.43,206.47,0.6354,-1,-1,-1
48,5,1356.94,569.14,81.62,216.77,0.6134,-1,-1,-1
48,6,4.05,788.20,63.64,233.28,0.5850,-1,-1,-1
48,8,501.90,182.58,66.89,183.79,0.3322,-1,-1,-1
48,11,790.49,149.47,59.67,175.46,0.4550,-1,-1,-1
48,12,1019.09,163.14,62.78,183.04,0.3316,-1,-1,-1
48,13,370.43,967.30,115.72,112.70,0.6093,-1,-1,-1
48,7,889.42,173.86,95.10,197.80,0.2563,-1,-1,-1
49,1,397.02,356.31,83.15,227.64,0.7609,-1,-1,-1
49,2,101.60,546.06,77.73,246.94,0.7393,-1,-1,-1
49,3,1207.91,984.05,69.44,95.93,0.6520,-1,-1,-1
49,4,1721.49,459.01,73.74,207.06,0.6575,-1,-1,-1
49,5,1356.78,569.37,82.02,217.74,0.6024,-1,-1,-1
49,6,3.45,785.44,66.68,242.68,0.6180,-1,-1,-1
49,8,497.24,180.80,69.01,187.74,0.3705,-1,-1,-1
49,11,790.58,149.26,59.87,175.92,0.4314,-1,-1,-1
49,12,1018.00,164.42,62.97,182.96,0.3716,-1,-1,-1
49,13,369.46,964.08,117.46,115.92,0.5890,-1,-1,-1
50,1,397.44,355.06,82.98,226.31,0.7548,-1,-1,-1
50,2,101.68,546.09,77.68,246.67,0.7482,-1,-1,-1
50,3,1208.02,983.18,70.84,96.82,0.6283,-1,-1,-1
50,4,1721.39,459.16,73.67,206.70,0.6395,-1,-1,-1
50,5,1357.11,569.73,81.46,216.17,0.6125,-1,-1,-1
50,6,3.57,784.58,68.45,247.20,0.6045,-1,-1,-1
50,8,495.47,179.95,70.67,190.59,0.3774,-1,-1,-1
50,11,790.28,149.06,60.12,176.83,0.4065,-1,-1,-1
50,12,1017.60,164.93,61.35,178.03,0.3851,-1,-1,-1
50,13,370.30,961.43,117.57,117.76,0.5872,-1,-1,-1
51,1,398.06,354.22,82.57,223.94,0.7539,-1,-1,-1
51,2,101.67,545.67,77.80,247.17,0.7507,-1,-1,-1
51,3,1208.16,982.05,72.32,97.95,0.6115,-1,-1,-1
51,4,1721.28,459.93,73.40,205.53,0.6231,-1,-1,-1
51,5,1357.23,569.40,81.13,215.21,0.6202,-1,-1,-1
51,6,3.64,783.11,69.04,247.48,0.6417,-1,-1,-1
51,8,495.33,180.39,71.42,191.31,0.3684,-1,-1,-1
51,11,790.23,148.77,60.30,177.54,0.4133,-1,-1,-1
51,12,1017.45,166.46,60.49,175.09,0.4443,-1,-1,-1
51,13,369.61,957.36,119.97,122.27,0.5510,-1,-1,-1
52,1,398.69,353.09,82.90,223.83,0.7678,-1,-1,-1
52,2,101.74,545.47,77.70,247.11,0.7520,-1,-1,-1
52,3,1207.79,981.77,73.16,98.23,0.6307,-1,-1,-1
52,4,1721.24,457.19,74.46,209.04,0.6270,-1,-1,-1
52,5,1357.04,569.20,81.21,215.40,0.6233,-1,-1,-1
52,6,4.65,782.02,69.20,245.85,0.6111,-1,-1,-1
52,8,493.99,180.35,72.32,191.24,0.3819,-1,-1,-1
52,11,789.91,149.02,60.49,178.05,0.3948,-1,-1,-1
52,12,1016.69,167.80,61.76,178.49,0.4714,-1,-1,-1
52,13,369.66,953.20,122.00,126.66,0.5456,-1,-1,-1
53,1,399.24,351.58,83.51,225.14,0.7699,-1,-1,-1
53,2,101.64,545.22,77.59,247.43,0.7453,-1,-1,-1
53,3,1207.03,980.49,74.55,99.51,0.6526,-1,-1,-1
53,4,1721.51,456.38,74.42,209.25,0.6267,-1,-1,-1
53,5,1357.47,569.47,80.83,214.09,0.6407,-1,-1,-1
53,6,5.34,780.85,68.90,243.24,0.6511,-1,-1,-1
53,8,493.34,180.61,73.23,190.91,0.4042,-1,-1,-1
53,11,789.74,148.61,60.55,177.91,0.4117,-1,-1,-1
53,12,1015.93,168.82,62.55,180.86,0.4508,-1,-1,-1
53,13,370.57,950.09,122.75,129.58,0.6933,-1,-1,-1
54,1,399.42,350.76,83.97,225.99,0.7711,-1,-1,-1
54,2,101.60,544.94,77.56,247.98,0.7481,-1,-1,-1
54,3,1206.29,979.92,75.49,100.08,0.6575,-1,-1,-1
54,4,1721.50,456.08,74.50,209.78,0.6249,-1,-1,-1
54,5,1357.51,569.22,80.94,214.06,0.6415,-1,-1,-1
54,6,7.22,778.66,68.01,239.05,0.6453,-1,-1,-1
54,8,492.99,180.61,74.23,190.75,0.3876,-1,-1,-1
54,11,790.04,148.80,60.43,177.17,0.3982,-1,-1,-1
54,12,1014.24,170.81,62.70,181.46,0.4280,-1,-1,-1
54,13,372.88,948.30,121.81,130.40,0.7182,-1,-1,-1
55,1,399.67,349.65,84.57,227.65,0.7784,-1,-1,-1
55,2,101.62,545.04,77.52,248.45,0.7364,-1,-1,-1
55,3,1205.90,979.19,76.47,100.81,0.6655,-1,-1,-1
55,4,1721.77,456.56,74.69,210.51,0.6380,-1,-1,-1
55,5,1357.44,569.03,81.27,215.07,0.6086,-1,-1,-1
55,6,8.71,775.12,67.88,237.96,0.6805,-1,-1,-1
55,8,492.57,180.31,75.35,191.29,0.4241,-1,-1,-1
55,11,790.23,148.96,60.40,176.90,0.4251,-1,-1,-1
55,12,1012.78,172.98,62.75,181.56,0.4565,-1,-1,-1
55,13,374.55,946.58,121.97,132.17,0.6926,-1,-1,-1
56,1,399.83,349.07,84.98,229.05,0.7880,-1,-1,-1
56,2,101.68,544.55,77.55,249.12,0.7375,-1,-1,-1
56,3,1205.09,977.79,77.82,102.21,0.6746,-1,-1,-1
56,4,1721.53,456.02,74.63,210.65,0.6449,-1,-1,-1
56,5,1356.91,569.12,81.51,215.96,0.6107,-1,-1,-1
56,6,9.48,772.39,67.61,235.92,0.6942,-1,-1,-1
56,8,491.67,180.27,76.01,191.41,0.4787,-1,-1,-1
56,11,790.33,148.79,60.73,177.63,0.4104,-1,-1,-1
56,12,1012.84,174.78,62.19,180.53,0.4686,-1,-1,-1
56,13,375.77,945.73,121.75,133.57,0.6989,-1,-1,-1
57,1,399.61,348.08,85.25,230.26,0.7943,-1,-1,-1
57,2,101.64,544.74,77.51,249.46,0.7331,-1,-1,-1
57,3,1204.14,976.54,79.02,103.46,0.6852,-1,-1,-1
57,4,1721.72,457.84,73.76,208.19,0.6510,-1,-1,-1
57,5,1357.22,569.18,80.91,214.11,0.6177,-1,-1,-1
57,6,8.85,770.88,67.08,232.11,0.7197,-1,-1,-1
57,8,490.71,180.92,76.37,190.99,0.4591,-1,-1,-1
57,11,790.28,148.68,61.14,178.56,0.4006,-1,-1,-1
57,12,1011.40,176.31,61.91,179.92,0.4638,-1,-1,-1
57,13,377.53,944.99,120.93,134.31,0.7178,-1,-1,-1
58,1,399.55,347.14,85.47,231.16,0.7872,-1,-1,-1
58,2,101.79,545.07,77.27,249.29,0.7286,-1,-1,-1
58,3,1203.57,976.17,79.68,103.83,0.6689,-1,-1,-1
58,4,1721.58,456.25,74.04,209.39,0.6405,-1,-1,-1
58,5,1357.14,569.33,81.12,214.69,0.6246,-1,-1,-1
58,6,10.20,767.85,67.18,229.80,0.7115,-1,-1,-1
58,8,490.09,181.47,76.76,191.08,0.4488,-1,-1,-1
58,11,790.39,148.91,61.17,178.54,0.3944,-1,-1,-1
58,12,1010.48,178.82,61.51,179.23,0.4573,-1,-1,-1
58,13,378.90,944.07,120.49,135.64,0.6726,-1,-1,-1
59,1,400.08,345.76,85.77,232.66,0.7852,-1,-1,-1
59,2,101.80,545.07,77.14,249.49,0.7328,-1,-1,-1
59,3,1202.42,975.69,80.54,104.31,0.6722,-1,-1,-1
59,4,1722.03,456.00,74.28,210.49,0.6379,-1,-1,-1
59,5,1357.32,568.92,80.78,213.55,0.6416,-1,-1,-1
59,6,10.82,765.47,67.08,226.16,0.7214,-1,-1,-1
59,8,490.14,181.93,77.36,191.46,0.4381,-1,-1,-1
59,11,789.71,148.87,61.14,178.56,0.3891,-1,-1,-1
59,12,1009.73,180.29,61.22,178.50,0.3747,-1,-1,-1
59,13,379.90,942.97,119.76,136.68,0.7143,-1,-1,-1
60,1,400.64,345.58,85.22,232.00,0.7927,-1,-1,-1
60,2,101.56,545.11,77.23,250.30,0.7258,-1,-1,-1
60,3,1201.40,974.86,81.55,105.14,0.6703,-1,-1,-1
60,4,1722.16,457.90,73.55,208.30,0.6274,-1,-1,-1
60,5,1356.93,568.91,81.24,214.80,0.6263,-1,-1,-1
60,6,11.06,761.25,67.11,225.17,0.7348,-1,-1,-1
60,8,490.04,182.98,77.54,191.22,0.4534,-1,-1,-1
60,11,789.12,148.56,62.55,183.11,0.4234,-1,-1,-1
60,12,1008.10,181.38,61.27,178.06,0.3411,-1,-1,-1
60,13,380.37,940.50,120.07,138.75,0.7104,-1,-1,-1
61,1,400.82,344.44,84.76,231.37,0.7980,-1,-1,-1
61,2,101.87,545.95,76.47,248.56,0.7282,-1,-1,-1
61,3,1198.90,972.78,83.40,107.22,0.6308,-1,-1,-1
61,4,1722.18,457.76,73.26,207.82,0.6119,-1,-1,-1
61,5,1357.16,569.18,81.03,214.28,0.6304,-1,-1,-1
61,6,11.03,758.33,67.28,225.21,0.7305,-1,-1,-1
61,8,491.32,188.07,75.88,187.95,0.4809,-1,-1,-1
61,11,788.48,148.45,63.64,186.63,0.3666,-1,-1,-1
61,12,1007.52,182.17,60.98,176.94,0.3034,-1,-1,-1
61,13,380.67,938.73,120.44,140.68,0.6157,-1,-1,-1
62,1,401.01,343.18,84.39,231.11,0.7910,-1,-1,-1
62,2,102.10,546.56,76.07,247.83,0.7289,-1,-1,-1
62,3,1197.67,972.30,84.03,107.70,0.6223,-1,-1,-1
62,4,1722.24,456.85,73.58,208.85,0.6007,-1,-1,-1
62,5,1357.29,569.21,81.08,214.59,0.6177,-1,-1,-1
62,6,11.68,756.23,67.45,225.32,0.7304,-1,-1,-1
62,8,491.32,189.80,75.87,188.71,0.4969,-1,-1,-1
62,11,788.87,148.27,63.45,186.84,0.3196,-1,-1,-1
62,12,1007.87,183.94,60.46,175.35,0.3037,-1,-1,-1
62,13,380.15,936.64,120.54,142.23,0.5714,-1,-1,-1
63,1,401.09,341.39,84.43,231.87,0.7966,-1,-1,-1
63,2,102.24,546.68,75.78,247.53,0.7300,-1,-1,-1
63,3,1196.22,971.83,84.71,108.17,0.6580,-1,-1,-1
63,4,1722.13,458.09,73.33,207.83,0.5910,-1,-1,-1
63,5,1357.21,569.02,80.84,213.84,0.6024,-1,-1,-1
63,6,11.78,754.84,68.52,228.07,0.7188,-1,-1,-1
63,8,489.94,189.01,77.55,193.87,0.5335,-1,-1,-1
63,11,788.74,148.19,63.13,186.83,0.2993,-1,-1,-1
63,12,1006.86,185.13,59.72,172.50,0.2526,-1,-1,-1
63,13,379.43,934.58,120.86,144.32,0.6612,-1,-1,-1
64,1,401.39,339.05,84.32,232.13,0.7909,-1,-1,-1
64,2,101.96,546.51,75.90,248.34,0.7196,-1,-1,-1
64,3,1194.91,972.67,84.37,107.33,0.6860,-1,-1,-1
64,4,1721.93,456.89,73.77,209.12,0.6065,-1,-1,-1
64,5,1356.44,569.27,81.41,215.35,0.5981,-1,-1,-1
64,6,12.00,753.31,68.99,229.07,0.7206,-1,-1,-1
64,8,490.61,191.18,77.14,194.08,0.4907,-1,-1,-1
64,11,789.10,148.36,62.10,184.71,0.2948,-1,-1,-1
64,12,1005.51,186.46,59.56,171.21,0.3628,-1,-1,-1
64,13,378.50,931.16,122.52,148.05,0.6722,-1,-1,-1
65,1,401.45,337.14,84.21,232.23,0.7934,-1,-1,-1
65,2,102.23,546.95,75.51,247.32,0.7280,-1,-1,-1
65,3,1193.39,973.00,84.24,107.00,0.6849,-1,-1,-1
65,4,1721.70,458.84,73.38,207.32,0.6134,-1,-1,-1
65,5,1356.73,569.22,81.31,214.57,0.6288,-1,-1,-1
65,6,11.51,752.15,69.87,231.73,0.7138,-1,-1,-1
65,8,491.27,191.89,76.90,194.77,0.5083,-1,-1,-1
65,12,1004.74,187.29,59.88,171.38,0.3138,-1,-1,-1
65,13,376.61,925.14,125.78,154.44,0.5642,-1,-1,-1
66,1,401.81,335.22,84.08,232.10,0.7932,-1,-1,-1
66,2,102.57,546.54,75.64,247.77,0.7210,-1,-1,-1
66,3,1190.87,971.97,85.01,108.03,0.7066,-1,-1,-1
66,4,1721.04,459.20,73.70,207.61,0.6263,-1,-1,-1
66,5,1356.50,568.72,81.92,215.85,0.6052,-1,-1,-1
66,6,11.24,750.89,70.47,233.49,0.7136,-1,-1,-1
66,8,492.09,191.38,76.50,195.81,0.5284,-1,-1,-1
66,12,1003.80,187.96,60.63,173.80,0.3632,-1,-1,-1
66,13,375.28,918.99,128.37,160.86,0.5607,-1,-1,-1
67,1,402.60,333.94,83.49,230.02,0.7947,-1,-1,-1
67,2,102.79,546.73,75.61,247.58,0.7251,-1,-1,-1
67,3,1189.50,971.69,85.35,108.31,0.6944,-1,-1,-1
67,4,1721.15,459.12,73.62,206.99,0.5967,-1,-1,-1
67,5,1356.84,569.01,81.51,214.70,0.5983,-1,-1,-1
67,6,10.57,749.04,71.28,236.15,0.7027,-1,-1,-1
67,8,491.87,191.31,76.88,198.74,0.5657,-1,-1,-1
67,12,1002.18,188.00,60.84,174.85,0.4073,-1,-1,-1
67,13,374.46,914.38,128.83,164.51,0.6559,-1,-1,-1
68,1,403.51,333.26,82.86,227.77,0.7904,-1,-1,-1
68,2,102.77,546.67,75.68,247.76,0.7297,-1,-1,-1
68,3,1186.14,970.25,86.42,109.75,0.6959,-1,-1,-1
68,4,1721.52,459.40,73.65,206.95,0.6089,-1,-1,-1
68,5,1356.67,568.35,81.94,215.78,0.5957,-1,-1,-1
68,6,10.12,746.77,72.28,239.73,0.7080,-1,-1,-1
68,8,492.06,192.41,75.83,197.79,0.5751,-1,-1,-1
68,12,1001.07,188.35,61.29,176.18,0.4877,-1,-1,-1
68,13,374.38,911.75,128.17,166.51,0.7056,-1,-1,-1
69,1,404.03,332.19,82.65,226.28,0.7836,-1,-1,-1
69,2,102.61,546.64,75.73,248.11,0.7310,-1,-1,-1
69,3,1184.01,969.66,86.78,110.30,0.6802,-1,-1,-1
69,4,1721.91,457.73,74.94,210.87,0.5954,-1,-1,-1
69,5,1356.54,568.54,82.28,216.88,0.5969,-1,-1,-1
69,6,10.09,744.80,72.70,241.42,0.7102,-1,-1,-1
69,8,492.22,193.37,75.29,196.35,0.5874,-1,-1,-1
69,12,1000.65,188.25,61.59,176.92,0.5343,-1,-1,-1
69,13,374.40,909.88,127.68,168.65,0.6857,-1,-1,-1
70,1,404.49,331.29,82.43,224.57,0.7906,-1,-1,-1
70,2,102.66,546.41,75.69,248.35,0.7320,-1,-1,-1
70,3,1182.12,969.16,87.05,110.83,0.6650,-1,-1,-1
70,4,1722.27,456.11,75.24,212.05,0.6162,-1,-1,-1
70,5,1356.50,568.41,82.59,217.52,0.6091,-1,-1,-1
70,6,10.76,743.15,72.02,239.06,0.7155,-1,-1,-1
70,8,492.10,195.07,74.95,194.47,0.5921,-1,-1,-1
70,12,1000.00,188.12,61.82,177.76,0.5583,-1,-1,-1
70,13,373.90,907.20,128.03,172.02,0.6794,-1,-1,-1
71,1,404.65,329.98,82.47,223.82,0.7911,-1,-1,-1
71,2,102.28,545.51,76.12,249.84,0.7294,-1,-1,-1
71,3,1180.63,968.33,87.54,111.66,0.6680,-1,-1,-1
71,4,1722.32,456.41,75.02,211.43,0.6228,-1,-1,-1
71,5,1356.56,568.66,82.85,218.46,0.5629,-1,-1,-1
71,6,12.14,741.48,70.65,233.61,0.7214,-1,-1,-1
71,8,492.79,194.04,75.59,195.60,0.6134,-1,-1,-1
71,12,998.23,188.34,61.77,178.11,0.5615,-1,-1,-1
71,13,372.56,904.86,128.35,174.87,0.7097,-1,-1,-1
72,1,404.64,328.47,83.10,224.91,0.7886,-1,-1,-1
72,2,102.06,544.80,76.30,250.52,0.7258,-1,-1,-1
72,3,1178.65,966.43,88.62,113.57,0.5941,-1,-1,-1
72,4,1722.36,456.82,74.76,210.73,0.6196,-1,-1,-1
72,5,1356.85,568.98,82.76,218.35,0.6065,-1,-1,-1
72,6,12.59,738.30,70.01,230.04,0.7274,-1,-1,-1
72,8,491.51,193.76,76.61,196.20,0.5973,-1,-1,-1
72,12,996.86,188.62,61.63,178.75,0.5732,-1,-1,-1
72,13,371.88,903.14,128.02,176.78,0.7220,-1,-1,-1
73,1,404.91,327.60,83.72,226.36,0.7872,-1,-1,-1
73,2,101.95,545.02,76.23,250.26,0.7320,-1,-1,-1
73,3,1177.60,965.32,89.16,114.68,0.6099,-1,-1,-1
73,4,1722.36,456.28,75.30,212.56,0.6138,-1,-1,-1
73,5,1357.21,569.34,82.28,216.77,0.6162,-1,-1,-1
73,6,12.69,734.93,70.22,229.33,0.7481,-1,-1,-1
73,8,490.33,193.47,77.86,196.71,0.5930,-1,-1,-1
73,12,995.29,189.47,61.28,178.93,0.5499,-1,-1,-1
73,13,371.41,902.02,127.38,177.97,0.7155,-1,-1,-1
74,1,405.40,327.31,83.72,226.28,0.7841,-1,-1,-1
74,2,102.07,545.37,75.88,249.24,0.7220,-1,-1,-1
74,3,1176.95,964.88,89.31,115.12,0.6248,-1,-1,-1
74,4,1722.40,458.91,74.02,208.64,0.5962,-1,-1,-1
74,5,1357.12,569.51,81.96,215.58,0.6198,-1,-1,-1
74,6,13.22,732.36,69.92,226.52,0.7513,-1,-1,-1
74,8,489.89,194.69,78.50,195.49,0.5599,-1,-1,-1
74,12,994.67,190.06,61.13,180.57,0.5589,-1,-1,-1
74,13,371.29,900.29,127.07,179.73,0.6892,-1,-1,-1
75,1,405.45,326.68,83.91,226.69,0.7787,-1,-1,-1
75,2,101.71,545.15,75.91,249.49,0.7284,-1,-1,-1
75,3,1176.23,964.42,89.58,115.58,0.6370,-1,-1,-1
75,4,1722.02,457.62,74.80,211.08,0.6194,-1,-1,-1
75,5,1357.50,569.89,81.15,212.97,0.6553,-1,-1,-1
75,6,12.84,730.86,70.49,227.00,0.7490,-1,-1,-1
75,8,488.53,196.18,79.10,194.21,0.5713,-1,-1,-1
75,12,992.91,189.53,61.56,183.09,0.6146,-1,-1,-1
75,13,371.33,898.12,126.92,181.90,0.6783,-1,-1,-1
76,1,406.04,326.27,84.01,227.30,0.7726,-1,-1,-1
76,2,101.48,544.44,76.00,250.22,0.7223,-1,-1,-1
76,3,1175.82,963.87,89.88,116.13,0.6889,-1,-1,-1
76,4,1721.87,459.03,73.82,207.90,0.6305,-1,-1,-1
76,5,1357.26,570.37,81.21,212.57,0.6481,-1,-1,-1
76,6,12.27,729.15,71.51,229.56,0.7471,-1,-1,-1
76,8,489.56,199.22,79.05,192.02,0.5544,-1,-1,-1
76,12,992.28,189.38,61.03,182.52,0.5751,-1,-1,-1
76,13,371.49,895.32,126.91,184.71,0.6913,-1,-1,-1
77,1,406.42,325.23,84.43,228.82,0.7669,-1,-1,-1
77,2,101.28,544.28,75.83,250.35,0.7225,-1,-1,-1
77,3,1175.57,963.69,89.87,116.31,0.6977,-1,-1,-1
77,4,1721.83,458.92,73.54,206.70,0.6228,-1,-1,-1
77,5,1357.08,570.00,82.09,214.22,0.6325,-1,-1,-1
77,6,12.11,727.70,72.03,230.61,0.7512,-1,-1,-1
77,8,492.74,201.29,78.00,189.48,0.5690,-1,-1,-1
77,12,992.05,190.08,60.41,181.23,0.5922,-1,-1,-1
77,13,372.27,893.08,126.33,186.95,0.7469,-1,-1,-1
78,1,406.47,324.60,84.50,229.29,0.7695,-1,-1,-1
78,2,101.02,544.19,75.56,250.10,0.7235,-1,-1,-1
78,3,1175.15,963.06,90.16,116.94,0.7208,-1,-1,-1
78,4,1721.82,459.61,73.46,205.90,0.6374,-1,-1,-1
78,5,1356.86,571.06,82.45,214.39,0.6388,-1,-1,-1
78,6,12.08,726.51,73.01,232.88,0.7460,-1,-1,-1
78,8,491.94,204.33,77.19,187.10,0.6009,-1,-1,-1
78,12,992.10,189.37,60.06,181.31,0.5649,-1,-1,-1
78,13,372.50,890.73,125.73,189.29,0.7541,-1,-1,-1
79,1,406.89,324.26,84.55,230.14,0.7800,-1,-1,-1
79,2,101.21,544.92,75.05,248.91,0.7260,-1,-1,-1
79,3,1174.98,962.93,90.07,117.07,0.7243,-1,-1,-1
79,4,1721.48,458.92,73.75,206.45,0.6467,-1,-1,-1
79,5,1356.69,572.09,82.50,213.73,0.6076,-1,-1,-1
79,6,12.80,725.99,73.30,232.98,0.7471,-1,-1,-1
79,8,490.83,203.38,78.84,190.76,0.5842,-1,-1,-1
79,12,991.61,190.30,59.35,179.39,0.5758,-1,-1,-1
79,13,373.56,887.51,125.36,192.52,0.7680,-1,-1,-1
80,1,407.86,324.07,84.05,229.69,0.7782,-1,-1,-1
80,2,101.33,545.38,74.73,248.44,0.7273,-1,-1,-1
80,3,1174.29,962.39,90.28,117.61,0.7369,-1,-1,-1
80,4,1721.63,459.67,73.76,206.07,0.6343,-1,-1,-1
80,5,1357.07,572.22,83.55,215.97,0.5753,-1,-1,-1
80,6,13.70,725.02,73.85,233.75,0.7280,-1,-1,-1
80,8,491.07,203.75,79.79,193.28,0.5728,-1,-1,-1
80,12,990.06,190.52,60.24,182.78,0.6079,-1,-1,-1
80,13,374.10,883.00,125.58,197.02,0.7885,-1,-1,-1
81,1,408.67,323.61,83.23,228.17,0.7618,-1,-1,-1
81,2,101.44,544.99,74.49,248.49,0.7277,-1,-1,-1
81,3,1174.39,961.88,90.26,118.12,0.7443,-1,-1,-1
81,4,1721.85,459.39,73.92,206.29,0.6201,-1,-1,-1
81,5,1356.60,571.92,84.21,217.25,0.5516,-1,-1,-1
81,6,13.87,724.37,74.00,233.76,0.7209,-1,-1,-1
81,8,491.05,204.32,80.53,195.70,0.5472,-1,-1,-1
81,12,989.07,191.16,60.09,182.88,0.6103,-1,-1,-1
81,13,374.90,879.39,125.19,200.63,0.7857,-1,-1,-1
82,1,410.56,323.35,82.51,226.96,0.7530,-1,-1,-1
82,2,101.55,545.63,73.96,247.27,0.7278,-1,-1,-1
82,3,1173.85,961.37,90.15,118.63,0.7321,-1,-1,-1
82,4,1721.73,459.40,74.04,206.51,0.6201,-1,-1,-1
82,5,1356.51,571.99,84.48,217.60,0.5456,-1,-1,-1
82,6,14.52,722.12,74.85,235.75,0.7265,-1,-1,-1
82,8,492.50,206.62,79.96,195.15,0.5551,-1,-1,-1
82,12,987.73,191.16,59.96,183.24,0.6099,-1,-1,-1
82,13,375.22,875.81,124.97,204.21,0.7833,-1,-1,-1
83,1,411.45,322.09,82.24,226.39,0.7642,-1,-1,-1
83,2,101.55,546.23,73.61,246.55,0.7278,-1,-1,-1
83,3,1173.24,961.53,89.54,118.47,0.7062,-1,-1,-1
83,4,1722.08,459.63,73.62,205.30,0.6161,-1,-1,-1
83,5,1356.50,571.51,84.97,218.71,0.5506,-1,-1,-1
83,6,15.04,720.47,75.35,237.28,0.7179,-1,-1,-1
83,8,493.41,207.29,79.82,195.09,0.5794,-1,-1,-1
83,12,986.36,191.55,59.61,182.76,0.5996,-1,-1,-1
83,13,376.43,873.24,124.17,206.78,0.7796,-1,-1,-1
84,1,412.49,320.44,81.90,226.04,0.7630,-1,-1,-1
84,2,101.56,546.08,73.63,247.08,0.7182,-1,-1,-1
84,3,1172.57,961.37,89.18,118.63,0.7226,-1,-1,-1
84,4,1721.96,459.58,73.82,205.67,0.5942,-1,-1,-1
84,5,1356.73,571.94,84.53,217.29,0.5444,-1,-1,-1
84,6,14.55,718.69,75.87,239.15,0.7203,-1,-1,-1
84,8,494.30,208.34,79.98,196.26,0.5986,-1,-1,-1
84,12,985.16,191.89,59.33,182.45,0.6087,-1,-1,-1
84,13,377.53,870.86,123.42,209.15,0.7700,-1,-1,-1
85,1,413.52,318.81,81.54,224.90,0.7577,-1,-1,-1
85,2,101.33,545.32,73.96,248.57,0.7187,-1,-1,-1
85,3,1172.18,961.34,88.71,118.66,0.7156,-1,-1,-1
85,4,1721.73,460.29,73.94,205.64,0.5994,-1,-1,-1
85,5,1356.63,572.62,85.80,220.62,0.4914,-1,-1,-1
85,6,15.91,717.57,76.22,240.15,0.7214,-1,-1,-1
85,8,495.01,209.29,79.47,195.45,0.5914,-1,-1,-1
85,12,983.20,191.03,59.90,184.37,0.5493,-1,-1,-1
85,13,378.64,868.85,122.54,211.16,0.7791,-1,-1,-1
86,1,414.81,317.54,80.76,222.39,0.7633,-1,-1,-1
86,2,101.73,545.84,73.69,247.70,0.7211,-1,-1,-1
86,3,1171.19,961.07,88.59,118.93,0.7082,-1,-1,-1
86,4,1721.80,458.32,74.95,208.57,0.6084,-1,-1,-1
86,5,1357.73,573.61,84.16,215.93,0.5345,-1,-1,-1
86,6,17.49,716.02,75.29,236.86,0.7461,-1,-1,-1
86,8,495.32,209.35,80.00,197.25,0.6105,-1,-1,-1
86,12,981.24,191.38,60.14,184.92,0.4829,-1,-1,-1
86,13,379.67,866.38,121.97,213.63,0.7884,-1,-1,-1
87,1,415.70,316.65,80.58,220.81,0.7751,-1,-1,-1
87,2,101.92,545.73,73.59,247.34,0.7339,-1,-1,-1
87,3,1170.79,960.69,88.35,119.31,0.7056,-1,-1,-1
87,4,1721.49,459.70,74.47,207.18,0.6340,-1,-1,-1
87,5,1357.38,573.73,83.98,215.43,0.5176,-1,-1,-1
87,6,19.51,713.97,73.03,228.95,0.7605,-1,-1,-1
87,8,496.03,210.03,79.73,196.31,0.6207,-1,-1,-1
87,12,980.14,191.81,59.61,182.25,0.4582,-1,-1,-1
87,13,380.82,864.38,121.30,215.63,0.7885,-1,-1,-1
88,1,415.99,315.49,80.78,220.12,0.7855,-1,-1,-1
88,2,102.04,546.12,73.40,246.60,0.7177,-1,-1,-1
88,3,1169.31,960.28,88.23,119.72,0.7425,-1,-1,-1
88,4,1721.16,460.07,74.32,206.55,0.6474,-1,-1,-1
88,5,1357.29,573.13,84.17,215.94,0.5500,-1,-1,-1
88,6,19.80,710.83,72.62,226.79,0.7287,-1,-1,-1
88,8,497.20,209.83,80.32,197.53,0.6170,-1,-1,-1
88,12,978.01,191.32,60.89,185.47,0.4217,-1,-1,-1
88,13,382.12,862.10,120.98,217.91,0.8055,-1,-1,-1
89,1,416.02,314.00,81.09,219.93,0.7766,-1,-1,-1
89,2,102.11,546.29,73.21,245.83,0.7234,-1,-1,-1
89,3,1168.26,959.82,87.84,120.12,0.7523,-1,-1,-1
89,4,1720.52,459.34,74.57,207.17,0.6357,-1,-1,-1
89,5,1357.06,573.63,84.71,217.45,0.5398,-1,-1,-1
89,6,19.86,706.58,73.15,227.23,0.7359,-1,-1,-1
89,8,498.10,208.87,81.13,199.04,0.6149,-1,-1,-1
89,12,976.88,192.92,61.12,185.20,0.4933,-1,-1,-1
89,13,383.37,860.96,119.95,219.05,0.8133,-1,-1,-1
90,1,416.40,312.59,81.44,220.13,0.7464,-1,-1,-1
90,2,102.08,546.57,73.14,245.33,0.7131,-1,-1,-1
90,3,1167.25,958.83,87.84,121.15,0.7642,-1,-1,-1
90,4,1720.43,459.42,74.45,206.83,0.6227,-1,-1,-1
90,5,1356.52,573.31,84.31,216.77,0.5379,-1,-1,-1
90,6,20.73,704.10,73.31,227.52,0.7341,-1,-1,-1
90,8,499.82,207.99,81.45,199.09,0.5992,-1,-1,-1
90,12,975.85,194.74,61.40,184.90,0.4128,-1,-1,-1
90,13,384.43,859.63,118.99,220.38,0.8176,-1,-1,-1
91,1,416.46,311.17,82.09,222.02,0.7445,-1,-1,-1
91,2,102.33,546.85,73.05,244.82,0.7045,-1,-1,-1
91,3,1165.97,957.63,87.94,122.36,0.7737,-1,-1,-1
91,4,1720.31,460.03,74.41,206.65,0.6288,-1,-1,-1
91,5,1356.17,572.41,85.04,219.08,0.5267,-1,-1,-1
91,6,21.55,701.16,73.20,226.95,0.7231,-1,-1,-1
91,8,500.68,208.49,81.27,199.29,0.5640,-1,-1,-1
91,12,974.83,193.94,61.38,184.28,0.3702,-1,-1,-1
91,13,384.92,857.63,118.58,222.38,0.8023,-1,-1,-1
92,1,416.75,310.63,82.51,223.24,0.7395,-1,-1,-1
92,2,102.32,546.76,73.10,244.91,0.7009,-1,-1,-1
92,3,1165.00,956.98,87.51,123.02,0.7609,-1,-1,-1
92,4,1720.61,460.02,74.46,206.77,0.6309,-1,-1,-1
92,5,1356.64,572.35,84.16,217.02,0.5332,-1,-1,-1
92,6,21.77,697.40,73.55,228.61,0.7179,-1,-1,-1
92,8,500.55,211.24,80.19,196.66,0.5911,-1,-1,-1
92,12,973.42,195.37,61.28,183.39,0.3990,-1,-1,-1
92,13,385.00,854.58,118.51,225.43,0.7954,-1,-1,-1
93,1,416.98,309.70,82.87,224.42,0.7304,-1,-1,-1
93,2,102.21,546.97,73.03,244.74,0.6921,-1,-1,-1
93,3,1164.04,956.61,86.88,123.39,0.7793,-1,-1,-1
93,4,1720.78,460.03,74.40,206.49,0.6208,-1,-1,-1
93,5,1356.46,572.05,83.92,216.68,0.5188,-1,-1,-1
93,6,22.80,697.21,72.68,226.32,0.7093,-1,-1,-1
93,8,500.83,209.97,80.57,198.09,0.5531,-1,-1,-1
93,12,972.60,195.46,61.98,185.62,0.3528,-1,-1,-1
93,13,385.76,851.35,118.52,228.65,0.8023,-1,-1,-1
94,1,417.06,309.02,82.97,224.83,0.7311,-1,-1,-1
94,2,102.37,547.11,73.04,244.58,0.6882,-1,-1,-1
94,3,1162.72,955.69,86.49,124.31,0.7914,-1,-1,-1
94,4,1721.26,460.17,74.51,206.86,0.6234,-1,-1,-1
94,5,1356.55,572.29,84.06,217.19,0.4741,-1,-1,-1
94,6,23.16,696.59,72.15,225.07,0.7145,-1,-1,-1
94,8,500.39,210.85,80.57,198.89,0.5255,-1,-1,-1
94,12,971.74,196.76,62.10,186.04,0.3338,-1,-1,-1
94,13,386.51,848.96,118.14,231.04,0.7917,-1,-1,-1
95,1,416.55,307.96,83.42,226.27,0.7425,-1,-1,-1
95,2,102.30,547.14,73.05,244.34,0.6855,-1,-1,-1
95,3,1161.27,954.14,86.60,125.86,0.7873,-1,-1,-1
95,4,1721.26,460.10,74.41,206.91,0.6121,-1,-1,-1
95,5,1356.64,573.29,83.79,216.58,0.4464,-1,-1,-1
95,6,23.88,695.76,72.03,225.76,0.7153,-1,-1,-1
95,8,501.32,212.66,80.28,199.25,0.4969,-1,-1,-1
95,12,970.52,197.32,62.58,187.85,0.3205,-1,-1,-1
95,13,386.60,844.61,118.48,235.40,0.7974,-1,-1,-1
96,1,417.55,307.17,83.67,226.89,0.7600,-1,-1,-1
96,2,102.15,547.00,73.01,243.98,0.6779,-1,-1,-1
96,3,1159.99,953.27,86.12,126.73,0.7954,-1,-1,-1
96,4,1721.24,459.38,74.37,207.01,0.6219,-1,-1,-1
96,5,1356.48,573.36,85.01,219.98,0.4989,-1,-1,-1
96,6,24.17,693.99,72.33,228.16,0.7189,-1,-1,-1
96,8,504.71,212.24,81.36,202.80,0.5511,-1,-1,-1
96,12,968.13,199.09,62.95,189.60,0.4081,-1,-1,-1
96,13,386.71,841.57,118.15,238.43,0.8078,-1,-1,-1
97,1,417.49,306.58,83.78,227.34,0.7584,-1,-1,-1
97,2,102.07,547.01,73.20,244.58,0.6837,-1,-1,-1
97,3,1158.21,951.85,85.91,128.15,0.7831,-1,-1,-1
97,4,1721.45,459.43,74.52,207.55,0.6388,-1,-1,-1
97,5,1355.98,572.74,85.29,221.15,0.5218,-1,-1,-1
97,6,24.21,692.86,72.14,228.56,0.7184,-1,-1,-1
97,8,506.40,213.25,81.21,204.14,0.5293,-1,-1,-1
97,12,965.93,199.48,63.10,190.69,0.3787,-1,-1,-1
97,13,386.74,840.46,116.78,239.55,0.8022,-1,-1,-1
98,1,417.66,305.27,84.11,228.71,0.7629,-1,-1,-1
98,2,101.92,546.85,73.25,244.68,0.6733,-1,-1,-1
98,3,1156.33,949.87,86.16,130.13,0.7766,-1,-1,-1
98,4,1721.21,456.86,75.34,210.41,0.6374,-1,-1,-1
98,5,1356.08,573.06,84.31,219.21,0.5189,-1,-1,-1
98,6,24.49,692.24,71.97,229.04,0.7199,-1,-1,-1
98,8,507.49,214.17,80.64,204.66,0.5617,-1,-1,-1
98,12,964.31,199.86,62.98,190.55,0.4792,-1,-1,-1
98,13,386.41,838.68,115.71,241.33,0.8025,-1,-1,-1
99,1,418.20,304.83,84.10,228.88,0.7627,-1,-1,-1
99,2,101.80,546.56,73.37,245.02,0.6741,-1,-1,-1
99,3,1154.66,947.24,86.79,132.76,0.7661,-1,-1,-1
99,4,1721.60,458.48,74.74,208.98,0.6248,-1,-1,-1
99,5,1356.73,573.43,82.73,215.09,0.5441,-1,-1,-1
99,6,25.23,691.60,71.69,229.00,0.7223,-1,-1,-1
99,8,508.49,214.60,79.74,204.74,0.5246,-1,-1,-1
99,12,962.48,200.43,62.73,190.10,0.4280,-1,-1,-1
99,13,385.86,834.72,115.62,245.28,0.8040,-1,-1,-1
100,1,419.00,303.42,84.14,229.34,0.7520,-1,-1,-1
100,2,101.47,545.56,73.95,247.47,0.6634,-1,-1,-1
100,3,1153.30,946.14,86.30,133.86,0.7550,-1,-1,-1
100,4,1721.61,459.14,74.44,208.29,0.6093,-1,-1,-1
100,5,1356.76,573.97,82.50,214.54,0.5223,-1,-1,-1
100,6,25.84,690.05,71.75,229.67,0.7322,-1,-1,-1
100,8,507.74,214.19,79.47,206.51,0.4419,-1,-1,-1
100,12,960.86,201.39,62.19,188.94,0.4509,-1,-1,-1
100,13,385.18,831.94,115.05,248.07,0.7950,-1,-1,-1
101,1,419.54,302.30,84.17,229.59,0.7660,-1,-1,-1
101,2,101.56,545.16,74.09,248.30,0.6692,-1,-1,-1
101,3,1152.02,945.37,85.39,134.17,0.7602,-1,-1,-1
101,4,1721.66,459.54,74.34,208.03,0.6194,-1,-1,-1
101,5,1356.79,574.37,82.50,214.54,0.5134,-1,-1,-1
101,6,27.37,687.99,70.93,227.34,0.7360,-1,-1,-1
101,8,508.36,216.21,79.06,207.40,0.5115,-1,-1,-1
101,12,959.94,202.05,60.97,185.27,0.4393,-1,-1,-1
101,13,384.26,830.02,114.24,249.99,0.7904,-1,-1,-1
102,1,419.99,300.37,84.09,229.82,0.7645,-1,-1,-1
102,2,101.85,544.78,74.12,248.66,0.6747,-1,-1,-1
102,3,1150.61,944.13,84.58,134.80,0.7411,-1,-1,-1
102,4,1721.71,459.93,74.04,207.36,0.6226,-1,-1,-1
102,5,1356.57,574.35,83.14,216.47,0.5022,-1,-1,-1
102,6,28.24,685.50,70.18,224.81,0.7533,-1,-1,-1
102,8,509.18,217.24,78.50,207.61,0.5149,-1,-1,-1
102,12,957.79,203.22,60.58,183.97,0.4928,-1,-1,-1
102,13,383.39,827.24,113.97,252.76,0.7983,-1,-1,-1
103,1,420.21,299.14,83.56,228.55,0.7478,-1,-1,-1
103,2,101.86,544.68,74.15,249.16,0.6720,-1,-1,-1
103,3,1148.60,941.72,84.61,136.99,0.7409,-1,-1,-1
103,4,1721.49,459.94,73.91,206.79,0.6108,-1,-1,-1
103,5,1356.84,574.01,83.57,217.83,0.4888,-1,-1,-1
103,6,30.37,684.15,69.02,220.94,0.7643,-1,-1,-1
103,8,509.22,216.99,78.79,209.65,0.5132,-1,-1,-1
103,12,954.96,201.54,60.84,184.72,0.4962,-1,-1,-1
103,13,382.58,825.35,113.53,254.65,0.7946,-1,-1,-1
104,1,420.77,298.90,82.44,225.67,0.7413,-1,-1,-1
104,2,102.01,544.13,74.25,249.99,0.6573,-1,-1,-1
104,3,1146.37,941.28,83.56,137.42,0.7275,-1,-1,-1
104,4,1721.35,459.40,73.83,206.79,0.6165,-1,-1,-1
104,5,1356.88,574.25,83.86,218.80,0.4486,-1,-1,-1
104,6,32.00,682.16,68.68,220.05,0.7645,-1,-1,-1
104,8,511.04,216.85,78.74,210.00,0.5277,-1,-1,-1
104,12,952.88,201.65,60.87,184.82,0.4647,-1,-1,-1
104,13,381.60,822.78,113.48,257.22,0.8052,-1,-1,-1
105,1,421.49,298.13,80.99,221.00,0.7367,-1,-1,-1
105,2,102.24,544.27,74.13,249.86,0.6827,-1,-1,-1
105,3,1144.76,940.48,82.43,137.78,0.7225,-1,-1,-1
105,4,1721.42,458.97,73.96,206.94,0.6142,-1,-1,-1
105,5,1356.59,574.24,85.77,224.09,0.4629,-1,-1,-1
105,6,34.14,680.90,68.93,221.28,0.7765,-1,-1,-1
105,8,512.66,220.23,77.10,206.41,0.5063,-1,-1,-1
105,12,950.47,201.25,61.33,186.55,0.4980,-1,-1,-1
105,13,381.26,821.02,113.12,258.99,0.8106,-1,-1,-1
106,1,422.33,297.02,79.80,217.05,0.7390,-1,-1,-1
106,2,102.61,545.35,73.81,248.95,0.6619,-1,-1,-1
106,3,1143.43,939.70,81.70,138.83,0.7100,-1,-1,-1
106,4,1721.34,459.55,73.89,206.76,0.6221,-1,-1,-1
106,5,1356.53,574.39,84.32,220.66,0.4963,-1,-1,-1
106,6,36.08,679.66,69.37,222.20,0.7830,-1,-1,-1
106,8,512.80,220.13,76.61,205.93,0.4993,-1,-1,-1
106,12,948.50,201.44,61.12,186.35,0.5165,-1,-1,-1
106,13,380.51,819.03,112.90,260.97,0.8043,-1,-1,-1
107,1,422.19,295.76,79.57,215.80,0.7491,-1,-1,-1
107,2,102.87,545.94,73.78,249.03,0.6634,-1,-1,-1
107,3,1142.07,938.39,81.43,140.30,0.7248,-1,-1,-1
107,4,1721.22,459.60,73.95,206.77,0.6316,-1,-1,-1
107,5,1356.58,574.37,85.12,222.88,0.4666,-1,-1,-1
107,6,38.50,678.79,70.09,222.26,0.7874,-1,-1,-1
107,8,513.12,222.99,75.26,202.97,0.5121,-1,-1,-1
107,12,947.71,203.75,60.91,186.53,0.5247,-1,-1,-1
107,13,380.09,817.59,112.35,262.41,0.8075,-1,-1,-1
108,1,422.00,294.42,79.86,216.05,0.7387,-1,-1,-1
108,2,102.86,545.91,74.10,250.22,0.6417,-1,-1,-1
108,3,1140.81,937.82,80.62,140.60,0.7298,-1,-1,-1
108,4,1721.03,459.26,74.06,207.02,0.6399,-1,-1,-1
108,5,1356.98,574.98,84.90,222.07,0.4998,-1,-1,-1
108,6,40.82,677.00,71.64,224.13,0.8081,-1,-1,-1
108,8,512.81,223.89,74.33,202.34,0.4524,-1,-1,-1
108,12,945.64,205.14,61.47,188.65,0.5484,-1,-1,-1
108,13,380.01,816.00,111.83,264.00,0.8063,-1,-1,-1
109,1,421.50,293.78,80.24,216.07,0.7416,-1,-1,-1
109,2,102.62,545.62,74.32,251.35,0.6551,-1,-1,-1
109,3,1139.12,937.00,80.42,141.95,0.7535,-1,-1,-1
109,4,1721.32,458.85,73.78,206.50,0.6157,-1,-1,-1
109,5,1356.74,575.46,83.44,218.21,0.5250,-1,-1,-1
109,6,41.40,676.00,72.57,225.09,0.8146,-1,-1,-1
109,8,513.07,225.17,73.29,201.16,0.4471,-1,-1,-1
109,12,944.38,204.97,61.19,188.41,0.6070,-1,-1,-1
109,13,379.44,811.94,112.19,268.06,0.8131,-1,-1,-1
110,1,421.10,291.81,81.22,217.85,0.7468,-1,-1,-1
110,2,102.38,545.11,74.90,253.86,0.6554,-1,-1,-1
110,3,1137.10,936.59,80.17,142.88,0.7565,-1,-1,-1
110,4,1721.23,459.25,74.07,207.47,0.6223,-1,-1,-1
110,5,1356.99,576.05,83.53,218.19,0.5032,-1,-1,-1
110,6,44.81,673.82,74.39,226.00,0.7995,-1,-1,-1
110,8,511.55,227.15,71.71,198.90,0.4354,-1,-1,-1
110,12,943.21,205.84,60.51,187.26,0.6177,-1,-1,-1
110,13,378.97,806.85,112.73,273.15,0.8169,-1,-1,-1
111,1,420.99,289.42,82.52,220.84,0.7343,-1,-1,-1
111,2,102.04,544.82,75.07,255.08,0.6584,-1,-1,-1
111,3,1135.09,935.90,80.04,143.93,0.7606,-1,-1,-1
111,4,1721.20,457.12,74.69,209.68,0.5943,-1,-1,-1
111,5,1356.94,575.97,82.14,214.53,0.5088,-1,-1,-1
111,6,47.74,671.71,75.99,226.17,0.7704,-1,-1,-1
111,8,515.32,227.80,71.95,199.07,0.5175,-1,-1,-1
111,12,941.95,206.83,60.36,187.12,0.6482,-1,-1,-1
111,13,379.52,802.32,112.91,277.68,0.8208,-1,-1,-1
112,1,420.31,287.95,83.22,222.32,0.7348,-1,-1,-1
112,2,102.07,544.74,74.87,255.16,0.6417,-1,-1,-1
112,3,1134.04,934.80,79.92,145.17,0.7560,-1,-1,-1
112,4,1721.35,456.61,74.85,210.46,0.6136,-1,-1,-1
112,5,1357.24,575.36,81.37,212.52,0.5612,-1,-1,-1
112,6,49.78,670.29,77.29,226.06,0.7176,-1,-1,-1
112,8,517.65,230.46,71.87,198.22,0.5552,-1,-1,-1
112,12,940.53,208.92,59.90,185.76,0.6367,-1,-1,-1
112,13,380.70,799.72,111.29,277.52,0.8148,-1,-1,-1
113,1,420.64,287.00,83.80,223.57,0.7436,-1,-1,-1
113,2,102.63,545.30,74.06,253.00,0.6697,-1,-1,-1
113,3,1132.23,934.24,79.66,145.78,0.7561,-1,-1,-1
113,4,1721.80,459.03,73.74,207.11,0.6325,-1,-1,-1
113,5,1357.03,575.40,82.51,215.31,0.5363,-1,-1,-1
113,6,48.81,669.80,77.32,225.38,0.6618,-1,-1,-1
113,8,518.61,232.88,71.98,198.13,0.5479,-1,-1,-1
113,12,939.38,209.99,59.61,185.38,0.6521,-1,-1,-1
113,13,381.89,797.40,108.81,274.44,0.8058,-1,-1,-1
114,1,421.04,286.05,84.08,223.39,0.7352,-1,-1,-1
114,2,102.90,545.41,73.60,251.91,0.6599,-1,-1,-1
114,3,1130.24,933.42,79.46,146.61,0.7549,-1,-1,-1
114,4,1721.39,457.19,74.49,209.60,0.6199,-1,-1,-1
114,5,1356.84,575.35,82.43,215.26,0.5367,-1,-1,-1
114,6,50.40,668.09,77.94,225.97,0.6571,-1,-1,-1
114,8,519.87,234.93,72.83,200.15,0.5680,-1,-1,-1
114,12,937.01,209.91,59.56,185.54,0.6028,-1,-1,-1
114,13,383.25,794.28,106.94,272.52,0.8080,-1,-1,-1
115,1,421.43,286.18,84.16,222.79,0.7588,-1,-1,-1
115,2,102.84,545.35,73.63,252.87,0.6312,-1,-1,-1
115,3,1127.76,933.47,79.12,146.56,0.7635,-1,-1,-1
115,4,1721.37,456.86,74.78,210.51,0.6521,-1,-1,-1
115,5,1357.22,575.04,82.18,214.35,0.5501,-1,-1,-1
115,6,53.96,666.08,78.57,226.96,0.6847,-1,-1,-1
115,8,521.76,236.39,73.31,201.03,0.6079,-1,-1,-1
115,12,936.10,210.55,58.99,184.34,0.6123,-1,-1,-1
115,13,384.91,790.93,105.65,271.09,0.8050,-1,-1,-1
116,1,420.93,285.46,84.67,223.45,0.7552,-1,-1,-1
116,2,102.85,546.11,72.42,249.11,0.5926,-1,-1,-1
116,3,1125.35,933.79,78.59,146.19,0.7664,-1,-1,-1
116,4,1721.71,459.34,73.86,207.78,0.6302,-1,-1,-1
116,5,1356.78,574.96,83.19,216.94,0.5443,-1,-1,-1
116,6,58.22,664.72,77.13,222.89,0.6927,-1,-1,-1
116,8,521.04,236.09,73.87,202.47,0.5907,-1,-1,-1
116,12,934.87,211.11,58.56,182.93,0.5614,-1,-1,-1
116,13,386.53,788.21,105.47,272.48,0.8108,-1,-1,-1
117,1,420.81,285.00,85.00,223.82,0.7546,-1,-1,-1
117,2,103.02,545.99,71.53,246.14,0.5550,-1,-1,-1
117,3,1123.35,933.90,78.13,145.69,0.7594,-1,-1,-1
117,4,1721.64,459.56,73.66,207.01,0.6433,-1,-1,-1
117,5,1356.24,575.65,84.41,220.14,0.5570,-1,-1,-1
117,6,64.99,664.32,75.44,218.36,0.7185,-1,-1,-1
117,8,520.75,236.48,74.16,203.30,0.5526,-1,-1,-1
117,12,933.61,211.14,57.85,181.17,0.5326,-1,-1,-1
117,13,387.44,786.55,105.03,272.65,0.8089,-1,-1,-1
118,1,421.02,284.64,85.05,223.83,0.7450,-1,-1,-1
118,2,101.24,545.36,71.96,246.44,0.5336,-1,-1,-1
118,3,1121.03,933.88,78.18,145.83,0.7776,-1,-1,-1
118,4,1721.68,459.81,73.56,206.62,0.6526,-1,-1,-1
118,5,1356.92,575.97,82.99,216.03,0.5154,-1,-1,-1
118,6,70.10,665.48,73.47,213.30,0.6111,-1,-1,-1
118,8,520.09,235.97,75.10,206.18,0.5837,-1,-1,-1
118,12,930.88,211.43,58.42,182.77,0.5607,-1,-1,-1
118,13,387.91,784.82,105.60,275.29,0.7997,-1,-1,-1
119,1,420.94,284.35,85.06,223.78,0.7469,-1,-1,-1
119,2,99.90,546.02,73.88,252.85,0.5136,-1,-1,-1
119,3,1118.17,933.94,78.27,145.97,0.7950,-1,-1,-1
119,4,1721.42,459.68,73.75,206.75,0.6541,-1,-1,-1
119,5,1356.77,575.81,83.42,217.26,0.4827,-1,-1,-1
119,6,75.91,667.81,72.24,209.60,0.5395,-1,-1,-1
119,8,519.44,237.13,75.14,207.07,0.6032,-1,-1,-1
119,12,929.30,210.95,58.78,184.96,0.5358,-1,-1,-1
119,13,389.53,783.48,105.09,275.20,0.8011,-1,-1,-1
120,1,420.87,283.83,85.23,224.35,0.7471,-1,-1,-1
120,2,99.30,545.63,74.77,255.91,0.5083,-1,-1,-1
120,3,1114.82,933.52,78.56,146.46,0.7981,-1,-1,-1
120,4,1721.40,459.85,73.91,206.86,0.6280,-1,-1,-1
120,5,1357.03,576.97,82.19,213.60,0.4814,-1,-1,-1
120,6,80.22,666.52,71.38,207.79,0.5926,-1,-1,-1
120,8,520.00,239.88,73.80,203.98,0.5787,-1,-1,-1
120,12,927.98,211.22,58.90,186.09,0.5360,-1,-1,-1
120,13,390.43,782.27,104.72,275.35,0.8035,-1,-1,-1
121,1,420.62,282.22,85.33,225.04,0.7513,-1,-1,-1
121,2,100.60,544.93,73.00,248.97,0.4923,-1,-1,-1
121,3,1111.30,932.85,79.03,147.16,0.7765,-1,-1,-1
121,4,1721.19,457.08,74.84,209.92,0.6361,-1,-1,-1
121,5,1356.89,576.31,82.06,213.05,0.5529,-1,-1,-1
121,6,81.80,664.45,72.19,210.11,0.6924,-1,-1,-1
121,8,520.13,242.34,72.22,200.83,0.5765,-1,-1,-1
121,12,926.21,211.40,58.96,186.71,0.4911,-1,-1,-1
121,13,390.90,780.18,104.81,276.65,0.8023,-1,-1,-1
122,1,420.95,281.24,84.87,223.95,0.7518,-1,-1,-1
122,2,104.53,546.04,65.94,221.55,0.4590,-1,-1,-1
122,3,1107.57,932.38,79.41,147.63,0.7838,-1,-1,-1
122,4,1721.11,458.81,74.34,207.98,0.6478,-1,-1,-1
122,5,1356.94,576.17,83.11,215.65,0.4782,-1,-1,-1
122,6,85.06,661.81,73.31,212.55,0.6643,-1,-1,-1
122,8,519.27,242.76,71.38,199.92,0.5994,-1,-1,-1
122,12,924.67,211.43,58.75,187.02,0.4259,-1,-1,-1
122,13,391.19,779.25,104.71,277.10,0.7995,-1,-1,-1
123,1,421.66,280.30,83.94,221.71,0.7333,-1,-1,-1
123,2,106.03,546.21,63.52,210.56,0.4803,-1,-1,-1
123,3,1104.70,931.63,79.63,148.08,0.7827,-1,-1,-1
123,4,1721.32,458.90,74.43,207.90,0.6473,-1,-1,-1
123,5,1357.26,576.40,82.51,213.55,0.5541,-1,-1,-1
123,6,86.48,659.49,74.08,213.98,0.6612,-1,-1,-1
123,8,519.79,244.46,70.15,197.48,0.5733,-1,-1,-1
123,12,923.80,210.32,58.89,188.50,0.4611,-1,-1,-1
123,13,391.26,778.01,104.53,277.25,0.7934,-1,-1,-1
124,1,422.18,279.12,82.84,218.74,0.7283,-1,-1,-1
124,2,105.33,545.37,64.64,212.29,0.3545,-1,-1,-1
124,3,1101.14,930.28,80.16,149.22,0.7834,-1,-1,-1
124,4,1721.32,459.39,74.28,207.10,0.6143,-1,-1,-1
124,5,1357.15,576.36,82.83,214.26,0.5146,-1,-1,-1
124,6,89.94,657.17,74.41,216.18,0.5099,-1,-1,-1
124,8,521.47,245.02,70.08,197.52,0.5247,-1,-1,-1
124,12,921.98,210.15,58.77,188.66,0.4640,-1,-1,-1
124,13,392.60,777.40,103.69,275.13,0.7935,-1,-1,-1
125,1,422.92,278.29,81.50,214.97,0.7080,-1,-1,-1
125,2,105.38,545.24,64.55,209.98,0.3377,-1,-1,-1
125,3,1097.52,929.73,80.54,150.00,0.7886,-1,-1,-1
125,4,1721.00,458.46,74.67,208.27,0.6335,-1,-1,-1
125,5,1357.09,576.00,83.01,214.74,0.4875,-1,-1,-1
125,6,92.68,654.04,74.46,219.37,0.4098,-1,-1,-1
125,8,522.36,247.12,68.33,192.67,0.5249,-1,-1,-1
125,12,920.01,210.45,58.57,188.84,0.4719,-1,-1,-1
125,13,392.49,775.17,103.84,276.12,0.7895,-1,-1,-1
126,1,422.61,277.39,81.20,213.81,0.7060,-1,-1,-1
126,2,109.32,544.05,56.62,177.47,0.3047,-1,-1,-1
126,3,1094.13,929.11,80.82,150.50,0.8040,-1,-1,-1
126,4,1720.61,458.50,74.83,208.67,0.6342,-1,-1,-1
126,5,1357.41,575.96,82.39,213.16,0.5269,-1,-1,-1
126,6,95.61,653.51,73.44,218.96,0.2813,-1,-1,-1
126,8,522.93,248.57,68.06,191.98,0.5486,-1,-1,-1
126,12,917.91,210.93,58.17,189.15,0.4832,-1,-1,-1
126,13,391.47,771.10,104.09,278.35,0.8010,-1,-1,-1
127,1,422.62,276.81,80.97,213.35,0.6881,-1,-1,-1
127,2,111.41,543.76,53.09,160.07,0.2611,-1,-1,-1
127,3,1091.21,928.88,81.22,150.98,0.8077,-1,-1,-1
127,4,1720.96,458.87,74.58,207.88,0.6579,-1,-1,-1
127,5,1357.54,576.45,82.52,213.48,0.5204,-1,-1,-1
127,6,91.61,580.99,93.13,286.46,0.3022,-1,-1,-1
127,8,523.81,251.31,67.15,189.36,0.5625,-1,-1,-1
127,12,916.47,210.92,57.76,189.23,0.4225,-1,-1,-1
127,13,391.30,766.65,103.04,277.38,0.7941,-1,-1,-1
128,1,422.34,276.27,80.74,212.97,0.6691,-1,-1,-1
128,2,111.43,543.60,52.99,154.32,0.3946,-1,-1,-1
128,3,1087.88,928.18,81.50,151.54,0.7926,-1,-1,-1
128,4,1721.26,459.12,74.48,207.29,0.6282,-1,-1,-1
128,5,1357.31,576.64,82.89,214.46,0.5057,-1,-1,-1
128,8,524.24,253.92,66.69,188.44,0.5360,-1,-1,-1
128,12,913.78,211.97,57.63,189.63,0.4350,-1,-1,-1
128,13,391.41,762.01,102.36,276.76,0.7921,-1,-1,-1
129,1,419.86,275.62,81.50,215.24,0.6904,-1,-1,-1
129,3,1085.32,927.64,81.61,151.87,0.7889,-1,-1,-1
129,4,1721.15,458.59,74.34,206.70,0.6353,-1,-1,-1
129,5,1360.27,576.05,83.97,219.08,0.4780,-1,-1,-1
129,8,524.05,255.27,67.13,190.74,0.5924,-1,-1,-1
129,12,911.58,212.90,57.14,188.11,0.4732,-1,-1,-1
129,13,392.82,757.33,100.43,272.92,0.7937,-1,-1,-1
130,1,418.69,274.19,82.16,217.37,0.7044,-1,-1,-1
130,3,1082.23,926.95,81.86,152.30,0.7802,-1,-1,-1
130,4,1721.23,458.43,74.58,207.45,0.6123,-1,-1,-1
130,5,1359.37,575.69,83.64,218.26,0.4886,-1,-1,-1
130,8,524.47,257.35,67.01,192.20,0.5555,-1,-1,-1
130,12,907.98,214.06,57.45,187.06,0.4833,-1,-1,-1
130,13,394.54,754.36,97.99,267.38,0.7508,-1,-1,-1
130,6,99.55,547.29,81.67,254.03,0.5565,-1,-1,-1
131,1,418.82,273.01,82.29,218.50,0.6631,-1,-1,-1
131,3,1080.12,926.72,81.48,151.74,0.7589,-1,-1,-1
131,4,1721.24,458.88,74.45,207.13,0.6177,-1,-1,-1
131,5,1360.06,576.44,82.57,215.66,0.5044,-1,-1,-1
131,8,524.44,257.81,68.02,197.52,0.5055,-1,-1,-1
131,12,904.60,214.28,58.01,186.62,0.4995,-1,-1,-1
131,13,394.67,752.09,96.58,264.42,0.7423,-1,-1,-1
131,6,100.86,542.66,78.41,246.24,0.6454,-1,-1,-1
132,1,418.57,272.76,82.36,219.08,0.6497,-1,-1,-1
132,3,1078.94,927.13,81.17,151.20,0.7712,-1,-1,-1
132,4,1721.28,459.16,74.40,207.05,0.6177,-1,-1,-1
132,5,1359.45,576.28,82.37,215.32,0.5147,-1,-1,-1
132,8,525.57,254.68,69.15,203.07,0.5009,-1,-1,-1
132,12,903.41,213.50,59.10,187.45,0.4842,-1,-1,-1
132,13,393.18,749.82,96.58,265.15,0.7531,-1,-1,-1
132,6,101.60,541.89,77.51,245.01,0.5847,-1,-1,-1
133,1,418.13,271.96,82.45,219.61,0.6420,-1,-1,-1
133,3,1077.46,927.33,81.10,151.11,0.7793,-1,-1,-1
133,4,1721.12,458.89,74.34,206.75,0.6033,-1,-1,-1
133,5,1358.90,576.63,82.20,214.37,0.4926,-1,-1,-1
133,8,526.31,253.76,69.22,206.13,0.5160,-1,-1,-1
133,12,902.54,211.57,60.74,190.56,0.4772,-1,-1,-1
133,13,391.48,748.38,96.74,265.20,0.7545,-1,-1,-1
133,6,102.07,541.93,76.99,244.36,0.5380,-1,-1,-1
134,1,417.84,272.37,82.13,218.91,0.6427,-1,-1,-1
134,3,1075.21,927.09,80.80,150.92,0.7849,-1,-1,-1
134,4,1721.02,459.41,74.35,206.86,0.5939,-1,-1,-1
134,5,1358.81,575.98,82.91,216.12,0.4817,-1,-1,-1
134,8,526.77,255.18,67.61,204.46,0.5154,-1,-1,-1
134,12,901.22,211.79,61.22,190.35,0.4620,-1,-1,-1
134,13,390.18,747.34,97.03,265.54,0.7700,-1,-1,-1
134,6,103.69,542.52,74.75,236.46,0.5146,-1,-1,-1
135,1,416.71,271.34,82.37,219.21,0.6426,-1,-1,-1
135,3,1073.53,926.50,80.93,151.56,0.7820,-1,-1,-1
135,4,1720.60,458.75,74.61,207.45,0.5998,-1,-1,-1
135,5,1358.63,575.93,83.32,216.93,0.5095,-1,-1,-1
135,8,526.63,258.07,66.45,203.59,0.5558,-1,-1,-1
135,12,900.39,211.14,61.96,191.28,0.4354,-1,-1,-1
135,13,389.34,745.43,97.75,267.46,0.7791,-1,-1,-1
135,6,103.26,541.17,75.70,239.01,0.6190,-1,-1,-1
136,1,416.80,270.73,82.13,218.74,0.6730,-1,-1,-1
136,3,1071.63,926.62,80.29,150.99,0.7888,-1,-1,-1
136,4,1720.86,458.78,74.74,207.96,0.6121,-1,-1,-1
136,5,1360.42,576.64,84.25,219.79,0.4840,-1,-1,-1
136,8,526.48,258.85,65.45,203.11,0.5588,-1,-1,-1
136,12,898.67,211.84,61.71,189.96,0.4135,-1,-1,-1
136,13,387.69,744.56,98.33,268.01,0.7920,-1,-1,-1
136,6,102.80,541.74,75.28,237.82,0.6225,-1,-1,-1
137,1,416.14,269.20,82.27,219.08,0.6643,-1,-1,-1
137,3,1070.01,926.99,79.67,150.27,0.7950,-1,-1,-1
137,4,1720.96,457.82,74.99,208.71,0.6088,-1,-1,-1
137,5,1362.62,577.39,83.57,219.27,0.4574,-1,-1,-1
137,8,527.19,256.96,64.99,204.70,0.5876,-1,-1,-1
137,12,896.39,211.21,61.99,191.14,0.4164,-1,-1,-1
137,13,386.29,744.05,98.80,268.22,0.7899,-1,-1,-1
137,6,101.31,542.84,74.36,236.06,0.5721,-1,-1,-1
137,14,1043.58,139.19,92.24,171.39,0.5821,-1,-1,-1
138,1,415.86,267.89,82.32,219.37,0.6927,-1,-1,-1
138,3,1068.48,927.35,79.18,149.88,0.7898,-1,-1,-1
138,4,1720.93,457.75,75.08,209.02,0.6050,-1,-1,-1
138,5,1362.92,577.22,83.88,221.31,0.4479,-1,-1,-1
138,8,528.04,256.47,63.69,203.59,0.5916,-1,-1,-1
138,12,893.63,211.95,58.97,183.13,0.4602,-1,-1,-1
138,13,385.30,743.88,99.10,267.89,0.7894,-1,-1,-1
138,6,100.00,543.55,73.49,235.57,0.5976,-1,-1,-1
138,14,1041.82,140.31,91.68,170.23,0.6013,-1,-1,-1
139,1,415.16,266.32,82.57,220.45,0.6406,-1,-1,-1
139,3,1067.08,927.29,78.66,149.43,0.7876,-1,-1,-1
139,4,1720.80,457.72,75.15,209.16,0.6236,-1,-1,-1
139,5,1362.02,576.59,84.64,223.48,0.4686,-1,-1,-1
139,8,528.74,258.44,62.27,201.43,0.5743,-1,-1,-1
139,12,892.25,210.61,60.50,188.32,0.5242,-1,-1,-1
139,13,384.53,743.71,99.22,267.25,0.7960,-1,-1,-1
139,6,99.41,543.96,73.12,236.66,0.6167,-1,-1,-1
139,14,1040.93,140.68,91.95,170.73,0.5911,-1,-1,-1
140,1,416.07,266.86,81.52,218.11,0.6144,-1,-1,-1
140,3,1065.53,926.60,78.52,149.62,0.7916,-1,-1,-1
140,4,1720.87,458.14,75.07,208.86,0.6356,-1,-1,-1
140,5,1360.83,576.89,82.45,216.80,0.5495,-1,-1,-1
140,8,529.03,258.40,61.98,202.48,0.6026,-1,-1,-1
140,12,888.04,210.26,58.63,184.26,0.4715,-1,-1,-1
140,13,384.69,741.73,99.46,267.26,0.7962,-1,-1,-1
140,6,99.08,544.09,72.68,237.86,0.6185,-1,-1,-1
140,14,1039.71,140.86,92.11,171.08,0.5770,-1,-1,-1
141,1,416.02,265.39,81.08,217.27,0.6327,-1,-1,-1
141,3,1063.34,925.43,78.87,150.97,0.7872,-1,-1,-1
141,4,1721.07,458.24,74.88,208.26,0.6219,-1,-1,-1
141,5,1359.77,575.98,82.78,216.71,0.4989,-1,-1,-1
141,8,529.22,258.31,61.32,202.17,0.6032,-1,-1,-1
141,12,884.73,209.74,58.89,186.46,0.5439,-1,-1,-1
141,13,384.76,739.62,99.51,267.31,0.7964,-1,-1,-1
141,6,99.53,544.64,72.37,239.14,0.6444,-1,-1,-1
141,14,1039.32,140.60,91.50,170.42,0.5580,-1,-1,-1
142,1,415.97,264.33,80.67,216.75,0.6333,-1,-1,-1
142,3,1061.73,924.79,78.90,152.28,0.7777,-1,-1,-1
142,4,1721.48,458.87,74.60,207.35,0.6241,-1,-1,-1
142,5,1359.12,575.87,83.50,217.67,0.4819,-1,-1,-1
142,8,529.31,257.65,61.00,202.92,0.5993,-1,-1,-1
142,12,881.58,208.76,58.64,187.04,0.5162,-1,-1,-1
142,13,385.31,737.42,99.42,267.93,0.7915,-1,-1,-1
142,6,100.51,544.95,72.14,240.48,0.6583,-1,-1,-1
142,14,1038.14,140.66,90.70,169.34,0.5961,-1,-1,-1
142,16,146.73,628.98,87.53,205.40,0.5438,-1,-1,-1
143,1,414.13,260.40,81.58,220.18,0.6332,-1,-1,-1
143,3,1060.10,923.79,78.56,152.94,0.7624,-1,-1,-1
143,4,1721.47,459.08,74.54,207.07,0.6340,-1,-1,-1
143,5,1358.93,575.81,83.77,217.77,0.4815,-1,-1,-1
143,8,528.96,257.64,60.58,203.02,0.5943,-1,-1,-1
143,12,879.05,207.29,58.56,188.51,0.4781,-1,-1,-1
143,13,386.27,734.76,98.46,266.33,0.8026,-1,-1,-1
143,6,101.33,544.74,71.66,240.56,0.6747,-1,-1,-1
143,14,1037.28,138.64,91.02,171.03,0.5709,-1,-1,-1
143,16,147.61,629.42,88.47,207.73,0.6520,-1,-1,-1
144,1,414.19,259.36,80.87,218.35,0.6328,-1,-1,-1
144,3,1058.44,923.16,78.03,153.48,0.7573,-1,-1,-1
144,4,1721.61,459.55,74.52,207.00,0.6217,-1,-1,-1
144,5,1359.20,575.91,83.81,217.33,0.4982,-1,-1,-1
144,8,529.11,259.20,60.27,202.88,0.6049,-1,-1,-1
144,12,876.90,206.86,58.49,188.67,0.4738,-1,-1,-1
144,13,387.41,731.62,96.98,263.21,0.7950,-1,-1,-1
144,6,101.84,545.00,71.31,240.54,0.6866,-1,-1,-1
144,14,1035.83,137.13,90.54,171.68,0.4551,-1,-1,-1
144,16,149.71,630.55,88.20,207.55,0.6813,-1,-1,-1
145,1,415.55,259.26,78.92,213.18,0.6207,-1,-1,-1
145,3,1056.46,922.78,77.23,153.84,0.7582,-1,-1,-1
145,4,1721.55,459.39,74.39,206.70,0.6105,-1,-1,-1
145,5,1359.06,575.98,83.12,215.01,0.5400,-1,-1,-1
145,8,528.43,259.42,59.90,202.72,0.5952,-1,-1,-1
145,12,874.23,207.06,58.31,186.78,0.5440,-1,-1,-1
145,13,389.99,729.55,94.80,258.22,0.7985,-1,-1,-1
145,6,102.52,545.10,71.40,241.77,0.7088,-1,-1,-1
145,14,1032.76,136.46,89.16,171.84,0.4224,-1,-1,-1
145,16,151.08,628.28,89.28,211.29,0.7008,-1,-1,-1
146,1,413.63,254.61,79.92,216.98,0.6393,-1,-1,-1
146,3,1053.64,921.90,77.14,155.99,0.7413,-1,-1,-1
146,4,1721.64,459.54,74.55,207.27,0.6140,-1,-1,-1
146,5,1358.40,575.53,84.05,217.23,0.5128,-1,-1,-1
146,8,528.82,259.43,60.07,204.27,0.5935,-1,-1,-1
146,12,872.83,206.54,58.20,185.85,0.4904,-1,-1,-1
146,13,392.07,726.71,92.91,253.41,0.7772,-1,-1,-1
146,6,102.91,545.37,71.29,242.04,0.7157,-1,-1,-1
146,14,1030.54,136.27,87.08,171.34,0.4850,-1,-1,-1
146,16,152.22,625.36,89.80,214.04,0.7110,-1,-1,-1
146,17,583.50,253.89,55.75,186.56,0.5111,-1,-1,-1
147,1,413.14,253.15,80.19,218.52,0.6468,-1,-1,-1
147,3,1050.95,921.20,76.34,157.24,0.7263,-1,-1,-1
147,4,1721.63,459.10,74.59,207.28,0.6273,-1,-1,-1
147,5,1358.49,574.76,84.16,217.43,0.5410,-1,-1,-1
147,8,528.67,260.07,60.15,205.85,0.6095,-1,-1,-1
147,12,871.05,205.88,58.43,185.35,0.4784,-1,-1,-1
147,13,392.98,720.64,93.19,254.86,0.7796,-1,-1,-1
147,6,103.45,545.65,70.90,241.14,0.7136,-1,-1,-1
147,14,1028.87,135.43,85.02,171.22,0.4767,-1,-1,-1
147,16,153.50,621.26,89.91,216.20,0.6891,-1,-1,-1
147,17,583.77,254.67,56.18,188.13,0.5386,-1,-1,-1
148,1,412.90,252.44,80.18,219.04,0.6342,-1,-1,-1
148,3,1049.07,919.84,75.16,157.48,0.7273,-1,-1,-1
148,4,1721.45,458.60,74.93,208.31,0.6463,-1,-1,-1
148,5,1358.03,575.15,83.82,216.52,0.5588,-1,-1,-1
148,8,529.39,261.23,60.31,206.75,0.5945,-1,-1,-1
148,12,868.20,204.84,60.31,190.55,0.4447,-1,-1,-1
148,13,393.87,717.36,93.11,254.95,0.7777,-1,-1,-1
148,6,103.63,545.28,70.93,241.42,0.7136,-1,-1,-1
148,14,1026.21,134.87,82.75,171.29,0.4425,-1,-1,-1
148,16,156.55,617.53,89.05,216.13,0.7078,-1,-1,-1
148,17,584.42,255.42,56.36,188.92,0.4954,-1,-1,-1
149,1,414.72,255.29,78.64,215.08,0.6255,-1,-1,-1
149,3,1047.88,918.48,74.46,158.71,0.7264,-1,-1,-1
149,4,1721.13,458.86,74.70,207.71,0.6218,-1,-1,-1
149,5,1358.31,575.29,83.63,215.67,0.5452,-1,-1,-1
149,8,530.32,262.86,60.12,206.38,0.6301,-1,-1,-1
149,12,866.17,204.43,60.92,192.22,0.4434,-1,-1,-1
149,13,395.06,713.23,94.18,258.35,0.7881,-1,-1,-1
149,6,103.79,545.37,70.81,241.21,0.7152,-1,-1,-1
149,14,1024.66,135.30,79.64,169.61,0.3611,-1,-1,-1
149,16,160.15,614.98,87.77,215.52,0.6959,-1,-1,-1
149,17,585.26,256.17,56.60,189.96,0.4505,-1,-1,-1
150,1,415.54,256.02,78.05,213.75,0.6203,-1,-1,-1
150,3,1045.82,916.74,74.15,160.98,0.7368,-1,-1,-1
150,4,1721.09,458.60,74.80,208.07,0.6390,-1,-1,-1
150,5,1357.73,574.97,84.21,216.83,0.5403,-1,-1,-1
150,8,530.21,264.76,60.13,207.39,0.6157,-1,-1,-1
150,12,865.84,205.10,61.24,192.62,0.4054,-1,-1,-1
150,13,395.24,710.62,95.43,261.50,0.7855,-1,-1,-1
150,6,103.57,545.30,71.07,242.27,0.7132,-1,-1,-1
150,14,1022.63,134.47,78.48,171.54,0.4899,-1,-1,-1
150,16,164.79,613.54,85.83,214.44,0.6570,-1,-1,-1
150,17,586.10,256.86,56.77,190.75,0.4349,-1,-1,-1
151,1,415.69,255.65,77.92,214.17,0.6163,-1,-1,-1
151,3,1044.55,914.26,73.83,163.30,0.7372,-1,-1,-1
151,4,1721.32,458.42,74.50,207.66,0.6253,-1,-1,-1
151,5,1360.71,574.26,85.22,222.21,0.4862,-1,-1,-1
151,8,529.71,265.99,60.16,208.96,0.6116,-1,-1,-1
151,12,864.87,205.08,61.10,191.54,0.4591,-1,-1,-1
151,13,396.00,709.57,95.84,262.71,0.7814,-1,-1,-1
151,6,103.51,546.11,71.26,242.92,0.7220,-1,-1,-1
151,14,1020.34,132.77,77.26,173.08,0.4883,-1,-1,-1
151,16,171.17,611.68,84.88,215.22,0.6710,-1,-1,-1
151,17,587.00,259.40,56.73,190.91,0.4178,-1,-1,-1
152,1,416.00,255.04,77.90,214.90,0.6066,-1,-1,-1
152,3,1043.11,913.39,73.02,164.48,0.7420,-1,-1,-1
152,4,1721.34,458.15,74.62,208.28,0.6158,-1,-1,-1
152,5,1360.45,575.99,82.92,216.21,0.5305,-1,-1,-1
152,8,529.84,270.49,59.00,206.60,0.5925,-1,-1,-1
152,12,863.99,205.54,61.00,190.64,0.5195,-1,-1,-1
152,13,396.94,707.76,96.47,264.14,0.7672,-1,-1,-1
152,6,103.42,546.55,71.33,242.71,0.7175,-1,-1,-1
152,14,1017.64,130.72,75.58,172.65,0.4074,-1,-1,-1
152,16,174.35,610.14,83.94,216.34,0.6899,-1,-1,-1
152,17,587.88,260.72,56.77,191.28,0.4120,-1,-1,-1
153,1,415.86,254.22,77.73,215.42,0.5837,-1,-1,-1
153,3,1041.48,912.26,72.54,166.31,0.7306,-1,-1,-1
153,4,1721.19,457.64,74.73,208.83,0.6106,-1,-1,-1
153,5,1359.87,575.59,82.58,215.82,0.5164,-1,-1,-1
153,8,530.27,274.26,57.76,203.23,0.5869,-1,-1,-1
153,12,862.79,204.92,61.45,191.37,0.4964,-1,-1,-1
153,13,397.67,707.85,96.78,264.21,0.7590,-1,-1,-1
153,6,103.42,547.39,71.74,244.40,0.7269,-1,-1,-1
153,14,1016.08,131.45,73.70,171.33,0.4119,-1,-1,-1
153,16,178.00,609.90,82.64,215.88,0.7365,-1,-1,-1
153,17,590.43,266.31,54.85,185.07,0.3231,-1,-1,-1
154,1,414.54,253.19,77.83,216.40,0.6006,-1,-1,-1
154,3,1040.37,911.54,71.75,167.51,0.7146,-1,-1,-1
154,4,1721.40,459.14,74.08,207.05,0.5874,-1,-1,-1
154,5,1359.71,576.21,82.42,215.54,0.5209,-1,-1,-1
154,8,531.23,276.74,56.89,200.95,0.5634,-1,-1,-1
154,12,861.32,205.09,61.74,191.39,0.5089,-1,-1,-1
154,13,398.51,707.96,96.95,263.57,0.7636,-1,-1,-1
154,6,103.56,547.12,71.97,245.53,0.7203,-1,-1,-1
154,14,1012.35,131.43,72.88,171.70,0.3513,-1,-1,-1
154,16,181.59,610.07,81.07,214.57,0.7531,-1,-1,-1
154,17,592.64,270.14,54.47,183.52,0.2585,-1,-1,-1
155,1,414.19,251.88,77.96,217.89,0.6032,-1,-1,-1
155,3,1039.17,910.98,70.80,168.01,0.7282,-1,-1,-1
155,4,1721.87,459.15,73.87,206.82,0.5967,-1,-1,-1
155,5,1359.86,576.30,81.85,213.74,0.5691,-1,-1,-1
155,8,532.15,278.69,56.24,198.74,0.5146,-1,-1,-1
155,12,859.62,205.11,61.77,189.90,0.5121,-1,-1,-1
155,13,399.48,705.97,97.96,265.29,0.7633,-1,-1,-1
155,6,102.92,546.04,72.33,247.08,0.6969,-1,-1,-1
155,14,1004.01,132.30,73.51,172.48,0.3940,-1,-1,-1
155,16,186.04,610.17,79.61,213.73,0.7612,-1,-1,-1
156,1,415.30,251.42,76.95,215.59,0.6183,-1,-1,-1
156,3,1037.77,910.40,70.28,169.29,0.7075,-1,-1,-1
156,4,1722.11,459.52,73.56,206.01,0.5855,-1,-1,-1
156,5,1358.67,578.10,81.43,212.26,0.5200,-1,-1,-1
156,8,532.45,276.19,56.73,200.51,0.4661,-1,-1,-1
156,12,858.33,204.42,61.88,188.39,0.5460,-1,-1,-1
156,13,399.64,703.01,98.61,266.53,0.7611,-1,-1,-1
156,6,102.64,545.53,72.37,247.30,0.6979,-1,-1,-1
156,14,997.18,133.25,73.94,171.87,0.4379,-1,-1,-1
156,16,189.26,608.94,78.66,214.02,0.7528,-1,-1,-1
157,1,415.65,251.45,76.13,213.73,0.6185,-1,-1,-1
157,3,1036.73,909.88,69.43,169.70,0.7015,-1,-1,-1
157,4,1722.33,459.93,73.34,205.63,0.5925,-1,-1,-1
157,5,1358.17,578.59,81.17,210.97,0.5213,-1,-1,-1
157,8,532.76,275.06,56.53,199.54,0.4367,-1,-1,-1
157,12,857.98,203.41,61.60,185.75,0.5673,-1,-1,-1
157,13,400.49,703.65,98.26,264.98,0.7722,-1,-1,-1
157,6,102.72,545.57,72.33,247.18,0.6962,-1,-1,-1
157,14,992.16,133.60,74.67,171.63,0.4660,-1,-1,-1
157,16,191.99,608.14,77.77,214.57,0.7419,-1,-1,-1
158,1,416.36,249.74,76.49,214.91,0.6450,-1,-1,-1
158,3,1035.54,909.49,69.03,170.42,0.7160,-1,-1,-1
158,4,1722.16,459.94,73.57,206.26,0.6108,-1,-1,-1
158,5,1357.99,577.78,81.27,210.67,0.5366,-1,-1,-1
158,8,532.13,273.31,57.06,200.04,0.4538,-1,-1,-1
158,12,856.44,201.82,61.97,184.75,0.5560,-1,-1,-1
158,13,400.05,703.68,97.58,262.82,0.7846,-1,-1,-1
158,6,102.63,545.98,72.17,246.57,0.6986,-1,-1,-1
158,14,989.98,132.75,75.50,172.11,0.3918,-1,-1,-1
158,16,193.65,606.89,76.34,213.48,0.7156,-1,-1,-1
159,1,417.55,249.71,75.81,212.87,0.6110,-1,-1,-1
159,3,1034.12,908.66,68.48,170.81,0.6987,-1,-1,-1
159,4,1722.42,461.11,73.19,205.05,0.6000,-1,-1,-1
159,5,1357.70,578.27,82.01,211.95,0.5149,-1,-1,-1
159,8,531.28,278.41,56.69,195.78,0.4315,-1,-1,-1
159,12,854.29,200.57,63.62,187.87,0.5483,-1,-1,-1
159,13,400.33,702.84,96.37,260.96,0.7614,-1,-1,-1
159,6,102.62,546.10,72.17,246.61,0.6951,-1,-1,-1
159,14,987.50,132.99,75.96,171.56,0.4139,-1,-1,-1
159,16,195.50,604.75,75.25,213.03,0.6953,-1,-1,-1
160,1,417.77,248.06,75.96,213.81,0.6443,-1,-1,-1
160,3,1033.30,908.56,67.93,171.29,0.6804,-1,-1,-1
160,4,1721.97,461.27,73.16,204.79,0.5707,-1,-1,-1
160,5,1357.86,579.07,83.80,216.13,0.4787,-1,-1,-1
160,8,530.97,284.08,56.40,191.39,0.4714,-1,-1,-1
160,12,853.00,199.06,65.04,191.04,0.5135,-1,-1,-1
160,13,400.77,698.80,95.04,258.05,0.7657,-1,-1,-1
160,6,102.49,546.55,72.08,246.40,0.6986,-1,-1,-1
160,14,984.89,132.59,76.28,170.41,0.4730,-1,-1,-1
160,16,196.94,602.69,74.93,214.86,0.7003,-1,-1,-1
161,1,418.23,246.99,75.55,212.24,0.6237,-1,-1,-1
161,3,1031.43,908.07,67.70,171.93,0.6934,-1,-1,-1
161,4,1721.88,461.06,73.41,205.52,0.5775,-1,-1,-1
161,5,1357.67,579.68,83.98,216.37,0.5271,-1,-1,-1
161,8,531.05,286.85,57.37,190.66,0.4179,-1,-1,-1
161,12,852.12,196.98,65.53,191.20,0.4852,-1,-1,-1
161,13,401.50,693.56,93.45,254.27,0.7746,-1,-1,-1
161,6,102.31,546.57,72.24,247.04,0.6863,-1,-1,-1
161,14,983.70,132.48,76.81,170.40,0.4901,-1,-1,-1
161,16,200.42,599.63,73.29,213.83,0.6673,-1,-1,-1
162,1,419.05,246.18,75.12,210.72,0.6240,-1,-1,-1
162,3,1030.14,907.33,67.41,172.71,0.7118,-1,-1,-1
162,4,1721.92,461.57,73.41,205.53,0.5774,-1,-1,-1
162,5,1359.95,578.14,85.51,221.88,0.4897,-1,-1,-1
162,12,851.19,195.91,65.84,191.06,0.4875,-1,-1,-1
162,13,402.27,688.81,93.03,253.62,0.7653,-1,-1,-1
162,6,101.92,546.34,72.35,247.66,0.6728,-1,-1,-1
162,14,982.54,133.36,76.86,169.87,0.3941,-1,-1,-1
162,16,205.64,598.20,70.85,209.27,0.6741,-1,-1,-1
163,1,419.71,244.94,75.08,209.81,0.6182,-1,-1,-1
163,3,1028.88,906.44,67.26,173.62,0.6840,-1,-1,-1
163,4,1721.71,461.01,73.71,206.41,0.5792,-1,-1,-1
163,5,1358.59,579.30,86.66,224.34,0.5064,-1,-1,-1
163,12,851.30,194.60,65.45,188.87,0.4675,-1,-1,-1
163,13,402.21,684.61,93.16,254.86,0.7711,-1,-1,-1
163,6,102.11,546.34,72.36,247.77,0.6631,-1,-1,-1
163,14,981.00,131.02,77.77,172.56,0.3597,-1,-1,-1
163,16,208.97,595.88,69.70,208.04,0.6715,-1,-1,-1
164,1,419.84,244.26,75.04,208.59,0.6266,-1,-1,-1
164,3,1027.54,906.86,66.38,172.81,0.7311,-1,-1,-1
164,4,1721.68,460.75,73.81,206.64,0.5990,-1,-1,-1
164,5,1358.22,579.82,86.49,223.39,0.4800,-1,-1,-1
164,12,852.26,192.51,67.04,193.15,0.4601,-1,-1,-1
164,13,402.08,682.14,92.94,254.60,0.7741,-1,-1,-1
164,6,102.00,546.47,72.17,247.19,0.6804,-1,-1,-1
164,14,979.74,129.22,77.01,172.64,0.3061,-1,-1,-1
164,16,211.85,594.04,69.34,208.88,0.7062,-1,-1,-1
165,1,420.01,242.64,75.73,209.60,0.6171,-1,-1,-1
165,3,1026.22,907.41,65.66,172.16,0.7265,-1,-1,-1
165,4,1721.87,460.45,73.82,206.52,0.5946,-1,-1,-1
165,5,1358.31,580.73,85.33,219.99,0.5018,-1,-1,-1
165,12,853.09,191.53,67.50,194.26,0.4859,-1,-1,-1
165,13,401.23,680.18,93.45,255.92,0.7917,-1,-1,-1
165,6,102.01,546.36,72.03,246.84,0.6767,-1,-1,-1
165,14,978.44,127.48,75.43,171.48,0.2761,-1,-1,-1
165,16,212.12,592.18,69.11,209.33,0.7328,-1,-1,-1
166,1,419.41,241.60,75.94,210.18,0.5914,-1,-1,-1
166,3,1024.76,907.33,65.30,172.17,0.6860,-1,-1,-1
166,4,1721.84,460.68,73.89,206.94,0.6249,-1,-1,-1
166,5,1357.92,580.35,84.06,216.45,0.5038,-1,-1,-1
166,12,853.63,190.94,67.08,192.26,0.4911,-1,-1,-1
166,13,400.07,678.54,94.27,258.22,0.7918,-1,-1,-1
166,6,101.85,546.19,71.97,246.83,0.6848,-1,-1,-1
166,14,976.68,126.36,73.58,170.86,0.2763,-1,-1,-1
166,16,215.09,590.48,69.79,211.06,0.7022,-1,-1,-1
167,1,418.75,240.51,76.44,211.74,0.5759,-1,-1,-1
167,3,1022.98,906.71,65.48,172.94,0.6851,-1,-1,-1
167,4,1721.83,460.50,73.80,207.04,0.6085,-1,-1,-1
167,5,1357.12,579.77,84.52,217.59,0.4919,-1,-1,-1
167,12,854.37,190.62,66.48,189.46,0.4848,-1,-1,-1
167,13,399.41,675.66,94.81,260.25,0.7969,-1,-1,-1
167,6,101.77,546.27,72.07,247.17,0.6872,-1,-1,-1
167,14,974.39,124.80,71.65,170.59,0.2756,-1,-1,-1
167,16,216.75,589.37,70.94,213.39,0.7077,-1,-1,-1
168,1,418.00,239.48,76.89,213.03,0.5941,-1,-1,-1
168,3,1021.06,906.90,65.29,172.45,0.7043,-1,-1,-1
168,4,1721.43,459.27,74.32,208.75,0.6113,-1,-1,-1
168,5,1356.76,579.05,84.26,217.44,0.4977,-1,-1,-1
168,12,854.54,190.68,67.02,190.14,0.5115,-1,-1,-1
168,13,398.64,674.93,94.99,260.89,0.7842,-1,-1,-1
168,6,101.88,546.47,72.04,246.98,0.6863,-1,-1,-1
168,14,972.21,123.47,70.03,170.23,0.3008,-1,-1,-1
168,16,220.64,589.05,71.50,212.61,0.7156,-1,-1,-1
169,1,418.44,238.62,77.28,213.83,0.6117,-1,-1,-1
169,3,1020.20,907.86,64.88,171.28,0.7078,-1,-1,-1
169,4,1721.46,459.77,74.12,208.21,0.6103,-1,-1,-1
169,5,1357.33,578.91,84.57,217.95,0.4624,-1,-1,-1
169,12,854.53,190.49,67.12,189.16,0.5300,-1,-1,-1
169,13,398.87,674.06,94.97,260.90,0.7774,-1,-1,-1
169,6,101.76,545.85,72.48,248.26,0.6516,-1,-1,-1
169,16,223.19,588.62,72.28,213.26,0.6900,-1,-1,-1
170,1,418.33,237.82,77.76,215.00,0.6158,-1,-1,-1
170,3,1018.00,908.40,64.64,171.19,0.7219,-1,-1,-1
170,4,1721.33,460.46,73.99,207.65,0.6197,-1,-1,-1
170,5,1361.57,577.85,84.46,220.46,0.4462,-1,-1,-1
170,12,855.92,189.79,66.96,188.49,0.5098,-1,-1,-1
170,13,399.07,673.10,94.76,260.94,0.7748,-1,-1,-1
170,6,102.08,546.34,72.31,247.06,0.6541,-1,-1,-1
170,16,223.21,588.31,72.67,213.71,0.6631,-1,-1,-1
171,1,418.10,237.74,77.90,215.17,0.6227,-1,-1,-1
171,3,1016.49,908.92,64.24,170.95,0.7230,-1,-1,-1
171,4,1721.49,460.00,74.14,208.10,0.6031,-1,-1,-1
171,5,1362.09,577.26,84.19,221.92,0.4553,-1,-1,-1
171,12,857.99,191.53,65.23,184.47,0.4117,-1,-1,-1
171,13,399.19,672.22,94.33,260.29,0.7750,-1,-1,-1
171,6,102.22,546.38,72.62,247.33,0.6600,-1,-1,-1
171,16,222.56,588.13,72.86,213.17,0.6916,-1,-1,-1
172,1,417.75,237.53,78.35,216.44,0.6275,-1,-1,-1
172,3,1014.92,909.66,63.65,169.96,0.7438,-1,-1,-1
172,4,1721.73,460.28,73.95,207.58,0.5986,-1,-1,-1
172,5,1359.70,578.15,82.81,217.69,0.4750,-1,-1,-1
172,12,859.60,190.36,65.46,185.10,0.5031,-1,-1,-1
172,13,399.55,670.44,93.86,259.68,0.7812,-1,-1,-1
172,6,101.64,546.59,72.55,246.40,0.6624,-1,-1,-1
172,16,221.87,586.93,73.46,213.69,0.6431,-1,-1,-1
173,1,417.70,237.11,78.39,216.62,0.6145,-1,-1,-1
173,3,1012.56,910.03,63.44,169.61,0.7339,-1,-1,-1
173,4,1721.57,460.77,73.74,206.71,0.5931,-1,-1,-1
173,5,1358.63,578.58,82.07,215.32,0.5030,-1,-1,-1
173,12,860.44,189.05,65.93,186.43,0.4490,-1,-1,-1
173,13,400.50,668.62,93.18,259.22,0.7745,-1,-1,-1
173,6,101.50,546.30,72.80,246.90,0.6575,-1,-1,-1
173,16,221.24,584.19,74.18,215.17,0.6589,-1,-1,-1
174,1,417.22,236.53,78.48,217.21,0.6202,-1,-1,-1
174,3,1010.41,911.27,63.12,168.61,0.7400,-1,-1,-1
174,4,1721.34,459.88,74.09,207.67,0.5970,-1,-1,-1
174,5,1358.40,578.98,81.21,212.49,0.4992,-1,-1,-1
174,12,861.22,186.78,65.90,186.56,0.4381,-1,-1,-1
174,13,401.90,666.67,92.58,259.64,0.7819,-1,-1,-1
174,6,101.12,546.68,72.86,246.65,0.6520,-1,-1,-1
174,16,223.17,583.05,73.94,214.06,0.6754,-1,-1,-1
175,1,416.64,235.73,78.22,216.78,0.6518,-1,-1,-1
175,3,1007.77,912.73,62.77,167.25,0.7261,-1,-1,-1
175,4,1721.42,459.91,74.10,207.89,0.5929,-1,-1,-1
175,5,1358.81,578.87,80.49,209.66,0.5184,-1,-1,-1
175,12,863.11,185.89,65.00,183.63,0.4606,-1,-1,-1
175,13,402.75,663.86,92.28,260.88,0.8045,-1,-1,-1
175,6,100.70,546.63,72.89,246.37,0.6574,-1,-1,-1
175,16,224.25,579.78,73.68,214.38,0.6876,-1,-1,-1
176,1,416.06,233.41,78.29,217.79,0.6328,-1,-1,-1
176,3,1005.93,913.15,62.59,166.87,0.7293,-1,-1,-1
176,4,1721.17,459.67,74.13,208.21,0.5884,-1,-1,-1
176,5,1358.72,578.90,79.98,207.64,0.5154,-1,-1,-1
176,12,863.45,184.41,65.55,185.02,0.5040,-1,-1,-1
176,13,403.51,659.56,91.06,259.63,0.7915,-1,-1,-1
176,6,100.43,546.78,72.91,246.41,0.6577,-1,-1,-1
176,16,225.28,577.20,72.91,213.59,0.6689,-1,-1,-1
177,1,415.55,232.77,78.02,217.93,0.6372,-1,-1,-1
177,3,1005.00,913.18,62.14,165.32,0.7308,-1,-1,-1
177,4,1721.11,459.72,74.10,208.10,0.5825,-1,-1,-1
177,5,1358.28,578.95,80.80,209.24,0.4845,-1,-1,-1
177,12,864.45,182.31,65.68,185.06,0.5225,-1,-1,-1
177,13,404.97,654.76,88.89,255.16,0.7857,-1,-1,-1
177,6,100.34,546.88,72.84,246.07,0.6564,-1,-1,-1
177,16,225.88,575.25,71.95,211.93,0.6767,-1,-1,-1
178,1,415.31,231.10,77.07,215.90,0.6170,-1,-1,-1
178,3,1003.98,913.33,61.93,164.72,0.7207,-1,-1,-1
178,4,1721.25,460.11,73.96,207.73,0.5630,-1,-1,-1
178,5,1357.65,578.04,81.78,211.48,0.4806,-1,-1,-1
178,12,865.40,180.98,65.69,184.74,0.4979,-1,-1,-1
178,13,405.46,650.84,87.50,251.83,0.7857,-1,-1,-1
178,6,100.02,547.02,72.48,245.07,0.6539,-1,-1,-1
178,16,226.76,573.44,70.44,208.22,0.6071,-1,-1,-1
179,1,414.39,228.58,76.72,215.92,0.5934,-1,-1,-1
179,3,1002.18,913.55,61.71,164.67,0.7160,-1,-1,-1
179,4,1721.20,460.50,73.73,207.21,0.5473,-1,-1,-1
179,5,1357.02,577.61,83.81,216.98,0.5062,-1,-1,-1
179,12,866.59,180.34,65.60,184.03,0.4839,-1,-1,-1
179,13,406.55,648.56,86.73,250.00,0.7860,-1,-1,-1
179,6,99.94,546.17,72.63,246.39,0.6509,-1,-1,-1
179,16,226.96,571.46,70.06,207.52,0.6184,-1,-1,-1
180,1,414.18,227.51,75.74,213.28,0.6239,-1,-1,-1
180,3,1000.11,913.34,61.68,165.18,0.7210,-1,-1,-1
180,4,1721.39,460.23,73.89,207.92,0.5275,-1,-1,-1
180,5,1357.48,577.17,82.23,212.83,0.5131,-1,-1,-1
180,12,867.81,180.78,65.88,184.28,0.5044,-1,-1,-1
180,13,408.49,647.62,86.30,248.81,0.7907,-1,-1,-1
180,6,99.79,545.97,72.33,246.28,0.6559,-1,-1,-1
180,16,228.16,569.98,69.74,207.08,0.5868,-1,-1,-1
180,18,-4.01,618.02,93.76,222.98,0.5050,-1,-1,-1
180,8,526.13,295.08,60.80,202.26,0.5223,-1,-1,-1
181,1,414.34,227.06,74.79,210.71,0.5965,-1,-1,-1
181,3,997.93,914.27,61.32,164.69,0.7210,-1,-1,-1
181,4,1721.43,459.19,74.35,209.36,0.5126,-1,-1,-1
181,5,1357.54,577.35,83.10,214.97,0.4998,-1,-1,-1
181,12,869.20,179.15,65.93,184.08,0.5016,-1,-1,-1
181,13,409.96,646.24,86.50,248.92,0.7887,-1,-1,-1
181,6,99.56,545.43,72.47,247.78,0.6544,-1,-1,-1
181,16,229.41,568.96,69.28,205.85,0.5738,-1,-1,-1
181,18,-5.99,617.55,94.05,224.38,0.4740,-1,-1,-1
181,8,526.89,299.41,59.99,200.18,0.5468,-1,-1,-1
182,1,414.91,226.60,74.07,208.57,0.5810,-1,-1,-1
182,3,995.95,915.69,60.49,163.07,0.7358,-1,-1,-1
182,4,1721.57,459.23,74.15,209.22,0.5290,-1,-1,-1
182,5,1356.55,576.67,85.72,222.49,0.4791,-1,-1,-1
182,12,869.82,177.73,67.10,185.71,0.5390,-1,-1,-1
182,13,410.23,645.08,87.21,250.00,0.7848,-1,-1,-1
182,6,99.77,545.68,72.07,247.30,0.6712,-1,-1,-1
182,16,230.02,567.60,68.24,203.95,0.5872,-1,-1,-1
182,18,1.28,618.58,99.25,236.48,0.6081,-1,-1,-1
182,8,526.31,297.48,60.30,200.74,0.4852,-1,-1,-1
183,1,415.97,227.95,73.28,206.54,0.5796,-1,-1,-1
183,3,994.71,916.15,59.98,162.22,0.7285,-1,-1,-1
183,4,1721.74,459.38,73.85,208.75,0.5245,-1,-1,-1
183,5,1356.68,576.84,85.92,223.33,0.4904,-1,-1,-1
183,12,870.23,176.75,68.00,186.88,0.5569,-1,-1,-1
183,13,410.53,643.51,88.20,251.40,0.7983,-1,-1,-1
183,6,99.84,545.77,71.93,247.77,0.6819,-1,-1,-1
183,16,230.02,566.13,68.33,204.86,0.5523,-1,-1,-1
183,18,4.75,621.28,100.37,238.87,0.6556,-1,-1,-1
183,8,524.75,295.72,62.29,205.82,0.4051,-1,-1,-1
184,1,416.62,227.58,73.35,206.78,0.5792,-1,-1,-1
184,3,993.76,917.66,59.53,161.49,0.7234,-1,-1,-1
184,4,1721.20,459.25,73.87,208.97,0.5337,-1,-1,-1
184,5,1356.76,576.53,86.27,224.66,0.4659,-1,-1,-1
184,12,870.22,176.57,68.54,187.22,0.5436,-1,-1,-1
184,13,411.08,642.18,89.03,252.48,0.7733,-1,-1,-1
184,6,99.45,545.80,71.71,248.07,0.6703,-1,-1,-1
184,16,230.21,565.28,68.95,208.06,0.5353,-1,-1,-1
184,18,7.12,622.40,99.19,236.25,0.6223,-1,-1,-1
184,8,517.83,253.18,74.38,251.86,0.3998,-1,-1,-1
185,1,416.19,227.18,73.51,207.09,0.5881,-1,-1,-1
185,3,992.84,918.31,58.98,160.05,0.7175,-1,-1,-1
185,4,1721.27,459.37,73.65,208.59,0.5031,-1,-1,-1
185,5,1357.37,575.95,84.88,221.11,0.4802,-1,-1,-1
185,12,870.38,177.35,69.52,188.35,0.5877,-1,-1,-1
185,13,411.24,642.27,89.60,252.42,0.7862,-1,-1,-1
185,6,99.04,546.07,71.24,247.33,0.6464,-1,-1,-1
185,16,230.63,564.95,69.09,209.42,0.5683,-1,-1,-1
185,18,11.06,622.14,98.34,234.97,0.6223,-1,-1,-1
185,8,520.29,275.72,68.45,230.43,0.4298,-1,-1,-1
186,1,415.97,226.66,73.64,207.25,0.5966,-1,-1,-1
186,3,991.50,918.48,58.90,160.20,0.7343,-1,-1,-1
186,4,1721.36,459.15,73.60,208.73,0.5033,-1,-1,-1
186,5,1356.59,574.83,85.83,224.16,0.4945,-1,-1,-1
186,12,869.76,176.16,70.62,190.41,0.5608,-1,-1,-1
186,13,410.85,640.89,90.61,254.25,0.7944,-1,-1,-1
186,6,98.82,546.44,70.86,246.55,0.6455,-1,-1,-1
186,16,229.90,564.73,68.64,208.49,0.5831,-1,-1,-1
186,18,14.18,620.13,98.63,236.36,0.6579,-1,-1,-1
186,8,522.93,293.30,62.83,211.02,0.4255,-1,-1,-1
187,1,415.90,225.31,74.25,209.07,0.6018,-1,-1,-1
187,3,990.10,918.92,58.83,159.55,0.7348,-1,-1,-1
187,4,1721.42,459.53,73.32,208.16,0.4954,-1,-1,-1
187,5,1356.64,573.72,85.90,224.85,0.5052,-1,-1,-1
187,12,869.41,176.17,71.31,191.27,0.5614,-1,-1,-1
187,13,410.41,639.13,91.41,255.67,0.7813,-1,-1,-1
187,6,98.38,546.51,70.31,244.18,0.6378,-1,-1,-1
187,16,228.99,563.93,68.76,209.28,0.6352,-1,-1,-1
187,18,20.10,620.05,99.76,239.54,0.6876,-1,-1,-1
187,8,524.34,298.97,61.61,207.69,0.5401,-1,-1,-1
188,1,416.24,225.66,73.88,207.75,0.5947,-1,-1,-1
188,3,989.29,919.28,58.88,159.24,0.7219,-1,-1,-1
188,4,1721.46,460.07,73.14,207.50,0.5074,-1,-1,-1
188,5,1356.67,572.74,86.10,225.97,0.4598,-1,-1,-1
188,12,870.41,177.00,70.30,187.10,0.4324,-1,-1,-1
188,13,410.84,637.45,91.64,256.19,0.7684,-1,-1,-1
188,6,97.80,546.30,69.99,242.33,0.5924,-1,-1,-1
188,16,228.14,562.03,69.21,210.92,0.6182,-1,-1,-1
188,18,24.55,619.08,100.67,240.96,0.7145,-1,-1,-1
188,8,524.08,299.92,61.78,207.90,0.5394,-1,-1,-1
189,1,416.19,224.64,73.89,207.67,0.5819,-1,-1,-1
189,3,987.95,919.81,58.82,158.87,0.7124,-1,-1,-1
189,4,1721.25,460.54,73.16,207.36,0.4813,-1,-1,-1
189,5,1357.13,572.64,84.03,220.87,0.4586,-1,-1,-1
189,12,870.81,177.05,70.93,186.44,0.4625,-1,-1,-1
189,13,410.10,634.39,92.29,258.13,0.7986,-1,-1,-1
189,6,96.34,546.53,69.23,239.05,0.5353,-1,-1,-1
189,16,227.99,558.48,68.48,209.80,0.5552,-1,-1,-1
189,18,27.92,619.58,101.91,242.32,0.6904,-1,-1,-1
189,8,523.83,303.40,61.75,207.14,0.5647,-1,-1,-1
190,1,416.71,224.29,73.79,207.48,0.5691,-1,-1,-1
190,3,986.87,920.71,58.47,157.66,0.7267,-1,-1,-1
190,4,1721.27,459.27,73.55,208.58,0.4644,-1,-1,-1
190,5,1357.14,572.26,83.20,219.04,0.4500,-1,-1,-1
190,12,872.07,178.33,71.54,185.01,0.5124,-1,-1,-1
190,13,410.42,633.49,91.42,256.72,0.7857,-1,-1,-1
190,6,95.74,546.52,67.96,233.06,0.4937,-1,-1,-1
190,16,228.20,555.54,67.56,207.94,0.5733,-1,-1,-1
190,18,31.54,621.17,103.89,245.30,0.6739,-1,-1,-1
190,8,523.42,303.27,62.68,209.24,0.5933,-1,-1,-1
191,1,417.30,223.14,73.82,207.59,0.5661,-1,-1,-1
191,3,985.95,921.75,57.95,155.85,0.7427,-1,-1,-1
191,4,1720.93,459.52,73.62,208.45,0.4930,-1,-1,-1
191,5,1357.33,571.61,86.44,227.84,0.4823,-1,-1,-1
191,12,872.93,175.65,72.31,185.44,0.4832,-1,-1,-1
191,13,410.22,630.79,90.62,255.74,0.7836,-1,-1,-1
191,6,99.96,545.87,59.72,199.70,0.5732,-1,-1,-1
191,16,228.02,552.21,66.70,206.34,0.5922,-1,-1,-1
191,18,35.83,622.25,106.77,249.24,0.6092,-1,-1,-1
191,8,523.35,303.35,63.40,210.48,0.5487,-1,-1,-1
192,1,418.16,222.82,73.83,207.70,0.5439,-1,-1,-1
192,3,984.97,922.57,57.61,154.73,0.7449,-1,-1,-1
192,4,1720.90,459.82,73.49,207.81,0.5389,-1,-1,-1
192,5,1357.55,571.00,85.54,225.26,0.4986,-1,-1,-1
192,12,874.01,173.38,72.84,185.72,0.5076,-1,-1,-1
192,13,410.49,626.25,89.26,253.07,0.7718,-1,-1,-1
192,6,101.31,545.23,57.09,186.32,0.5978,-1,-1,-1
192,16,227.89,550.36,66.21,204.97,0.6325,-1,-1,-1
192,18,39.05,624.87,108.83,251.51,0.5950,-1,-1,-1
192,8,523.73,304.75,63.42,209.31,0.5994,-1,-1,-1
193,1,418.10,221.30,74.13,208.38,0.5239,-1,-1,-1
193,3,983.89,922.39,57.72,155.24,0.7168,-1,-1,-1
193,4,1720.93,459.55,73.47,207.60,0.5202,-1,-1,-1
193,5,1357.09,570.69,86.58,228.38,0.4935,-1,-1,-1
193,12,875.63,172.84,72.69,184.94,0.4300,-1,-1,-1
193,13,410.79,622.58,87.67,249.60,0.7897,-1,-1,-1
193,6,100.97,545.10,56.47,180.09,0.5867,-1,-1,-1
193,16,227.67,547.32,66.46,206.35,0.6398,-1,-1,-1
193,18,41.36,628.38,107.95,248.17,0.5105,-1,-1,-1
193,8,523.57,307.70,63.12,206.38,0.5522,-1,-1,-1
194,1,418.68,221.53,73.87,207.05,0.5099,-1,-1,-1
194,3,982.58,922.04,58.20,156.02,0.7388,-1,-1,-1
194,4,1720.96,459.83,73.50,207.58,0.5015,-1,-1,-1
194,5,1356.26,570.47,87.13,230.37,0.4717,-1,-1,-1
194,12,876.80,172.78,72.09,182.71,0.3929,-1,-1,-1
194,13,410.55,619.19,86.49,248.27,0.7745,-1,-1,-1
194,6,100.21,544.83,56.51,175.60,0.6226,-1,-1,-1
194,16,227.57,545.68,66.14,205.77,0.6432,-1,-1,-1
194,18,44.25,631.22,106.66,243.94,0.5889,-1,-1,-1
194,8,522.60,308.83,63.51,205.67,0.5769,-1,-1,-1
195,1,418.75,219.55,74.75,209.60,0.5587,-1,-1,-1
195,3,982.15,922.25,58.14,155.79,0.7300,-1,-1,-1
195,4,1721.01,459.55,73.68,208.11,0.5220,-1,-1,-1
195,5,1357.05,570.17,84.33,222.57,0.5590,-1,-1,-1
195,12,878.65,170.53,71.00,179.51,0.3668,-1,-1,-1
195,13,410.56,617.31,85.62,247.29,0.7846,-1,-1,-1
195,6,99.42,544.54,57.39,174.46,0.6012,-1,-1,-1
195,16,227.11,544.30,66.27,207.25,0.6475,-1,-1,-1
195,18,46.60,633.37,104.54,237.50,0.6658,-1,-1,-1
195,8,520.93,308.88,64.65,206.80,0.6707,-1,-1,-1
196,1,419.18,217.96,74.66,209.77,0.5389,-1,-1,-1
196,3,981.23,921.89,58.68,156.49,0.7317,-1,-1,-1
196,4,1720.48,458.71,74.05,209.48,0.5046,-1,-1,-1
196,5,1357.00,571.25,83.60,220.35,0.5216,-1,-1,-1
196,12,880.42,169.35,69.81,176.99,0.4265,-1,-1,-1
196,13,408.78,614.24,85.80,248.15,0.7513,-1,-1,-1
196,6,98.55,544.26,58.49,174.81,0.5414,-1,-1,-1
196,16,226.16,543.81,66.03,207.23,0.6478,-1,-1,-1
196,18,47.54,635.81,106.46,241.96,0.6668,-1,-1,-1
196,8,520.72,310.48,65.39,207.08,0.6011,-1,-1,-1
197,1,419.84,216.54,74.73,209.44,0.5740,-1,-1,-1
197,3,979.70,922.01,59.15,156.49,0.7375,-1,-1,-1
197,4,1720.90,458.77,73.99,209.48,0.5006,-1,-1,-1
197,5,1357.04,571.39,83.11,218.70,0.5401,-1,-1,-1
197,12,881.18,168.33,69.23,176.34,0.4549,-1,-1,-1
197,13,406.21,611.19,86.34,249.33,0.7413,-1,-1,-1
197,6,98.62,544.05,58.14,171.06,0.5278,-1,-1,-1
197,16,225.38,543.23,66.28,208.79,0.6861,-1,-1,-1
197,18,50.83,638.90,108.49,246.84,0.6739,-1,-1,-1
197,8,518.90,308.38,67.29,210.85,0.6747,-1,-1,-1
198,1,420.88,215.41,74.62,208.74,0.5660,-1,-1,-1
198,3,977.75,921.50,59.65,157.26,0.7018,-1,-1,-1
198,4,1720.89,458.95,73.76,208.82,0.4964,-1,-1,-1
198,5,1357.17,571.69,83.39,219.02,0.5587,-1,-1,-1
198,12,881.84,161.46,70.85,182.74,0.4300,-1,-1,-1
198,13,403.30,610.52,87.18,250.75,0.7495,-1,-1,-1
198,6,98.93,543.93,58.26,169.70,0.5198,-1,-1,-1
198,16,225.18,542.40,66.39,209.66,0.6940,-1,-1,-1
198,18,54.32,641.69,108.69,247.63,0.6956,-1,-1,-1
198,8,518.25,311.55,67.80,210.65,0.6258,-1,-1,-1
199,1,420.85,214.26,74.16,206.43,0.5659,-1,-1,-1
199,3,975.85,921.35,60.18,157.47,0.7291,-1,-1,-1
199,4,1720.59,458.75,73.77,209.06,0.5288,-1,-1,-1
199,5,1356.03,571.07,84.50,221.63,0.5209,-1,-1,-1
199,12,882.69,157.96,71.54,186.09,0.3966,-1,-1,-1
199,13,401.08,609.85,88.27,252.52,0.7424,-1,-1,-1
199,6,98.54,544.23,58.79,169.71,0.5177,-1,-1,-1
199,16,225.41,542.47,66.08,209.20,0.7031,-1,-1,-1
199,18,56.70,643.98,108.73,248.09,0.7226,-1,-1,-1
199,8,518.09,314.34,68.08,210.27,0.6014,-1,-1,-1
200,1,420.78,212.52,74.26,205.69,0.5738,-1,-1,-1
200,3,974.14,920.56,60.57,157.68,0.7148,-1,-1,-1
200,4,1720.56,458.70,73.57,208.77,0.5344,-1,-1,-1
200,5,1355.85,571.24,83.19,218.36,0.5403,-1,-1,-1
200,12,883.35,158.67,71.55,186.85,0.4012,-1,-1,-1
200,13,399.65,609.31,88.58,252.31,0.7474,-1,-1,-1
200,6,98.66,543.81,58.31,166.49,0.5370,-1,-1,-1
200,16,225.00,541.89,65.69,208.72,0.7167,-1,-1,-1
200,18,58.92,647.99,107.03,245.11,0.7126,-1,-1,-1
200,8,518.15,317.73,67.88,209.59,0.5851,-1,-1,-1
201,1,421.24,211.38,74.82,206.01,0.5668,-1,-1,-1
201,3,972.84,920.06,60.88,158.02,0.7215,-1,-1,-1
201,4,1720.50,458.30,73.57,209.03,0.5538,-1,-1,-1
201,5,1355.14,571.03,83.36,219.31,0.5452,-1,-1,-1
201,12,885.10,158.27,71.58,187.20,0.4225,-1,-1,-1
201,13,398.00,608.87,89.02,252.24,0.7430,-1,-1,-1
201,6,97.78,543.88,58.61,165.65,0.4992,-1,-1,-1
201,16,224.82,541.13,65.50,209.06,0.7045,-1,-1,-1
201,18,61.97,653.12,104.44,240.66,0.7344,-1,-1,-1
201,8,517.16,318.84,68.85,212.13,0.5940,-1,-1,-1
202,1,421.75,210.21,75.15,205.53,0.5605,-1,-1,-1
202,3,971.51,919.49,61.20,158.72,0.7280,-1,-1,-1
202,4,1720.81,458.33,73.62,209.48,0.5819,-1,-1,-1
202,5,1354.88,571.02,82.29,216.68,0.5176,-1,-1,-1
202,12,887.46,157.66,71.13,186.01,0.4324,-1,-1,-1
202,13,397.84,608.27,88.89,250.86,0.7352,-1,-1,-1
202,6,99.75,543.06,56.24,156.83,0.4448,-1,-1,-1
202,16,224.39,539.92,65.70,210.32,0.7059,-1,-1,-1
202,18,64.04,655.97,102.50,237.79,0.7429,-1,-1,-1
202,8,517.05,318.42,69.94,214.83,0.6122,-1,-1,-1
203,1,422.37,208.88,75.72,206.45,0.4910,-1,-1,-1
203,3,970.93,918.95,61.48,159.04,0.7356,-1,-1,-1
203,4,1720.68,458.33,73.61,209.59,0.5913,-1,-1,-1
203,5,1356.30,571.92,80.81,212.46,0.5463,-1,-1,-1
203,12,887.55,156.54,71.23,186.34,0.4730,-1,-1,-1
203,13,396.75,606.88,88.66,249.21,0.7342,-1,-1,-1
203,6,100.13,542.89,55.20,152.21,0.3302,-1,-1,-1
203,16,223.19,537.69,66.05,211.65,0.6998,-1,-1,-1
203,18,66.34,657.58,100.93,235.46,0.6968,-1,-1,-1
203,8,516.72,318.40,70.51,216.02,0.5682,-1,-1,-1
204,1,423.72,208.38,75.89,206.70,0.4486,-1,-1,-1
204,3,968.80,916.79,62.30,161.07,0.7308,-1,-1,-1
204,4,1720.83,458.81,73.46,209.22,0.5783,-1,-1,-1
204,5,1357.06,571.58,81.35,213.51,0.5601,-1,-1,-1
204,12,887.83,156.51,71.25,186.20,0.5040,-1,-1,-1
204,13,396.79,603.19,88.89,249.94,0.7217,-1,-1,-1
204,6,100.28,543.11,54.70,149.18,0.3511,-1,-1,-1
204,16,222.51,535.46,65.82,211.31,0.6730,-1,-1,-1
204,18,68.38,658.69,99.73,233.55,0.6861,-1,-1,-1
204,8,514.68,318.24,71.47,218.03,0.5871,-1,-1,-1
205,1,424.64,208.12,76.11,206.97,0.4669,-1,-1,-1
205,3,967.07,915.69,62.73,162.38,0.7311,-1,-1,-1
205,4,1720.53,458.77,73.70,209.77,0.5666,-1,-1,-1
205,5,1356.74,571.61,81.74,214.34,0.5325,-1,-1,-1
205,12,888.00,155.33,71.36,187.21,0.4673,-1,-1,-1
205,13,395.29,600.17,89.47,251.20,0.7199,-1,-1,-1
205,6,100.25,542.71,54.24,146.23,0.3399,-1,-1,-1
205,16,221.00,531.83,65.65,210.44,0.6654,-1,-1,-1
205,18,70.34,657.78,99.96,234.40,0.7380,-1,-1,-1
205,8,515.10,318.35,71.80,218.41,0.5049,-1,-1,-1
206,1,424.40,205.85,76.74,208.01,0.5125,-1,-1,-1
206,3,965.44,914.98,62.95,162.95,0.7460,-1,-1,-1
206,4,1720.66,458.97,73.75,209.64,0.5684,-1,-1,-1
206,5,1355.77,571.41,82.05,215.22,0.5385,-1,-1,-1
206,12,889.55,155.61,70.38,185.08,0.5191,-1,-1,-1
206,13,395.00,597.89,89.58,251.98,0.7335,-1,-1,-1
206,6,100.41,542.83,54.66,145.55,0.3885,-1,-1,-1
206,16,221.11,529.26,64.00,205.03,0.6692,-1,-1,-1
206,18,74.07,657.42,99.84,234.52,0.7630,-1,-1,-1
206,8,514.40,319.51,72.06,218.17,0.5083,-1,-1,-1
207,1,424.56,205.07,76.85,207.44,0.4889,-1,-1,-1
207,3,963.80,913.62,63.38,164.44,0.7476,-1,-1,-1
207,4,1720.78,458.93,73.55,209.01,0.5740,-1,-1,-1
207,5,1356.50,570.90,81.42,213.89,0.4980,-1,-1,-1
207,12,890.44,154.46,71.68,188.67,0.5107,-1,-1,-1
207,13,395.52,596.30,88.25,248.43,0.7458,-1,-1,-1
207,6,100.61,543.21,55.41,146.19,0.4424,-1,-1,-1
207,16,221.40,526.90,63.19,202.54,0.6496,-1,-1,-1
207,18,80.52,659.04,100.62,235.51,0.7238,-1,-1,-1
207,8,513.09,319.85,72.23,217.50,0.5341,-1,-1,-1
208,1,424.88,205.60,77.02,207.71,0.4772,-1,-1,-1
208,3,961.72,912.76,63.81,165.60,0.7410,-1,-1,-1
208,4,1721.04,458.83,73.68,209.57,0.5804,-1,-1,-1
208,5,1356.68,570.53,81.32,214.02,0.5156,-1,-1,-1
208,12,891.14,152.92,72.05,190.76,0.4740,-1,-1,-1
208,13,396.61,593.61,86.99,245.56,0.7483,-1,-1,-1
208,6,100.73,543.43,56.09,146.64,0.3911,-1,-1,-1
208,16,220.74,524.84,63.28,202.41,0.6135,-1,-1,-1
208,18,85.98,660.31,102.83,239.44,0.7350,-1,-1,-1
208,8,511.40,322.67,71.60,213.95,0.5142,-1,-1,-1
209,1,425.28,205.72,77.33,208.65,0.4397,-1,-1,-1
209,3,960.09,912.40,63.78,166.16,0.7305,-1,-1,-1
209,4,1721.09,457.93,73.82,210.28,0.5547,-1,-1,-1
209,5,1355.84,570.69,81.25,214.96,0.4956,-1,-1,-1
209,12,892.28,151.65,71.51,190.12,0.4536,-1,-1,-1
209,13,397.42,591.13,85.35,241.77,0.7525,-1,-1,-1
209,6,100.85,544.78,57.10,148.28,0.3749,-1,-1,-1
209,16,220.48,523.13,63.25,202.28,0.6260,-1,-1,-1
209,18,90.75,664.25,104.14,239.83,0.7620,-1,-1,-1
209,8,510.30,323.49,71.65,213.13,0.5577,-1,-1,-1
210,1,425.05,205.29,77.59,209.73,0.4224,-1,-1,-1
210,3,957.91,912.04,64.01,166.95,0.7293,-1,-1,-1
210,4,1720.97,458.13,73.80,210.38,0.5699,-1,-1,-1
210,5,1355.76,570.86,81.00,215.02,0.5191,-1,-1,-1
210,12,892.80,150.95,71.02,189.74,0.4770,-1,-1,-1
210,13,398.59,589.75,83.92,238.67,0.7553,-1,-1,-1
210,6,101.10,543.66,58.11,150.31,0.3846,-1,-1,-1
210,16,219.82,522.07,63.68,203.17,0.6209,-1,-1,-1
210,18,92.70,666.67,105.90,240.38,0.7546,-1,-1,-1
210,8,509.34,323.96,71.86,213.28,0.5973,-1,-1,-1
210,19,2.52,607.01,83.53,234.32,0.5912,-1,-1,-1
211,1,426.05,204.90,77.44,209.72,0.4370,-1,-1,-1
211,3,956.07,912.10,63.96,166.66,0.7374,-1,-1,-1
211,4,1721.10,458.86,73.25,208.61,0.5502,-1,-1,-1
211,5,1354.73,570.42,81.80,218.25,0.5123,-1,-1,-1
211,12,894.40,150.30,69.96,186.97,0.4977,-1,-1,-1
211,13,399.01,587.22,83.36,238.20,0.7520,-1,-1,-1
211,6,101.67,543.64,59.09,151.94,0.3778,-1,-1,-1
211,16,218.61,520.76,64.20,204.39,0.5995,-1,-1,-1
211,18,95.66,668.77,106.94,241.14,0.7522,-1,-1,-1
211,8,508.90,324.19,71.59,212.06,0.6002,-1,-1,-1
211,19,3.93,611.24,82.10,229.90,0.5875,-1,-1,-1
212,1,426.06,203.51,77.55,210.07,0.4026,-1,-1,-1
212,3,954.10,911.10,64.64,168.49,0.7333,-1,-1,-1
212,4,1720.91,459.29,73.58,209.39,0.5754,-1,-1,-1
212,5,1354.59,570.83,81.80,219.29,0.5019,-1,-1,-1
212,12,897.05,148.10,68.97,184.53,0.4896,-1,-1,-1
212,13,398.98,585.18,83.31,238.62,0.7137,-1,-1,-1
212,6,102.11,543.77,60.83,156.03,0.4588,-1,-1,-1
212,16,217.41,519.45,64.67,205.47,0.6213,-1,-1,-1
212,18,98.36,670.14,108.03,243.68,0.7423,-1,-1,-1
212,8,508.16,325.38,71.31,210.88,0.5919,-1,-1,-1
212,19,14.59,610.36,83.26,233.21,0.5601,-1,-1,-1
213,1,425.89,202.12,77.57,210.20,0.4079,-1,-1,-1
213,3,951.93,910.11,65.12,169.79,0.7462,-1,-1,-1
213,4,1720.95,459.12,73.79,209.75,0.5662,-1,-1,-1
213,5,1354.26,570.60,82.01,220.85,0.5399,-1,-1,-1
213,12,898.46,145.55,68.61,183.95,0.5018,-1,-1,-1
213,13,399.01,582.84,83.91,241.03,0.7107,-1,-1,-1
213,6,100.90,543.95,64.93,167.43,0.4884,-1,-1,-1
213,16,216.54,518.82,64.55,204.69,0.6154,-1,-1,-1
213,18,99.74,669.97,109.57,248.10,0.7481,-1,-1,-1
213,8,507.51,326.03,71.38,211.26,0.6301,-1,-1,-1
213,19,21.54,610.29,83.32,234.11,0.5291,-1,-1,-1
214,1,425.27,201.29,77.49,210.42,0.3952,-1,-1,-1
214,3,950.56,908.95,65.44,171.07,0.7357,-1,-1,-1
214,4,1721.54,459.41,73.23,207.98,0.5651,-1,-1,-1
214,5,1354.21,571.06,81.05,218.80,0.5273,-1,-1,-1
214,12,899.61,142.55,68.78,185.21,0.4661,-1,-1,-1
214,13,399.00,580.23,84.82,243.52,0.6939,-1,-1,-1
214,6,100.95,545.90,66.56,171.95,0.4910,-1,-1,-1
214,16,216.44,518.38,64.38,203.62,0.5919,-1,-1,-1
214,18,102.03,667.70,110.63,252.74,0.7558,-1,-1,-1
214,8,508.24,325.19,71.41,211.29,0.7046,-1,-1,-1
214,19,27.95,613.00,82.22,233.04,0.5565,-1,-1,-1
215,1,425.93,200.58,77.00,209.68,0.3770,-1,-1,-1
215,3,948.92,908.85,65.27,171.21,0.7452,-1,-1,-1
215,4,1721.66,459.62,73.17,207.67,0.5783,-1,-1,-1
215,5,1355.24,571.49,79.96,216.13,0.5412,-1,-1,-1
215,12,900.57,141.81,68.64,185.52,0.4444,-1,-1,-1
215,13,399.15,578.65,85.50,244.92,0.7154,-1,-1,-1
215,6,102.26,547.45,66.68,171.68,0.4498,-1,-1,-1
215,16,216.27,517.54,64.48,203.70,0.5846,-1,-1,-1
215,18,104.52,666.01,110.64,256.34,0.7662,-1,-1,-1
215,8,508.24,325.39,71.92,213.24,0.6744,-1,-1,-1
215,19,35.84,612.85,82.31,235.05,0.5217,-1,-1,-1
216,1,426.39,201.07,75.36,205.38,0.3523,-1,-1,-1
216,3,948.16,908.89,64.97,171.17,0.7379,-1,-1,-1
216,4,1721.50,459.08,73.42,208.58,0.5417,-1,-1,-1
216,5,1355.33,571.18,80.40,217.55,0.5401,-1,-1,-1
216,12,900.72,140.79,68.64,186.21,0.5110,-1,-1,-1
216,13,399.78,577.96,86.00,245.93,0.7190,-1,-1,-1
216,6,103.19,547.85,67.45,172.89,0.4643,-1,-1,-1
216,16,215.57,516.69,64.08,201.99,0.5843,-1,-1,-1
216,18,106.80,664.14,109.94,259.11,0.7809,-1,-1,-1
216,8,507.38,326.89,72.47,215.59,0.6220,-1,-1,-1
216,19,39.96,611.63,83.02,239.24,0.6182,-1,-1,-1
217,1,426.35,199.64,74.58,203.66,0.3483,-1,-1,-1
217,3,947.53,908.69,64.65,171.37,0.7373,-1,-1,-1
217,4,1721.25,459.07,73.52,208.84,0.5310,-1,-1,-1
217,5,1355.37,571.53,80.79,218.26,0.5264,-1,-1,-1
217,12,901.13,140.54,68.33,185.48,0.4603,-1,-1,-1
217,13,400.02,576.75,86.50,246.59,0.7102,-1,-1,-1
217,6,102.82,548.82,67.26,172.12,0.3984,-1,-1,-1
217,16,216.18,515.74,64.11,203.47,0.5799,-1,-1,-1
217,18,108.12,663.43,108.78,259.93,0.7910,-1,-1,-1
217,8,507.31,328.95,72.68,217.27,0.5995,-1,-1,-1
217,19,45.36,613.28,82.66,239.80,0.6286,-1,-1,-1
218,1,426.86,198.72,73.99,201.73,0.3751,-1,-1,-1
218,3,946.08,908.28,64.72,171.78,0.7346,-1,-1,-1
218,4,1721.23,459.26,73.63,209.33,0.5221,-1,-1,-1
218,5,1355.02,571.39,80.96,218.74,0.4943,-1,-1,-1
218,12,901.55,140.75,67.71,183.88,0.3768,-1,-1,-1
218,13,399.96,576.16,86.83,246.49,0.7194,-1,-1,-1
218,6,107.08,548.59,59.72,148.78,0.3211,-1,-1,-1
218,16,216.15,514.20,64.00,205.35,0.5483,-1,-1,-1
218,18,111.51,664.05,106.92,259.00,0.7805,-1,-1,-1
218,8,507.30,330.13,72.83,219.49,0.6175,-1,-1,-1
218,19,53.03,616.79,82.20,237.98,0.4968,-1,-1,-1
219,1,427.76,197.17,73.22,199.51,0.3557,-1,-1,-1
219,3,943.84,907.52,65.17,172.54,0.7543,-1,-1,-1
219,4,1721.07,458.95,73.74,209.85,0.5482,-1,-1,-1
219,5,1355.27,571.79,80.60,217.47,0.5037,-1,-1,-1
219,12,900.92,140.39,68.74,186.44,0.4736,-1,-1,-1
219,13,400.27,575.10,86.73,245.78,0.6950,-1,-1,-1
219,6,108.24,549.11,56.89,137.09,0.3709,-1,-1,-1
219,16,215.07,512.02,62.99,203.51,0.5348,-1,-1,-1
219,18,114.78,663.25,105.27,258.60,0.7718,-1,-1,-1
219,8,507.60,331.66,72.41,220.08,0.6279,-1,-1,-1
219,19,58.68,623.62,79.34,228.48,0.5833,-1,-1,-1
220,1,427.93,196.54,72.80,198.59,0.3743,-1,-1,-1
220,3,942.06,905.99,65.95,174.06,0.7483,-1,-1,-1
220,4,1721.23,459.01,73.59,209.40,0.5645,-1,-1,-1
220,5,1355.36,571.10,81.13,218.34,0.5130,-1,-1,-1
220,12,900.54,140.81,69.44,187.41,0.5145,-1,-1,-1
220,13,399.18,572.47,87.23,246.90,0.7161,-1,-1,-1
220,6,105.56,549.68,57.99,134.56,0.3991,-1,-1,-1
220,16,213.32,508.29,62.29,202.28,0.5507,-1,-1,-1
220,18,119.46,665.28,102.55,253.14,0.7426,-1,-1,-1
220,8,507.63,333.96,71.27,218.42,0.6367,-1,-1,-1
220,19,63.01,629.40,78.26,223.07,0.6055,-1,-1,-1
221,1,428.30,195.29,72.83,199.09,0.3795,-1,-1,-1
221,3,939.51,905.00,66.60,175.05,0.7478,-1,-1,-1
221,4,1720.98,458.62,73.57,209.33,0.5864,-1,-1,-1
221,5,1355.29,571.38,81.24,218.15,0.5156,-1,-1,-1
221,12,901.18,141.07,69.66,187.98,0.5413,-1,-1,-1
221,13,398.89,569.63,87.42,248.04,0.6930,-1,-1,-1
221,6,102.22,550.56,61.03,136.10,0.4771,-1,-1,-1
221,16,212.20,504.92,61.93,201.52,0.5993,-1,-1,-1
221,18,124.11,667.10,101.83,252.25,0.7299,-1,-1,-1
221,8,508.17,336.17,70.93,218.64,0.6037,-1,-1,-1
221,19,67.53,633.93,78.07,219.95,0.6307,-1,-1,-1
221,20,597.77,343.74,58.13,199.96,0.5795,-1,-1,-1
222,1,428.67,194.00,72.88,199.71,0.3574,-1,-1,-1
222,3,938.03,904.85,67.19,175.18,0.7536,-1,-1,-1
222,4,1721.41,458.55,73.46,208.94,0.5636,-1,-1,-1
222,5,1355.43,571.56,81.95,219.54,0.4864,-1,-1,-1
222,12,901.48,140.66,69.28,187.19,0.4983,-1,-1,-1
222,13,398.08,566.01,87.72,249.93,0.7095,-1,-1,-1
222,6,99.63,550.97,68.18,150.07,0.3800,-1,-1,-1
222,16,210.57,503.41,62.12,200.86,0.5619,-1,-1,-1
222,18,131.11,668.75,102.34,251.82,0.7161,-1,-1,-1
222,8,508.73,336.84,70.47,218.94,0.5869,-1,-1,-1
222,19,72.07,632.67,80.63,224.01,0.5145,-1,-1,-1
222,20,597.27,345.06,57.94,199.20,0.5703,-1,-1,-1
223,1,429.68,193.65,73.04,201.20,0.3380,-1,-1,-1
223,3,936.95,904.58,67.77,175.45,0.7458,-1,-1,-1
223,4,1721.59,458.01,73.40,209.21,0.5424,-1,-1,-1
223,5,1355.57,571.66,82.66,220.90,0.4530,-1,-1,-1
223,12,900.95,140.54,68.84,185.91,0.4488,-1,-1,-1
223,13,398.05,564.09,86.40,246.81,0.7262,-1,-1,-1
223,6,101.04,551.92,66.86,143.60,0.4596,-1,-1,-1
223,16,210.07,502.30,62.28,200.31,0.5644,-1,-1,-1
223,18,135.11,670.37,104.87,255.96,0.6906,-1,-1,-1
223,8,509.26,337.44,70.04,218.68,0.5837,-1,-1,-1
223,19,73.87,634.06,81.61,224.84,0.5790,-1,-1,-1
223,20,596.41,346.08,57.74,198.35,0.5589,-1,-1,-1
224,1,430.79,193.32,72.99,201.99,0.3566,-1,-1,-1
224,3,936.25,904.30,68.19,175.72,0.7163,-1,-1,-1
224,4,1721.58,458.72,73.34,208.96,0.5480,-1,-1,-1
224,5,1355.85,571.63,85.07,226.62,0.4355,-1,-1,-1
224,12,902.67,138.11,69.17,186.31,0.4202,-1,-1,-1
224,13,397.90,560.96,84.46,241.68,0.7176,-1,-1,-1
224,6,101.47,552.53,67.69,142.87,0.3625,-1,-1,-1
224,16,210.38,500.78,62.17,201.40,0.5536,-1,-1,-1
224,18,138.97,674.37,107.19,258.69,0.7251,-1,-1,-1
224,8,510.22,338.18,69.77,218.40,0.5864,-1,-1,-1
224,19,75.75,635.34,81.19,223.03,0.5425,-1,-1,-1
224,20,595.74,346.56,57.69,197.90,0.5600,-1,-1,-1
225,1,430.09,192.07,73.46,203.77,0.3697,-1,-1,-1
225,3,935.67,903.40,68.77,176.57,0.7277,-1,-1,-1
225,4,1721.42,458.74,73.55,209.42,0.5844,-1,-1,-1
225,5,1355.97,572.08,86.78,230.56,0.4107,-1,-1,-1
225,12,904.39,137.24,69.22,185.71,0.3908,-1,-1,-1
225,13,397.05,557.98,82.98,238.04,0.7174,-1,-1,-1
225,6,100.78,553.12,70.35,147.27,0.3707,-1,-1,-1
225,16,210.54,499.44,61.77,200.96,0.6085,-1,-1,-1
225,18,140.70,677.36,109.71,262.80,0.7730,-1,-1,-1
225,8,511.36,338.77,69.60,217.82,0.5869,-1,-1,-1
225,19,78.47,638.37,81.65,225.70,0.5939,-1,-1,-1
225,20,595.17,347.79,57.26,196.09,0.5710,-1,-1,-1
226,1,430.36,190.56,73.68,204.92,0.3921,-1,-1,-1
226,3,934.37,902.31,69.64,177.69,0.7229,-1,-1,-1
226,4,1721.41,458.27,73.89,210.27,0.5776,-1,-1,-1
226,5,1357.19,573.39,86.14,227.11,0.4493,-1,-1,-1
226,12,905.48,135.63,68.67,184.92,0.3655,-1,-1,-1
226,13,394.67,555.51,83.22,237.96,0.7256,-1,-1,-1
226,6,101.01,554.16,72.96,151.83,0.4254,-1,-1,-1
226,16,208.75,499.05,62.44,201.50,0.6061,-1,-1,-1
226,18,142.14,680.12,111.07,264.72,0.7541,-1,-1,-1
226,8,510.94,339.58,69.82,217.33,0.6158,-1,-1,-1
226,19,82.72,640.22,81.68,226.94,0.6083,-1,-1,-1
226,20,593.92,347.73,57.40,195.96,0.5808,-1,-1,-1
227,1,430.87,188.80,74.23,207.16,0.4148,-1,-1,-1
227,3,933.64,901.93,70.07,178.08,0.7084,-1,-1,-1
227,4,1721.39,458.24,73.77,210.02,0.5959,-1,-1,-1
227,5,1356.96,573.87,86.25,226.33,0.4634,-1,-1,-1
227,12,906.48,133.98,68.66,186.60,0.3492,-1,-1,-1
227,13,392.62,553.13,83.69,238.74,0.7345,-1,-1,-1
227,6,101.69,554.57,74.96,155.31,0.4694,-1,-1,-1
227,16,208.56,498.02,63.24,203.23,0.6051,-1,-1,-1
227,18,144.32,682.60,112.56,268.18,0.7645,-1,-1,-1
227,8,511.31,342.38,69.24,213.91,0.6181,-1,-1,-1
227,19,88.80,639.60,81.47,228.08,0.5923,-1,-1,-1
227,20,592.45,347.64,57.98,196.87,0.5905,-1,-1,-1
228,1,431.70,188.22,74.14,207.59,0.4359,-1,-1,-1
228,3,933.23,901.12,70.56,178.88,0.6959,-1,-1,-1
228,4,1721.69,459.17,73.36,208.64,0.5959,-1,-1,-1
228,5,1357.65,575.24,88.18,229.40,0.4485,-1,-1,-1
228,12,909.10,132.86,67.09,182.34,0.3554,-1,-1,-1
228,13,389.94,551.79,84.48,239.42,0.7355,-1,-1,-1
228,6,104.06,555.01,72.75,148.91,0.4600,-1,-1,-1
228,16,208.85,496.89,63.65,203.73,0.6216,-1,-1,-1
228,18,145.86,686.55,111.32,266.99,0.7348,-1,-1,-1
228,8,510.67,342.05,69.41,213.84,0.6389,-1,-1,-1
228,19,93.81,640.13,81.95,230.63,0.6015,-1,-1,-1
228,20,591.51,348.74,57.97,195.59,0.5722,-1,-1,-1
229,1,432.22,187.81,74.09,208.58,0.4224,-1,-1,-1
229,3,932.57,900.35,71.06,179.66,0.7159,-1,-1,-1
229,4,1721.27,459.33,73.52,208.85,0.6032,-1,-1,-1
229,5,1357.59,575.97,86.74,223.85,0.4912,-1,-1,-1
229,12,912.33,132.00,65.77,178.53,0.3883,-1,-1,-1
229,13,387.53,549.60,85.90,241.69,0.7259,-1,-1,-1
229,6,106.47,555.95,71.03,143.06,0.4676,-1,-1,-1
229,16,208.16,495.82,64.29,204.93,0.5914,-1,-1,-1
229,18,146.13,689.72,109.96,265.93,0.7292,-1,-1,-1
229,8,510.83,343.67,69.35,212.47,0.6494,-1,-1,-1
229,19,100.50,642.75,80.05,226.47,0.5915,-1,-1,-1
229,20,590.90,349.55,58.07,194.65,0.5610,-1,-1,-1
230,1,433.64,187.42,73.13,206.71,0.4568,-1,-1,-1
230,3,932.47,899.68,71.40,180.33,0.7128,-1,-1,-1
230,4,1721.29,459.55,73.47,208.48,0.5843,-1,-1,-1
230,5,1357.75,575.42,88.97,227.72,0.4599,-1,-1,-1
230,12,915.80,130.62,64.68,175.22,0.3401,-1,-1,-1
230,13,385.33,546.67,87.92,245.79,0.7325,-1,-1,-1
230,6,109.40,556.48,68.05,133.30,0.4544,-1,-1,-1
230,16,207.46,494.58,64.64,204.78,0.5885,-1,-1,-1
230,18,147.31,692.99,109.32,264.77,0.7490,-1,-1,-1
230,8,510.91,344.43,69.84,213.21,0.6391,-1,-1,-1
230,19,106.51,645.04,77.06,218.76,0.5597,-1,-1,-1
230,20,590.39,350.99,58.24,193.58,0.5282,-1,-1,-1
231,1,435.04,186.88,72.34,204.83,0.4380,-1,-1,-1
231,3,932.06,899.28,71.70,180.68,0.7280,-1,-1,-1
231,4,1721.33,458.82,73.82,209.49,0.6111,-1,-1,-1
231,5,1358.40,577.28,88.59,224.65,0.4709,-1,-1,-1
231,12,918.07,129.56,65.56,177.18,0.3073,-1,-1,-1
231,13,383.30,545.13,89.23,247.76,0.7378,-1,-1,-1
231,6,109.98,556.80,67.48,128.88,0.4822,-1,-1,-1
231,16,209.82,493.30,64.52,204.52,0.5615,-1,-1,-1
231,18,150.06,695.34,108.05,263.30,0.7690,-1,-1,-1
231,8,510.17,345.42,70.16,213.03,0.6587,-1,-1,-1
231,19,117.75,644.64,62.10,170.56,0.4762,-1,-1,-1
231,20,589.81,350.46,58.78,193.34,0.5486,-1,-1,-1
232,1,436.14,186.46,72.27,205.33,0.4459,-1,-1,-1
232,3,932.03,899.24,71.88,180.75,0.7216,-1,-1,-1
232,4,1721.44,458.08,73.97,210.19,0.6170,-1,-1,-1
232,5,1358.65,578.31,90.56,228.24,0.4685,-1,-1,-1
232,12,919.50,127.19,66.62,179.68,0.3077,-1,-1,-1
232,13,380.78,544.55,90.24,248.33,0.7138,-1,-1,-1
232,6,109.66,557.18,68.69,128.73,0.4507,-1,-1,-1
232,16,213.15,492.22,63.78,203.52,0.5229,-1,-1,-1
232,18,155.72,697.67,105.68,260.54,0.7635,-1,-1,-1
232,8,508.94,345.96,70.83,215.06,0.6660,-1,-1,-1
232,19,114.03,647.36,76.01,212.62,0.5338,-1,-1,-1
232,20,590.00,351.77,58.59,191.12,0.5240,-1,-1,-1
233,1,437.23,184.76,72.51,207.10,0.4114,-1,-1,-1
233,3,932.29,898.96,71.95,181.05,0.7094,-1,-1,-1
233,4,1721.62,458.35,73.75,209.52,0.5950,-1,-1,-1
233,5,1358.33,577.77,93.19,233.60,0.4543,-1,-1,-1
233,12,920.80,126.17,66.37,178.81,0.2875,-1,-1,-1
233,13,378.99,544.18,90.60,247.15,0.6922,-1,-1,-1
233,6,109.39,557.85,71.20,131.60,0.4186,-1,-1,-1
233,16,213.03,490.66,64.02,203.61,0.5895,-1,-1,-1
233,18,160.30,699.86,103.47,258.03,0.7785,-1,-1,-1
233,8,507.88,346.86,71.79,218.18,0.6782,-1,-1,-1
233,19,114.11,648.49,78.02,221.80,0.5440,-1,-1,-1
233,20,589.72,353.37,58.91,190.76,0.5167,-1,-1,-1
234,1,438.58,183.59,72.62,208.28,0.4265,-1,-1,-1
234,3,933.29,899.80,71.30,180.21,0.6986,-1,-1,-1
234,4,1721.95,458.26,73.76,209.67,0.6143,-1,-1,-1
234,5,1357.76,576.30,95.60,238.17,0.5115,-1,-1,-1
234,12,921.71,124.07,67.11,180.59,0.3618,-1,-1,-1
234,13,377.69,542.72,90.73,245.24,0.7138,-1,-1,-1
234,6,94.18,558.79,102.95,197.98,0.3865,-1,-1,-1
234,16,214.78,488.68,63.07,200.38,0.5977,-1,-1,-1
234,18,163.08,701.24,102.07,257.13,0.7941,-1,-1,-1
234,8,506.65,347.79,72.26,220.30,0.6877,-1,-1,-1
234,19,114.17,650.42,78.03,223.88,0.4359,-1,-1,-1
234,20,589.06,354.33,59.90,192.91,0.5440,-1,-1,-1
235,1,440.46,182.39,72.07,207.64,0.4529,-1,-1,-1
235,3,933.31,900.36,70.71,179.65,0.6792,-1,-1,-1
235,4,1721.99,458.71,73.56,209.32,0.5930,-1,-1,-1
235,5,1359.17,576.46,96.43,238.43,0.4412,-1,-1,-1
235,12,922.05,123.10,68.33,184.55,0.3728,-1,-1,-1
235,13,376.05,541.53,91.28,245.32,0.7203,-1,-1,-1
235,6,102.77,559.38,87.26,165.48,0.4371,-1,-1,-1
235,16,215.97,486.20,62.39,198.49,0.5966,-1,-1,-1
235,18,166.53,702.62,99.72,254.49,0.7770,-1,-1,-1
235,8,505.80,350.08,72.22,220.83,0.6857,-1,-1,-1
235,19,116.17,652.93,76.57,221.72,0.5006,-1,-1,-1
235,20,589.28,356.33,60.01,192.44,0.5306,-1,-1,-1
236,1,442.45,182.35,70.62,204.09,0.4484,-1,-1,-1
236,3,933.67,900.36,70.27,179.65,0.6707,-1,-1,-1
236,4,1721.91,459.11,73.36,209.04,0.6045,-1,-1,-1
236,5,1360.57,576.61,97.22,238.81,0.4514,-1,-1,-1
236,12,922.91,122.04,68.94,186.42,0.3633,-1,-1,-1
236,13,375.22,540.78,91.29,244.27,0.7206,-1,-1,-1
236,6,107.42,560.14,80.53,151.17,0.5191,-1,-1,-1
236,16,216.83,483.97,62.07,197.04,0.5821,-1,-1,-1
236,18,169.82,703.14,98.18,253.92,0.7785,-1,-1,-1
236,8,505.29,352.73,71.40,219.04,0.6849,-1,-1,-1
236,19,119.64,656.60,75.50,220.30,0.5674,-1,-1,-1
236,20,588.94,358.44,59.10,188.68,0.5089,-1,-1,-1
237,1,443.37,181.51,69.77,201.47,0.3805,-1,-1,-1
237,3,933.96,900.37,69.74,179.64,0.6756,-1,-1,-1
237,4,1721.63,458.52,73.48,209.50,0.5918,-1,-1,-1
237,5,1362.95,577.42,97.73,238.92,0.4267,-1,-1,-1
237,12,924.34,122.54,68.74,186.68,0.3098,-1,-1,-1
237,13,374.84,538.00,91.60,244.89,0.7039,-1,-1,-1
237,6,109.07,560.32,78.67,146.63,0.5156,-1,-1,-1
237,16,218.00,482.45,61.95,196.40,0.5577,-1,-1,-1
237,18,173.13,703.79,96.27,251.76,0.7907,-1,-1,-1
237,8,504.14,355.40,70.82,217.36,0.6775,-1,-1,-1
237,19,123.48,655.41,75.40,222.00,0.6014,-1,-1,-1
237,20,588.56,360.63,59.29,188.63,0.5126,-1,-1,-1
238,1,443.76,180.47,69.58,200.59,0.3885,-1,-1,-1
238,3,933.68,900.37,69.16,179.64,0.6804,-1,-1,-1
238,4,1721.55,459.53,73.09,208.32,0.6048,-1,-1,-1
238,5,1366.12,578.57,98.49,239.73,0.4167,-1,-1,-1
238,12,925.40,120.58,69.09,187.99,0.3607,-1,-1,-1
238,13,375.65,535.61,91.12,243.88,0.7082,-1,-1,-1
238,6,98.06,560.97,105.61,203.40,0.4707,-1,-1,-1
238,16,218.06,480.34,62.21,196.98,0.5441,-1,-1,-1
238,18,176.99,703.96,95.54,252.60,0.7751,-1,-1,-1
238,8,502.94,356.96,70.98,218.08,0.6984,-1,-1,-1
238,19,130.54,658.29,72.88,217.02,0.4665,-1,-1,-1
238,20,588.52,362.02,59.34,187.95,0.5446,-1,-1,-1
239,1,444.63,179.14,69.71,200.37,0.4007,-1,-1,-1
239,3,933.53,900.16,68.59,179.84,0.7091,-1,-1,-1
239,4,1721.71,458.86,73.31,209.13,0.6243,-1,-1,-1
239,5,1364.49,577.30,100.08,240.62,0.4689,-1,-1,-1
239,12,926.22,120.30,67.80,184.39,0.4368,-1,-1,-1
239,13,377.88,531.59,89.56,240.77,0.7626,-1,-1,-1
239,6,94.60,561.65,114.36,227.69,0.4803,-1,-1,-1
239,16,218.53,479.53,62.41,197.48,0.5842,-1,-1,-1
239,18,181.03,705.59,94.26,251.42,0.7565,-1,-1,-1
239,8,501.87,357.99,70.58,216.66,0.6810,-1,-1,-1
239,19,135.02,657.82,72.74,218.58,0.5326,-1,-1,-1
239,20,589.00,362.55,59.57,187.61,0.5604,-1,-1,-1
240,1,445.05,177.60,70.35,201.16,0.3621,-1,-1,-1
240,3,933.78,900.28,67.75,179.34,0.7058,-1,-1,-1
240,4,1721.65,459.11,73.38,208.95,0.5961,-1,-1,-1
240,5,1363.96,576.62,101.32,240.45,0.4583,-1,-1,-1
240,12,925.12,118.95,67.90,185.12,0.4096,-1,-1,-1
240,13,380.88,528.62,87.45,236.88,0.7471,-1,-1,-1
240,16,218.39,478.24,62.94,199.08,0.5941,-1,-1,-1
240,18,185.64,707.05,95.13,253.87,0.7580,-1,-1,-1
240,8,500.31,358.66,71.23,217.93,0.6518,-1,-1,-1
240,19,140.15,655.87,73.15,221.04,0.5606,-1,-1,-1
240,20,588.97,363.90,58.80,185.42,0.5467,-1,-1,-1
241,1,446.14,178.03,70.59,200.71,0.3663,-1,-1,-1
241,3,933.51,900.25,67.20,179.60,0.7165,-1,-1,-1
241,4,1721.67,458.80,73.29,208.88,0.6293,-1,-1,-1
241,5,1364.29,573.60,103.72,242.00,0.5084,-1,-1,-1
241,12,924.78,118.28,67.34,183.52,0.4465,-1,-1,-1
241,13,383.36,526.02,85.79,234.41,0.7310,-1,-1,-1
241,16,218.06,476.67,63.66,201.43,0.6216,-1,-1,-1
241,18,190.03,709.37,96.41,256.26,0.7774,-1,-1,-1
241,8,498.62,359.15,71.72,218.81,0.6604,-1,-1,-1
241,19,153.16,653.39,57.97,168.05,0.4030,-1,-1,-1
241,20,589.31,365.57,58.14,182.94,0.5625,-1,-1,-1
241,6,108.68,564.07,87.60,172.51,0.5326,-1,-1,-1
242,1,446.73,177.16,71.34,202.64,0.3647,-1,-1,-1
242,3,933.86,900.62,66.62,179.33,0.7258,-1,-1,-1
242,4,1721.48,459.26,73.11,208.48,0.6141,-1,-1,-1
242,5,1364.18,571.05,106.01,243.61,0.5360,-1,-1,-1
242,12,927.58,120.14,66.01,181.25,0.4576,-1,-1,-1
242,13,384.34,523.07,85.00,233.83,0.6998,-1,-1,-1
242,16,218.06,475.15,63.78,201.82,0.5972,-1,-1,-1
242,18,194.50,711.80,96.64,256.46,0.7483,-1,-1,-1
242,8,497.07,360.81,71.71,217.93,0.6509,-1,-1,-1
242,19,157.82,650.87,59.04,168.49,0.4308,-1,-1,-1
242,20,588.41,365.56,59.47,186.76,0.5497,-1,-1,-1
242,6,108.29,564.58,89.29,177.23,0.4401,-1,-1,-1
243,1,447.48,176.30,71.70,204.11,0.3471,-1,-1,-1
243,3,933.48,900.43,66.19,179.56,0.7105,-1,-1,-1
243,4,1721.57,458.96,72.96,207.76,0.6313,-1,-1,-1
243,5,1362.93,568.78,108.16,245.97,0.5391,-1,-1,-1
243,12,929.39,119.78,65.01,179.60,0.5040,-1,-1,-1
243,13,385.20,520.19,84.74,235.26,0.6889,-1,-1,-1
243,16,217.95,474.34,64.04,202.42,0.6052,-1,-1,-1
243,18,198.72,716.37,96.77,255.92,0.6952,-1,-1,-1
243,8,495.09,361.04,71.99,218.34,0.6478,-1,-1,-1
243,19,162.84,651.05,58.87,163.43,0.4760,-1,-1,-1
243,20,587.52,365.65,61.19,192.13,0.5772,-1,-1,-1
243,6,101.61,563.19,104.38,213.66,0.5385,-1,-1,-1
244,1,448.31,175.77,72.17,204.39,0.3522,-1,-1,-1
244,3,933.73,901.02,65.66,178.98,0.7838,-1,-1,-1
244,4,1721.28,458.90,72.98,207.73,0.6058,-1,-1,-1
244,5,1362.12,569.59,108.65,244.77,0.5083,-1,-1,-1
244,12,930.65,118.35,64.38,179.13,0.4404,-1,-1,-1
244,13,385.87,517.99,84.55,236.64,0.6922,-1,-1,-1
244,16,217.77,472.69,63.41,200.06,0.5756,-1,-1,-1
244,18,201.78,725.35,95.36,250.95,0.7047,-1,-1,-1
244,8,493.32,361.77,71.48,216.24,0.6440,-1,-1,-1
244,19,169.59,653.07,59.69,158.52,0.5564,-1,-1,-1
244,20,585.69,366.83,62.31,196.29,0.5811,-1,-1,-1
244,6,99.64,564.17,110.88,234.11,0.5666,-1,-1,-1
245,1,448.71,175.66,72.22,203.92,0.3197,-1,-1,-1
245,3,934.05,902.24,65.08,177.76,0.7905,-1,-1,-1
245,4,1721.03,458.99,73.10,207.92,0.5890,-1,-1,-1
245,5,1362.97,569.83,109.22,244.66,0.4331,-1,-1,-1
245,12,932.06,116.60,63.77,178.89,0.4545,-1,-1,-1
245,13,386.38,517.61,84.33,237.44,0.6789,-1,-1,-1
245,16,217.37,471.33,63.70,200.86,0.5676,-1,-1,-1
245,18,201.28,729.06,95.70,250.65,0.7026,-1,-1,-1
245,8,491.93,362.07,72.20,218.43,0.6682,-1,-1,-1
245,19,173.83,654.87,59.39,152.26,0.5937,-1,-1,-1
245,20,584.77,368.98,62.73,198.63,0.5902,-1,-1,-1
245,6,101.13,566.90,111.47,242.51,0.6239,-1,-1,-1
246,1,449.04,176.03,72.55,204.24,0.3247,-1,-1,-1
246,3,934.74,903.23,64.67,176.78,0.7802,-1,-1,-1
246,4,1720.97,458.53,73.62,209.35,0.6071,-1,-1,-1
246,5,1366.87,571.26,108.18,242.94,0.4681,-1,-1,-1
246,12,933.24,115.76,63.26,179.35,0.4118,-1,-1,-1
246,13,386.87,517.07,84.43,238.92,0.6975,-1,-1,-1
246,16,218.49,470.29,64.29,203.49,0.5842,-1,-1,-1
246,18,202.19,731.15,96.92,254.67,0.6851,-1,-1,-1
246,8,490.19,363.40,71.61,215.75,0.6926,-1,-1,-1
246,19,178.80,655.24,60.44,151.16,0.6019,-1,-1,-1
246,20,583.98,370.69,63.00,200.16,0.6293,-1,-1,-1
246,6,103.60,566.40,110.33,247.14,0.6378,-1,-1,-1
247,1,449.65,175.55,73.10,204.71,0.3377,-1,-1,-1
247,3,935.26,903.74,64.40,176.27,0.7679,-1,-1,-1
247,4,1720.67,458.45,73.60,208.92,0.6213,-1,-1,-1
247,5,1368.65,568.68,109.62,247.23,0.5722,-1,-1,-1
247,12,934.38,114.49,62.20,177.70,0.4335,-1,-1,-1
247,13,387.38,516.79,84.50,240.22,0.7045,-1,-1,-1
247,16,218.33,468.94,64.62,205.32,0.5818,-1,-1,-1
247,18,203.89,733.26,97.27,256.10,0.6714,-1,-1,-1
247,8,488.73,364.42,71.64,215.08,0.7435,-1,-1,-1
247,19,185.09,656.43,60.48,145.75,0.4379,-1,-1,-1
247,20,583.32,372.28,63.78,203.36,0.6808,-1,-1,-1
247,6,106.50,565.53,109.41,251.18,0.6227,-1,-1,-1
248,1,449.57,173.87,74.74,208.78,0.3514,-1,-1,-1
248,3,936.10,904.85,64.05,175.07,0.7522,-1,-1,-1
248,4,1720.18,459.21,73.66,208.47,0.6285,-1,-1,-1
248,5,1371.60,569.44,108.64,246.36,0.5482,-1,-1,-1
248,12,936.10,113.61,61.25,176.20,0.4610,-1,-1,-1
248,13,387.74,516.44,84.28,240.57,0.6932,-1,-1,-1
248,16,218.91,467.60,63.79,203.92,0.5751,-1,-1,-1
248,18,203.25,735.04,97.43,257.39,0.5900,-1,-1,-1
248,8,487.61,365.84,71.63,214.91,0.7420,-1,-1,-1
248,19,189.12,661.54,62.09,144.98,0.3691,-1,-1,-1
248,20,582.52,374.36,64.16,205.97,0.6458,-1,-1,-1
248,6,110.71,565.18,106.55,250.32,0.6807,-1,-1,-1
249,1,450.05,172.16,75.46,210.35,0.3881,-1,-1,-1
249,3,936.78,905.30,64.07,174.67,0.7498,-1,-1,-1
249,4,1720.39,459.52,73.44,207.81,0.5909,-1,-1,-1
249,5,1374.47,569.91,107.53,247.37,0.5263,-1,-1,-1
249,12,937.43,111.47,61.60,178.28,0.5147,-1,-1,-1
249,13,387.95,515.72,84.16,240.39,0.6857,-1,-1,-1
249,16,219.83,466.79,61.61,197.37,0.5555,-1,-1,-1
249,18,203.98,740.51,95.17,252.97,0.4889,-1,-1,-1
249,8,486.70,367.21,71.87,215.65,0.7133,-1,-1,-1
249,20,581.93,377.78,63.61,205.37,0.6024,-1,-1,-1
249,6,113.52,565.45,104.46,251.37,0.6683,-1,-1,-1
250,1,450.14,170.49,75.86,211.30,0.3734,-1,-1,-1
250,3,937.46,905.73,64.20,174.26,0.7305,-1,-1,-1
250,4,1720.73,458.62,73.72,208.69,0.5971,-1,-1,-1
250,5,1377.45,569.67,105.55,246.87,0.5921,-1,-1,-1
250,12,937.16,109.88,62.00,179.93,0.4961,-1,-1,-1
250,13,388.65,515.50,83.87,239.34,0.6798,-1,-1,-1
250,16,221.07,465.04,60.98,195.85,0.5542,-1,-1,-1
250,18,209.06,745.65,92.55,246.42,0.4595,-1,-1,-1
250,8,486.15,368.90,72.52,217.79,0.6864,-1,-1,-1
250,20,581.33,380.73,62.86,203.62,0.6335,-1,-1,-1
250,6,117.64,566.85,101.35,248.86,0.6768,-1,-1,-1
251,1,449.96,168.62,75.77,211.52,0.3774,-1,-1,-1
251,3,938.82,907.17,63.93,172.83,0.7402,-1,-1,-1
251,4,1720.69,459.07,73.69,208.03,0.6042,-1,-1,-1
251,5,1379.99,568.87,104.14,247.32,0.6262,-1,-1,-1
251,12,937.01,109.85,62.49,180.59,0.4687,-1,-1,-1
251,13,388.77,513.03,84.10,239.68,0.6659,-1,-1,-1
251,16,221.38,461.92,61.06,196.69,0.5624,-1,-1,-1
251,18,210.07,745.53,92.55,247.50,0.5581,-1,-1,-1
251,8,486.63,369.37,73.80,223.68,0.6539,-1,-1,-1
251,20,580.67,382.93,62.61,203.54,0.6521,-1,-1,-1
251,6,121.54,566.53,99.87,250.15,0.7001,-1,-1,-1
251,19,199.58,672.52,63.30,139.56,0.5087,-1,-1,-1
252,1,450.14,167.40,74.93,209.20,0.3789,-1,-1,-1
252,3,939.67,907.94,63.96,172.06,0.7126,-1,-1,-1
252,4,1720.80,459.49,73.53,207.42,0.5844,-1,-1,-1
252,5,1381.34,569.54,101.62,244.40,0.5682,-1,-1,-1
252,12,937.21,107.51,63.14,182.08,0.4813,-1,-1,-1
252,13,389.21,510.33,84.32,240.65,0.6644,-1,-1,-1
252,16,220.46,457.25,61.91,200.44,0.5740,-1,-1,-1
252,18,211.58,743.27,93.59,249.23,0.6635,-1,-1,-1
252,8,486.61,371.81,74.07,226.35,0.6551,-1,-1,-1
252,20,579.98,383.93,62.87,204.87,0.6667,-1,-1,-1
252,6,125.69,567.03,97.84,248.86,0.7028,-1,-1,-1
252,19,199.56,675.26,66.43,139.90,0.4679,-1,-1,-1
253,1,450.82,166.64,74.30,208.32,0.3856,-1,-1,-1
253,3,940.43,908.26,64.27,171.74,0.7337,-1,-1,-1
253,4,1720.97,458.46,73.93,208.70,0.5708,-1,-1,-1
253,5,1382.32,570.21,100.96,246.12,0.6152,-1,-1,-1
253,12,936.97,108.32,63.36,181.65,0.4960,-1,-1,-1
253,13,389.14,507.62,84.06,240.09,0.6694,-1,-1,-1
253,16,221.22,456.57,61.57,199.09,0.6020,-1,-1,-1
253,18,215.20,740.19,93.91,250.85,0.7349,-1,-1,-1
253,8,486.79,374.05,73.63,226.26,0.6620,-1,-1,-1
253,20,578.48,384.13,63.45,207.27,0.6811,-1,-1,-1
253,6,129.66,566.92,96.06,247.28,0.6960,-1,-1,-1
253,19,202.03,676.87,66.70,136.94,0.4559,-1,-1,-1
254,1,451.57,165.97,73.10,205.50,0.3665,-1,-1,-1
254,3,941.43,909.33,64.29,170.67,0.7323,-1,-1,-1
254,4,1720.70,458.69,73.90,208.67,0.5818,-1,-1,-1
254,5,1383.78,570.07,99.62,245.95,0.6190,-1,-1,-1
254,12,937.26,108.61,63.87,181.72,0.4884,-1,-1,-1
254,13,389.24,504.97,83.30,238.79,0.6370,-1,-1,-1
254,16,221.33,455.74,61.56,198.80,0.5803,-1,-1,-1
254,18,218.46,738.34,94.07,253.19,0.7768,-1,-1,-1
254,8,486.23,374.21,74.11,229.48,0.6529,-1,-1,-1
254,20,577.43,385.82,63.46,207.51,0.6926,-1,-1,-1
254,6,132.71,566.68,94.42,245.35,0.6680,-1,-1,-1
254,19,202.31,677.89,68.35,137.01,0.4659,-1,-1,-1
255,1,452.59,165.35,71.29,202.21,0.3490,-1,-1,-1
255,3,942.08,909.70,64.57,169.75,0.7318,-1,-1,-1
255,4,1720.82,459.12,73.52,207.80,0.6056,-1,-1,-1
255,5,1384.72,569.58,99.25,248.23,0.6549,-1,-1,-1
255,12,937.11,108.54,64.19,180.68,0.4833,-1,-1,-1
255,13,390.69,502.40,81.72,234.41,0.6719,-1,-1,-1
255,16,221.55,455.21,61.53,198.08,0.6190,-1,-1,-1
255,18,219.57,736.67,95.78,259.11,0.7279,-1,-1,-1
255,8,485.99,374.92,74.00,230.55,0.6683,-1,-1,-1
255,20,576.33,386.29,63.50,208.00,0.7301,-1,-1,-1
255,6,135.33,565.17,93.30,244.69,0.6901,-1,-1,-1
255,19,204.73,679.75,69.57,136.66,0.4723,-1,-1,-1
256,1,453.37,164.49,70.12,199.60,0.3201,-1,-1,-1
256,3,942.35,909.96,65.26,169.84,0.7426,-1,-1,-1
256,4,1720.42,459.06,73.77,208.40,0.5662,-1,-1,-1
256,5,1387.07,568.86,97.72,246.89,0.6372,-1,-1,-1
256,12,937.29,107.79,64.72,180.60,0.4852,-1,-1,-1
256,13,391.18,499.01,80.71,231.83,0.6535,-1,-1,-1
256,16,221.76,454.60,61.32,196.85,0.5988,-1,-1,-1
256,18,222.75,736.73,96.95,265.11,0.7177,-1,-1,-1
256,8,486.68,375.62,73.37,230.40,0.6656,-1,-1,-1
256,20,575.61,387.10,63.33,207.69,0.7455,-1,-1,-1
256,6,137.46,565.21,92.25,243.71,0.6533,-1,-1,-1
256,19,208.57,678.60,74.81,144.25,0.5375,-1,-1,-1
257,1,454.34,163.36,69.10,197.22,0.3062,-1,-1,-1
257,3,942.87,910.96,65.70,168.77,0.7510,-1,-1,-1
257,4,1720.25,459.71,73.51,207.54,0.5791,-1,-1,-1
257,5,1389.39,567.79,96.17,245.42,0.6266,-1,-1,-1
257,12,937.15,106.96,65.32,181.15,0.4317,-1,-1,-1
257,13,391.72,495.05,80.70,232.02,0.6821,-1,-1,-1
257,16,221.79,453.92,61.84,197.53,0.5731,-1,-1,-1
257,18,227.56,743.20,96.44,267.01,0.7340,-1,-1,-1
257,8,486.68,378.10,72.53,228.44,0.6771,-1,-1,-1
257,20,574.90,387.52,62.98,206.65,0.7587,-1,-1,-1
257,6,139.51,565.05,91.95,243.53,0.6212,-1,-1,-1
257,19,209.13,678.67,78.98,150.62,0.5768,-1,-1,-1
258,1,455.37,163.04,68.68,196.17,0.3235,-1,-1,-1
258,3,943.10,912.41,65.78,166.61,0.7495,-1,-1,-1
258,4,1720.48,459.52,73.56,207.59,0.5667,-1,-1,-1
258,5,1391.58,566.86,94.10,242.14,0.6223,-1,-1,-1
258,12,938.51,105.75,65.25,180.07,0.4243,-1,-1,-1
258,13,390.66,492.66,81.00,233.06,0.6811,-1,-1,-1
258,16,222.40,452.95,62.06,197.52,0.5341,-1,-1,-1
258,18,229.19,747.53,96.30,269.46,0.7665,-1,-1,-1
258,8,487.12,377.63,72.25,228.95,0.6610,-1,-1,-1
258,20,574.75,388.10,62.46,205.22,0.7464,-1,-1,-1
258,6,141.59,564.94,92.55,245.67,0.5905,-1,-1,-1
258,19,212.20,679.62,81.25,155.07,0.5354,-1,-1,-1
259,1,457.69,162.36,68.81,196.99,0.3513,-1,-1,-1
259,3,943.64,913.85,66.19,164.86,0.7306,-1,-1,-1
259,4,1720.35,459.39,73.90,208.27,0.5631,-1,-1,-1
259,5,1395.18,566.55,91.69,238.50,0.5870,-1,-1,-1
259,12,939.48,103.80,64.98,179.37,0.4180,-1,-1,-1
259,13,389.43,491.38,81.31,233.48,0.6574,-1,-1,-1
259,16,223.01,452.14,61.87,196.74,0.5073,-1,-1,-1
259,18,231.38,752.92,94.40,265.99,0.7464,-1,-1,-1
259,8,486.70,380.79,71.12,225.49,0.6672,-1,-1,-1
259,20,574.58,389.56,61.96,203.11,0.7489,-1,-1,-1
259,6,144.35,565.87,92.37,244.81,0.6284,-1,-1,-1
259,19,218.60,681.29,73.92,136.65,0.4734,-1,-1,-1
260,1,458.08,162.17,69.03,197.52,0.3749,-1,-1,-1
260,3,944.98,914.78,66.66,162.84,0.7219,-1,-1,-1
260,4,1720.02,459.37,74.01,208.44,0.5880,-1,-1,-1
260,5,1397.43,565.89,90.74,239.31,0.5580,-1,-1,-1
260,12,940.41,101.62,63.91,175.77,0.4325,-1,-1,-1
260,13,386.86,490.17,82.30,234.81,0.6638,-1,-1,-1
260,16,223.25,451.31,61.55,195.19,0.5084,-1,-1,-1
260,18,233.39,756.83,93.85,266.93,0.7300,-1,-1,-1
260,8,487.83,380.72,70.94,226.00,0.6625,-1,-1,-1
260,20,574.12,390.85,61.33,200.63,0.7532,-1,-1,-1
260,6,148.43,565.37,92.19,245.62,0.6321,-1,-1,-1
260,19,223.51,682.40,70.97,127.60,0.5328,-1,-1,-1
261,1,455.99,161.05,70.78,200.71,0.3849,-1,-1,-1
261,3,945.47,915.15,68.05,163.06,0.7260,-1,-1,-1
261,4,1720.33,459.54,74.05,208.71,0.5983,-1,-1,-1
261,5,1401.25,565.67,89.27,239.64,0.5531,-1,-1,-1
261,12,940.34,99.40,63.54,174.13,0.4452,-1,-1,-1
261,13,383.27,488.25,83.91,236.94,0.6512,-1,-1,-1
261,16,223.23,450.15,61.39,194.12,0.4818,-1,-1,-1
261,18,236.22,762.26,90.87,260.41,0.6981,-1,-1,-1
261,8,487.36,383.43,69.86,222.39,0.6899,-1,-1,-1
261,20,574.05,392.58,60.64,197.96,0.7487,-1,-1,-1
261,6,152.79,565.35,91.55,247.21,0.6510,-1,-1,-1
261,19,225.31,684.13,71.97,126.67,0.6280,-1,-1,-1
262,1,457.80,161.59,70.14,199.20,0.3842,-1,-1,-1
262,3,945.13,916.94,68.51,160.42,0.7271,-1,-1,-1
262,4,1720.39,459.89,73.97,208.37,0.5950,-1,-1,-1
262,5,1404.37,564.17,88.32,240.06,0.5662,-1,-1,-1
262,12,939.85,98.16,63.13,171.91,0.4971,-1,-1,-1
262,13,381.10,486.96,85.01,237.53,0.6314,-1,-1,-1
262,16,223.25,448.94,61.34,193.29,0.5121,-1,-1,-1
262,18,238.50,764.49,91.29,263.34,0.6923,-1,-1,-1
262,8,487.55,384.75,69.31,220.82,0.7154,-1,-1,-1
262,20,573.70,394.89,60.38,196.72,0.7373,-1,-1,-1
262,6,157.29,565.59,91.51,249.61,0.6474,-1,-1,-1
262,19,227.69,686.72,72.40,125.68,0.5639,-1,-1,-1
263,1,455.74,160.45,70.81,201.36,0.3657,-1,-1,-1
263,3,944.59,918.16,69.47,158.73,0.7394,-1,-1,-1
263,4,1720.31,460.01,74.01,208.18,0.5727,-1,-1,-1
263,5,1406.07,564.84,86.40,237.51,0.5939,-1,-1,-1
263,12,939.53,96.35,64.00,174.02,0.4810,-1,-1,-1
263,13,379.53,485.53,86.10,238.52,0.6105,-1,-1,-1
263,16,224.26,446.64,60.93,191.57,0.5249,-1,-1,-1
263,18,240.72,767.92,90.71,263.01,0.6711,-1,-1,-1
263,8,487.50,385.24,69.06,220.04,0.6996,-1,-1,-1
263,20,573.10,396.51,60.95,198.13,0.7086,-1,-1,-1
263,6,160.59,565.63,90.75,250.88,0.6836,-1,-1,-1
263,19,230.14,688.52,72.91,124.51,0.4587,-1,-1,-1
264,1,457.20,160.34,70.03,200.20,0.3311,-1,-1,-1
264,3,944.63,919.52,70.13,156.68,0.7569,-1,-1,-1
264,4,1720.64,459.84,74.10,208.46,0.5841,-1,-1,-1
264,5,1408.03,565.11,85.68,237.02,0.6160,-1,-1,-1
264,12,938.74,94.51,65.04,176.57,0.4410,-1,-1,-1
264,13,378.08,484.74,86.84,238.47,0.6069,-1,-1,-1
264,16,225.97,447.15,59.98,188.16,0.5598,-1,-1,-1
264,18,244.09,771.56,89.86,261.36,0.7476,-1,-1,-1
264,8,487.12,385.51,68.80,218.57,0.6892,-1,-1,-1
264,20,571.63,397.48,61.47,199.51,0.6841,-1,-1,-1
264,6,163.63,564.93,89.97,252.33,0.6906,-1,-1,-1
264,19,235.24,691.49,71.23,120.79,0.6102,-1,-1,-1
265,1,457.59,161.00,69.20,199.46,0.3729,-1,-1,-1
265,3,944.98,920.07,71.32,156.25,0.7556,-1,-1,-1
265,4,1720.64,460.03,74.04,208.31,0.6009,-1,-1,-1
265,5,1408.41,565.44,85.72,239.03,0.5873,-1,-1,-1
265,12,938.62,93.14,65.68,178.84,0.4703,-1,-1,-1
265,13,376.94,483.98,87.56,238.56,0.6556,-1,-1,-1
265,16,227.03,444.64,60.10,188.45,0.5300,-1,-1,-1
265,18,245.58,772.45,89.51,261.39,0.7682,-1,-1,-1
265,8,486.54,385.71,68.81,218.34,0.6718,-1,-1,-1
265,20,570.89,398.96,61.50,198.96,0.7249,-1,-1,-1
265,6,166.64,565.51,89.08,253.86,0.6911,-1,-1,-1
265,19,238.92,694.59,70.66,119.96,0.5711,-1,-1,-1
266,1,458.12,160.20,69.18,201.06,0.3288,-1,-1,-1
266,3,944.82,920.57,72.53,155.87,0.7623,-1,-1,-1
266,4,1720.51,460.32,73.99,208.13,0.5903,-1,-1,-1
266,5,1408.57,565.49,86.36,242.94,0.5715,-1,-1,-1
266,12,939.22,92.41,65.63,178.90,0.4587,-1,-1,-1
266,13,376.59,483.48,87.91,237.71,0.6413,-1,-1,-1
266,16,227.15,443.96,59.14,184.31,0.4921,-1,-1,-1
266,18,250.39,774.45,89.25,259.50,0.7718,-1,-1,-1
266,8,484.98,385.46,69.24,219.82,0.6286,-1,-1,-1
266,20,569.13,400.82,62.46,201.49,0.6708,-1,-1,-1
266,6,170.32,566.20,88.55,255.57,0.6937,-1,-1,-1
266,19,244.24,698.04,69.06,118.01,0.5292,-1,-1,-1
267,1,459.18,159.65,68.78,201.21,0.3727,-1,-1,-1
267,3,944.91,920.55,73.82,156.14,0.7636,-1,-1,-1
267,4,1720.63,460.09,74.12,208.16,0.5665,-1,-1,-1
267,5,1409.00,565.28,86.08,244.32,0.5657,-1,-1,-1
267,12,939.55,91.57,65.87,179.70,0.4569,-1,-1,-1
267,13,375.69,481.35,88.56,238.25,0.6068,-1,-1,-1
267,16,226.37,441.58,59.77,184.85,0.4862,-1,-1,-1
267,18,250.99,773.48,90.17,261.01,0.7582,-1,-1,-1
267,8,482.60,386.01,69.77,221.26,0.6256,-1,-1,-1
267,20,567.82,402.27,63.38,204.08,0.6512,-1,-1,-1
267,6,173.31,567.15,88.65,259.25,0.6876,-1,-1,-1
267,19,248.75,701.30,67.28,114.93,0.5140,-1,-1,-1
268,1,459.91,157.66,68.91,202.82,0.3737,-1,-1,-1
268,3,945.44,920.38,74.83,156.50,0.7584,-1,-1,-1
268,4,1720.43,460.04,74.08,208.13,0.5802,-1,-1,-1
268,5,1409.45,564.73,85.56,245.08,0.5943,-1,-1,-1
268,12,941.35,91.83,65.57,179.06,0.4520,-1,-1,-1
268,13,374.80,479.54,88.97,238.81,0.6352,-1,-1,-1
268,16,225.75,439.79,60.54,186.21,0.5369,-1,-1,-1
268,18,251.03,771.10,90.72,263.47,0.7431,-1,-1,-1
268,8,480.62,387.93,70.50,222.84,0.6271,-1,-1,-1
268,20,566.75,403.31,64.06,205.56,0.6218,-1,-1,-1
268,6,176.56,568.67,87.41,259.05,0.7077,-1,-1,-1
268,19,253.38,703.99,66.01,112.79,0.5481,-1,-1,-1
269,1,460.87,158.59,67.76,199.89,0.4038,-1,-1,-1
269,3,946.53,920.53,75.59,156.69,0.7536,-1,-1,-1
269,4,1720.71,460.49,73.77,207.21,0.5943,-1,-1,-1
269,5,1410.93,566.00,84.65,244.16,0.5829,-1,-1,-1
269,12,942.10,91.82,65.34,178.62,0.4966,-1,-1,-1
269,13,374.88,477.79,89.19,239.19,0.6511,-1,-1,-1
269,16,225.82,437.64,61.55,188.70,0.5013,-1,-1,-1
269,18,252.50,773.46,90.01,261.20,0.7192,-1,-1,-1
269,8,478.54,389.46,70.77,222.12,0.6339,-1,-1,-1
269,20,566.22,401.33,65.12,208.43,0.6026,-1,-1,-1
269,6,180.58,570.93,85.47,254.75,0.7134,-1,-1,-1
269,19,257.16,705.79,66.07,112.78,0.5748,-1,-1,-1
270,1,460.20,155.51,67.72,201.69,0.3785,-1,-1,-1
270,3,947.08,920.85,76.33,157.16,0.7538,-1,-1,-1
270,4,1720.78,460.96,73.63,206.69,0.5594,-1,-1,-1
270,5,1414.28,569.04,83.48,241.53,0.5707,-1,-1,-1
270,12,942.31,91.57,65.54,178.68,0.4807,-1,-1,-1
270,13,375.46,475.60,88.34,236.72,0.6331,-1,-1,-1
270,16,225.92,436.48,62.05,190.04,0.4789,-1,-1,-1
270,18,254.79,770.75,90.24,263.20,0.7721,-1,-1,-1
270,8,477.08,391.92,71.06,221.58,0.6355,-1,-1,-1
270,20,565.30,401.71,66.25,211.43,0.6107,-1,-1,-1
270,6,184.62,572.23,83.72,249.33,0.6872,-1,-1,-1
270,19,261.69,706.70,64.68,109.33,0.5493,-1,-1,-1
271,1,461.13,155.84,67.20,201.01,0.3586,-1,-1,-1
271,3,947.87,921.50,76.54,156.66,0.7319,-1,-1,-1
271,4,1720.31,460.44,74.15,207.92,0.5717,-1,-1,-1
271,5,1417.96,572.46,82.45,239.27,0.5331,-1,-1,-1
271,12,942.77,90.97,65.39,177.89,0.5075,-1,-1,-1
271,13,377.86,472.54,86.24,231.34,0.6259,-1,-1,-1
271,16,226.78,435.41,61.17,187.12,0.4749,-1,-1,-1
271,18,257.22,771.93,89.35,261.79,0.7426,-1,-1,-1
271,8,476.01,393.59,71.14,220.15,0.6235,-1,-1,-1
271,20,565.12,402.46,65.89,210.05,0.6060,-1,-1,-1
271,6,187.86,574.12,83.07,246.51,0.6549,-1,-1,-1
271,19,264.37,708.00,66.94,112.45,0.4875,-1,-1,-1
272,1,462.26,154.44,67.13,201.13,0.3686,-1,-1,-1
272,3,948.09,921.78,76.84,156.43,0.7197,-1,-1,-1
272,4,1720.27,460.29,73.98,207.29,0.5514,-1,-1,-1
272,5,1420.42,574.69,82.58,240.48,0.5210,-1,-1,-1
272,12,942.82,90.38,65.87,178.43,0.4847,-1,-1,-1
272,13,382.30,469.00,84.43,227.64,0.5994,-1,-1,-1
272,16,227.53,433.73,60.91,186.75,0.4511,-1,-1,-1
272,18,259.44,778.74,88.44,258.88,0.7312,-1,-1,-1
272,8,474.63,395.13,71.49,219.60,0.5958,-1,-1,-1
272,20,564.07,403.35,66.64,212.13,0.5549,-1,-1,-1
272,6,190.57,574.54,83.35,246.11,0.6721,-1,-1,-1
272,19,268.47,708.41,69.58,116.72,0.5236,-1,-1,-1
273,1,462.67,152.88,66.52,199.97,0.4017,-1,-1,-1
273,3,947.98,922.08,77.21,156.28,0.7231,-1,-1,-1
273,4,1720.05,460.49,73.97,207.32,0.5609,-1,-1,-1
273,5,1422.38,579.09,81.10,237.06,0.4947,-1,-1,-1
273,12,942.56,89.31,65.98,178.70,0.4870,-1,-1,-1
273,13,384.69,465.58,83.32,226.32,0.5871,-1,-1,-1
273,16,228.51,432.66,60.05,184.54,0.4702,-1,-1,-1
273,18,259.61,781.25,89.53,261.10,0.7240,-1,-1,-1
273,8,473.18,396.37,71.58,218.81,0.6026,-1,-1,-1
273,20,562.78,404.28,66.82,212.47,0.5505,-1,-1,-1
273,6,193.45,575.38,83.93,245.67,0.6833,-1,-1,-1
273,19,272.39,708.63,73.65,123.89,0.5727,-1,-1,-1
274,1,462.70,152.10,65.32,196.76,0.4000,-1,-1,-1
274,3,947.86,922.31,77.62,156.37,0.7054,-1,-1,-1
274,4,1720.25,460.36,73.99,207.50,0.5943,-1,-1,-1
274,5,1423.72,579.36,81.48,239.15,0.5289,-1,-1,-1
274,12,942.31,88.26,66.18,179.53,0.5142,-1,-1,-1
274,13,385.08,462.23,83.28,227.59,0.6233,-1,-1,-1
274,16,228.62,431.67,59.57,183.34,0.4639,-1,-1,-1
274,18,263.14,785.31,90.28,262.16,0.7129,-1,-1,-1
274,8,471.91,397.41,71.78,218.69,0.6237,-1,-1,-1
274,20,560.82,405.03,66.66,211.83,0.5345,-1,-1,-1
274,6,195.96,576.36,84.97,246.81,0.6956,-1,-1,-1
274,19,273.79,708.87,80.07,136.08,0.6445,-1,-1,-1
275,1,463.05,151.09,64.64,194.81,0.4032,-1,-1,-1
275,3,947.32,922.37,78.17,156.46,0.7241,-1,-1,-1
275,4,1720.26,460.16,73.96,207.54,0.5893,-1,-1,-1
275,5,1426.08,580.08,81.21,239.61,0.5108,-1,-1,-1
275,12,941.92,86.28,66.53,180.89,0.4998,-1,-1,-1
275,13,385.31,461.16,82.63,226.68,0.6143,-1,-1,-1
275,16,228.02,430.50,60.97,188.07,0.3371,-1,-1,-1
275,18,266.16,783.35,91.85,267.00,0.7036,-1,-1,-1
275,8,470.90,397.77,71.39,217.00,0.6624,-1,-1,-1
275,20,559.79,405.80,66.00,209.49,0.5955,-1,-1,-1
275,6,198.33,577.96,86.61,249.22,0.6729,-1,-1,-1
275,19,276.99,711.29,82.58,140.22,0.4181,-1,-1,-1
276,1,463.17,149.84,64.61,194.25,0.4032,-1,-1,-1
276,3,946.79,922.82,78.56,156.12,0.7485,-1,-1,-1
276,4,1720.00,460.43,73.84,206.95,0.5907,-1,-1,-1
276,5,1428.52,579.49,81.14,241.48,0.5314,-1,-1,-1
276,12,942.04,84.62,66.12,180.70,0.4537,-1,-1,-1
276,13,385.73,459.72,82.32,226.94,0.6328,-1,-1,-1
276,16,227.30,428.64,61.78,191.40,0.3368,-1,-1,-1
276,18,269.66,783.61,92.95,270.91,0.6300,-1,-1,-1
276,8,469.43,398.78,71.49,216.76,0.6655,-1,-1,-1
276,20,558.77,407.17,65.47,207.00,0.6343,-1,-1,-1
276,6,199.57,577.98,87.34,249.07,0.6740,-1,-1,-1
276,19,280.52,714.53,83.81,141.90,0.3154,-1,-1,-1
277,1,463.68,147.68,65.05,195.29,0.3742,-1,-1,-1
277,3,946.60,923.44,78.67,155.11,0.7529,-1,-1,-1
277,4,1719.51,459.91,74.33,208.15,0.5906,-1,-1,-1
277,5,1430.98,579.99,80.74,242.51,0.4954,-1,-1,-1
277,12,942.09,83.78,64.11,176.38,0.4628,-1,-1,-1
277,13,386.64,458.88,82.19,227.63,0.6092,-1,-1,-1
277,16,228.10,426.64,60.12,186.57,0.3893,-1,-1,-1
277,18,270.30,784.04,94.07,276.36,0.6521,-1,-1,-1
277,8,467.43,400.79,71.43,216.34,0.6855,-1,-1,-1
277,20,557.97,409.39,64.87,204.56,0.6594,-1,-1,-1
277,6,198.91,577.37,87.74,249.59,0.6510,-1,-1,-1
277,19,284.39,718.00,85.05,142.95,0.5259,-1,-1,-1
278,1,463.91,146.77,65.16,195.91,0.3473,-1,-1,-1
278,3,946.44,923.70,78.85,154.28,0.7647,-1,-1,-1
278,4,1719.53,459.53,74.68,208.98,0.5598,-1,-1,-1
278,5,1433.20,582.05,80.09,242.29,0.4396,-1,-1,-1
278,12,941.82,82.02,63.94,176.23,0.4508,-1,-1,-1
278,13,387.53,458.66,81.72,226.87,0.5996,-1,-1,-1
278,16,229.05,424.74,58.21,180.02,0.4275,-1,-1,-1
278,18,271.01,788.31,92.45,274.76,0.6253,-1,-1,-1
278,8,465.62,401.45,71.42,216.74,0.6676,-1,-1,-1
278,20,556.52,411.04,65.08,204.48,0.6522,-1,-1,-1
278,6,198.02,576.53,87.84,250.83,0.6520,-1,-1,-1
278,19,288.60,721.10,87.14,144.37,0.6428,-1,-1,-1
279,1,463.79,146.53,65.31,196.52,0.3518,-1,-1,-1
279,3,945.87,923.98,79.33,154.03,0.7571,-1,-1,-1
279,4,1720.00,459.40,74.65,209.32,0.5664,-1,-1,-1
279,5,1434.66,588.19,77.97,237.27,0.2919,-1,-1,-1
279,12,940.91,79.47,64.05,177.48,0.4330,-1,-1,-1
279,13,387.51,458.13,82.19,228.35,0.5903,-1,-1,-1
279,16,229.90,423.12,57.38,176.88,0.4414,-1,-1,-1
279,18,272.41,792.71,92.51,277.89,0.6415,-1,-1,-1
279,8,465.05,403.70,70.25,213.37,0.6851,-1,-1,-1
279,20,555.45,412.74,65.16,204.27,0.6606,-1,-1,-1
279,6,198.49,577.22,86.78,250.63,0.5902,-1,-1,-1
279,19,293.57,725.14,88.36,143.27,0.6491,-1,-1,-1
280,1,463.70,144.89,66.08,198.72,0.3240,-1,-1,-1
280,3,945.42,924.41,79.72,153.36,0.7602,-1,-1,-1
280,4,1720.00,459.11,74.54,209.47,0.5729,-1,-1,-1
280,5,1435.32,588.81,77.61,237.76,0.3343,-1,-1,-1
280,12,940.65,78.42,63.95,178.02,0.4329,-1,-1,-1
280,13,387.65,457.31,82.55,230.02,0.6091,-1,-1,-1
280,16,229.81,421.15,57.84,178.20,0.4721,-1,-1,-1
280,18,273.31,796.36,91.89,278.73,0.6427,-1,-1,-1
280,8,464.39,405.00,69.76,212.85,0.7117,-1,-1,-1
280,20,554.32,414.83,65.78,206.18,0.6501,-1,-1,-1
280,6,201.12,581.46,83.11,245.23,0.5353,-1,-1,-1
280,19,297.57,726.82,90.44,143.61,0.6614,-1,-1,-1
281,1,463.81,143.93,66.46,199.78,0.3409,-1,-1,-1
281,3,944.52,923.98,80.68,154.07,0.7632,-1,-1,-1
281,4,1719.84,459.58,74.41,209.07,0.5694,-1,-1,-1
281,5,1437.21,587.83,77.73,238.92,0.4653,-1,-1,-1
281,12,940.07,77.40,63.70,178.25,0.4341,-1,-1,-1
281,13,388.43,456.60,82.09,230.01,0.6391,-1,-1,-1
281,16,229.20,419.19,59.77,183.98,0.4034,-1,-1,-1
281,18,276.16,798.39,90.99,278.22,0.6533,-1,-1,-1
281,8,463.54,405.63,69.43,212.87,0.6510,-1,-1,-1
281,20,553.28,417.37,65.81,206.56,0.6403,-1,-1,-1
281,6,202.90,581.20,82.97,248.72,0.5731,-1,-1,-1
281,19,301.09,729.73,91.34,142.34,0.6482,-1,-1,-1
282,1,464.11,143.15,66.83,200.65,0.3180,-1,-1,-1
282,3,943.90,924.02,81.19,153.81,0.7611,-1,-1,-1
282,4,1719.56,460.19,74.35,209.09,0.6172,-1,-1,-1
282,5,1438.18,586.28,77.91,240.07,0.4950,-1,-1,-1
282,12,939.51,77.20,63.40,177.89,0.4605,-1,-1,-1
282,13,388.36,455.36,81.25,229.10,0.6577,-1,-1,-1
282,16,228.53,416.66,61.28,188.73,0.4564,-1,-1,-1
282,18,278.67,800.30,90.07,277.21,0.7257,-1,-1,-1
282,8,463.36,406.32,68.54,211.43,0.6620,-1,-1,-1
282,20,552.25,419.16,65.28,205.06,0.6608,-1,-1,-1
282,6,207.53,584.25,80.03,245.01,0.6075,-1,-1,-1
282,19,304.59,733.18,94.06,144.61,0.6514,-1,-1,-1
283,1,464.58,143.72,66.74,199.93,0.3099,-1,-1,-1
283,3,943.62,923.88,81.76,153.77,0.7739,-1,-1,-1
283,4,1719.98,459.70,74.35,209.38,0.6043,-1,-1,-1
283,5,1439.28,584.58,78.24,241.65,0.4691,-1,-1,-1
283,12,939.54,78.41,61.45,173.07,0.4831,-1,-1,-1
283,13,387.66,452.14,81.55,230.92,0.6530,-1,-1,-1
283,16,229.26,414.93,60.38,185.23,0.4089,-1,-1,-1
283,18,280.70,800.26,89.71,277.55,0.7060,-1,-1,-1
283,8,463.48,407.50,68.32,212.06,0.6537,-1,-1,-1
283,20,551.40,420.93,65.10,205.69,0.6499,-1,-1,-1
283,6,211.54,584.44,78.56,245.00,0.5959,-1,-1,-1
283,19,309.42,736.25,92.78,140.27,0.5671,-1,-1,-1
284,1,463.72,143.01,66.86,200.09,0.3432,-1,-1,-1
284,3,942.36,923.23,82.85,154.57,0.7678,-1,-1,-1
284,4,1720.11,460.03,74.22,209.04,0.5963,-1,-1,-1
284,5,1440.08,582.31,78.83,244.07,0.4538,-1,-1,-1
284,12,939.78,78.55,60.91,172.09,0.4615,-1,-1,-1
284,13,388.41,449.69,81.24,232.05,0.6487,-1,-1,-1
284,16,229.76,412.74,58.66,179.21,0.3735,-1,-1,-1
284,18,281.95,801.25,89.34,277.14,0.7167,-1,-1,-1
284,8,463.10,409.09,68.96,214.88,0.6216,-1,-1,-1
284,20,550.69,423.15,65.70,208.55,0.6632,-1,-1,-1
284,6,215.00,581.18,79.10,252.00,0.5664,-1,-1,-1
284,19,312.87,738.61,92.70,138.52,0.5652,-1,-1,-1
285,1,462.87,142.91,66.71,200.10,0.3236,-1,-1,-1
285,3,941.21,922.60,83.66,154.96,0.7724,-1,-1,-1
285,4,1720.47,460.28,74.04,208.44,0.5913,-1,-1,-1
285,5,1443.43,580.26,79.30,245.71,0.5657,-1,-1,-1
285,12,939.98,78.84,61.32,173.46,0.4667,-1,-1,-1
285,13,388.86,448.14,80.57,232.13,0.6460,-1,-1,-1
285,16,228.87,412.49,60.37,183.77,0.3834,-1,-1,-1
285,18,283.45,802.29,88.99,276.29,0.6995,-1,-1,-1
285,8,462.83,410.00,69.41,217.34,0.6056,-1,-1,-1
285,20,549.16,424.19,65.83,210.64,0.6519,-1,-1,-1
285,6,219.25,579.97,78.24,254.16,0.5488,-1,-1,-1
285,19,313.71,740.85,93.60,138.16,0.5570,-1,-1,-1
286,1,462.18,143.87,65.77,198.14,0.3000,-1,-1,-1
286,3,940.93,922.18,84.16,155.50,0.7622,-1,-1,-1
286,4,1720.50,460.06,73.95,208.51,0.6189,-1,-1,-1
286,5,1446.00,579.92,79.72,247.40,0.4804,-1,-1,-1
286,12,939.94,78.55,61.57,174.43,0.4636,-1,-1,-1
286,13,389.19,445.95,79.66,231.36,0.6353,-1,-1,-1
286,16,227.90,411.27,63.99,195.99,0.3325,-1,-1,-1
286,18,285.48,804.17,88.59,273.81,0.7232,-1,-1,-1
286,8,461.99,411.09,70.44,222.03,0.6059,-1,-1,-1
286,20,547.50,425.36,65.84,211.48,0.6247,-1,-1,-1
286,6,223.65,578.52,77.39,256.20,0.5472,-1,-1,-1
286,19,313.70,742.81,94.35,137.79,0.5545,-1,-1,-1
287,1,461.42,143.52,65.66,198.15,0.3312,-1,-1,-1
287,3,940.42,922.17,84.43,155.70,0.7801,-1,-1,-1
287,4,1720.23,459.78,74.01,208.93,0.6073,-1,-1,-1
287,5,1449.18,579.68,79.75,247.43,0.5477,-1,-1,-1
287,12,939.58,78.02,62.08,176.15,0.4510,-1,-1,-1
287,13,390.44,443.99,77.53,226.03,0.6050,-1,-1,-1
287,16,227.08,411.30,67.16,207.69,0.3088,-1,-1,-1
287,18,288.11,807.95,87.76,268.95,0.7518,-1,-1,-1
287,8,461.55,412.25,70.55,224.07,0.5961,-1,-1,-1
287,20,545.15,426.03,65.81,211.35,0.6322,-1,-1,-1
287,6,227.01,579.64,75.92,255.31,0.5446,-1,-1,-1
287,19,313.88,742.75,95.80,139.06,0.5584,-1,-1,-1
288,1,462.58,143.90,65.50,197.27,0.3239,-1,-1,-1
288,3,940.28,921.82,84.48,155.93,0.7601,-1,-1,-1
288,4,1720.24,460.02,73.81,208.58,0.6029,-1,-1,-1
288,5,1452.05,582.36,78.49,242.28,0.5282,-1,-1,-1
288,12,937.89,75.44,61.77,176.18,0.5027,-1,-1,-1
288,13,391.40,441.58,76.08,222.81,0.6238,-1,-1,-1
288,16,228.69,410.55,65.59,203.41,0.3247,-1,-1,-1
288,18,289.72,811.42,87.98,267.36,0.7663,-1,-1,-1
288,8,459.78,409.62,71.10,227.49,0.5786,-1,-1,-1
288,20,543.26,426.64,65.81,210.81,0.6152,-1,-1,-1
288,6,229.42,579.45,75.20,255.65,0.5792,-1,-1,-1
288,19,312.51,743.39,95.75,138.83,0.5781,-1,-1,-1
289,1,462.35,143.59,65.56,197.88,0.3109,-1,-1,-1
289,3,939.73,921.27,84.32,156.31,0.7491,-1,-1,-1
289,4,1719.84,459.30,74.34,210.16,0.5914,-1,-1,-1
289,5,1454.26,582.08,78.48,240.53,0.4930,-1,-1,-1
289,12,936.84,73.96,61.19,175.55,0.5156,-1,-1,-1
289,13,392.00,439.38,75.31,221.38,0.6239,-1,-1,-1
289,16,231.43,409.25,61.74,191.03,0.4105,-1,-1,-1
289,18,292.26,812.67,88.55,266.80,0.7545,-1,-1,-1
289,8,459.18,411.42,70.65,227.86,0.6394,-1,-1,-1
289,20,541.66,427.40,65.93,210.37,0.6190,-1,-1,-1
289,6,232.24,580.12,74.28,254.25,0.5509,-1,-1,-1
289,19,311.00,743.68,97.87,142.05,0.5942,-1,-1,-1
290,1,462.08,141.52,65.12,197.98,0.2706,-1,-1,-1
290,3,939.29,920.46,83.91,156.66,0.7536,-1,-1,-1
290,4,1720.09,459.41,74.14,209.59,0.5998,-1,-1,-1
290,5,1457.06,587.61,76.91,231.98,0.4033,-1,-1,-1
290,12,936.10,72.54,60.69,175.56,0.5210,-1,-1,-1
290,13,390.13,437.40,76.13,223.66,0.6014,-1,-1,-1
290,16,233.48,408.64,59.78,184.82,0.4547,-1,-1,-1
290,18,294.62,815.67,88.76,264.67,0.7201,-1,-1,-1
290,8,458.00,411.83,70.98,230.51,0.6798,-1,-1,-1
290,20,540.38,427.61,66.06,210.04,0.6303,-1,-1,-1
290,6,233.99,581.39,73.43,253.38,0.5765,-1,-1,-1
290,19,310.17,744.51,98.42,144.05,0.6313,-1,-1,-1
291,1,458.95,140.28,64.22,196.59,0.2974,-1,-1,-1
291,3,939.13,919.91,83.42,156.93,0.7536,-1,-1,-1
291,4,1720.91,459.75,73.88,209.06,0.5851,-1,-1,-1
291,5,1459.26,592.65,75.55,223.74,0.3755,-1,-1,-1
291,12,935.62,71.10,60.87,177.66,0.5078,-1,-1,-1
291,13,387.69,435.44,77.33,226.06,0.5976,-1,-1,-1
291,16,233.96,408.09,59.31,182.71,0.4340,-1,-1,-1
291,18,296.77,819.73,88.31,260.87,0.7040,-1,-1,-1
291,8,457.97,412.71,70.72,231.09,0.6570,-1,-1,-1
291,20,538.32,428.19,66.22,209.56,0.6360,-1,-1,-1
291,6,236.20,581.10,73.08,254.04,0.5586,-1,-1,-1
291,19,310.13,746.21,97.67,144.08,0.6182,-1,-1,-1
292,1,457.20,139.66,63.63,195.51,0.3085,-1,-1,-1
292,3,938.82,919.71,82.89,157.37,0.7399,-1,-1,-1
292,4,1720.53,460.38,73.83,208.64,0.5778,-1,-1,-1
292,5,1464.29,597.86,75.59,222.81,0.4214,-1,-1,-1
292,12,936.00,69.92,59.98,175.99,0.5262,-1,-1,-1
292,13,386.00,434.81,78.07,227.26,0.5708,-1,-1,-1
292,16,233.34,407.40,59.64,183.48,0.4535,-1,-1,-1
292,18,300.92,825.95,87.31,253.61,0.6388,-1,-1,-1
292,8,458.26,414.09,70.21,230.70,0.5970,-1,-1,-1
292,20,538.28,429.69,66.01,208.01,0.6528,-1,-1,-1
292,6,240.18,581.29,72.94,253.37,0.5471,-1,-1,-1
292,19,311.83,748.90,95.55,142.25,0.5276,-1,-1,-1
293,1,456.13,138.61,63.16,194.42,0.2875,-1,-1,-1
293,3,937.63,918.79,82.42,158.77,0.7358,-1,-1,-1
293,4,1720.70,460.71,73.60,208.04,0.5611,-1,-1,-1
293,5,1466.64,598.39,77.08,224.95,0.4403,-1,-1,-1
293,12,936.61,68.73,58.85,173.37,0.4576,-1,-1,-1
293,13,384.13,433.20,78.90,228.37,0.5405,-1,-1,-1
293,16,232.83,406.16,59.80,183.63,0.5317,-1,-1,-1
293,18,300.89,831.16,85.96,247.35,0.6652,-1,-1,-1
293,8,458.86,415.09,69.41,228.42,0.5788,-1,-1,-1
293,20,537.04,432.05,65.97,206.81,0.6788,-1,-1,-1
293,6,245.12,581.87,73.95,253.67,0.5521,-1,-1,-1
293,19,313.23,751.59,92.41,138.31,0.4069,-1,-1,-1
294,1,456.68,137.72,62.51,192.67,0.3340,-1,-1,-1
294,3,936.24,918.02,81.54,159.97,0.7536,-1,-1,-1
294,4,1720.37,459.92,74.11,209.43,0.5849,-1,-1,-1
294,5,1464.62,595.63,79.81,228.65,0.5261,-1,-1,-1
294,12,936.85,67.46,57.85,171.49,0.4329,-1,-1,-1
294,13,382.03,432.64,79.82,229.65,0.5566,-1,-1,-1
294,16,233.11,404.83,59.26,181.28,0.5097,-1,-1,-1
294,18,301.96,836.04,85.03,242.55,0.7194,-1,-1,-1
294,8,458.88,415.66,69.12,227.34,0.6215,-1,-1,-1
294,20,536.31,434.16,66.73,208.50,0.6738,-1,-1,-1
294,6,248.48,582.54,75.25,253.53,0.6087,-1,-1,-1
294,19,318.13,754.97,89.85,136.63,0.4971,-1,-1,-1
295,1,457.19,137.64,61.96,191.50,0.3082,-1,-1,-1
295,3,934.81,916.88,80.83,161.61,0.7399,-1,-1,-1
295,4,1720.13,460.19,74.12,209.29,0.5889,-1,-1,-1
295,5,1464.68,595.84,81.03,228.28,0.4859,-1,-1,-1
295,12,936.13,66.89,57.80,172.47,0.4051,-1,-1,-1
295,13,379.97,432.78,80.82,230.48,0.5370,-1,-1,-1
295,16,232.23,402.16,59.87,183.05,0.4394,-1,-1,-1
295,18,303.46,839.79,84.54,239.57,0.7002,-1,-1,-1
295,8,459.16,416.19,68.58,225.52,0.6013,-1,-1,-1
295,20,534.87,436.10,67.30,209.89,0.6701,-1,-1,-1
295,6,250.77,582.91,76.68,252.69,0.6487,-1,-1,-1
295,19,321.24,759.00,89.15,137.82,0.5061,-1,-1,-1
296,1,457.26,135.50,62.25,193.97,0.2854,-1,-1,-1
296,3,933.72,915.93,79.56,162.52,0.7562,-1,-1,-1
296,4,1720.11,460.09,74.05,209.21,0.5958,-1,-1,-1
296,5,1466.62,597.06,82.20,228.37,0.4943,-1,-1,-1
296,12,935.93,65.96,57.36,172.20,0.4516,-1,-1,-1
296,13,378.55,431.23,81.78,232.14,0.5348,-1,-1,-1
296,16,232.80,400.72,59.79,181.90,0.5076,-1,-1,-1
296,18,305.37,842.88,84.21,236.55,0.7256,-1,-1,-1
296,8,459.27,418.47,68.38,223.77,0.6248,-1,-1,-1
296,20,535.06,438.51,66.50,206.97,0.6739,-1,-1,-1
296,6,251.14,583.38,77.86,251.93,0.6714,-1,-1,-1
296,19,323.64,761.69,88.61,138.73,0.4917,-1,-1,-1
297,1,457.41,134.64,62.22,194.55,0.2793,-1,-1,-1
297,3,933.30,915.12,78.51,163.87,0.7561,-1,-1,-1
297,4,1719.74,460.33,73.95,208.96,0.5754,-1,-1,-1
297,5,1468.73,596.72,84.29,229.46,0.5448,-1,-1,-1
297,12,935.34,64.86,57.44,173.46,0.4157,-1,-1,-1
297,13,377.85,429.95,82.37,233.18,0.5023,-1,-1,-1
297,16,233.53,399.86,60.12,182.65,0.5716,-1,-1,-1
297,18,306.72,843.85,84.67,235.95,0.7410,-1,-1,-1
297,8,458.31,419.52,68.06,222.31,0.6299,-1,-1,-1
297,20,534.43,440.79,66.07,205.91,0.6666,-1,-1,-1
297,6,251.81,584.80,78.81,250.83,0.6620,-1,-1,-1
297,19,326.17,764.97,87.97,139.51,0.5160,-1,-1,-1
298,1,457.06,133.89,62.41,195.94,0.2909,-1,-1,-1
298,3,933.31,914.58,77.51,164.97,0.7688,-1,-1,-1
298,4,1720.55,460.78,73.67,208.30,0.6002,-1,-1,-1
298,5,1471.03,598.37,86.13,229.49,0.5545,-1,-1,-1
298,12,935.69,64.13,56.97,172.36,0.4241,-1,-1,-1
298,13,377.62,429.42,81.82,230.62,0.5248,-1,-1,-1
298,16,234.31,398.57,60.62,184.12,0.5575,-1,-1,-1
298,18,308.45,845.32,85.08,234.81,0.7523,-1,-1,-1
298,8,457.51,420.08,67.97,221.69,0.6301,-1,-1,-1
298,20,534.58,442.79,65.12,202.89,0.6479,-1,-1,-1
298,6,251.97,584.90,79.71,250.10,0.6285,-1,-1,-1
298,19,328.48,767.47,88.98,142.93,0.5768,-1,-1,-1
299,1,458.02,133.46,62.23,196.17,0.2946,-1,-1,-1
299,3,932.93,913.76,76.24,165.50,0.7755,-1,-1,-1
299,4,1720.55,461.37,73.47,207.70,0.5954,-1,-1,-1
299,5,1470.53,594.30,89.50,234.64,0.5901,-1,-1,-1
299,12,936.10,63.69,56.63,171.32,0.4302,-1,-1,-1
299,13,378.07,428.30,81.33,228.84,0.5596,-1,-1,-1
299,16,234.27,397.56,60.68,183.95,0.5951,-1,-1,-1
299,18,309.59,846.54,85.50,233.70,0.7642,-1,-1,-1
299,8,456.78,421.07,68.39,223.17,0.6467,-1,-1,-1
299,20,534.50,444.38,65.07,203.19,0.6517,-1,-1,-1
299,6,252.98,584.07,80.55,250.39,0.6833,-1,-1,-1
299,19,332.89,770.46,88.63,144.25,0.6274,-1,-1,-1
300,1,458.20,133.00,62.80,198.14,0.2973,-1,-1,-1
300,3,933.06,913.84,74.65,165.29,0.7703,-1,-1,-1
300,4,1720.98,460.90,73.48,208.20,0.5808,-1,-1,-1
300,5,1470.72,591.23,92.13,238.36,0.5963,-1,-1,-1
300,12,935.51,63.06,56.99,172.53,0.4551,-1,-1,-1
300,13,379.56,426.12,80.10,225.24,0.5442,-1,-1,-1
300,16,234.05,397.34,60.63,183.93,0.5749,-1,-1,-1
300,18,311.19,847.34,86.09,232.91,0.7498,-1,-1,-1
300,8,456.27,423.17,68.55,223.79,0.6619,-1,-1,-1
300,20,534.13,445.75,65.24,204.07,0.6561,-1,-1,-1
300,6,254.25,583.66,81.22,249.73,0.6896,-1,-1,-1
300,19,337.19,772.70,88.35,146.03,0.6376,-1,-1,-1
301,1,457.82,132.63,62.72,198.27,0.2811,-1,-1,-1
301,3,933.70,913.96,73.04,165.32,0.7697,-1,-1,-1
301,4,1720.89,460.93,73.32,207.92,0.5918,-1,-1,-1
301,5,1470.89,588.32,94.72,242.73,0.6013,-1,-1,-1
301,12,934.83,62.82,57.35,173.67,0.4817,-1,-1,-1
301,13,380.90,423.13,79.56,224.57,0.5516,-1,-1,-1
301,16,234.00,396.78,60.61,184.29,0.5644,-1,-1,-1
301,18,312.04,848.06,86.72,232.17,0.7489,-1,-1,-1
301,8,456.28,426.57,68.07,222.20,0.6717,-1,-1,-1
301,20,533.96,446.43,65.59,205.89,0.6674,-1,-1,-1
301,6,255.41,582.04,82.20,250.45,0.6660,-1,-1,-1
301,19,341.76,774.73,86.41,144.26,0.5971,-1,-1,-1
302,1,458.63,130.82,62.08,195.56,0.2545,-1,-1,-1
302,3,933.76,912.65,72.16,167.14,0.7525,-1,-1,-1
302,4,1720.95,460.22,73.59,209.14,0.5723,-1,-1,-1
302,5,1472.33,589.24,95.11,241.99,0.5670,-1,-1,-1
302,12,934.23,62.16,57.42,173.99,0.4796,-1,-1,-1
302,13,383.32,421.99,77.51,220.16,0.5324,-1,-1,-1
302,16,233.29,396.32,60.77,185.13,0.5496,-1,-1,-1
302,18,314.00,848.22,87.70,231.99,0.7380,-1,-1,-1
302,8,456.09,428.86,67.94,221.83,0.6199,-1,-1,-1
302,20,534.01,447.13,65.19,205.08,0.6403,-1,-1,-1
302,6,257.05,580.90,83.19,251.68,0.6769,-1,-1,-1
302,19,345.05,776.04,87.48,147.10,0.6334,-1,-1,-1
303,3,933.57,912.71,70.74,167.27,0.7248,-1,-1,-1
303,4,1720.85,460.12,73.55,209.34,0.5831,-1,-1,-1
303,5,1474.06,586.53,96.62,244.88,0.4851,-1,-1,-1
303,12,934.21,62.41,56.51,170.84,0.4926,-1,-1,-1
303,13,384.57,416.96,76.26,218.41,0.5984,-1,-1,-1
303,16,232.99,395.34,61.03,186.64,0.5514,-1,-1,-1
303,18,315.95,848.68,88.48,231.51,0.7380,-1,-1,-1
303,8,455.52,430.51,67.62,221.40,0.6295,-1,-1,-1
303,20,533.81,447.67,65.82,207.59,0.6545,-1,-1,-1
303,6,259.89,579.73,84.08,253.17,0.6390,-1,-1,-1
303,19,348.83,777.00,88.70,149.54,0.6868,-1,-1,-1
303,23,895.12,420.99,61.71,195.40,0.5198,-1,-1,-1
304,3,933.44,911.99,69.89,168.05,0.7406,-1,-1,-1
304,4,1720.94,460.02,73.68,210.06,0.5907,-1,-1,-1
304,5,1475.20,582.77,98.40,249.19,0.5029,-1,-1,-1
304,12,934.16,62.20,57.00,173.06,0.5337,-1,-1,-1
304,13,385.12,412.87,76.17,220.35,0.5726,-1,-1,-1
304,16,233.47,394.01,61.23,188.05,0.5435,-1,-1,-1
304,18,317.38,849.87,89.02,230.30,0.7475,-1,-1,-1
304,8,454.69,432.34,67.06,220.12,0.6327,-1,-1,-1
304,20,533.83,448.36,65.67,207.23,0.6430,-1,-1,-1
304,6,264.39,579.86,83.73,251.85,0.6165,-1,-1,-1
304,19,352.92,778.02,89.96,152.04,0.6169,-1,-1,-1
304,23,895.84,420.79,61.78,195.91,0.4863,-1,-1,-1
305,3,932.67,910.33,69.63,169.73,0.7407,-1,-1,-1
305,4,1720.58,460.28,73.43,209.59,0.5762,-1,-1,-1
305,5,1476.89,585.81,97.82,247.26,0.4534,-1,-1,-1
305,12,934.02,61.93,56.90,173.25,0.4931,-1,-1,-1
305,13,385.87,409.47,76.05,222.25,0.5621,-1,-1,-1
305,16,232.44,391.40,61.91,191.22,0.5354,-1,-1,-1
305,18,319.78,851.56,89.20,228.58,0.7612,-1,-1,-1
305,8,453.89,434.77,66.68,219.31,0.6627,-1,-1,-1
305,20,533.70,448.87,65.84,207.98,0.6390,-1,-1,-1
305,6,270.83,580.81,82.47,249.56,0.5994,-1,-1,-1
305,19,355.16,779.13,92.65,156.56,0.6140,-1,-1,-1
305,23,896.54,419.80,61.69,196.19,0.4632,-1,-1,-1
306,3,932.51,909.34,69.50,170.70,0.7182,-1,-1,-1
306,4,1720.69,460.57,73.23,209.13,0.5691,-1,-1,-1
306,5,1479.99,587.82,97.52,246.28,0.5165,-1,-1,-1
306,12,934.27,60.00,57.41,174.82,0.4710,-1,-1,-1
306,13,386.22,407.74,75.37,222.38,0.5320,-1,-1,-1
306,16,231.60,389.59,62.42,193.47,0.5651,-1,-1,-1
306,18,321.94,857.08,87.58,223.05,0.7690,-1,-1,-1
306,8,452.62,436.39,66.42,219.14,0.6823,-1,-1,-1
306,20,533.47,449.40,65.06,205.13,0.6224,-1,-1,-1
306,6,279.26,581.56,80.91,248.07,0.5443,-1,-1,-1
306,19,358.79,780.56,91.74,154.13,0.6555,-1,-1,-1
306,23,896.77,422.22,60.52,192.75,0.4347,-1,-1,-1
306,24,835.25,403.89,72.81,220.76,0.5008,-1,-1,-1
307,3,932.21,908.24,69.57,171.71,0.7120,-1,-1,-1
307,4,1720.66,459.91,73.42,209.80,0.5598,-1,-1,-1
307,5,1482.13,588.60,97.24,245.83,0.5474,-1,-1,-1
307,12,934.39,59.44,57.20,174.28,0.4956,-1,-1,-1
307,13,387.59,407.17,74.61,222.23,0.5578,-1,-1,-1
307,16,231.41,387.83,62.17,193.47,0.5267,-1,-1,-1
307,18,323.77,861.12,86.85,218.99,0.7756,-1,-1,-1
307,8,451.18,438.51,65.99,217.83,0.6757,-1,-1,-1
307,20,532.64,449.78,65.14,205.29,0.6418,-1,-1,-1
307,6,288.96,581.03,79.26,246.05,0.5702,-1,-1,-1
307,19,361.79,781.96,93.07,155.12,0.6473,-1,-1,-1
307,23,897.31,424.92,59.68,190.45,0.3658,-1,-1,-1
307,24,836.18,406.38,71.98,217.93,0.3537,-1,-1,-1
307,25,1003.21,83.62,60.78,169.95,0.5634,-1,-1,-1
308,3,931.55,907.88,69.71,172.14,0.7212,-1,-1,-1
308,4,1720.70,459.34,73.47,210.24,0.5810,-1,-1,-1
308,5,1484.00,591.89,96.08,242.94,0.6307,-1,-1,-1
308,12,935.07,56.85,56.07,170.83,0.5064,-1,-1,-1
308,13,388.25,406.15,74.54,223.52,0.5707,-1,-1,-1
308,16,230.67,386.06,61.75,191.80,0.5580,-1,-1,-1
308,18,326.50,866.25,85.87,213.84,0.7755,-1,-1,-1
308,8,449.77,440.52,65.34,215.96,0.6791,-1,-1,-1
308,20,531.48,451.35,65.19,204.49,0.6572,-1,-1,-1
308,6,298.20,580.48,78.00,244.59,0.6444,-1,-1,-1
308,19,364.93,784.55,94.59,155.99,0.6931,-1,-1,-1
308,23,895.26,427.48,58.84,187.92,0.3311,-1,-1,-1
308,24,837.47,412.57,70.48,212.65,0.3545,-1,-1,-1
308,25,1002.26,83.05,61.48,171.92,0.6040,-1,-1,-1
309,3,930.70,907.26,70.08,172.73,0.7370,-1,-1,-1
309,4,1720.37,458.68,73.69,211.21,0.5734,-1,-1,-1
309,5,1485.58,590.17,96.59,244.63,0.5937,-1,-1,-1
309,12,934.79,53.81,55.75,170.28,0.4846,-1,-1,-1
309,13,388.93,406.36,73.91,222.42,0.5212,-1,-1,-1
309,16,230.72,383.93,61.29,190.04,0.5285,-1,-1,-1
309,18,328.67,871.07,84.87,209.01,0.7801,-1,-1,-1
309,8,447.89,441.94,65.31,216.14,0.6596,-1,-1,-1
309,20,529.98,454.24,66.07,206.73,0.6701,-1,-1,-1
309,6,305.77,579.91,78.51,246.91,0.6491,-1,-1,-1
309,19,369.66,789.13,94.45,153.58,0.6762,-1,-1,-1
309,24,836.99,417.17,69.84,210.88,0.3848,-1,-1,-1
309,25,1001.54,81.65,62.65,175.35,0.6233,-1,-1,-1
310,3,930.00,907.48,70.41,172.54,0.7483,-1,-1,-1
310,4,1720.33,458.41,73.47,210.88,0.5755,-1,-1,-1
310,5,1487.22,588.72,96.76,245.20,0.5569,-1,-1,-1
310,12,934.40,51.23,55.91,170.88,0.5419,-1,-1,-1
310,13,389.25,405.70,74.20,225.22,0.5023,-1,-1,-1
310,16,230.77,381.12,60.30,187.31,0.5568,-1,-1,-1
310,18,331.33,873.64,84.73,206.43,0.7570,-1,-1,-1
310,8,446.28,439.99,66.26,220.57,0.6516,-1,-1,-1
310,20,528.62,455.96,66.96,209.36,0.6985,-1,-1,-1
310,6,311.51,579.55,79.10,248.74,0.6944,-1,-1,-1
310,19,372.62,793.57,94.35,151.16,0.6767,-1,-1,-1
310,25,1000.74,80.24,63.07,176.64,0.6476,-1,-1,-1
311,3,929.39,907.06,70.99,172.97,0.7626,-1,-1,-1
311,4,1720.42,458.27,73.38,210.76,0.5785,-1,-1,-1
311,5,1490.27,589.12,97.12,244.55,0.5834,-1,-1,-1
311,12,933.84,49.56,56.02,171.25,0.5084,-1,-1,-1
311,13,389.89,406.69,73.47,224.01,0.4725,-1,-1,-1
311,16,230.84,379.12,59.85,186.68,0.5297,-1,-1,-1
311,18,334.72,876.38,84.71,203.69,0.7341,-1,-1,-1
311,8,444.79,440.23,66.36,221.66,0.6844,-1,-1,-1
311,20,527.44,457.43,67.62,211.73,0.6758,-1,-1,-1
311,6,316.82,579.66,79.21,247.83,0.7419,-1,-1,-1
311,19,375.28,798.00,94.03,148.06,0.6621,-1,-1,-1
311,25,1000.31,79.79,62.86,176.05,0.6268,-1,-1,-1
312,3,929.03,906.11,71.69,173.92,0.7518,-1,-1,-1
312,4,1720.93,458.64,73.05,209.97,0.5820,-1,-1,-1
312,5,1492.42,591.92,96.30,240.81,0.6269,-1,-1,-1
312,12,933.78,48.66,56.26,171.92,0.5145,-1,-1,-1
312,13,390.64,407.20,72.44,221.90,0.4324,-1,-1,-1
312,16,230.47,376.48,59.98,187.70,0.5372,-1,-1,-1
312,18,338.52,879.17,84.84,200.88,0.7443,-1,-1,-1
312,8,443.52,441.88,66.17,221.60,0.6672,-1,-1,-1
312,20,526.50,460.33,68.42,214.85,0.6739,-1,-1,-1
312,6,322.08,580.97,79.48,245.01,0.7537,-1,-1,-1
312,19,375.04,801.29,95.49,148.20,0.6509,-1,-1,-1
312,25,1000.50,79.83,62.63,175.23,0.6075,-1,-1,-1
313,3,928.77,905.48,72.30,174.55,0.7550,-1,-1,-1
313,4,1721.45,457.97,73.04,210.31,0.5772,-1,-1,-1
313,5,1495.35,596.54,95.46,236.28,0.6180,-1,-1,-1
313,12,933.43,47.86,56.39,172.55,0.5199,-1,-1,-1
313,13,391.03,406.07,72.52,223.62,0.4088,-1,-1,-1
313,16,230.16,374.69,60.13,188.85,0.5229,-1,-1,-1
313,18,343.07,882.56,84.96,197.49,0.7360,-1,-1,-1
313,8,441.73,446.12,66.14,221.85,0.6859,-1,-1,-1
313,20,526.35,463.04,68.25,214.97,0.6593,-1,-1,-1
313,6,325.54,583.33,80.28,241.93,0.7645,-1,-1,-1
313,19,375.51,804.79,96.22,147.25,0.6928,-1,-1,-1
313,25,1000.58,80.23,62.15,173.84,0.5994,-1,-1,-1
314,3,929.00,905.15,72.85,174.88,0.7554,-1,-1,-1
314,4,1721.77,457.87,73.04,210.96,0.5740,-1,-1,-1
314,5,1497.71,599.03,95.30,234.22,0.5492,-1,-1,-1
314,12,932.82,47.11,56.59,172.87,0.5234,-1,-1,-1
314,13,390.67,404.39,72.00,224.05,0.3844,-1,-1,-1
314,16,229.88,373.82,60.15,189.31,0.5530,-1,-1,-1
314,18,346.60,886.37,84.58,193.67,0.7247,-1,-1,-1
314,8,440.39,447.44,66.12,221.87,0.7002,-1,-1,-1
314,20,525.92,464.72,68.21,215.61,0.6575,-1,-1,-1
314,6,327.00,584.55,81.76,240.57,0.7644,-1,-1,-1
314,19,376.26,808.15,97.88,147.78,0.6972,-1,-1,-1
314,25,999.44,79.96,61.83,173.42,0.5516,-1,-1,-1
315,3,928.26,904.86,73.40,175.16,0.7591,-1,-1,-1
315,4,1721.63,457.70,73.02,211.40,0.5547,-1,-1,-1
315,5,1499.34,601.56,94.56,231.90,0.5585,-1,-1,-1
315,12,932.27,46.52,56.78,173.28,0.5309,-1,-1,-1
315,13,389.94,403.45,70.86,222.94,0.2664,-1,-1,-1
315,16,230.05,373.44,60.29,189.42,0.5633,-1,-1,-1
315,18,349.28,889.29,84.61,190.74,0.7271,-1,-1,-1
315,8,438.80,448.19,66.28,221.83,0.7299,-1,-1,-1
315,20,525.16,466.47,67.79,216.06,0.6701,-1,-1,-1
315,6,329.04,585.26,84.19,240.25,0.7693,-1,-1,-1
315,19,376.67,809.14,99.25,148.27,0.6406,-1,-1,-1
315,25,998.18,79.59,61.76,173.97,0.5357,-1,-1,-1
316,3,928.05,905.07,73.69,174.95,0.7542,-1,-1,-1
316,4,1721.45,458.15,73.07,211.74,0.5329,-1,-1,-1
316,5,1501.40,602.18,94.53,232.44,0.6168,-1,-1,-1
316,12,932.38,46.12,56.69,172.32,0.5315,-1,-1,-1
316,13,391.27,399.18,70.00,223.76,0.2793,-1,-1,-1
316,16,230.66,372.70,60.39,189.15,0.5839,-1,-1,-1
316,18,351.03,892.25,84.42,187.78,0.7155,-1,-1,-1
316,8,437.20,449.37,66.64,222.36,0.7150,-1,-1,-1
316,20,523.94,469.05,67.93,218.57,0.6478,-1,-1,-1
316,6,330.96,585.39,86.70,239.66,0.7700,-1,-1,-1
316,19,376.21,809.96,101.86,151.51,0.6640,-1,-1,-1
316,25,997.59,80.13,61.51,174.13,0.5947,-1,-1,-1
317,3,928.25,905.55,73.92,174.47,0.7524,-1,-1,-1
317,4,1721.44,458.13,73.07,211.93,0.5646,-1,-1,-1
317,5,1504.87,609.11,91.48,226.29,0.5591,-1,-1,-1
317,12,932.03,45.60,57.03,172.70,0.5145,-1,-1,-1
317,13,392.78,395.11,68.74,222.05,0.3277,-1,-1,-1
317,16,230.80,372.07,60.26,188.25,0.5719,-1,-1,-1
317,18,351.18,890.07,86.11,189.96,0.7237,-1,-1,-1
317,8,435.49,449.94,66.23,219.92,0.7120,-1,-1,-1
317,20,522.08,471.80,67.72,219.22,0.6928,-1,-1,-1
317,6,331.42,584.93,89.89,241.09,0.7699,-1,-1,-1
317,19,376.63,812.92,101.80,151.20,0.5625,-1,-1,-1
317,25,996.10,79.61,61.23,173.96,0.5710,-1,-1,-1
318,3,928.03,905.49,74.33,174.53,0.7456,-1,-1,-1
318,4,1721.61,458.40,72.82,211.31,0.5714,-1,-1,-1
318,5,1507.19,603.87,93.31,233.34,0.5676,-1,-1,-1
318,12,932.09,45.05,57.55,173.53,0.5132,-1,-1,-1
318,13,394.85,393.16,66.46,215.71,0.2587,-1,-1,-1
318,16,231.00,371.52,59.83,186.85,0.5599,-1,-1,-1
318,18,353.66,890.26,86.90,189.76,0.7073,-1,-1,-1
318,8,434.74,451.39,66.23,219.12,0.7246,-1,-1,-1
318,20,520.67,472.16,67.28,218.56,0.6655,-1,-1,-1
318,6,331.06,585.20,91.83,240.74,0.7562,-1,-1,-1
318,19,376.13,813.18,102.92,153.53,0.6279,-1,-1,-1
318,25,994.41,78.52,61.35,174.48,0.5958,-1,-1,-1
319,3,928.44,905.60,74.47,174.42,0.7321,-1,-1,-1
319,4,1722.05,458.91,72.44,210.81,0.5790,-1,-1,-1
319,5,1509.72,602.60,93.23,236.37,0.5144,-1,-1,-1
319,12,931.40,43.76,57.67,173.24,0.4963,-1,-1,-1
319,16,231.08,370.68,60.18,188.33,0.5896,-1,-1,-1
319,18,355.59,891.40,87.32,188.62,0.7011,-1,-1,-1
319,8,434.19,454.49,66.39,218.77,0.7250,-1,-1,-1
319,20,518.45,470.43,67.51,218.29,0.6754,-1,-1,-1
319,6,330.66,584.35,94.06,241.51,0.7530,-1,-1,-1
319,19,375.97,813.29,103.50,155.52,0.6727,-1,-1,-1
319,25,993.31,77.40,61.38,174.85,0.5782,-1,-1,-1
320,3,929.78,905.95,74.31,174.06,0.7357,-1,-1,-1
320,4,1722.17,458.66,72.28,210.57,0.6019,-1,-1,-1
320,5,1512.45,603.39,91.24,234.05,0.3649,-1,-1,-1
320,12,930.43,42.05,58.54,175.24,0.5032,-1,-1,-1
320,16,231.65,370.30,60.08,188.54,0.5842,-1,-1,-1
320,18,358.51,894.91,87.04,185.11,0.7051,-1,-1,-1
320,8,434.22,459.40,66.08,216.61,0.7189,-1,-1,-1
320,20,515.99,470.81,67.94,218.81,0.6947,-1,-1,-1
320,6,332.42,583.76,95.55,240.81,0.7206,-1,-1,-1
320,19,377.01,814.15,101.09,152.96,0.6424,-1,-1,-1
320,25,992.26,77.79,61.12,174.33,0.5752,-1,-1,-1
320,24,835.93,433.06,66.97,201.19,0.5107,-1,-1,-1
321,3,930.18,906.88,73.90,172.95,0.7302,-1,-1,-1
321,4,1721.90,458.73,72.28,210.76,0.5723,-1,-1,-1
321,5,1518.78,604.88,90.23,234.05,0.2596,-1,-1,-1
321,12,930.66,39.77,60.04,178.47,0.4813,-1,-1,-1
321,16,232.32,369.95,59.68,188.23,0.5606,-1,-1,-1
321,18,362.13,898.09,87.17,181.93,0.7180,-1,-1,-1
321,8,431.21,459.38,68.51,224.03,0.6414,-1,-1,-1
321,20,513.81,471.09,68.52,220.15,0.6685,-1,-1,-1
321,6,332.25,582.75,96.73,241.35,0.6806,-1,-1,-1
321,19,379.15,816.26,98.30,150.33,0.6000,-1,-1,-1
321,25,991.71,77.40,61.46,175.00,0.5976,-1,-1,-1
321,24,836.85,432.86,69.42,205.10,0.4902,-1,-1,-1
322,3,931.25,906.95,73.65,172.99,0.7239,-1,-1,-1
322,4,1721.71,459.25,71.96,209.67,0.6002,-1,-1,-1
322,12,930.07,37.27,61.71,181.99,0.4809,-1,-1,-1
322,16,233.00,368.29,59.57,189.11,0.5619,-1,-1,-1
322,18,364.11,902.84,86.31,177.18,0.7084,-1,-1,-1
322,8,429.95,460.30,69.14,224.97,0.6778,-1,-1,-1
322,20,512.41,470.91,68.50,219.38,0.7141,-1,-1,-1
322,6,332.24,580.73,97.53,243.61,0.7098,-1,-1,-1
322,19,382.02,817.48,96.54,149.93,0.5602,-1,-1,-1
322,25,990.35,76.36,61.35,174.88,0.6150,-1,-1,-1
322,24,837.27,432.91,71.89,208.12,0.5754,-1,-1,-1
323,3,932.42,906.63,73.06,173.20,0.6963,-1,-1,-1
323,4,1721.81,458.94,72.12,210.09,0.6016,-1,-1,-1
323,12,930.15,35.71,61.62,179.97,0.4689,-1,-1,-1
323,16,232.78,364.89,60.07,191.50,0.5719,-1,-1,-1
323,18,365.54,906.01,85.75,173.73,0.7787,-1,-1,-1
323,8,429.41,462.30,69.56,225.51,0.6875,-1,-1,-1
323,20,512.03,471.01,68.82,219.72,0.7255,-1,-1,-1
323,6,335.96,579.57,96.76,244.19,0.6243,-1,-1,-1
323,19,384.32,820.26,94.65,149.53,0.5613,-1,-1,-1
323,25,990.14,75.35,60.96,173.55,0.6179,-1,-1,-1
323,24,837.02,433.03,73.85,210.35,0.5695,-1,-1,-1
324,3,932.58,905.75,72.58,174.19,0.7037,-1,-1,-1
324,4,1721.70,459.00,72.02,209.79,0.6030,-1,-1,-1
324,12,930.19,33.76,62.26,179.45,0.4033,-1,-1,-1
324,16,232.67,362.34,60.00,191.87,0.5174,-1,-1,-1
324,18,367.02,909.73,84.90,169.49,0.7838,-1,-1,-1
324,8,428.23,463.46,70.47,226.84,0.7026,-1,-1,-1
324,20,511.00,471.40,69.13,219.59,0.7516,-1,-1,-1
324,6,341.30,580.34,94.80,242.84,0.6273,-1,-1,-1
324,19,388.22,824.01,92.22,148.25,0.5875,-1,-1,-1
324,25,989.44,73.72,60.96,173.36,0.5739,-1,-1,-1
324,24,837.79,435.05,75.01,209.44,0.4803,-1,-1,-1
325,3,933.80,907.29,71.18,172.37,0.7033,-1,-1,-1
325,4,1721.93,459.26,71.73,208.70,0.6106,-1,-1,-1
325,12,929.39,34.67,60.82,173.10,0.4011,-1,-1,-1
325,16,232.88,360.27,59.32,189.74,0.4482,-1,-1,-1
325,18,370.53,914.39,83.89,164.70,0.7715,-1,-1,-1
325,8,427.94,463.18,71.36,228.48,0.7081,-1,-1,-1
325,20,510.28,473.78,68.95,217.98,0.7635,-1,-1,-1
325,6,346.92,580.32,92.37,241.33,0.6584,-1,-1,-1
325,19,393.33,829.27,87.16,142.36,0.5963,-1,-1,-1
325,25,989.02,72.34,60.94,172.83,0.5545,-1,-1,-1
325,24,838.10,434.66,76.27,210.05,0.5021,-1,-1,-1
326,3,934.37,907.95,69.97,171.93,0.6775,-1,-1,-1
326,4,1721.98,459.48,71.80,208.49,0.6202,-1,-1,-1
326,12,929.16,34.04,60.68,171.01,0.4109,-1,-1,-1
326,16,233.19,358.55,59.01,189.12,0.5021,-1,-1,-1
326,18,372.13,917.23,83.91,162.43,0.7184,-1,-1,-1
326,8,428.09,466.09,71.13,227.00,0.7034,-1,-1,-1
326,20,509.88,475.94,69.07,217.31,0.7604,-1,-1,-1
326,6,357.48,578.81,90.61,242.07,0.6432,-1,-1,-1
326,19,396.36,832.94,85.60,142.03,0.5904,-1,-1,-1
326,25,987.38,71.30,61.00,172.68,0.5741,-1,-1,-1
326,24,839.82,434.38,77.47,210.16,0.5794,-1,-1,-1
327,3,935.74,909.16,68.28,170.73,0.6690,-1,-1,-1
327,4,1722.11,459.67,71.60,207.66,0.6311,-1,-1,-1
327,12,929.06,32.49,61.57,172.40,0.4307,-1,-1,-1
327,16,233.52,356.98,59.00,189.05,0.5190,-1,-1,-1
327,18,374.40,918.30,84.91,161.59,0.7020,-1,-1,-1
327,8,427.47,467.05,71.23,226.53,0.7144,-1,-1,-1
327,20,510.16,477.63,69.75,218.85,0.7047,-1,-1,-1
327,6,364.82,576.75,89.09,243.61,0.5866,-1,-1,-1
327,19,399.73,836.76,84.14,141.52,0.5759,-1,-1,-1
327,25,987.24,70.26,60.75,171.53,0.5283,-1,-1,-1
327,24,840.73,434.91,77.93,208.69,0.5371,-1,-1,-1
328,3,936.11,909.79,66.82,169.68,0.6784,-1,-1,-1
328,4,1722.31,460.42,71.53,207.23,0.6377,-1,-1,-1
328,12,929.18,31.49,61.54,171.77,0.4211,-1,-1,-1
328,16,232.75,356.03,58.76,187.61,0.5472,-1,-1,-1
328,18,375.28,921.10,84.69,158.87,0.6851,-1,-1,-1
328,8,426.56,467.84,70.85,222.67,0.7043,-1,-1,-1
328,20,509.43,479.01,70.45,221.08,0.7044,-1,-1,-1
328,6,372.81,575.06,87.82,246.03,0.5860,-1,-1,-1
328,19,403.12,839.72,85.43,146.08,0.5481,-1,-1,-1
328,25,985.94,68.35,61.21,172.64,0.4954,-1,-1,-1
328,24,843.10,435.31,79.18,209.35,0.4726,-1,-1,-1
328,5,1532.98,610.63,87.81,230.58,0.5005,-1,-1,-1
329,3,938.50,911.81,65.10,167.30,0.6980,-1,-1,-1
329,4,1722.20,459.18,71.95,208.54,0.6114,-1,-1,-1
329,12,929.79,30.76,61.71,171.60,0.3878,-1,-1,-1
329,16,232.78,355.53,58.53,186.38,0.5481,-1,-1,-1
329,18,376.77,923.41,84.77,156.59,0.6873,-1,-1,-1
329,8,424.71,469.30,70.97,219.41,0.6913,-1,-1,-1
329,20,508.76,482.31,70.40,221.17,0.7128,-1,-1,-1
329,6,379.00,577.23,86.22,246.66,0.5801,-1,-1,-1
329,19,407.69,843.18,85.29,147.42,0.5569,-1,-1,-1
329,25,985.75,68.27,60.46,170.83,0.4622,-1,-1,-1
329,24,842.92,435.74,79.16,207.57,0.4009,-1,-1,-1
329,5,1535.60,610.31,87.89,231.21,0.3986,-1,-1,-1
330,3,939.81,913.78,63.86,164.97,0.6935,-1,-1,-1
330,4,1722.36,459.80,71.80,207.95,0.6319,-1,-1,-1
330,12,929.74,30.17,62.02,171.86,0.4276,-1,-1,-1
330,16,232.54,354.70,58.16,185.15,0.5659,-1,-1,-1
330,18,378.02,924.66,84.61,154.37,0.6373,-1,-1,-1
330,8,420.57,469.96,73.63,222.74,0.6680,-1,-1,-1
330,20,508.58,485.13,69.99,220.22,0.7318,-1,-1,-1
330,6,385.56,591.72,81.06,234.04,0.3998,-1,-1,-1
330,19,398.09,845.29,113.07,203.68,0.5930,-1,-1,-1
330,25,984.39,67.52,60.83,172.22,0.4713,-1,-1,-1
330,24,843.75,436.25,79.08,206.77,0.3683,-1,-1,-1
330,5,1536.77,610.54,87.40,230.76,0.4149,-1,-1,-1
331,3,939.97,913.58,63.77,165.29,0.7371,-1,-1,-1
331,4,1722.32,458.07,72.51,209.97,0.6499,-1,-1,-1
331,12,928.49,30.31,62.39,172.71,0.4039,-1,-1,-1
331,16,231.50,353.98,58.89,187.67,0.5210,-1,-1,-1
331,18,379.71,924.78,83.34,149.91,0.6462,-1,-1,-1
331,20,507.81,487.71,69.66,219.88,0.7407,-1,-1,-1
331,6,388.18,511.33,107.22,314.13,0.5992,-1,-1,-1
331,19,399.23,847.66,118.87,222.38,0.6614,-1,-1,-1
331,25,983.11,67.09,61.43,173.99,0.5001,-1,-1,-1
331,24,845.89,438.58,79.02,206.15,0.4890,-1,-1,-1
331,5,1536.56,612.62,86.10,229.65,0.5357,-1,-1,-1
332,3,941.09,914.70,62.92,163.46,0.7210,-1,-1,-1
332,4,1722.69,458.63,72.62,210.22,0.6398,-1,-1,-1
332,12,927.86,30.06,62.60,172.91,0.4118,-1,-1,-1
332,16,230.67,352.67,59.55,189.41,0.5025,-1,-1,-1
332,18,381.40,925.44,82.10,145.90,0.6350,-1,-1,-1
332,20,507.54,489.86,69.73,220.33,0.7419,-1,-1,-1
332,6,389.32,485.48,114.98,341.11,0.6044,-1,-1,-1
332,19,403.57,849.53,118.34,229.03,0.6643,-1,-1,-1
332,25,982.34,67.30,61.78,175.10,0.5243,-1,-1,-1
332,24,845.22,437.82,81.04,210.13,0.3814,-1,-1,-1
332,5,1539.22,612.49,86.58,230.45,0.4491,-1,-1,-1
333,3,942.28,915.13,62.40,162.74,0.7335,-1,-1,-1
333,4,1723.13,458.92,72.47,209.96,0.6225,-1,-1,-1
333,12,928.02,30.18,62.19,171.88,0.4196,-1,-1,-1
333,16,229.89,352.11,59.84,190.53,0.5166,-1,-1,-1
333,18,383.90,925.51,83.54,146.40,0.6699,-1,-1,-1
333,20,506.94,491.45,69.94,221.18,0.7450,-1,-1,-1
333,6,390.34,475.33,117.60,352.23,0.6429,-1,-1,-1
333,19,417.89,850.82,96.76,185.33,0.5862,-1,-1,-1
333,25,982.03,66.49,61.86,176.92,0.5048,-1,-1,-1
333,24,845.84,438.47,82.86,213.97,0.4340,-1,-1,-1
333,5,1540.48,612.71,87.59,232.79,0.4472,-1,-1,-1
334,3,943.58,916.30,61.70,161.19,0.7182,-1,-1,-1
334,4,1722.52,459.64,72.35,209.54,0.6198,-1,-1,-1
334,12,927.92,29.49,62.36,172.62,0.3806,-1,-1,-1
334,16,229.86,351.82,59.25,188.54,0.4718,-1,-1,-1
334,18,386.42,927.90,83.48,143.93,0.6547,-1,-1,-1
334,20,506.38,492.25,70.17,222.48,0.7314,-1,-1,-1
334,6,392.43,471.53,118.53,357.15,0.6309,-1,-1,-1
334,19,425.26,851.96,87.41,165.01,0.5499,-1,-1,-1
334,25,981.54,66.63,61.29,176.56,0.4843,-1,-1,-1
334,24,846.22,438.72,84.16,217.05,0.4900,-1,-1,-1
334,5,1540.04,615.30,86.90,231.67,0.5668,-1,-1,-1
335,3,944.78,917.95,61.22,159.96,0.7190,-1,-1,-1
335,4,1722.59,459.78,72.08,208.80,0.6218,-1,-1,-1
335,12,928.42,27.92,62.18,172.24,0.3666,-1,-1,-1
335,16,228.92,350.43,60.17,190.82,0.4950,-1,-1,-1
335,18,389.61,930.89,83.56,141.49,0.6632,-1,-1,-1
335,20,505.39,493.06,70.12,222.71,0.7261,-1,-1,-1
335,6,393.06,472.07,118.93,357.69,0.6719,-1,-1,-1
335,19,429.89,851.46,87.35,162.55,0.5661,-1,-1,-1
335,25,981.18,66.54,60.67,175.60,0.4751,-1,-1,-1
335,24,846.60,439.75,84.13,217.89,0.4993,-1,-1,-1
335,5,1539.33,614.49,88.79,238.23,0.5475,-1,-1,-1
336,3,945.62,918.90,61.13,159.53,0.7165,-1,-1,-1
336,4,1722.15,459.45,72.20,208.85,0.6378,-1,-1,-1
336,12,927.62,27.32,63.08,174.65,0.3711,-1,-1,-1
336,16,228.04,349.11,61.06,193.19,0.5097,-1,-1,-1
336,18,392.85,935.70,81.39,135.27,0.6732,-1,-1,-1
336,20,504.67,493.39,69.92,222.13,0.7205,-1,-1,-1
336,6,398.52,475.54,117.65,353.08,0.7023,-1,-1,-1
336,19,432.18,852.75,89.90,164.39,0.5337,-1,-1,-1
336,25,980.37,66.15,60.45,176.05,0.4606,-1,-1,-1
336,24,844.66,440.58,84.22,218.77,0.4433,-1,-1,-1
336,5,1539.18,615.32,89.14,241.10,0.5855,-1,-1,-1
337,3,947.53,919.57,60.74,158.84,0.6829,-1,-1,-1
337,4,1722.45,459.34,71.99,208.09,0.6123,-1,-1,-1
337,12,928.82,25.17,63.32,175.03,0.3798,-1,-1,-1
337,16,227.38,348.09,60.53,190.39,0.4999,-1,-1,-1
337,18,395.12,940.92,81.26,132.25,0.6903,-1,-1,-1
337,20,504.24,493.57,69.79,221.79,0.7003,-1,-1,-1
337,6,404.11,479.86,117.03,347.93,0.7107,-1,-1,-1
337,19,435.56,856.03,92.53,165.80,0.4660,-1,-1,-1
337,25,979.64,64.98,60.35,176.73,0.4473,-1,-1,-1
337,24,843.34,442.52,84.00,220.77,0.4089,-1,-1,-1
337,5,1539.24,616.06,87.97,239.87,0.6445,-1,-1,-1
338,3,948.98,921.26,60.19,157.02,0.7040,-1,-1,-1
338,4,1722.42,458.97,72.13,208.23,0.5863,-1,-1,-1
338,12,928.93,23.05,63.05,174.55,0.3621,-1,-1,-1
338,16,226.93,347.06,60.29,188.53,0.5269,-1,-1,-1
338,18,397.11,944.55,81.50,130.02,0.7153,-1,-1,-1
338,20,503.84,493.61,69.61,221.15,0.6971,-1,-1,-1
338,6,407.04,482.39,117.00,344.82,0.7128,-1,-1,-1
338,19,441.28,860.14,92.27,161.53,0.6326,-1,-1,-1
338,25,979.18,64.21,60.11,176.90,0.4421,-1,-1,-1
338,24,844.88,444.49,83.21,220.62,0.4251,-1,-1,-1
338,5,1539.53,616.09,87.65,241.44,0.6087,-1,-1,-1
338,26,964.91,392.03,58.63,193.12,0.5283,-1,-1,-1
339,3,951.13,922.30,59.83,155.22,0.7040,-1,-1,-1
339,4,1722.44,459.62,72.08,207.50,0.6074,-1,-1,-1
339,12,929.52,22.27,61.38,169.59,0.3566,-1,-1,-1
339,16,226.19,346.06,59.75,185.24,0.5274,-1,-1,-1
339,18,399.79,948.45,81.51,127.36,0.7284,-1,-1,-1
339,20,502.92,494.23,69.48,221.14,0.6892,-1,-1,-1
339,6,407.75,483.56,116.91,342.48,0.7394,-1,-1,-1
339,19,446.01,865.51,92.64,159.10,0.6156,-1,-1,-1
339,25,978.47,62.04,60.36,178.33,0.4546,-1,-1,-1
339,24,844.37,446.70,81.87,218.37,0.4261,-1,-1,-1
339,5,1540.20,616.54,87.38,242.81,0.6260,-1,-1,-1
339,26,967.81,394.27,58.94,194.07,0.5977,-1,-1,-1
340,3,952.40,923.07,59.75,154.17,0.6990,-1,-1,-1
340,4,1721.97,458.43,72.69,209.20,0.6074,-1,-1,-1
340,12,929.78,20.90,61.08,168.21,0.3432,-1,-1,-1
340,16,224.91,344.29,59.64,183.34,0.5194,-1,-1,-1
340,18,402.10,950.96,82.55,126.85,0.7112,-1,-1,-1
340,20,501.99,496.43,68.86,218.17,0.6594,-1,-1,-1
340,6,408.70,484.77,117.22,341.16,0.6985,-1,-1,-1
340,19,450.52,870.96,91.86,153.48,0.6904,-1,-1,-1
340,25,977.67,60.98,60.31,179.12,0.4921,-1,-1,-1
340,24,843.71,449.05,82.07,220.93,0.4344,-1,-1,-1
340,5,1541.42,616.03,87.05,244.13,0.6004,-1,-1,-1
340,26,970.73,396.80,59.18,194.66,0.5868,-1,-1,-1
341,3,953.02,924.04,59.72,153.13,0.7041,-1,-1,-1
341,4,1721.87,458.67,72.69,209.06,0.6058,-1,-1,-1
341,12,929.52,19.68,60.66,166.31,0.3549,-1,-1,-1
341,16,224.24,342.52,60.03,183.04,0.5240,-1,-1,-1
341,18,405.74,954.73,82.15,123.92,0.6938,-1,-1,-1
341,20,500.25,498.39,68.43,216.04,0.6821,-1,-1,-1
341,6,409.49,485.72,117.17,340.28,0.3959,-1,-1,-1
341,19,453.30,875.31,91.68,148.75,0.6957,-1,-1,-1
341,25,976.90,59.25,60.11,180.02,0.4670,-1,-1,-1
341,24,843.37,450.81,81.70,221.56,0.4583,-1,-1,-1
341,5,1542.53,616.32,86.45,243.84,0.6547,-1,-1,-1
341,26,974.72,398.31,59.41,195.21,0.5529,-1,-1,-1
342,3,953.88,924.38,60.17,152.79,0.6961,-1,-1,-1
342,4,1722.51,457.62,73.23,210.83,0.6240,-1,-1,-1
342,12,928.96,18.55,60.30,164.56,0.3293,-1,-1,-1
342,16,222.55,341.04,61.07,184.63,0.5143,-1,-1,-1
342,18,410.09,959.95,80.89,119.25,0.7167,-1,-1,-1
342,20,499.29,500.56,68.10,213.68,0.6919,-1,-1,-1
342,6,426.00,556.97,94.98,268.30,0.2598,-1,-1,-1
342,19,454.93,878.75,92.60,145.83,0.6871,-1,-1,-1
342,25,976.36,58.01,59.92,180.64,0.3979,-1,-1,-1
342,24,840.75,452.23,80.24,220.97,0.3886,-1,-1,-1
342,5,1543.78,617.64,85.29,241.30,0.6396,-1,-1,-1
342,26,977.12,400.42,59.75,195.82,0.6031,-1,-1,-1
342,8,402.73,487.12,80.69,241.78,0.5926,-1,-1,-1
343,3,954.40,925.06,60.31,151.69,0.7070,-1,-1,-1
343,4,1722.32,457.88,72.79,209.64,0.5945,-1,-1,-1
343,12,928.07,16.92,60.24,162.80,0.3085,-1,-1,-1
343,16,221.69,339.89,61.90,185.02,0.5049,-1,-1,-1
343,18,412.99,963.05,80.83,116.41,0.7208,-1,-1,-1
343,20,497.64,502.14,68.54,213.35,0.6726,-1,-1,-1
343,19,454.82,881.84,94.34,144.17,0.6738,-1,-1,-1
343,25,975.60,57.77,58.80,177.96,0.3674,-1,-1,-1
343,24,838.84,453.44,78.63,220.34,0.3296,-1,-1,-1
343,5,1544.72,617.85,85.07,240.99,0.5998,-1,-1,-1
343,26,980.81,401.93,59.31,193.85,0.6356,-1,-1,-1
343,8,400.29,486.75,81.08,243.10,0.5742,-1,-1,-1
344,3,954.98,925.21,60.76,151.01,0.6955,-1,-1,-1
344,4,1722.02,458.88,72.30,207.85,0.6048,-1,-1,-1
344,12,926.34,15.44,62.10,166.04,0.3476,-1,-1,-1
344,16,221.35,339.12,62.45,185.75,0.5441,-1,-1,-1
344,18,415.66,964.97,80.50,113.62,0.7271,-1,-1,-1
344,20,497.21,503.42,68.23,211.59,0.6454,-1,-1,-1
344,19,456.41,883.78,96.75,144.69,0.6797,-1,-1,-1
344,25,975.97,56.28,58.21,176.91,0.3818,-1,-1,-1
344,24,840.35,454.81,74.09,208.59,0.3310,-1,-1,-1
344,5,1546.27,617.81,84.52,239.13,0.5911,-1,-1,-1
344,26,984.35,405.49,59.07,192.09,0.5805,-1,-1,-1
344,8,398.38,487.04,80.42,242.57,0.6260,-1,-1,-1
345,3,955.75,925.77,61.11,150.00,0.6994,-1,-1,-1
345,4,1721.72,458.67,72.21,207.13,0.6121,-1,-1,-1
345,12,926.15,15.58,62.58,165.70,0.3689,-1,-1,-1
345,16,220.66,338.48,62.61,185.55,0.5144,-1,-1,-1
345,18,418.50,965.34,81.48,112.67,0.7053,-1,-1,-1
345,20,496.98,505.45,67.89,210.82,0.5657,-1,-1,-1
345,19,456.84,885.31,101.02,148.94,0.6599,-1,-1,-1
345,25,976.19,54.22,57.01,173.65,0.4176,-1,-1,-1
345,24,838.57,454.77,75.24,214.44,0.3407,-1,-1,-1
345,5,1546.99,618.61,84.79,239.88,0.5667,-1,-1,-1
345,26,986.57,407.31,59.73,193.25,0.5293,-1,-1,-1
345,8,398.20,487.82,79.27,239.32,0.6669,-1,-1,-1
346,3,956.29,926.40,61.66,149.39,0.7130,-1,-1,-1
346,4,1722.08,458.00,72.47,207.71,0.6134,-1,-1,-1
346,12,925.08,14.53,64.47,169.64,0.3311,-1,-1,-1
346,16,220.53,337.53,63.38,186.70,0.5124,-1,-1,-1
346,18,422.02,965.74,83.95,112.97,0.7046,-1,-1,-1
346,20,491.89,507.61,67.90,207.43,0.5516,-1,-1,-1
346,19,457.77,886.13,103.96,152.30,0.6692,-1,-1,-1
346,25,975.37,54.25,57.28,174.51,0.3622,-1,-1,-1
346,24,839.25,454.27,71.52,204.52,0.3793,-1,-1,-1
346,5,1551.03,620.15,83.25,237.20,0.5691,-1,-1,-1
346,26,988.16,408.32,60.53,194.61,0.4625,-1,-1,-1
346,8,397.34,487.68,78.62,236.32,0.7013,-1,-1,-1
347,3,956.61,927.29,62.28,148.45,0.7032,-1,-1,-1
347,4,1722.56,458.17,72.73,208.70,0.6249,-1,-1,-1
347,12,924.29,14.45,65.21,170.73,0.2926,-1,-1,-1
347,16,219.89,336.74,63.90,187.20,0.4522,-1,-1,-1
347,18,422.83,966.24,85.58,112.86,0.6973,-1,-1,-1
347,20,488.92,510.47,67.55,202.50,0.5342,-1,-1,-1
347,19,458.07,887.72,105.39,154.02,0.6732,-1,-1,-1
347,25,975.06,53.97,57.25,174.31,0.3646,-1,-1,-1
347,24,839.90,455.12,70.36,202.03,0.3359,-1,-1,-1
347,5,1551.49,621.24,82.90,235.71,0.5579,-1,-1,-1
347,26,991.15,409.74,60.52,193.57,0.5311,-1,-1,-1
347,8,397.14,488.91,78.27,233.88,0.7111,-1,-1,-1
348,3,956.26,927.56,63.20,148.58,0.7289,-1,-1,-1
348,4,1722.54,457.92,72.86,208.89,0.6151,-1,-1,-1
348,12,923.89,14.40,63.99,166.91,0.2689,-1,-1,-1
348,16,219.22,336.16,63.95,186.30,0.4060,-1,-1,-1
348,18,424.07,967.45,86.21,111.56,0.7087,-1,-1,-1
348,20,489.33,512.51,66.16,195.54,0.4446,-1,-1,-1
348,19,454.96,890.26,108.88,160.06,0.6439,-1,-1,-1
348,25,974.48,52.33,56.54,172.60,0.3430,-1,-1,-1
348,24,840.90,455.14,68.97,198.90,0.2769,-1,-1,-1
348,5,1553.49,621.84,82.32,233.58,0.5379,-1,-1,-1
348,26,994.83,410.60,60.45,193.01,0.5840,-1,-1,-1
348,8,395.72,489.78,78.48,233.22,0.7216,-1,-1,-1
348,6,465.73,570.34,87.54,250.63,0.5980,-1,-1,-1
349,3,956.88,927.94,64.02,147.79,0.7386,-1,-1,-1
349,4,1722.65,457.85,72.72,208.52,0.6027,-1,-1,-1
349,12,924.27,14.11,63.69,164.62,0.2745,-1,-1,-1
349,16,218.65,334.20,64.70,187.88,0.4359,-1,-1,-1
349,18,425.34,969.42,86.50,109.93,0.7048,-1,-1,-1
349,19,454.15,892.43,109.95,163.40,0.6410,-1,-1,-1
349,25,973.55,51.66,56.59,173.33,0.4554,-1,-1,-1
349,5,1553.90,622.23,83.53,236.26,0.5482,-1,-1,-1
349,26,997.51,411.61,60.70,193.09,0.6046,-1,-1,-1
349,8,394.19,489.78,78.63,233.40,0.7187,-1,-1,-1
349,6,471.09,576.85,83.89,243.33,0.6649,-1,-1,-1
350,3,957.00,928.66,64.87,146.88,0.7285,-1,-1,-1
350,4,1722.55,457.72,72.56,207.71,0.6067,-1,-1,-1
350,12,923.21,13.62,64.33,166.01,0.2581,-1,-1,-1
350,16,217.31,333.17,64.77,187.19,0.3943,-1,-1,-1
350,18,427.09,972.09,86.56,107.70,0.6936,-1,-1,-1
350,19,456.01,894.67,106.52,160.57,0.6171,-1,-1,-1
350,25,972.81,50.09,57.06,175.73,0.3870,-1,-1,-1
350,5,1555.12,623.19,84.81,239.21,0.5348,-1,-1,-1
350,26,1001.14,411.34,61.18,193.97,0.6155,-1,-1,-1
350,8,392.41,491.21,78.59,232.83,0.6657,-1,-1,-1
350,6,476.36,579.01,82.39,240.89,0.5708,-1,-1,-1
351,3,957.29,929.70,66.12,146.61,0.7362,-1,-1,-1
351,4,1722.40,457.92,72.80,208.48,0.5802,-1,-1,-1
351,12,922.91,13.71,64.70,166.44,0.2501,-1,-1,-1
351,16,215.28,330.45,65.05,187.19,0.3095,-1,-1,-1
351,18,428.95,975.53,85.73,104.25,0.6976,-1,-1,-1
351,19,458.88,897.93,102.26,156.55,0.5870,-1,-1,-1
351,25,972.17,49.37,57.16,176.97,0.4682,-1,-1,-1
351,5,1555.69,623.84,85.26,237.54,0.5597,-1,-1,-1
351,26,1003.16,409.78,61.64,194.86,0.5942,-1,-1,-1
351,8,391.50,493.48,78.52,233.32,0.6819,-1,-1,-1
351,6,477.81,541.77,93.49,276.55,0.6592,-1,-1,-1
352,3,957.00,930.03,67.60,147.05,0.7255,-1,-1,-1
352,4,1722.70,457.27,73.03,209.20,0.5953,-1,-1,-1
352,12,922.85,12.00,65.29,168.16,0.2678,-1,-1,-1
352,16,213.00,328.14,65.71,188.44,0.3170,-1,-1,-1
352,18,432.58,979.45,85.11,100.47,0.6904,-1,-1,-1
352,19,461.73,900.18,98.17,152.45,0.5725,-1,-1,-1
352,25,970.98,47.94,57.35,178.34,0.4322,-1,-1,-1
352,5,1555.02,625.53,86.44,238.57,0.5542,-1,-1,-1
352,26,1007.19,410.33,61.49,194.26,0.5954,-1,-1,-1
352,8,390.56,495.13,78.58,234.25,0.7085,-1,-1,-1
352,6,486.26,554.26,90.88,262.80,0.6576,-1,-1,-1
353,3,957.06,930.39,69.00,147.26,0.7476,-1,-1,-1
353,4,1722.23,457.90,73.19,209.63,0.6059,-1,-1,-1
353,12,922.49,10.24,65.19,167.91,0.2692,-1,-1,-1
353,16,212.46,325.60,65.71,188.28,0.3045,-1,-1,-1
353,18,434.44,983.26,84.56,96.77,0.6865,-1,-1,-1
353,19,462.62,902.42,96.59,151.60,0.4820,-1,-1,-1
353,25,969.31,47.21,57.69,179.27,0.3710,-1,-1,-1
353,5,1560.60,625.07,86.45,239.94,0.5158,-1,-1,-1
353,26,1010.19,411.09,61.80,194.31,0.6480,-1,-1,-1
353,8,389.71,496.79,78.61,235.33,0.7024,-1,-1,-1
353,6,492.43,568.14,89.00,248.02,0.7219,-1,-1,-1
354,3,957.02,930.83,70.07,147.03,0.7472,-1,-1,-1
354,4,1722.09,458.04,73.20,209.87,0.5897,-1,-1,-1
354,12,922.13,8.61,64.78,167.11,0.2630,-1,-1,-1
354,16,213.00,324.17,65.06,186.93,0.3007,-1,-1,-1
354,18,437.26,988.91,82.22,91.16,0.6516,-1,-1,-1
354,19,465.01,907.17,93.94,149.46,0.5200,-1,-1,-1
354,25,967.50,46.91,57.95,179.03,0.3175,-1,-1,-1
354,5,1563.65,625.99,87.53,244.30,0.5247,-1,-1,-1
354,26,1013.68,413.30,62.14,193.99,0.5964,-1,-1,-1
354,8,389.09,498.42,78.70,235.47,0.6846,-1,-1,-1
354,6,494.41,574.71,89.60,241.07,0.7363,-1,-1,-1
355,3,956.76,930.14,71.52,147.63,0.7462,-1,-1,-1
355,4,1722.31,458.19,72.72,208.95,0.6059,-1,-1,-1
355,16,211.80,322.92,64.73,186.19,0.2825,-1,-1,-1
355,18,441.52,993.93,79.15,85.33,0.6169,-1,-1,-1
355,19,464.95,910.29,97.29,157.58,0.5777,-1,-1,-1
355,25,968.70,56.88,55.48,168.75,0.2864,-1,-1,-1
355,5,1566.42,627.89,87.62,245.59,0.5549,-1,-1,-1
355,26,1016.78,416.37,61.97,191.94,0.5710,-1,-1,-1
355,8,388.49,500.67,79.14,236.31,0.6944,-1,-1,-1
355,6,494.40,578.74,91.11,237.53,0.7574,-1,-1,-1
356,3,956.45,929.34,72.41,147.59,0.7434,-1,-1,-1
356,4,1722.22,458.25,72.54,208.72,0.6058,-1,-1,-1
356,16,213.98,321.60,63.33,183.62,0.2862,-1,-1,-1
356,18,444.73,998.05,77.15,81.06,0.6163,-1,-1,-1
356,19,467.24,914.81,96.11,157.63,0.5490,-1,-1,-1
356,25,965.78,53.43,56.88,171.28,0.3359,-1,-1,-1
356,5,1568.00,627.84,87.70,246.45,0.5849,-1,-1,-1
356,26,1019.09,418.46,62.30,190.86,0.5043,-1,-1,-1
356,8,386.87,503.15,79.24,236.42,0.6990,-1,-1,-1
356,6,493.79,577.13,94.11,239.02,0.7307,-1,-1,-1
357,3,956.43,928.28,73.65,148.62,0.7291,-1,-1,-1
357,4,1722.38,458.30,72.23,208.03,0.5894,-1,-1,-1
357,16,214.62,320.38,62.15,181.44,0.2919,-1,-1,-1
357,18,448.90,1003.01,74.38,76.01,0.5529,-1,-1,-1
357,19,471.56,919.23,94.51,157.14,0.5160,-1,-1,-1
357,25,965.47,53.88,56.68,169.46,0.2975,-1,-1,-1
357,5,1569.96,629.96,86.98,244.81,0.5881,-1,-1,-1
357,26,1023.03,420.62,64.24,193.04,0.4394,-1,-1,-1
357,8,385.22,504.98,79.40,236.85,0.6879,-1,-1,-1
357,6,494.22,575.09,97.14,241.15,0.7086,-1,-1,-1
358,3,956.34,927.64,75.24,151.28,0.7238,-1,-1,-1
358,4,1722.69,458.11,72.18,208.12,0.5796,-1,-1,-1
358,16,214.30,318.65,62.13,182.40,0.3547,-1,-1,-1
358,18,449.87,1006.75,72.60,72.42,0.5573,-1,-1,-1
358,19,477.92,921.67,92.82,155.50,0.5995,-1,-1,-1
358,25,965.15,55.29,56.32,167.69,0.3172,-1,-1,-1
358,5,1570.72,632.22,86.26,243.12,0.5366,-1,-1,-1
358,26,1024.15,422.80,65.75,193.62,0.5053,-1,-1,-1
358,8,383.49,506.31,80.39,240.12,0.6982,-1,-1,-1
358,6,495.84,578.06,97.93,237.88,0.7539,-1,-1,-1
358,20,473.02,521.48,72.52,217.83,0.5419,-1,-1,-1
359,3,956.77,927.35,75.24,150.25,0.7143,-1,-1,-1
359,4,1722.41,457.37,72.46,208.96,0.5837,-1,-1,-1
359,16,211.42,317.36,63.01,184.43,0.3748,-1,-1,-1
359,18,453.50,1010.99,71.12,68.67,0.5407,-1,-1,-1
359,19,480.78,923.21,91.54,154.06,0.5683,-1,-1,-1
359,25,963.79,56.06,56.46,168.56,0.3722,-1,-1,-1
359,5,1570.86,634.64,86.15,242.68,0.5844,-1,-1,-1
359,26,1025.94,425.54,66.67,192.79,0.5004,-1,-1,-1
359,8,382.06,507.33,80.91,242.00,0.6911,-1,-1,-1
359,6,496.00,579.44,98.77,236.14,0.7394,-1,-1,-1
359,20,472.63,523.58,71.57,217.75,0.5348,-1,-1,-1
359,24,845.52,474.74,74.73,216.70,0.5531,-1,-1,-1
360,3,956.95,926.87,75.69,150.61,0.7148,-1,-1,-1
360,4,1722.52,457.57,72.19,208.21,0.6178,-1,-1,-1
360,16,210.14,317.14,63.28,184.97,0.3820,-1,-1,-1
360,18,454.90,1012.69,71.42,67.18,0.5190,-1,-1,-1
360,19,485.30,924.59,90.83,153.83,0.6048,-1,-1,-1
360,25,962.64,55.25,56.78,169.64,0.3677,-1,-1,-1
360,5,1569.72,635.45,86.23,244.04,0.5812,-1,-1,-1
360,26,1028.19,426.01,68.87,196.71,0.5182,-1,-1,-1
360,8,380.52,508.28,81.19,242.52,0.7217,-1,-1,-1
360,6,497.22,581.00,99.38,234.88,0.6961,-1,-1,-1
360,20,472.07,527.10,70.63,219.37,0.6203,-1,-1,-1
360,24,846.84,476.07,75.40,219.25,0.5625,-1,-1,-1
361,3,957.40,926.44,76.14,151.16,0.7191,-1,-1,-1
361,4,1722.74,457.70,72.30,208.61,0.6118,-1,-1,-1
361,16,210.63,316.00,62.60,184.56,0.2896,-1,-1,-1
361,18,457.25,1015.19,70.68,64.21,0.4415,-1,-1,-1
361,19,489.67,925.08,91.03,155.28,0.6532,-1,-1,-1
361,25,959.72,53.10,57.61,171.36,0.4077,-1,-1,-1
361,5,1568.55,636.08,85.87,243.61,0.6143,-1,-1,-1
361,26,1030.93,428.28,69.40,196.32,0.4522,-1,-1,-1
361,8,379.11,509.06,81.04,242.64,0.7078,-1,-1,-1
361,6,500.06,578.80,100.26,236.98,0.6565,-1,-1,-1
361,20,471.28,528.72,72.23,227.09,0.6366,-1,-1,-1
361,24,848.28,477.46,75.13,219.82,0.6200,-1,-1,-1
361,28,427.29,328.72,78.56,207.69,0.5146,-1,-1,-1
362,3,958.24,926.24,76.13,151.45,0.6826,-1,-1,-1
362,4,1722.87,457.88,72.40,208.68,0.5891,-1,-1,-1
362,18,457.04,1017.82,68.67,60.99,0.4472,-1,-1,-1
362,19,494.80,927.01,90.62,154.00,0.6726,-1,-1,-1
362,25,957.36,50.62,58.65,173.60,0.4187,-1,-1,-1
362,5,1569.56,635.42,85.94,244.91,0.5541,-1,-1,-1
362,26,1033.09,429.59,69.75,195.58,0.4738,-1,-1,-1
362,8,377.27,510.04,80.42,241.27,0.6910,-1,-1,-1
362,6,507.00,578.10,98.72,235.44,0.6020,-1,-1,-1
362,20,469.33,527.26,73.35,233.65,0.6953,-1,-1,-1
362,24,848.89,478.07,74.54,219.39,0.5488,-1,-1,-1
362,28,429.97,325.93,77.64,205.45,0.4857,-1,-1,-1
363,3,959.25,926.06,75.91,151.53,0.6452,-1,-1,-1
363,4,1722.98,458.10,72.34,208.42,0.5976,-1,-1,-1
363,18,459.15,1018.74,70.14,60.49,0.5110,-1,-1,-1
363,19,499.41,928.86,90.55,152.27,0.6548,-1,-1,-1
363,25,956.54,48.72,58.69,173.38,0.3438,-1,-1,-1
363,5,1570.97,635.26,85.54,244.57,0.5807,-1,-1,-1
363,26,1035.90,430.06,69.94,195.71,0.5355,-1,-1,-1
363,8,375.80,510.27,80.11,240.57,0.7083,-1,-1,-1
363,6,513.22,577.33,97.39,233.71,0.6188,-1,-1,-1
363,20,469.72,533.23,71.65,229.51,0.7135,-1,-1,-1
363,24,850.20,479.01,73.40,217.94,0.5923,-1,-1,-1
363,28,431.82,324.14,78.02,207.06,0.4897,-1,-1,-1
364,3,960.50,925.44,76.01,152.50,0.6628,-1,-1,-1
364,4,1722.47,458.02,72.44,208.31,0.5897,-1,-1,-1
364,18,460.45,1019.03,71.98,60.74,0.4986,-1,-1,-1
364,19,504.62,931.88,89.97,149.21,0.6700,-1,-1,-1
364,25,956.64,47.56,58.53,172.98,0.3097,-1,-1,-1
364,5,1571.28,634.33,85.44,245.96,0.5534,-1,-1,-1
364,26,1039.95,430.45,69.59,194.63,0.6054,-1,-1,-1
364,8,373.99,511.41,79.83,239.92,0.6915,-1,-1,-1
364,6,519.68,576.59,96.84,235.19,0.6585,-1,-1,-1
364,20,469.09,537.97,70.22,226.18,0.7211,-1,-1,-1
364,24,851.28,478.69,73.24,218.06,0.5559,-1,-1,-1
364,28,432.54,322.69,77.58,206.67,0.4877,-1,-1,-1
365,3,961.01,923.99,76.40,154.34,0.6770,-1,-1,-1
365,4,1722.50,457.18,72.70,209.21,0.5716,-1,-1,-1
365,18,460.60,1017.75,74.65,62.20,0.4653,-1,-1,-1
365,19,509.46,934.12,90.04,146.86,0.6751,-1,-1,-1
365,5,1572.37,635.26,84.24,243.93,0.6051,-1,-1,-1
365,26,1043.63,431.09,69.33,193.99,0.6230,-1,-1,-1
365,8,371.28,512.55,79.46,238.51,0.6928,-1,-1,-1
365,6,528.13,574.50,95.67,236.84,0.6442,-1,-1,-1
365,20,468.19,538.31,70.18,227.60,0.7150,-1,-1,-1
365,24,851.22,479.32,72.82,216.75,0.5350,-1,-1,-1
365,28,432.78,318.30,77.82,208.63,0.5332,-1,-1,-1
366,3,962.34,923.09,76.44,155.56,0.7054,-1,-1,-1
366,4,1722.19,457.30,72.67,209.18,0.5807,-1,-1,-1
366,18,459.62,1017.92,74.77,62.10,0.3919,-1,-1,-1
366,19,514.53,936.71,89.98,144.17,0.6745,-1,-1,-1
366,5,1573.43,633.98,84.75,246.09,0.5611,-1,-1,-1
366,26,1046.57,430.86,69.60,195.12,0.6343,-1,-1,-1
366,8,368.05,512.67,79.40,237.65,0.7387,-1,-1,-1
366,6,534.20,573.24,94.21,238.68,0.7079,-1,-1,-1
366,20,466.80,539.42,70.52,230.93,0.7374,-1,-1,-1
366,24,850.96,479.97,72.58,215.99,0.5818,-1,-1,-1
366,28,434.30,316.19,77.48,209.04,0.5354,-1,-1,-1
367,3,963.43,921.79,76.27,156.40,0.7098,-1,-1,-1
367,4,1721.78,457.55,72.66,209.42,0.5756,-1,-1,-1
367,18,462.82,1020.97,71.13,59.07,0.3444,-1,-1,-1
367,19,516.35,940.53,89.55,140.23,0.6849,-1,-1,-1
367,5,1576.53,639.23,83.94,241.85,0.5774,-1,-1,-1
367,26,1049.79,431.08,69.26,194.62,0.6272,-1,-1,-1
367,8,365.32,514.33,79.45,235.98,0.7548,-1,-1,-1
367,6,537.69,572.40,93.25,241.55,0.6916,-1,-1,-1
367,20,465.32,540.37,70.55,233.06,0.7386,-1,-1,-1
367,24,851.29,480.16,73.06,217.48,0.5996,-1,-1,-1
367,28,435.35,313.97,77.04,209.16,0.5608,-1,-1,-1
368,3,964.92,921.29,76.08,157.12,0.6920,-1,-1,-1
368,4,1722.43,457.86,72.38,208.11,0.5793,-1,-1,-1
368,18,464.56,1023.60,66.91,56.44,0.2920,-1,-1,-1
368,19,519.39,943.24,89.80,137.42,0.6927,-1,-1,-1
368,5,1578.47,643.48,83.05,236.67,0.5192,-1,-1,-1
368,26,1053.19,432.07,69.75,196.78,0.6634,-1,-1,-1
368,8,363.01,515.25,79.96,235.20,0.7697,-1,-1,-1
368,6,541.30,571.98,91.62,241.29,0.6905,-1,-1,-1
368,20,463.98,541.05,70.37,233.69,0.7519,-1,-1,-1
368,24,850.92,480.94,72.78,217.69,0.6339,-1,-1,-1
368,28,436.29,312.45,76.33,208.46,0.5702,-1,-1,-1
369,3,966.31,920.93,75.98,157.90,0.7153,-1,-1,-1
369,4,1723.21,458.13,72.29,206.88,0.5704,-1,-1,-1
369,18,468.48,1028.26,59.91,51.78,0.2599,-1,-1,-1
369,19,523.34,946.12,90.13,134.45,0.6972,-1,-1,-1
369,5,1578.46,645.07,83.49,236.48,0.5151,-1,-1,-1
369,26,1056.91,432.94,69.16,195.10,0.6217,-1,-1,-1
369,8,360.19,516.14,81.78,238.11,0.7540,-1,-1,-1
369,6,543.59,572.33,90.48,241.09,0.6856,-1,-1,-1
369,20,462.96,541.42,69.92,233.42,0.7328,-1,-1,-1
369,24,849.84,482.16,72.61,219.20,0.5735,-1,-1,-1
369,28,436.89,310.42,76.12,209.67,0.5334,-1,-1,-1
370,3,967.31,919.83,76.06,158.63,0.7278,-1,-1,-1
370,4,1722.95,457.76,72.68,207.77,0.5864,-1,-1,-1
370,18,478.85,1035.67,51.88,44.27,0.2516,-1,-1,-1
370,19,527.62,950.76,89.78,129.73,0.6851,-1,-1,-1
370,5,1578.52,645.04,83.89,235.63,0.4658,-1,-1,-1
370,26,1059.15,434.62,69.86,197.83,0.6182,-1,-1,-1
370,8,356.66,518.42,83.62,241.38,0.7176,-1,-1,-1
370,6,545.42,572.52,89.80,240.90,0.6626,-1,-1,-1
370,20,461.82,541.75,69.60,233.06,0.7275,-1,-1,-1
370,24,850.09,482.53,71.56,217.76,0.4662,-1,-1,-1
370,28,437.63,309.00,76.35,212.22,0.5443,-1,-1,-1
371,3,968.56,918.06,76.56,160.31,0.7225,-1,-1,-1
371,4,1723.11,457.77,72.78,207.53,0.5574,-1,-1,-1
371,19,530.33,954.52,90.04,125.90,0.6957,-1,-1,-1
371,5,1579.15,640.20,85.99,239.46,0.3978,-1,-1,-1
371,26,1062.21,435.88,70.19,198.96,0.6659,-1,-1,-1
371,8,353.21,521.52,84.73,242.09,0.6992,-1,-1,-1
371,6,549.70,572.31,90.52,241.38,0.6374,-1,-1,-1
371,20,460.55,542.10,69.35,232.80,0.7150,-1,-1,-1
371,24,849.32,482.83,72.82,223.31,0.4596,-1,-1,-1
371,28,438.76,309.35,75.33,210.53,0.5042,-1,-1,-1
372,3,970.25,917.21,77.00,161.20,0.7405,-1,-1,-1
372,4,1723.12,458.52,72.97,206.93,0.5366,-1,-1,-1
372,19,532.58,958.66,89.84,121.70,0.6829,-1,-1,-1
372,5,1578.46,644.71,85.23,234.81,0.4457,-1,-1,-1
372,26,1064.23,438.41,71.20,202.22,0.6605,-1,-1,-1
372,8,351.51,524.28,85.79,242.83,0.7197,-1,-1,-1
372,6,555.42,571.46,92.61,242.53,0.6557,-1,-1,-1
372,20,459.53,542.49,68.89,231.32,0.7111,-1,-1,-1
372,24,849.16,484.01,72.71,224.21,0.4072,-1,-1,-1
372,28,439.94,309.81,74.62,209.82,0.5502,-1,-1,-1
373,3,971.84,915.92,77.51,162.18,0.7326,-1,-1,-1
373,4,1722.94,458.16,73.71,207.68,0.5373,-1,-1,-1
373,19,533.58,962.32,90.03,117.99,0.6650,-1,-1,-1
373,5,1577.94,645.47,85.16,232.58,0.4216,-1,-1,-1
373,26,1066.93,440.75,71.43,203.03,0.6474,-1,-1,-1
373,8,350.06,526.60,85.81,240.72,0.6994,-1,-1,-1
373,6,558.29,571.13,94.47,242.93,0.6645,-1,-1,-1
373,20,458.48,543.46,68.41,230.11,0.7049,-1,-1,-1
373,24,848.85,485.53,71.93,223.20,0.3841,-1,-1,-1
373,28,440.62,309.22,74.22,210.05,0.5558,-1,-1,-1
374,3,972.75,915.40,77.89,162.85,0.7309,-1,-1,-1
374,4,1722.22,457.25,74.26,207.87,0.5489,-1,-1,-1
374,19,534.57,964.76,90.61,115.50,0.6549,-1,-1,-1
374,5,1577.17,645.96,86.02,232.68,0.4286,-1,-1,-1
374,26,1070.92,442.76,70.75,202.31,0.6228,-1,-1,-1
374,8,348.10,527.80,85.78,238.96,0.7003,-1,-1,-1
374,6,561.21,569.95,96.06,243.85,0.6568,-1,-1,-1
374,20,457.30,545.13,67.60,227.16,0.7053,-1,-1,-1
374,24,849.80,487.77,70.53,219.83,0.4433,-1,-1,-1
374,28,441.67,308.58,73.51,209.16,0.5972,-1,-1,-1
375,3,973.27,914.38,78.64,164.38,0.7217,-1,-1,-1
375,4,1720.98,457.10,74.82,208.37,0.5774,-1,-1,-1
375,19,535.56,966.82,91.05,113.40,0.6392,-1,-1,-1
375,5,1575.98,642.23,88.07,236.06,0.2747,-1,-1,-1
375,26,1075.02,444.11,70.70,203.08,0.5911,-1,-1,-1
375,8,346.52,528.86,86.13,238.23,0.6907,-1,-1,-1
375,6,565.45,568.45,97.60,245.04,0.6331,-1,-1,-1
375,20,456.65,546.76,67.06,223.98,0.7348,-1,-1,-1
375,24,851.12,490.11,69.30,217.44,0.4046,-1,-1,-1
375,28,443.27,307.32,73.17,209.28,0.6049,-1,-1,-1
375,29,913.72,506.83,69.92,205.70,0.5555,-1,-1,-1
376,3,974.10,912.92,79.37,166.19,0.7175,-1,-1,-1
376,4,1720.37,456.86,75.12,209.34,0.6119,-1,-1,-1
376,19,537.44,969.32,90.62,110.88,0.6359,-1,-1,-1
376,5,1576.96,645.88,88.30,234.24,0.3190,-1,-1,-1
376,26,1078.53,445.01,70.13,201.84,0.5832,-1,-1,-1
376,8,344.32,531.40,86.15,236.59,0.6840,-1,-1,-1
376,6,568.49,565.58,99.69,248.88,0.5848,-1,-1,-1
376,20,455.21,548.94,67.13,223.74,0.7417,-1,-1,-1
376,24,851.57,493.73,68.63,216.43,0.5095,-1,-1,-1
376,28,444.97,306.30,72.79,209.11,0.5910,-1,-1,-1
376,29,913.47,506.93,70.08,206.32,0.5753,-1,-1,-1
377,3,974.06,911.73,80.23,167.47,0.7055,-1,-1,-1
377,4,1720.27,456.74,74.93,209.03,0.6239,-1,-1,-1
377,19,537.66,970.14,91.22,110.02,0.6485,-1,-1,-1
377,26,1080.63,446.98,69.81,201.20,0.5980,-1,-1,-1
377,8,342.09,533.76,85.57,233.04,0.6859,-1,-1,-1
377,6,571.33,564.68,100.40,249.49,0.5910,-1,-1,-1
377,20,453.72,550.64,68.01,226.71,0.7339,-1,-1,-1
377,24,851.66,495.44,67.95,214.82,0.5073,-1,-1,-1
377,28,445.84,304.18,72.87,210.41,0.6381,-1,-1,-1
377,29,913.19,507.93,69.66,205.25,0.5757,-1,-1,-1
378,3,974.67,910.34,81.25,169.42,0.7162,-1,-1,-1
378,4,1720.27,456.52,75.07,209.33,0.6185,-1,-1,-1
378,19,538.76,971.72,90.96,108.43,0.6427,-1,-1,-1
378,26,1084.11,449.06,68.87,198.78,0.6361,-1,-1,-1
378,8,340.25,534.93,85.38,231.26,0.6965,-1,-1,-1
378,6,573.20,563.43,100.06,249.09,0.5019,-1,-1,-1
378,20,452.35,552.80,68.72,229.14,0.7248,-1,-1,-1
378,24,850.43,493.34,69.71,221.72,0.5071,-1,-1,-1
378,28,447.06,302.82,72.65,210.05,0.6326,-1,-1,-1
378,29,913.78,508.99,69.22,204.29,0.5567,-1,-1,-1
379,3,975.47,909.66,81.82,170.05,0.7200,-1,-1,-1
379,4,1720.49,456.90,75.04,208.69,0.6207,-1,-1,-1
379,19,539.88,973.17,90.51,106.95,0.6108,-1,-1,-1
379,26,1088.57,449.07,68.71,199.87,0.6342,-1,-1,-1
379,8,339.30,536.15,84.77,228.57,0.6954,-1,-1,-1
379,6,576.03,562.29,99.05,248.96,0.4046,-1,-1,-1
379,20,451.06,554.86,69.65,232.19,0.7148,-1,-1,-1
379,24,849.80,493.09,70.50,225.06,0.5175,-1,-1,-1
379,28,447.58,301.17,72.29,208.88,0.6431,-1,-1,-1
379,29,914.23,508.77,69.19,204.67,0.5599,-1,-1,-1
380,3,976.17,908.81,82.32,170.64,0.7104,-1,-1,-1
380,4,1720.27,456.55,75.32,209.35,0.6111,-1,-1,-1
380,19,541.25,974.54,90.00,105.57,0.6083,-1,-1,-1
380,26,1091.20,449.50,68.28,199.37,0.6032,-1,-1,-1
380,8,338.25,537.24,84.67,227.26,0.7032,-1,-1,-1
380,20,449.60,558.01,69.37,231.17,0.7312,-1,-1,-1
380,24,849.73,492.92,69.27,219.98,0.4441,-1,-1,-1
380,28,448.14,299.25,71.62,206.40,0.5919,-1,-1,-1
380,29,914.51,507.24,69.18,204.97,0.4816,-1,-1,-1
381,3,976.67,907.90,82.86,171.51,0.7049,-1,-1,-1
381,4,1719.89,456.37,75.27,209.49,0.6327,-1,-1,-1
381,19,543.63,977.27,88.27,102.82,0.6080,-1,-1,-1
381,26,1093.34,449.67,67.92,198.61,0.6691,-1,-1,-1
381,8,336.11,537.92,86.48,232.58,0.7551,-1,-1,-1
381,20,448.39,560.92,69.86,233.41,0.7351,-1,-1,-1
381,24,848.52,492.92,69.33,219.98,0.3931,-1,-1,-1
381,28,448.47,297.69,70.93,203.87,0.6316,-1,-1,-1
381,29,915.53,506.77,68.89,204.62,0.4848,-1,-1,-1
382,3,977.07,907.16,83.18,171.84,0.7195,-1,-1,-1
382,4,1719.40,456.74,74.86,208.41,0.6009,-1,-1,-1
382,19,546.54,980.43,86.08,99.65,0.5996,-1,-1,-1
382,26,1095.12,449.26,68.14,199.59,0.6674,-1,-1,-1
382,8,334.82,539.25,86.99,234.88,0.7804,-1,-1,-1
382,20,447.39,562.25,70.17,234.94,0.7430,-1,-1,-1
382,24,849.45,494.09,68.79,217.99,0.2507,-1,-1,-1
382,28,448.93,294.97,71.05,203.54,0.6236,-1,-1,-1
382,29,916.08,508.88,68.53,203.60,0.4707,-1,-1,-1
383,3,978.01,906.30,83.33,172.30,0.6955,-1,-1,-1
383,4,1719.19,456.54,74.99,209.16,0.6003,-1,-1,-1
383,19,550.73,987.68,80.82,92.39,0.5857,-1,-1,-1
383,26,1097.71,449.39,67.79,198.61,0.6584,-1,-1,-1
383,8,333.82,540.17,86.87,235.25,0.7796,-1,-1,-1
383,20,446.67,562.05,70.76,236.63,0.7660,-1,-1,-1
383,24,850.41,496.62,67.78,214.30,0.3749,-1,-1,-1
383,28,449.36,292.23,71.48,203.94,0.5810,-1,-1,-1
383,29,916.01,510.26,68.36,202.90,0.4887,-1,-1,-1
384,3,978.91,906.07,83.42,172.59,0.6985,-1,-1,-1
384,4,1718.86,456.75,74.45,208.53,0.5862,-1,-1,-1
384,19,555.19,992.68,77.53,87.37,0.5770,-1,-1,-1
384,26,1100.89,452.89,67.84,197.70,0.6486,-1,-1,-1
384,8,332.87,540.82,86.97,236.93,0.7749,-1,-1,-1
384,20,445.22,564.13,70.70,235.56,0.7714,-1,-1,-1
384,24,851.38,497.34,67.32,211.89,0.4249,-1,-1,-1
384,28,449.33,290.10,72.16,205.34,0.6014,-1,-1,-1
384,29,916.59,512.23,68.13,201.97,0.5736,-1,-1,-1
385,3,979.61,905.68,83.37,172.95,0.7091,-1,-1,-1
385,4,1718.30,456.91,74.16,208.20,0.6488,-1,-1,-1
385,19,558.91,997.23,74.80,82.82,0.5669,-1,-1,-1
385,26,1103.68,454.23,68.90,199.64,0.5826,-1,-1,-1
385,8,332.13,541.57,87.22,238.65,0.7686,-1,-1,-1
385,20,444.55,564.51,70.99,235.99,0.7676,-1,-1,-1
385,24,852.30,499.20,66.75,208.82,0.4460,-1,-1,-1
385,28,447.96,288.88,73.17,207.05,0.5654,-1,-1,-1
385,29,918.69,514.31,68.38,203.22,0.5250,-1,-1,-1
386,3,980.56,905.02,83.10,173.35,0.6760,-1,-1,-1
386,4,1718.79,457.28,73.83,207.61,0.5987,-1,-1,-1
386,19,563.70,1001.91,72.03,78.13,0.5118,-1,-1,-1
386,26,1108.20,455.91,69.33,200.05,0.5344,-1,-1,-1
386,8,331.52,543.84,87.25,239.03,0.7443,-1,-1,-1
386,20,443.12,565.45,71.06,235.75,0.7520,-1,-1,-1
386,24,851.97,500.08,66.99,208.62,0.4785,-1,-1,-1
386,28,447.28,287.78,74.23,208.21,0.5695,-1,-1,-1
386,29,918.55,515.47,68.86,204.65,0.4944,-1,-1,-1
387,3,981.67,904.52,82.58,173.39,0.6612,-1,-1,-1
387,4,1719.01,458.06,73.47,206.72,0.5513,-1,-1,-1
387,19,567.24,1005.55,70.27,74.48,0.5011,-1,-1,-1
387,26,1112.28,458.12,70.18,199.51,0.5185,-1,-1,-1
387,8,330.50,545.45,88.35,242.61,0.7476,-1,-1,-1
387,20,441.08,565.69,71.07,235.90,0.7455,-1,-1,-1
387,24,851.70,500.19,67.76,210.57,0.4375,-1,-1,-1
387,28,447.15,287.62,75.00,208.28,0.5801,-1,-1,-1
387,29,920.19,517.65,69.72,208.53,0.4463,-1,-1,-1
388,3,982.45,904.25,82.41,173.79,0.6203,-1,-1,-1
388,4,1718.84,457.49,73.44,207.07,0.5461,-1,-1,-1
388,19,570.64,1010.12,67.75,69.90,0.4462,-1,-1,-1
388,26,1114.85,461.74,71.20,198.65,0.5456,-1,-1,-1
388,8,328.29,549.16,89.65,246.25,0.7583,-1,-1,-1
388,20,439.59,567.24,70.76,234.84,0.7462,-1,-1,-1
388,24,851.52,501.75,67.73,209.81,0.4322,-1,-1,-1
388,28,446.76,287.19,75.83,208.57,0.5930,-1,-1,-1
388,29,920.78,519.35,69.52,208.53,0.4744,-1,-1,-1
389,3,983.31,904.39,82.22,173.75,0.6544,-1,-1,-1
389,4,1719.26,457.46,73.64,208.11,0.5555,-1,-1,-1
389,19,572.79,1013.13,66.65,66.89,0.4310,-1,-1,-1
389,26,1117.83,463.46,73.28,200.40,0.4806,-1,-1,-1
389,8,326.95,551.71,89.82,246.18,0.7754,-1,-1,-1
389,20,438.53,568.19,70.61,233.46,0.7651,-1,-1,-1
389,24,853.53,501.41,64.68,197.85,0.4292,-1,-1,-1
389,28,445.69,286.72,76.74,209.01,0.6114,-1,-1,-1
389,29,922.36,523.56,68.48,204.62,0.5325,-1,-1,-1
390,3,983.52,904.29,82.18,173.76,0.6177,-1,-1,-1
390,4,1719.11,456.90,73.64,208.73,0.5497,-1,-1,-1
390,19,575.66,1015.81,65.79,64.21,0.3869,-1,-1,-1
390,26,1121.48,464.62,74.24,201.36,0.4764,-1,-1,-1
390,8,324.91,553.58,89.81,245.84,0.7914,-1,-1,-1
390,20,437.42,569.24,70.55,232.32,0.7765,-1,-1,-1
390,24,852.31,503.40,68.38,209.25,0.5210,-1,-1,-1
390,28,445.04,286.57,77.40,209.15,0.6388,-1,-1,-1
390,29,923.81,525.86,67.90,202.03,0.5943,-1,-1,-1
391,3,982.65,904.52,82.50,174.44,0.6170,-1,-1,-1
391,4,1719.14,456.81,74.00,210.06,0.5634,-1,-1,-1
391,19,578.55,1017.36,65.86,62.42,0.3887,-1,-1,-1
391,26,1123.80,465.89,74.83,201.96,0.4465,-1,-1,-1
391,8,323.29,556.06,89.99,245.83,0.7921,-1,-1,-1
391,20,436.24,571.86,70.34,230.13,0.8019,-1,-1,-1
391,24,852.20,506.28,69.35,211.48,0.5879,-1,-1,-1
391,28,444.89,284.95,77.91,209.33,0.6380,-1,-1,-1
391,29,923.95,527.60,69.59,206.65,0.6195,-1,-1,-1
392,3,982.21,904.75,82.46,173.82,0.6710,-1,-1,-1
392,4,1720.18,456.80,73.54,209.41,0.5862,-1,-1,-1
392,19,579.61,1017.56,67.55,62.37,0.4018,-1,-1,-1
392,26,1127.83,467.62,74.05,199.73,0.5131,-1,-1,-1
392,8,321.62,557.32,90.88,247.60,0.8023,-1,-1,-1
392,20,435.32,573.78,70.71,229.90,0.8102,-1,-1,-1
392,24,850.57,508.20,72.70,222.85,0.5652,-1,-1,-1
392,28,444.85,283.06,78.45,210.48,0.6674,-1,-1,-1
392,29,923.68,528.79,70.52,208.45,0.6085,-1,-1,-1
393,3,981.93,905.43,82.29,172.88,0.6835,-1,-1,-1
393,4,1720.60,456.67,73.41,209.71,0.5855,-1,-1,-1
393,19,581.24,1018.05,68.70,61.93,0.4236,-1,-1,-1
393,26,1131.36,467.13,74.31,201.31,0.5174,-1,-1,-1
393,8,320.66,559.42,91.32,247.85,0.7960,-1,-1,-1
393,20,433.89,576.42,71.19,230.58,0.8170,-1,-1,-1
393,24,850.21,510.35,72.60,222.68,0.5591,-1,-1,-1
393,28,445.52,280.07,78.69,211.64,0.6625,-1,-1,-1
393,29,924.97,529.74,71.25,210.20,0.6583,-1,-1,-1
394,3,982.25,906.37,81.93,171.73,0.6816,-1,-1,-1
394,4,1719.77,456.31,73.52,210.58,0.5811,-1,-1,-1
394,19,582.78,1018.51,69.92,61.49,0.4429,-1,-1,-1
394,26,1135.98,467.47,73.90,201.70,0.5349,-1,-1,-1
394,8,319.86,560.55,91.75,248.54,0.7911,-1,-1,-1
394,20,432.66,579.19,71.20,230.45,0.7999,-1,-1,-1
394,24,849.95,511.85,74.00,227.88,0.5172,-1,-1,-1
394,28,446.53,277.75,78.48,212.09,0.6727,-1,-1,-1
394,29,925.87,526.39,71.88,212.62,0.6617,-1,-1,-1
395,3,982.82,906.68,82.00,171.37,0.6673,-1,-1,-1
395,4,1719.64,456.09,73.55,211.38,0.5837,-1,-1,-1
395,19,584.09,1019.94,70.09,60.07,0.4030,-1,-1,-1
395,26,1139.38,468.85,73.37,201.00,0.4442,-1,-1,-1
395,8,318.29,561.06,91.91,249.04,0.7876,-1,-1,-1
395,20,431.38,582.53,71.43,231.52,0.7923,-1,-1,-1
395,24,851.99,515.05,72.47,223.26,0.5652,-1,-1,-1
395,28,447.81,275.75,77.52,210.57,0.6577,-1,-1,-1
395,29,927.48,525.91,71.91,212.38,0.6761,-1,-1,-1
396,3,982.81,907.45,81.97,170.68,0.6857,-1,-1,-1
396,4,1720.11,457.23,72.90,209.75,0.6235,-1,-1,-1
396,19,586.46,1023.43,67.93,56.58,0.2683,-1,-1,-1
396,26,1144.23,469.13,72.60,199.87,0.4860,-1,-1,-1
396,8,315.83,562.29,91.52,249.04,0.7878,-1,-1,-1
396,20,430.49,585.12,71.30,231.19,0.7760,-1,-1,-1
396,24,853.17,517.58,72.79,225.07,0.6074,-1,-1,-1
396,28,448.91,274.06,75.96,207.35,0.6756,-1,-1,-1
396,29,928.55,526.40,71.88,212.30,0.6933,-1,-1,-1
397,3,982.69,908.05,82.14,170.37,0.7023,-1,-1,-1
397,4,1720.30,457.61,72.77,209.38,0.6306,-1,-1,-1
397,26,1147.76,471.43,71.79,197.88,0.4766,-1,-1,-1
397,8,313.80,562.62,91.15,249.51,0.7931,-1,-1,-1
397,20,429.43,587.44,71.20,231.40,0.7714,-1,-1,-1
397,24,855.33,519.62,69.46,212.56,0.6184,-1,-1,-1
397,28,450.27,272.11,74.22,203.46,0.6859,-1,-1,-1
397,29,929.67,527.78,71.32,210.17,0.6876,-1,-1,-1
398,3,982.68,908.19,82.14,170.32,0.7214,-1,-1,-1
398,4,1720.32,458.47,72.52,208.54,0.5916,-1,-1,-1
398,26,1151.75,470.26,72.57,199.60,0.5307,-1,-1,-1
398,8,311.72,563.28,90.45,249.01,0.7895,-1,-1,-1
398,20,427.52,589.12,71.63,234.88,0.7511,-1,-1,-1
398,24,855.57,519.88,72.11,221.32,0.6072,-1,-1,-1
398,28,451.01,270.35,73.35,201.18,0.6638,-1,-1,-1
398,29,931.08,530.26,70.20,207.34,0.6515,-1,-1,-1
399,3,983.00,908.52,82.34,170.98,0.7312,-1,-1,-1
399,4,1720.47,458.58,72.39,208.25,0.5770,-1,-1,-1
399,26,1155.04,468.15,74.27,204.18,0.5759,-1,-1,-1
399,8,310.49,563.73,89.44,247.44,0.7839,-1,-1,-1
399,20,426.63,591.07,71.55,236.35,0.7535,-1,-1,-1
399,24,856.20,520.62,72.40,222.18,0.6090,-1,-1,-1
399,28,452.00,267.44,73.62,202.15,0.6447,-1,-1,-1
399,29,932.70,531.51,69.88,206.47,0.6659,-1,-1,-1
400,3,983.67,909.24,81.90,170.32,0.7250,-1,-1,-1
400,4,1720.40,457.97,72.39,208.33,0.5441,-1,-1,-1
400,26,1157.65,469.95,74.54,205.39,0.5756,-1,-1,-1
400,8,310.11,565.12,87.94,244.23,0.7866,-1,-1,-1
400,20,425.83,592.67,71.19,237.05,0.7665,-1,-1,-1
400,24,856.79,521.50,72.86,223.78,0.6060,-1,-1,-1
400,28,452.19,266.25,73.86,202.84,0.6445,-1,-1,-1
400,29,932.31,533.13,70.06,206.34,0.6488,-1,-1,-1
401,3,983.29,910.56,81.03,168.97,0.7076,-1,-1,-1
401,4,1720.18,456.81,72.64,209.83,0.5084,-1,-1,-1
401,26,1161.79,471.21,74.77,206.92,0.6038,-1,-1,-1
401,8,309.50,566.64,86.53,240.36,0.7850,-1,-1,-1
401,20,425.61,593.92,70.86,237.35,0.7535,-1,-1,-1
401,24,856.80,521.42,73.84,227.07,0.6112,-1,-1,-1
401,28,452.19,265.64,74.03,202.87,0.6436,-1,-1,-1
401,29,934.28,534.88,69.96,206.38,0.6576,-1,-1,-1
402,3,983.70,912.04,80.10,167.73,0.7042,-1,-1,-1
402,4,1720.31,455.91,72.87,210.92,0.5202,-1,-1,-1
402,26,1166.63,474.39,73.45,202.10,0.5444,-1,-1,-1
402,8,308.40,568.40,86.68,240.60,0.7818,-1,-1,-1
402,20,425.34,595.10,70.23,236.84,0.7496,-1,-1,-1
402,24,856.71,522.38,74.17,227.85,0.6066,-1,-1,-1
402,28,452.51,264.93,74.54,203.98,0.6375,-1,-1,-1
402,29,934.88,536.20,70.68,208.40,0.6378,-1,-1,-1
403,3,983.68,913.45,78.93,165.96,0.7164,-1,-1,-1
403,4,1721.09,458.46,72.12,208.81,0.5070,-1,-1,-1
403,26,1170.96,478.31,72.75,199.24,0.3767,-1,-1,-1
403,8,306.53,570.87,87.44,243.51,0.7806,-1,-1,-1
403,20,424.46,596.35,69.62,236.35,0.7421,-1,-1,-1
403,24,857.38,523.08,74.25,227.64,0.6417,-1,-1,-1
403,28,452.90,264.63,74.86,204.54,0.6446,-1,-1,-1
403,29,934.92,537.94,70.57,207.31,0.6355,-1,-1,-1
404,3,983.94,915.36,77.66,164.02,0.6958,-1,-1,-1
404,4,1721.07,459.65,71.61,207.51,0.4490,-1,-1,-1
404,26,1174.13,481.87,73.48,199.72,0.4746,-1,-1,-1
404,8,305.21,573.75,87.80,245.64,0.7797,-1,-1,-1
404,20,423.88,597.18,69.12,235.55,0.7299,-1,-1,-1
404,24,857.82,523.33,74.28,227.22,0.6508,-1,-1,-1
404,28,453.05,263.79,75.37,206.22,0.6611,-1,-1,-1
404,29,933.76,539.77,71.89,211.16,0.6122,-1,-1,-1
405,3,984.10,917.65,76.28,161.61,0.6975,-1,-1,-1
405,4,1721.79,457.50,72.15,208.76,0.4625,-1,-1,-1
405,26,1176.23,483.77,74.54,200.80,0.5435,-1,-1,-1
405,8,303.58,575.59,88.13,248.25,0.7708,-1,-1,-1
405,20,422.40,598.49,68.81,234.53,0.7475,-1,-1,-1
405,24,859.63,524.02,74.76,227.48,0.6717,-1,-1,-1
405,28,453.19,263.43,75.35,206.13,0.6719,-1,-1,-1
405,29,934.52,541.22,72.38,213.29,0.6427,-1,-1,-1
406,3,983.91,918.80,75.74,160.45,0.7104,-1,-1,-1
406,4,1722.44,457.15,72.44,209.13,0.4907,-1,-1,-1
406,26,1179.58,485.82,75.78,203.09,0.4517,-1,-1,-1
406,8,302.66,577.58,87.96,249.51,0.7538,-1,-1,-1
406,20,420.73,600.18,68.35,232.65,0.7349,-1,-1,-1
406,24,860.94,525.80,75.07,227.34,0.6866,-1,-1,-1
406,28,453.72,262.86,75.14,204.63,0.6601,-1,-1,-1
406,29,934.10,543.28,72.98,214.92,0.6617,-1,-1,-1
407,3,983.43,920.35,74.95,158.60,0.6984,-1,-1,-1
407,4,1722.94,458.45,72.21,207.62,0.4472,-1,-1,-1
407,26,1182.89,487.04,75.81,202.62,0.3595,-1,-1,-1
407,8,302.12,579.84,87.16,248.88,0.7591,-1,-1,-1
407,20,418.28,600.69,67.99,231.81,0.7573,-1,-1,-1
407,24,859.23,526.42,77.43,234.00,0.6444,-1,-1,-1
407,28,454.31,262.59,75.06,204.00,0.6783,-1,-1,-1
407,29,933.37,545.51,73.42,216.63,0.6859,-1,-1,-1
408,3,983.20,922.44,73.81,155.63,0.7115,-1,-1,-1
408,4,1721.55,456.24,73.20,210.84,0.4584,-1,-1,-1
408,26,1186.39,487.14,76.24,204.49,0.4297,-1,-1,-1
408,8,300.73,582.75,86.98,249.98,0.7560,-1,-1,-1
408,20,417.81,603.48,67.97,230.85,0.7639,-1,-1,-1
408,24,859.21,527.30,78.62,237.88,0.6631,-1,-1,-1
408,28,454.52,261.27,75.49,204.95,0.6795,-1,-1,-1
408,29,932.49,547.32,73.12,215.22,0.6937,-1,-1,-1
409,3,983.03,924.01,73.36,153.91,0.6885,-1,-1,-1
409,4,1720.98,453.93,73.68,212.85,0.5256,-1,-1,-1
409,26,1192.90,487.57,75.39,204.20,0.4707,-1,-1,-1
409,8,299.35,585.19,86.55,250.28,0.7667,-1,-1,-1
409,20,416.44,607.50,68.26,231.13,0.7631,-1,-1,-1
409,24,859.73,529.85,79.32,240.21,0.6327,-1,-1,-1
409,28,455.96,260.11,74.87,203.45,0.6623,-1,-1,-1
409,29,933.17,548.88,72.56,213.37,0.6872,-1,-1,-1
410,3,982.79,925.20,73.07,152.60,0.6906,-1,-1,-1
410,4,1720.67,450.87,74.48,216.19,0.5468,-1,-1,-1
410,26,1199.79,488.38,73.63,202.97,0.4738,-1,-1,-1
410,8,297.15,586.54,86.72,251.32,0.7947,-1,-1,-1
410,20,414.45,609.72,68.97,233.55,0.7299,-1,-1,-1
410,24,858.96,532.31,79.74,242.84,0.6351,-1,-1,-1
410,28,457.45,259.24,73.73,200.50,0.6669,-1,-1,-1
410,29,933.77,550.66,72.17,212.54,0.7039,-1,-1,-1
411,3,982.19,925.80,73.25,151.74,0.6896,-1,-1,-1
411,4,1720.44,449.36,74.98,218.62,0.5377,-1,-1,-1
411,26,1204.40,487.49,73.40,205.01,0.4248,-1,-1,-1
411,8,295.72,587.86,86.03,250.16,0.7972,-1,-1,-1
411,20,412.46,612.40,69.07,233.86,0.7073,-1,-1,-1
411,24,859.47,535.07,79.33,243.78,0.6585,-1,-1,-1
411,28,457.99,257.47,72.69,197.64,0.6790,-1,-1,-1
411,29,933.92,551.58,71.63,211.23,0.6877,-1,-1,-1
412,3,981.85,925.93,74.13,152.04,0.7055,-1,-1,-1
412,4,1720.53,448.36,75.01,219.58,0.5737,-1,-1,-1
412,26,1208.03,487.01,72.81,205.69,0.5118,-1,-1,-1
412,8,294.09,588.52,85.44,249.39,0.7995,-1,-1,-1
412,20,408.64,614.38,69.81,235.54,0.7285,-1,-1,-1
412,24,860.83,537.88,77.26,238.36,0.6559,-1,-1,-1
412,28,457.41,254.66,72.74,197.53,0.6570,-1,-1,-1
412,29,935.12,553.02,70.94,210.00,0.6724,-1,-1,-1
413,3,981.56,926.90,74.40,150.70,0.6958,-1,-1,-1
413,4,1721.39,450.18,74.24,217.97,0.5497,-1,-1,-1
413,26,1213.05,493.20,70.11,199.97,0.5865,-1,-1,-1
413,8,292.36,589.90,84.87,247.74,0.7896,-1,-1,-1
413,20,407.11,616.42,69.91,235.39,0.7395,-1,-1,-1
413,24,861.44,539.62,77.09,239.68,0.6431,-1,-1,-1
413,28,456.66,251.90,73.13,198.42,0.6541,-1,-1,-1
413,29,936.65,553.47,70.50,209.60,0.6483,-1,-1,-1
414,3,981.34,927.40,75.10,150.10,0.7042,-1,-1,-1
414,4,1721.79,455.89,72.38,212.45,0.4778,-1,-1,-1
414,26,1218.12,488.38,71.29,204.79,0.5263,-1,-1,-1
414,8,291.24,590.45,84.72,247.37,0.7823,-1,-1,-1
414,20,406.12,618.38,70.20,236.18,0.7251,-1,-1,-1
414,24,861.86,540.77,77.19,242.47,0.6484,-1,-1,-1
414,28,454.86,249.46,74.03,200.43,0.6633,-1,-1,-1
414,29,935.20,555.66,70.28,206.57,0.6707,-1,-1,-1
415,3,982.05,928.50,75.70,148.94,0.7249,-1,-1,-1
415,4,1721.90,452.88,73.21,215.12,0.4949,-1,-1,-1
415,26,1222.18,492.89,70.64,202.42,0.5830,-1,-1,-1
415,8,290.34,591.98,84.26,245.84,0.7817,-1,-1,-1
415,20,404.04,620.00,70.66,237.70,0.7216,-1,-1,-1
415,24,862.61,542.25,76.86,243.84,0.6314,-1,-1,-1
415,28,453.71,248.92,74.18,199.34,0.6199,-1,-1,-1
415,29,935.85,557.17,70.73,205.69,0.6424,-1,-1,-1
415,30,1575.15,614.41,109.29,242.19,0.5372,-1,-1,-1
416,3,981.71,928.93,76.69,148.51,0.7304,-1,-1,-1
416,4,1721.82,452.42,73.35,215.21,0.4787,-1,-1,-1
416,26,1228.03,489.89,72.68,206.58,0.4223,-1,-1,-1
416,8,290.32,593.11,83.47,243.36,0.7909,-1,-1,-1
416,20,402.21,621.30,70.96,238.16,0.7397,-1,-1,-1
416,24,863.19,543.28,76.00,243.36,0.6039,-1,-1,-1
416,28,452.26,248.66,74.68,198.95,0.6014,-1,-1,-1
416,29,936.29,558.70,71.45,206.32,0.6432,-1,-1,-1
416,30,1574.99,613.64,109.80,243.35,0.5612,-1,-1,-1
417,3,981.68,929.91,77.33,147.41,0.7106,-1,-1,-1
417,4,1721.35,454.30,72.77,213.57,0.4833,-1,-1,-1
417,26,1233.66,490.85,74.30,207.92,0.5267,-1,-1,-1
417,8,290.20,595.52,82.97,241.04,0.7694,-1,-1,-1
417,20,400.33,623.57,70.57,235.58,0.7411,-1,-1,-1
417,24,864.63,544.45,72.16,232.38,0.5609,-1,-1,-1
417,28,450.71,249.40,75.11,197.97,0.5989,-1,-1,-1
417,29,937.10,560.83,71.48,204.53,0.6167,-1,-1,-1
417,30,1572.78,610.67,111.05,246.31,0.5626,-1,-1,-1
418,3,981.21,930.57,78.45,147.03,0.7076,-1,-1,-1
418,4,1720.79,453.85,73.10,214.44,0.4695,-1,-1,-1
418,26,1236.93,490.99,76.95,210.79,0.5425,-1,-1,-1
418,8,289.48,597.24,83.36,241.50,0.7829,-1,-1,-1
418,20,397.53,624.01,70.91,235.62,0.7809,-1,-1,-1
418,24,866.62,545.86,68.76,221.19,0.5154,-1,-1,-1
418,28,449.37,249.29,76.05,198.40,0.5507,-1,-1,-1
418,29,938.21,562.36,72.01,204.99,0.6016,-1,-1,-1
418,30,1572.47,613.46,109.41,243.07,0.5859,-1,-1,-1
419,3,980.79,931.30,79.49,146.27,0.7165,-1,-1,-1
419,4,1720.24,449.62,74.31,218.49,0.5305,-1,-1,-1
419,26,1238.19,492.76,78.68,211.50,0.4798,-1,-1,-1
419,8,288.53,599.22,84.50,244.35,0.7872,-1,-1,-1
419,20,395.14,623.99,71.29,236.15,0.7941,-1,-1,-1
419,24,868.04,546.71,67.22,215.64,0.5421,-1,-1,-1
419,28,448.96,249.07,76.92,198.99,0.5473,-1,-1,-1
419,29,940.47,564.01,73.62,211.18,0.5495,-1,-1,-1
419,30,1572.89,614.79,108.64,241.58,0.5881,-1,-1,-1
420,3,980.81,931.44,81.01,146.41,0.7011,-1,-1,-1
420,4,1721.52,449.55,73.76,216.88,0.4997,-1,-1,-1
420,26,1237.42,491.64,81.16,215.83,0.4176,-1,-1,-1
420,8,287.51,601.02,85.72,247.84,0.7781,-1,-1,-1
420,20,393.67,624.74,71.55,235.84,0.7861,-1,-1,-1
420,24,868.56,546.05,67.87,217.22,0.5598,-1,-1,-1
420,28,449.37,248.77,77.28,198.66,0.5260,-1,-1,-1
420,29,942.35,567.10,73.30,211.12,0.5348,-1,-1,-1
420,30,1572.50,614.99,107.97,240.79,0.5897,-1,-1,-1
421,3,980.26,932.03,82.04,146.09,0.7086,-1,-1,-1
421,4,1722.42,454.19,73.00,214.05,0.4898,-1,-1,-1
421,26,1239.74,497.14,81.24,212.49,0.3868,-1,-1,-1
421,8,286.30,602.76,87.29,252.26,0.7643,-1,-1,-1
421,20,392.26,625.21,71.82,235.60,0.7876,-1,-1,-1
421,24,868.78,546.90,68.63,218.72,0.5206,-1,-1,-1
421,28,448.39,247.10,78.17,199.37,0.5859,-1,-1,-1
421,29,943.98,570.80,73.37,212.18,0.4543,-1,-1,-1
421,30,1572.82,622.29,104.43,233.39,0.5495,-1,-1,-1
422,3,979.93,931.72,83.23,146.42,0.7212,-1,-1,-1
422,4,1723.69,458.88,70.98,206.91,0.5269,-1,-1,-1
422,26,1243.98,500.94,80.71,208.76,0.3878,-1,-1,-1
422,8,285.74,604.60,89.13,256.65,0.7470,-1,-1,-1
422,20,391.95,627.05,71.61,233.41,0.7816,-1,-1,-1
422,24,869.31,548.81,70.24,223.62,0.4393,-1,-1,-1
422,28,447.85,245.29,78.80,200.92,0.6089,-1,-1,-1
422,29,945.51,574.29,72.16,210.03,0.5545,-1,-1,-1
422,30,1572.46,624.96,103.02,230.70,0.4866,-1,-1,-1
423,3,980.21,931.31,84.22,146.57,0.6958,-1,-1,-1
423,4,1722.64,459.07,71.27,207.08,0.5465,-1,-1,-1
423,26,1250.64,505.05,79.52,204.59,0.2962,-1,-1,-1
423,8,285.92,607.08,89.83,257.70,0.7407,-1,-1,-1
423,20,390.90,629.49,71.97,233.14,0.7810,-1,-1,-1
423,24,875.12,549.57,56.98,171.96,0.3623,-1,-1,-1
423,28,447.42,243.24,78.91,201.43,0.5948,-1,-1,-1
423,29,946.22,576.37,71.68,209.46,0.5589,-1,-1,-1
423,30,1572.60,625.37,102.40,230.09,0.4369,-1,-1,-1
423,32,734.32,560.96,68.24,228.23,0.6172,-1,-1,-1
424,3,980.31,931.73,84.70,146.07,0.7097,-1,-1,-1
424,4,1722.30,460.84,71.15,205.94,0.5562,-1,-1,-1
424,26,1255.35,505.00,80.51,206.76,0.2842,-1,-1,-1
424,8,285.31,609.39,89.92,257.41,0.7516,-1,-1,-1
424,20,389.56,631.77,73.58,235.41,0.7811,-1,-1,-1
424,24,870.06,550.99,68.91,208.16,0.3882,-1,-1,-1
424,28,446.79,242.54,78.77,201.71,0.5981,-1,-1,-1
424,29,947.33,578.07,71.54,209.20,0.5921,-1,-1,-1
424,30,1575.09,633.63,97.99,221.49,0.4279,-1,-1,-1
424,32,737.49,560.22,69.10,230.84,0.6622,-1,-1,-1
425,3,981.15,931.85,85.37,146.14,0.6974,-1,-1,-1
425,4,1721.76,460.49,71.72,206.93,0.5449,-1,-1,-1
425,8,284.86,611.34,90.67,258.72,0.7280,-1,-1,-1
425,20,388.00,633.49,74.92,237.40,0.7597,-1,-1,-1
425,24,875.31,552.02,58.52,168.63,0.3487,-1,-1,-1
425,28,446.32,239.91,78.69,202.28,0.6369,-1,-1,-1
425,29,948.69,577.17,71.67,208.35,0.5790,-1,-1,-1
425,30,1574.32,635.48,96.99,220.50,0.4293,-1,-1,-1
425,32,740.99,559.34,70.93,236.40,0.6256,-1,-1,-1
426,3,982.16,931.91,86.15,146.52,0.7120,-1,-1,-1
426,4,1722.29,460.18,72.21,207.31,0.5639,-1,-1,-1
426,8,284.30,613.57,90.89,259.02,0.7227,-1,-1,-1
426,20,386.70,635.38,75.86,238.62,0.7309,-1,-1,-1
426,24,870.44,555.17,71.20,205.63,0.4873,-1,-1,-1
426,28,446.32,237.92,77.38,199.47,0.6277,-1,-1,-1
426,29,949.64,577.55,71.99,208.12,0.6232,-1,-1,-1
426,30,1574.56,637.17,95.68,218.70,0.3649,-1,-1,-1
426,32,743.55,559.71,72.07,239.35,0.6277,-1,-1,-1
427,3,982.87,931.06,87.20,147.67,0.7062,-1,-1,-1
427,4,1721.32,461.72,72.11,206.03,0.5427,-1,-1,-1
427,8,283.35,615.10,91.47,259.83,0.7050,-1,-1,-1
427,20,387.03,637.75,77.55,240.38,0.6812,-1,-1,-1
427,24,869.33,557.16,74.94,217.16,0.5297,-1,-1,-1
427,28,446.92,236.94,76.00,196.18,0.6156,-1,-1,-1
427,29,950.94,578.31,72.61,208.90,0.6076,-1,-1,-1
427,30,1572.85,633.29,96.52,222.37,0.3218,-1,-1,-1
427,32,745.11,560.06,73.33,242.76,0.5623,-1,-1,-1
428,3,983.71,930.37,88.00,148.43,0.7258,-1,-1,-1
428,4,1721.37,463.03,72.01,203.81,0.5275,-1,-1,-1
428,8,282.72,617.65,91.64,259.35,0.7027,-1,-1,-1
428,20,382.77,641.27,76.65,238.36,0.7223,-1,-1,-1
428,24,869.51,560.02,77.91,226.62,0.6015,-1,-1,-1
428,28,447.26,235.01,75.03,193.89,0.6398,-1,-1,-1
428,29,952.56,578.76,73.21,210.15,0.6472,-1,-1,-1
428,30,1572.96,633.20,95.94,222.74,0.3747,-1,-1,-1
428,32,748.43,561.19,74.17,243.93,0.6026,-1,-1,-1
429,3,984.56,930.38,88.24,148.39,0.7324,-1,-1,-1
429,4,1721.19,461.67,73.31,206.46,0.5472,-1,-1,-1
429,8,281.95,618.41,91.34,257.28,0.7233,-1,-1,-1
429,20,380.49,644.17,76.25,238.13,0.7132,-1,-1,-1
429,24,870.61,562.86,77.64,226.10,0.6415,-1,-1,-1
429,28,447.09,234.10,74.62,192.56,0.5982,-1,-1,-1
429,29,954.57,579.61,73.07,209.98,0.6493,-1,-1,-1
429,30,1573.07,635.38,94.65,221.21,0.4371,-1,-1,-1
429,32,751.81,562.10,75.84,247.51,0.6673,-1,-1,-1
430,3,986.58,929.77,88.39,148.91,0.7072,-1,-1,-1
430,4,1722.11,464.05,72.70,203.59,0.5231,-1,-1,-1
430,8,280.55,620.22,91.17,256.19,0.7244,-1,-1,-1
430,20,377.75,646.69,76.66,240.93,0.7087,-1,-1,-1
430,24,871.41,564.51,77.58,226.43,0.5907,-1,-1,-1
430,28,446.53,232.32,74.93,193.14,0.5616,-1,-1,-1
430,29,956.82,580.92,72.63,208.17,0.6314,-1,-1,-1
430,30,1572.84,634.90,94.31,221.71,0.4743,-1,-1,-1
430,32,755.01,563.09,76.32,246.54,0.6760,-1,-1,-1
431,3,987.82,929.03,88.50,149.59,0.6965,-1,-1,-1
431,4,1721.86,462.51,73.58,206.70,0.5392,-1,-1,-1
431,8,280.38,621.57,90.78,254.64,0.7543,-1,-1,-1
431,20,375.94,648.77,76.23,240.49,0.7411,-1,-1,-1
431,24,872.19,566.55,77.60,226.41,0.6161,-1,-1,-1
431,28,445.54,230.57,75.26,194.00,0.5686,-1,-1,-1
431,29,958.93,582.01,72.17,207.08,0.6166,-1,-1,-1
431,30,1572.92,633.87,93.93,222.13,0.4195,-1,-1,-1
431,32,757.33,563.42,76.90,245.92,0.6972,-1,-1,-1
432,3,988.97,927.70,88.69,150.89,0.7005,-1,-1,-1
432,4,1721.50,462.41,73.31,206.18,0.5638,-1,-1,-1
432,8,279.90,623.16,90.10,252.02,0.7417,-1,-1,-1
432,20,375.67,650.30,75.75,239.46,0.7336,-1,-1,-1
432,24,872.77,569.06,77.14,225.71,0.6111,-1,-1,-1
432,28,444.69,228.55,75.92,195.82,0.5826,-1,-1,-1
432,29,960.17,583.12,72.23,207.18,0.6279,-1,-1,-1
432,30,1571.65,629.41,95.36,226.94,0.4538,-1,-1,-1
432,32,758.69,564.17,77.88,246.79,0.7277,-1,-1,-1
433,3,990.55,927.72,88.09,150.65,0.6878,-1,-1,-1
433,4,1722.64,463.12,73.08,204.92,0.5235,-1,-1,-1
433,8,279.21,623.21,89.36,249.94,0.7521,-1,-1,-1
433,20,374.93,651.97,75.34,238.52,0.7006,-1,-1,-1
433,24,874.79,570.50,76.18,223.11,0.6069,-1,-1,-1
433,28,444.31,227.29,76.33,196.93,0.6033,-1,-1,-1
433,29,961.78,583.93,72.77,209.42,0.5929,-1,-1,-1
433,30,1570.90,627.34,95.13,228.19,0.3978,-1,-1,-1
433,32,759.36,564.75,79.17,249.04,0.7085,-1,-1,-1
434,3,992.65,927.86,87.42,150.24,0.7312,-1,-1,-1
434,4,1723.66,464.33,72.48,203.27,0.4753,-1,-1,-1
434,8,278.81,624.08,88.95,248.67,0.7395,-1,-1,-1
434,20,373.81,653.01,75.27,237.68,0.7258,-1,-1,-1
434,24,877.35,571.53,75.87,222.79,0.6040,-1,-1,-1
434,28,444.38,226.41,76.57,197.94,0.5982,-1,-1,-1
434,29,962.73,585.89,73.21,211.04,0.6032,-1,-1,-1
434,30,1571.39,629.81,93.34,225.14,0.3825,-1,-1,-1
434,32,759.95,566.04,79.81,249.67,0.7279,-1,-1,-1
435,3,994.49,926.87,87.42,151.16,0.7075,-1,-1,-1
435,4,1723.91,464.81,72.57,203.52,0.4902,-1,-1,-1
435,8,278.17,624.87,88.89,248.47,0.7553,-1,-1,-1
435,20,371.74,653.37,75.71,238.52,0.7220,-1,-1,-1
435,24,879.18,572.44,75.34,220.84,0.6103,-1,-1,-1
435,28,444.16,225.62,76.78,198.87,0.6005,-1,-1,-1
435,29,963.33,587.17,74.34,215.84,0.6066,-1,-1,-1
435,30,1571.05,629.95,92.51,224.52,0.3793,-1,-1,-1
435,32,760.44,566.42,80.14,250.20,0.7070,-1,-1,-1
436,3,996.70,926.47,87.14,151.28,0.6920,-1,-1,-1
436,4,1724.50,465.96,71.97,201.83,0.4647,-1,-1,-1
436,8,276.75,625.72,89.69,250.94,0.7628,-1,-1,-1
436,20,369.57,654.09,75.62,237.83,0.7308,-1,-1,-1
436,24,881.03,573.65,73.03,213.05,0.6298,-1,-1,-1
436,28,443.93,224.95,77.00,199.93,0.6235,-1,-1,-1
436,29,964.53,588.04,75.62,221.65,0.6194,-1,-1,-1
436,30,1571.30,634.72,89.26,218.31,0.3282,-1,-1,-1
436,32,760.69,566.70,80.42,251.00,0.6872,-1,-1,-1
437,3,998.62,925.34,87.42,152.42,0.7146,-1,-1,-1
437,4,1724.47,465.97,71.77,200.75,0.5044,-1,-1,-1
437,8,274.93,627.50,91.03,255.23,0.7763,-1,-1,-1
437,20,368.51,655.11,75.31,236.47,0.7367,-1,-1,-1
437,24,881.48,574.51,74.07,216.00,0.6407,-1,-1,-1
437,28,444.42,223.78,76.63,199.92,0.6123,-1,-1,-1
437,29,964.82,589.72,75.62,223.71,0.6093,-1,-1,-1
437,30,1571.34,637.74,87.08,214.67,0.3288,-1,-1,-1
437,32,761.17,566.87,80.62,251.61,0.6853,-1,-1,-1
438,3,1001.51,925.47,87.02,152.42,0.7075,-1,-1,-1
438,4,1722.99,464.53,72.52,203.38,0.5338,-1,-1,-1
438,8,272.72,630.06,92.20,259.47,0.7686,-1,-1,-1
438,20,367.12,656.45,75.10,236.09,0.7402,-1,-1,-1
438,24,881.18,575.24,76.01,222.07,0.6690,-1,-1,-1
438,28,445.16,224.15,75.88,198.75,0.6168,-1,-1,-1
438,29,965.36,591.67,75.81,225.41,0.5802,-1,-1,-1
438,30,1568.65,636.00,86.48,216.16,0.3574,-1,-1,-1
438,32,762.02,567.32,80.58,252.19,0.6782,-1,-1,-1
439,3,1004.13,925.50,86.92,152.69,0.6937,-1,-1,-1
439,4,1722.21,462.48,72.81,204.74,0.5583,-1,-1,-1
439,8,271.76,631.56,92.27,261.89,0.7552,-1,-1,-1
439,20,365.71,657.25,75.17,236.15,0.7634,-1,-1,-1
439,24,881.97,576.06,77.03,225.30,0.6674,-1,-1,-1
439,28,445.90,223.91,75.76,199.57,0.6161,-1,-1,-1
439,29,965.72,594.64,75.50,225.37,0.5638,-1,-1,-1
439,30,1566.82,636.88,85.11,216.07,0.3076,-1,-1,-1
439,32,763.40,568.48,80.06,251.39,0.6471,-1,-1,-1
440,3,1006.35,925.35,86.90,152.89,0.6979,-1,-1,-1
440,4,1722.37,461.47,72.75,205.24,0.6068,-1,-1,-1
440,8,270.56,633.72,92.12,262.18,0.7624,-1,-1,-1
440,20,365.03,657.48,76.00,240.23,0.7500,-1,-1,-1
440,24,883.02,576.75,77.17,225.68,0.6687,-1,-1,-1
440,28,446.02,223.05,75.46,199.41,0.6130,-1,-1,-1
440,29,966.48,596.66,75.29,224.88,0.5855,-1,-1,-1
440,30,1564.50,635.80,83.63,217.21,0.2869,-1,-1,-1
440,32,765.26,568.87,79.45,250.62,0.6695,-1,-1,-1
441,3,1008.43,924.51,87.32,154.11,0.7323,-1,-1,-1
441,4,1722.33,460.16,72.87,206.29,0.5944,-1,-1,-1
441,8,269.59,636.22,91.42,260.26,0.7675,-1,-1,-1
441,20,363.46,659.35,76.92,244.80,0.7757,-1,-1,-1
441,24,885.21,577.18,75.01,219.89,0.6606,-1,-1,-1
441,28,445.78,220.80,75.33,199.91,0.6138,-1,-1,-1
441,29,966.35,598.87,74.85,222.68,0.5209,-1,-1,-1
441,30,1562.84,635.10,81.97,218.34,0.2927,-1,-1,-1
441,32,766.98,569.85,78.62,250.85,0.6547,-1,-1,-1
442,3,1010.57,924.31,87.20,154.19,0.7432,-1,-1,-1
442,4,1722.69,459.51,72.84,207.43,0.5853,-1,-1,-1
442,8,266.90,638.58,91.46,260.59,0.7724,-1,-1,-1
442,20,361.80,662.14,76.85,245.33,0.7719,-1,-1,-1
442,24,886.53,578.06,74.36,217.99,0.6411,-1,-1,-1
442,28,446.05,218.86,74.36,197.84,0.5455,-1,-1,-1
442,29,967.12,599.89,74.60,221.55,0.5365,-1,-1,-1
442,32,769.32,570.64,77.74,251.36,0.6387,-1,-1,-1
443,3,1012.42,924.34,87.31,154.55,0.7340,-1,-1,-1
443,4,1723.04,459.43,72.50,207.55,0.5814,-1,-1,-1
443,8,263.43,640.77,91.58,260.84,0.7560,-1,-1,-1
443,20,359.52,665.13,76.90,245.62,0.7666,-1,-1,-1
443,24,885.09,580.15,77.20,226.54,0.6012,-1,-1,-1
443,28,447.00,217.42,73.21,194.96,0.5327,-1,-1,-1
443,29,967.36,601.48,74.43,221.04,0.4746,-1,-1,-1
443,32,772.00,570.84,76.64,250.41,0.6230,-1,-1,-1
444,3,1014.46,924.75,87.04,154.44,0.7500,-1,-1,-1
444,4,1723.42,459.02,72.34,208.18,0.5787,-1,-1,-1
444,8,260.82,643.27,91.21,258.93,0.7693,-1,-1,-1
444,20,358.01,667.95,77.10,246.73,0.7728,-1,-1,-1
444,24,884.93,582.59,77.89,229.50,0.6191,-1,-1,-1
444,28,446.89,215.64,72.27,191.97,0.5119,-1,-1,-1
444,29,967.62,602.79,74.34,220.17,0.4647,-1,-1,-1
444,32,774.41,570.98,76.25,252.13,0.6435,-1,-1,-1
445,3,1015.38,923.93,87.38,155.49,0.7428,-1,-1,-1
445,4,1723.18,458.29,72.09,208.30,0.5717,-1,-1,-1
445,8,258.17,644.19,91.10,257.68,0.7530,-1,-1,-1
445,20,357.52,671.71,76.16,244.11,0.7517,-1,-1,-1
445,24,884.66,584.43,77.77,229.66,0.6493,-1,-1,-1
445,28,445.99,214.07,72.13,191.13,0.5382,-1,-1,-1
445,29,967.62,602.87,74.88,221.18,0.5777,-1,-1,-1
445,32,776.96,571.47,75.72,252.00,0.6490,-1,-1,-1
446,3,1017.34,923.57,86.80,155.18,0.7475,-1,-1,-1
446,4,1723.16,457.82,71.96,208.98,0.5627,-1,-1,-1
446,8,255.66,645.55,91.17,256.36,0.7524,-1,-1,-1
446,20,355.85,674.47,76.22,244.97,0.7411,-1,-1,-1
446,24,883.75,586.25,79.24,234.78,0.6291,-1,-1,-1
446,28,445.03,212.32,72.49,191.86,0.5343,-1,-1,-1
446,29,966.94,603.63,74.74,219.49,0.5982,-1,-1,-1
446,32,780.32,572.08,74.99,250.41,0.6335,-1,-1,-1
447,3,1018.06,922.19,87.32,157.07,0.7504,-1,-1,-1
447,4,1721.98,458.06,72.09,209.47,0.5637,-1,-1,-1
447,8,254.49,647.26,91.35,255.12,0.7633,-1,-1,-1
447,20,354.52,676.54,76.03,244.70,0.7557,-1,-1,-1
447,24,883.50,588.62,79.37,235.89,0.6180,-1,-1,-1
447,28,444.33,210.89,73.00,193.33,0.5191,-1,-1,-1
447,29,969.05,607.11,72.89,212.64,0.5590,-1,-1,-1
447,32,783.45,572.40,74.49,249.24,0.6372,-1,-1,-1
448,3,1019.35,921.41,86.98,157.71,0.7503,-1,-1,-1
448,4,1720.95,457.97,72.31,209.73,0.5693,-1,-1,-1
448,8,253.14,648.03,91.46,253.94,0.7709,-1,-1,-1
448,20,353.12,678.47,75.58,243.77,0.7585,-1,-1,-1
448,24,882.32,590.65,81.03,241.25,0.6489,-1,-1,-1
448,28,442.89,210.33,73.08,193.32,0.5450,-1,-1,-1
448,29,969.32,608.26,73.05,212.11,0.6533,-1,-1,-1
448,32,786.50,572.24,74.56,248.80,0.6542,-1,-1,-1
449,3,1020.61,921.76,86.22,157.35,0.7502,-1,-1,-1
449,4,1722.94,457.35,72.52,209.76,0.5466,-1,-1,-1
449,8,252.81,648.43,91.53,253.06,0.7617,-1,-1,-1
449,20,350.93,679.34,75.46,243.12,0.7630,-1,-1,-1
449,24,881.80,593.19,82.21,245.02,0.6600,-1,-1,-1
449,28,442.56,209.70,73.00,193.28,0.5244,-1,-1,-1
449,29,969.26,609.93,73.32,211.06,0.6527,-1,-1,-1
449,32,788.27,572.82,74.61,248.00,0.6556,-1,-1,-1
450,3,1021.53,920.78,85.84,157.94,0.7473,-1,-1,-1
450,4,1723.40,457.29,72.65,209.89,0.5645,-1,-1,-1
450,8,251.81,649.98,91.07,250.08,0.7589,-1,-1,-1
450,20,349.11,679.43,75.73,243.12,0.7611,-1,-1,-1
450,24,881.86,594.39,82.61,246.05,0.6524,-1,-1,-1
450,28,442.04,209.16,73.14,194.11,0.5362,-1,-1,-1
450,29,970.16,611.30,73.65,211.29,0.6556,-1,-1,-1
450,32,789.52,573.57,74.64,246.95,0.6378,-1,-1,-1
451,3,1022.79,921.60,85.08,157.90,0.7442,-1,-1,-1
451,4,1721.10,457.88,72.60,209.07,0.5199,-1,-1,-1
451,8,251.09,651.83,90.27,247.22,0.7253,-1,-1,-1
451,20,347.00,680.48,76.06,243.75,0.7556,-1,-1,-1
451,24,881.85,596.96,82.17,244.56,0.6084,-1,-1,-1
451,28,441.01,208.92,73.14,193.97,0.5085,-1,-1,-1
451,29,971.21,612.44,74.94,215.25,0.6078,-1,-1,-1
451,32,790.65,575.04,74.16,244.78,0.6338,-1,-1,-1
452,3,1023.83,921.84,84.40,158.02,0.7640,-1,-1,-1
452,4,1720.19,458.29,72.74,208.75,0.5371,-1,-1,-1
452,8,249.89,653.47,91.03,249.35,0.7526,-1,-1,-1
452,20,345.05,680.81,76.06,242.36,0.7866,-1,-1,-1
452,24,883.26,598.24,81.96,244.70,0.6396,-1,-1,-1
452,28,440.40,208.12,73.56,194.93,0.4621,-1,-1,-1
452,29,972.24,613.99,76.27,219.15,0.6033,-1,-1,-1
452,32,792.51,575.55,74.31,245.03,0.6453,-1,-1,-1
453,3,1024.51,921.53,83.90,158.46,0.7544,-1,-1,-1
453,4,1719.58,458.72,72.96,208.52,0.5329,-1,-1,-1
453,8,248.60,655.92,91.75,251.86,0.7498,-1,-1,-1
453,20,343.52,681.01,76.30,241.65,0.7833,-1,-1,-1
453,24,885.96,599.78,80.84,242.82,0.6339,-1,-1,-1
453,28,438.84,207.60,73.98,195.25,0.4321,-1,-1,-1
453,29,972.84,616.64,76.79,220.62,0.6081,-1,-1,-1
453,32,795.11,576.98,74.44,244.93,0.6392,-1,-1,-1
454,3,1024.66,921.11,83.53,158.93,0.7553,-1,-1,-1
454,4,1718.40,458.02,73.41,208.53,0.5619,-1,-1,-1
454,8,247.32,657.37,92.67,254.76,0.7525,-1,-1,-1
454,20,342.54,681.72,76.73,240.92,0.7978,-1,-1,-1
454,24,885.18,600.76,80.68,241.56,0.6420,-1,-1,-1
454,28,440.56,207.58,73.73,196.55,0.4454,-1,-1,-1
454,29,975.08,618.71,76.37,220.40,0.6455,-1,-1,-1
454,32,796.42,577.99,74.14,244.11,0.6218,-1,-1,-1
454,33,937.40,0.00,52.45,155.85,0.5303,-1,-1,-1
455,3,1025.71,921.67,82.70,158.38,0.7531,-1,-1,-1
455,4,1717.52,457.83,74.23,209.59,0.5586,-1,-1,-1
455,8,246.32,658.47,93.80,258.06,0.7572,-1,-1,-1
455,20,340.98,683.03,77.34,242.08,0.7865,-1,-1,-1
455,24,886.32,601.59,79.55,237.61,0.6322,-1,-1,-1
455,28,440.23,204.89,73.86,197.60,0.4565,-1,-1,-1
455,29,977.20,621.51,75.51,217.42,0.6435,-1,-1,-1
455,32,797.91,579.38,73.94,242.92,0.6466,-1,-1,-1
455,33,937.33,0.11,52.29,155.40,0.5347,-1,-1,-1
456,3,1026.58,921.80,82.19,158.25,0.7454,-1,-1,-1
456,4,1717.39,457.91,74.57,209.72,0.5726,-1,-1,-1
456,8,245.04,660.43,94.65,260.88,0.7580,-1,-1,-1
456,20,338.63,684.42,78.62,245.58,0.7767,-1,-1,-1
456,24,887.07,602.11,79.71,236.61,0.6558,-1,-1,-1
456,28,440.48,203.82,73.41,198.14,0.5165,-1,-1,-1
456,29,978.73,623.64,76.16,219.34,0.6811,-1,-1,-1
456,32,799.02,580.85,73.61,241.59,0.6529,-1,-1,-1
456,33,937.53,0.04,51.94,154.43,0.5442,-1,-1,-1
457,3,1026.99,921.99,81.74,158.05,0.7306,-1,-1,-1
457,4,1717.01,458.02,74.86,209.40,0.6011,-1,-1,-1
457,8,244.02,662.53,95.00,261.87,0.7617,-1,-1,-1
457,20,336.18,687.56,79.38,248.17,0.7937,-1,-1,-1
457,24,888.14,602.85,80.29,237.26,0.6553,-1,-1,-1
457,28,441.10,201.80,72.75,198.32,0.5366,-1,-1,-1
457,29,979.50,625.04,76.63,221.26,0.6711,-1,-1,-1
457,32,799.88,581.52,73.39,241.43,0.6694,-1,-1,-1
457,33,937.70,0.01,51.42,152.90,0.5353,-1,-1,-1
458,3,1027.40,921.69,81.69,158.35,0.7401,-1,-1,-1
458,4,1716.69,458.11,75.46,209.98,0.5705,-1,-1,-1
458,8,243.34,665.22,95.30,262.29,0.7638,-1,-1,-1
458,20,334.91,690.93,79.29,247.97,0.7934,-1,-1,-1
458,24,891.62,603.97,80.43,238.58,0.6847,-1,-1,-1
458,28,442.30,199.97,71.23,196.08,0.5319,-1,-1,-1
458,29,980.60,625.79,77.03,222.15,0.6744,-1,-1,-1
458,32,802.19,583.23,73.32,240.78,0.6582,-1,-1,-1
458,33,937.02,0.00,51.11,151.72,0.4900,-1,-1,-1
459,3,1027.43,921.34,81.71,158.61,0.7314,-1,-1,-1
459,4,1717.51,458.29,75.41,209.61,0.5413,-1,-1,-1
459,8,242.31,667.68,96.15,264.72,0.7720,-1,-1,-1
459,20,333.65,694.65,78.73,246.72,0.8080,-1,-1,-1
459,24,894.10,605.50,80.07,238.43,0.6817,-1,-1,-1
459,28,443.01,197.40,69.99,194.12,0.5008,-1,-1,-1
459,29,981.94,627.59,77.19,221.82,0.6882,-1,-1,-1
459,32,804.77,584.02,73.54,240.57,0.6428,-1,-1,-1
459,33,937.11,0.01,50.22,148.61,0.4685,-1,-1,-1
460,3,1027.65,921.36,81.64,158.63,0.7353,-1,-1,-1
460,4,1717.62,457.31,75.89,211.00,0.5456,-1,-1,-1
460,8,241.70,668.63,96.88,266.94,0.7749,-1,-1,-1
460,20,333.73,698.17,77.79,243.76,0.8117,-1,-1,-1
460,24,896.26,607.00,80.33,239.94,0.7079,-1,-1,-1
460,28,443.62,195.56,68.76,191.26,0.5151,-1,-1,-1
460,29,983.07,628.55,77.12,221.17,0.6729,-1,-1,-1
460,32,807.46,584.21,74.03,240.67,0.6631,-1,-1,-1
460,33,936.67,0.10,50.07,147.21,0.5075,-1,-1,-1
461,3,1027.87,921.64,81.52,158.37,0.7370,-1,-1,-1
461,4,1718.67,457.52,75.54,210.38,0.5476,-1,-1,-1
461,8,241.88,670.13,96.97,266.73,0.7845,-1,-1,-1
461,20,333.60,701.65,77.95,244.59,0.8070,-1,-1,-1
461,24,897.82,609.43,80.29,240.22,0.7095,-1,-1,-1
461,28,443.69,193.60,68.18,190.29,0.5137,-1,-1,-1
461,29,983.91,629.57,77.25,221.07,0.6591,-1,-1,-1
461,32,809.92,583.60,74.48,240.45,0.6710,-1,-1,-1
461,33,936.67,0.85,49.81,145.28,0.4425,-1,-1,-1
462,3,1027.67,921.60,81.46,158.36,0.7504,-1,-1,-1
462,4,1719.11,455.84,76.16,212.83,0.5333,-1,-1,-1
462,8,241.31,671.71,96.22,265.30,0.7666,-1,-1,-1
462,20,332.51,703.76,78.78,247.16,0.8083,-1,-1,-1
462,24,898.99,611.33,80.08,239.79,0.7149,-1,-1,-1
462,28,443.41,192.63,67.81,189.53,0.5091,-1,-1,-1
462,29,985.21,630.84,77.08,219.71,0.6693,-1,-1,-1
462,32,812.22,583.62,75.52,241.75,0.6683,-1,-1,-1
462,33,936.72,2.86,49.48,142.69,0.3586,-1,-1,-1
463,3,1027.43,921.38,81.55,158.62,0.7403,-1,-1,-1
463,4,1719.30,456.43,75.68,211.80,0.5609,-1,-1,-1
463,8,240.83,673.54,95.80,265.00,0.7679,-1,-1,-1
463,20,331.76,704.65,79.34,248.99,0.8073,-1,-1,-1
463,24,900.79,613.49,79.14,236.95,0.7071,-1,-1,-1
463,28,443.90,193.34,67.47,188.44,0.4820,-1,-1,-1
463,29,987.31,631.47,76.21,216.57,0.6909,-1,-1,-1
463,32,814.53,583.64,76.67,242.67,0.6875,-1,-1,-1
463,33,936.96,3.47,49.50,141.48,0.4154,-1,-1,-1
464,3,1027.07,921.08,81.68,158.93,0.7493,-1,-1,-1
464,4,1718.96,455.85,75.76,212.25,0.5239,-1,-1,-1
464,8,240.89,675.37,95.74,264.61,0.7499,-1,-1,-1
464,20,332.10,705.90,79.38,250.35,0.8037,-1,-1,-1
464,24,902.37,615.84,78.36,234.76,0.6806,-1,-1,-1
464,28,444.69,191.74,68.25,189.96,0.4862,-1,-1,-1
464,29,987.22,632.33,76.50,216.97,0.6620,-1,-1,-1
464,32,816.71,584.46,78.23,244.10,0.6959,-1,-1,-1
464,33,936.78,2.71,50.19,142.37,0.3839,-1,-1,-1
465,3,1026.67,921.73,81.36,158.29,0.7433,-1,-1,-1
465,4,1719.39,456.02,75.60,212.34,0.5307,-1,-1,-1
465,8,240.61,677.43,94.89,261.81,0.7566,-1,-1,-1
465,20,331.96,706.96,78.80,250.67,0.7920,-1,-1,-1
465,24,904.02,618.06,77.60,232.01,0.6829,-1,-1,-1
465,28,444.59,191.18,68.99,191.00,0.5135,-1,-1,-1
465,29,988.55,634.65,76.16,215.80,0.6512,-1,-1,-1
465,32,818.20,585.26,79.33,243.64,0.6836,-1,-1,-1
465,33,936.71,2.60,50.58,142.29,0.4022,-1,-1,-1
466,3,1026.61,922.18,81.18,157.84,0.7231,-1,-1,-1
466,4,1719.96,455.96,75.04,211.65,0.5425,-1,-1,-1
466,8,238.59,679.43,93.00,257.89,0.7712,-1,-1,-1
466,20,331.72,707.29,78.04,249.96,0.7795,-1,-1,-1
466,24,904.92,620.45,77.77,232.04,0.6909,-1,-1,-1
466,28,444.85,190.79,69.17,190.62,0.5272,-1,-1,-1
466,29,989.44,636.99,76.69,217.71,0.6283,-1,-1,-1
466,32,818.61,584.90,80.63,243.39,0.7230,-1,-1,-1
466,33,937.50,2.15,50.74,142.21,0.4287,-1,-1,-1
467,3,1026.80,922.27,80.68,156.51,0.7230,-1,-1,-1
467,4,1719.87,454.74,75.42,213.56,0.5505,-1,-1,-1
467,8,237.87,680.85,91.05,252.84,0.7725,-1,-1,-1
467,20,331.65,707.46,77.41,249.86,0.7880,-1,-1,-1
467,24,905.04,621.64,78.89,235.48,0.7207,-1,-1,-1
467,28,445.93,190.82,69.30,189.99,0.5824,-1,-1,-1
467,29,990.29,637.95,77.11,219.38,0.5965,-1,-1,-1
467,32,817.70,584.77,82.39,244.65,0.7366,-1,-1,-1
467,33,938.02,2.90,50.85,142.24,0.4131,-1,-1,-1
468,3,1027.10,922.50,80.41,155.79,0.7188,-1,-1,-1
468,4,1719.95,455.54,74.79,212.31,0.5404,-1,-1,-1
468,8,236.45,681.64,90.63,251.97,0.7837,-1,-1,-1
468,20,331.71,708.63,76.18,247.28,0.7655,-1,-1,-1
468,24,906.53,622.68,78.36,233.67,0.6931,-1,-1,-1
468,28,447.54,190.64,69.13,189.29,0.5445,-1,-1,-1
468,29,990.82,640.35,76.94,219.01,0.5696,-1,-1,-1
468,32,817.26,584.83,84.41,246.47,0.7381,-1,-1,-1
468,33,938.51,3.78,50.69,141.25,0.4513,-1,-1,-1
469,3,1027.21,922.76,80.16,155.54,0.7274,-1,-1,-1
469,4,1720.11,454.50,74.65,212.58,0.5331,-1,-1,-1
469,8,234.88,683.50,90.85,252.20,0.7811,-1,-1,-1
469,20,331.43,710.52,75.84,247.05,0.7777,-1,-1,-1
469,24,908.22,623.62,77.67,231.31,0.6877,-1,-1,-1
469,28,448.79,189.49,68.96,188.84,0.5634,-1,-1,-1
469,29,991.27,642.59,75.33,212.87,0.5485,-1,-1,-1
469,32,816.74,584.95,86.56,248.72,0.7293,-1,-1,-1
469,33,938.56,3.70,50.86,140.76,0.4316,-1,-1,-1
470,3,1026.41,922.45,80.41,156.05,0.7227,-1,-1,-1
470,4,1720.57,455.16,74.18,211.75,0.5310,-1,-1,-1
470,8,233.44,685.82,91.60,254.31,0.7878,-1,-1,-1
470,20,330.53,712.19,75.32,245.89,0.7977,-1,-1,-1
470,24,910.29,624.72,76.81,228.57,0.6462,-1,-1,-1
470,28,448.79,188.37,69.36,189.52,0.5756,-1,-1,-1
470,29,990.76,644.39,76.34,215.69,0.4779,-1,-1,-1
470,32,815.55,585.06,88.90,251.85,0.7267,-1,-1,-1
470,33,938.11,3.01,51.37,141.38,0.3940,-1,-1,-1
471,3,1025.64,923.41,80.35,156.05,0.7273,-1,-1,-1
471,4,1720.34,455.19,74.40,212.84,0.5358,-1,-1,-1
471,8,231.77,687.83,93.18,258.49,0.7879,-1,-1,-1
471,20,328.92,714.25,75.15,245.00,0.8037,-1,-1,-1
471,24,912.76,625.32,75.38,223.23,0.5926,-1,-1,-1
471,28,449.30,185.84,70.20,192.45,0.5811,-1,-1,-1
471,29,989.79,646.40,78.04,220.24,0.4890,-1,-1,-1
471,32,815.00,585.55,91.20,254.86,0.7082,-1,-1,-1
471,33,938.43,3.11,51.28,140.60,0.4083,-1,-1,-1
472,3,1025.27,924.10,80.06,155.73,0.7049,-1,-1,-1
472,4,1719.96,455.31,74.55,213.36,0.5550,-1,-1,-1
472,8,229.81,690.05,94.65,262.87,0.7863,-1,-1,-1
472,20,327.90,716.37,75.47,245.69,0.8163,-1,-1,-1
472,24,914.22,626.13,75.03,221.72,0.6331,-1,-1,-1
472,28,449.87,184.21,70.48,194.31,0.5980,-1,-1,-1
472,29,989.48,647.67,79.07,223.22,0.5041,-1,-1,-1
472,32,813.94,586.40,92.83,256.96,0.7266,-1,-1,-1
472,33,937.95,3.08,51.47,140.26,0.3708,-1,-1,-1
473,3,1024.68,925.15,79.70,154.81,0.7219,-1,-1,-1
473,4,1719.31,454.66,75.27,215.37,0.5508,-1,-1,-1
473,8,228.14,693.04,95.23,264.50,0.7658,-1,-1,-1
473,20,326.17,720.01,76.12,247.21,0.8014,-1,-1,-1
473,24,914.70,627.26,76.39,225.55,0.6858,-1,-1,-1
473,28,450.80,181.81,69.61,192.15,0.5699,-1,-1,-1
473,29,989.69,648.89,79.19,223.86,0.5343,-1,-1,-1
473,32,812.42,587.02,93.74,257.79,0.7556,-1,-1,-1
473,33,937.90,3.36,51.51,139.71,0.3642,-1,-1,-1
474,3,1024.62,925.06,79.56,154.63,0.7102,-1,-1,-1
474,4,1718.33,454.92,75.44,215.29,0.5397,-1,-1,-1
474,8,226.28,694.74,96.26,267.55,0.7614,-1,-1,-1
474,20,324.45,723.08,77.06,249.87,0.7887,-1,-1,-1
474,24,915.36,628.02,76.95,226.34,0.6434,-1,-1,-1
474,28,452.20,179.38,68.87,190.63,0.5177,-1,-1,-1
474,29,989.87,650.13,79.63,225.88,0.5518,-1,-1,-1
474,32,811.28,587.69,94.16,257.65,0.7583,-1,-1,-1
474,33,937.92,3.20,51.80,139.91,0.3689,-1,-1,-1
475,3,1024.39,925.34,79.24,154.36,0.7105,-1,-1,-1
475,4,1717.98,455.37,75.91,214.86,0.5224,-1,-1,-1
475,8,224.31,697.02,96.90,269.81,0.7569,-1,-1,-1
475,20,322.94,726.11,77.59,251.19,0.7794,-1,-1,-1
475,24,915.67,629.61,78.42,231.25,0.6725,-1,-1,-1
475,28,452.96,179.89,67.26,186.80,0.5141,-1,-1,-1
475,29,991.03,652.28,79.21,225.23,0.5987,-1,-1,-1
475,32,810.23,588.51,94.10,256.77,0.7554,-1,-1,-1
475,33,937.44,3.15,52.28,140.90,0.3577,-1,-1,-1
476,3,1024.15,926.20,78.81,153.54,0.7220,-1,-1,-1
476,4,1716.71,455.94,76.48,214.15,0.5006,-1,-1,-1
476,8,223.29,699.91,96.66,269.44,0.7451,-1,-1,-1
476,20,321.92,728.22,77.47,250.50,0.7719,-1,-1,-1
476,24,916.26,631.18,78.41,231.14,0.6061,-1,-1,-1
476,28,453.23,179.52,66.54,185.10,0.5314,-1,-1,-1
476,29,993.12,654.34,78.08,223.43,0.5621,-1,-1,-1
476,32,808.70,589.06,93.92,256.45,0.7435,-1,-1,-1
476,33,937.33,3.27,52.50,141.30,0.3199,-1,-1,-1
477,3,1023.84,926.78,78.61,153.13,0.7133,-1,-1,-1
477,4,1716.46,456.83,76.75,212.72,0.5117,-1,-1,-1
477,8,222.23,701.95,95.95,267.66,0.7464,-1,-1,-1
477,20,320.31,730.43,77.81,251.65,0.7650,-1,-1,-1
477,24,916.99,633.34,78.47,230.57,0.6556,-1,-1,-1
477,28,451.88,176.08,67.68,187.94,0.5387,-1,-1,-1
477,29,994.44,656.08,77.09,222.27,0.5798,-1,-1,-1
477,32,807.77,589.82,93.32,255.48,0.7755,-1,-1,-1
477,33,937.08,3.19,52.35,140.78,0.2789,-1,-1,-1
478,3,1023.47,928.10,78.02,151.89,0.7251,-1,-1,-1
478,4,1714.89,456.96,77.57,212.05,0.4691,-1,-1,-1
478,8,220.66,703.54,95.60,266.47,0.7399,-1,-1,-1
478,20,319.78,732.85,78.05,252.66,0.7587,-1,-1,-1
478,24,916.17,635.22,78.63,229.62,0.6716,-1,-1,-1
478,28,453.09,177.03,66.78,185.54,0.5338,-1,-1,-1
478,29,995.97,656.81,76.11,220.90,0.5610,-1,-1,-1
478,32,806.23,590.38,92.72,255.15,0.7849,-1,-1,-1
478,33,937.53,4.27,51.92,139.66,0.3248,-1,-1,-1
479,3,1022.57,929.31,77.47,150.71,0.7198,-1,-1,-1
479,4,1714.98,457.39,78.08,211.06,0.4752,-1,-1,-1
479,8,220.65,704.47,95.37,265.25,0.7294,-1,-1,-1
479,20,318.28,734.80,78.72,254.35,0.7567,-1,-1,-1
479,24,915.70,638.42,79.36,231.50,0.7042,-1,-1,-1
479,28,452.71,176.65,67.02,185.88,0.5667,-1,-1,-1
479,29,995.80,657.20,76.20,222.12,0.6310,-1,-1,-1
479,32,804.55,591.10,91.80,254.41,0.7853,-1,-1,-1
479,33,937.10,4.40,51.59,139.05,0.3324,-1,-1,-1
480,3,1021.66,931.48,76.61,148.54,0.7374,-1,-1,-1
480,4,1708.94,456.94,80.38,210.42,0.3898,-1,-1,-1
480,8,219.38,704.85,94.77,263.80,0.7459,-1,-1,-1
480,20,315.33,736.65,78.99,253.70,0.7508,-1,-1,-1
480,24,914.07,640.86,81.46,237.12,0.6701,-1,-1,-1
480,28,449.73,173.45,69.30,190.47,0.5281,-1,-1,-1
480,29,996.66,658.21,75.23,220.76,0.6104,-1,-1,-1
480,32,803.29,591.96,91.06,254.03,0.7777,-1,-1,-1
480,33,936.15,2.56,51.59,139.08,0.3023,-1,-1,-1
480,36,1785.10,359.72,83.08,206.70,0.5206,-1,-1,-1
481,3,1020.64,931.31,76.88,148.71,0.7377,-1,-1,-1
481,4,1710.36,457.71,81.59,210.22,0.3971,-1,-1,-1
481,8,218.39,705.10,94.34,263.24,0.7620,-1,-1,-1
481,20,310.57,737.75,80.19,254.76,0.7765,-1,-1,-1
481,24,912.46,643.75,81.79,236.74,0.6783,-1,-1,-1
481,28,448.57,171.56,70.54,192.51,0.5355,-1,-1,-1
481,29,994.51,660.04,75.34,220.85,0.5940,-1,-1,-1
481,32,802.34,593.18,90.19,253.53,0.7920,-1,-1,-1
481,33,934.89,1.42,51.51,138.44,0.3848,-1,-1,-1
481,36,1784.51,358.46,82.20,204.97,0.5713,-1,-1,-1
482,3,1020.49,932.52,76.51,147.50,0.7316,-1,-1,-1
482,4,1710.91,458.51,82.32,210.02,0.4353,-1,-1,-1
482,8,218.09,706.43,93.53,261.70,0.7567,-1,-1,-1
482,20,308.70,738.73,81.02,255.75,0.7731,-1,-1,-1
482,24,909.93,645.89,84.76,244.44,0.6963,-1,-1,-1
482,28,450.68,174.32,69.19,188.16,0.5110,-1,-1,-1
482,29,994.84,662.35,75.40,221.64,0.6293,-1,-1,-1
482,32,801.40,594.12,89.49,253.35,0.7817,-1,-1,-1
482,33,934.48,1.21,50.78,135.90,0.3256,-1,-1,-1
482,36,1782.25,356.69,82.24,205.83,0.5457,-1,-1,-1
483,3,1020.22,933.05,76.51,146.97,0.7343,-1,-1,-1
483,4,1706.65,458.20,84.34,209.88,0.3734,-1,-1,-1
483,8,218.01,707.52,92.76,259.85,0.7561,-1,-1,-1
483,20,305.86,739.73,81.56,255.85,0.7747,-1,-1,-1
483,24,909.56,648.43,85.47,246.21,0.7112,-1,-1,-1
483,28,452.36,173.36,69.14,188.49,0.5153,-1,-1,-1
483,29,996.45,664.32,75.12,221.87,0.6220,-1,-1,-1
483,32,800.09,595.17,88.74,252.50,0.7750,-1,-1,-1
483,33,934.23,1.39,50.46,134.58,0.3298,-1,-1,-1
483,36,1780.45,355.55,82.17,206.53,0.5069,-1,-1,-1
484,3,1019.95,933.52,76.66,146.50,0.7216,-1,-1,-1
484,4,1703.76,458.37,86.49,210.37,0.3808,-1,-1,-1
484,8,217.82,709.08,91.87,257.67,0.7554,-1,-1,-1
484,20,304.36,740.95,81.64,254.84,0.7662,-1,-1,-1
484,24,909.41,649.50,86.46,249.39,0.7009,-1,-1,-1
484,28,453.66,172.86,68.65,188.82,0.5113,-1,-1,-1
484,29,997.21,667.12,75.27,223.32,0.6055,-1,-1,-1
484,32,799.66,596.28,88.20,251.39,0.7706,-1,-1,-1
484,33,934.28,2.30,49.57,131.39,0.3278,-1,-1,-1
484,36,1779.62,353.95,81.06,205.45,0.5103,-1,-1,-1
485,3,1019.91,933.94,76.88,146.08,0.7108,-1,-1,-1
485,4,1696.13,457.91,89.53,209.38,0.3772,-1,-1,-1
485,8,217.58,710.86,91.47,256.72,0.7634,-1,-1,-1
485,20,302.74,742.25,81.56,253.16,0.7639,-1,-1,-1
485,24,910.09,650.46,85.77,248.20,0.7242,-1,-1,-1
485,28,453.99,171.07,68.60,190.24,0.5329,-1,-1,-1
485,29,997.67,668.81,75.75,225.66,0.6338,-1,-1,-1
485,32,799.19,597.10,87.96,250.74,0.7829,-1,-1,-1
485,33,933.56,2.36,49.06,128.90,0.3158,-1,-1,-1
485,36,1779.03,353.10,78.47,200.23,0.4363,-1,-1,-1
486,3,1019.39,934.34,77.18,145.67,0.7148,-1,-1,-1
486,4,1689.59,456.99,92.91,211.14,0.2663,-1,-1,-1
486,8,216.35,712.66,91.97,258.54,0.7754,-1,-1,-1
486,20,301.65,742.86,81.56,252.03,0.7720,-1,-1,-1
486,24,910.24,651.37,85.00,246.25,0.7327,-1,-1,-1
486,28,454.50,164.98,69.71,196.12,0.5539,-1,-1,-1
486,29,999.22,671.03,74.55,223.12,0.6574,-1,-1,-1
486,32,799.09,597.57,88.20,251.13,0.7896,-1,-1,-1
486,33,933.36,2.47,49.06,128.28,0.3428,-1,-1,-1
486,36,1777.35,351.38,77.84,200.28,0.4608,-1,-1,-1
487,3,1019.72,935.00,77.31,145.01,0.7064,-1,-1,-1
487,4,1690.84,456.66,94.22,210.68,0.3798,-1,-1,-1
487,8,215.95,713.78,93.05,262.29,0.7688,-1,-1,-1
487,20,301.79,744.36,81.20,250.68,0.7636,-1,-1,-1
487,24,911.10,652.19,83.93,242.87,0.7374,-1,-1,-1
487,28,455.04,163.41,68.71,196.11,0.5261,-1,-1,-1
487,29,1001.39,673.15,74.07,223.59,0.6628,-1,-1,-1
487,32,799.54,598.26,88.64,251.10,0.7920,-1,-1,-1
487,33,933.41,2.41,49.17,128.15,0.2975,-1,-1,-1
487,36,1776.08,351.21,76.85,199.33,0.3970,-1,-1,-1
488,3,1020.04,936.03,77.28,143.98,0.7176,-1,-1,-1
488,4,1688.61,456.53,96.02,210.70,0.3566,-1,-1,-1
488,8,214.97,715.78,94.84,268.53,0.7679,-1,-1,-1
488,20,300.79,747.69,80.47,247.73,0.7647,-1,-1,-1
488,24,912.22,653.23,83.64,241.30,0.7082,-1,-1,-1
488,28,456.44,160.75,67.27,195.64,0.4925,-1,-1,-1
488,29,1003.50,675.41,73.66,224.04,0.6984,-1,-1,-1
488,32,799.48,599.70,88.79,249.93,0.7806,-1,-1,-1
488,33,933.01,2.51,49.50,128.38,0.3149,-1,-1,-1
489,3,1019.94,936.52,77.60,143.49,0.7169,-1,-1,-1
489,4,1691.13,455.52,97.08,212.04,0.3655,-1,-1,-1
489,8,214.18,717.95,95.40,271.50,0.7680,-1,-1,-1
489,20,299.88,749.94,81.17,249.79,0.7602,-1,-1,-1
489,24,913.44,654.28,83.35,239.22,0.6963,-1,-1,-1
489,28,457.64,159.85,65.00,192.40,0.4762,-1,-1,-1
489,29,1005.46,677.09,73.54,225.20,0.6843,-1,-1,-1
489,32,799.02,600.64,89.66,251.46,0.7881,-1,-1,-1
489,33,932.55,2.52,49.52,127.79,0.3416,-1,-1,-1
490,3,1019.05,937.03,78.13,142.98,0.7002,-1,-1,-1
490,4,1694.59,455.03,97.04,212.91,0.3659,-1,-1,-1
490,8,213.34,720.48,96.26,274.84,0.7646,-1,-1,-1
490,20,298.98,751.81,81.55,251.60,0.7512,-1,-1,-1
490,24,915.72,655.61,82.07,234.50,0.6988,-1,-1,-1
490,28,459.75,159.87,62.25,187.01,0.4471,-1,-1,-1
490,29,1007.40,678.23,73.51,226.54,0.7212,-1,-1,-1
490,32,798.53,601.19,91.08,254.65,0.7891,-1,-1,-1
490,33,932.12,2.51,49.53,127.13,0.3176,-1,-1,-1
491,3,1019.48,937.72,78.35,142.29,0.6964,-1,-1,-1
491,4,1699.28,455.74,96.52,214.46,0.4166,-1,-1,-1
491,8,212.41,722.88,96.78,277.39,0.7584,-1,-1,-1
491,20,297.09,753.99,83.28,257.49,0.7472,-1,-1,-1
491,24,918.00,659.57,83.00,238.27,0.7052,-1,-1,-1
491,28,459.74,158.00,61.69,186.37,0.4019,-1,-1,-1
491,29,1009.35,679.68,73.12,226.23,0.6903,-1,-1,-1
491,32,798.49,602.09,92.42,257.82,0.7816,-1,-1,-1
491,33,931.99,2.60,49.44,126.29,0.2643,-1,-1,-1
492,3,1019.57,938.09,78.68,141.91,0.7055,-1,-1,-1
492,4,1700.74,457.17,94.61,211.19,0.4305,-1,-1,-1
492,8,212.01,724.88,97.40,279.47,0.7729,-1,-1,-1
492,20,296.45,756.45,83.12,257.91,0.7413,-1,-1,-1
492,24,918.98,661.48,83.13,239.63,0.7232,-1,-1,-1
492,28,461.52,157.86,60.86,186.03,0.3158,-1,-1,-1
492,29,1011.56,681.99,72.64,224.71,0.6824,-1,-1,-1
492,32,799.21,603.38,92.79,258.27,0.7873,-1,-1,-1
493,3,1019.51,938.27,79.13,141.73,0.6856,-1,-1,-1
493,4,1704.53,457.51,93.87,211.80,0.4887,-1,-1,-1
493,8,211.50,727.83,96.89,278.40,0.7796,-1,-1,-1
493,20,297.62,759.34,82.40,256.01,0.7377,-1,-1,-1
493,24,919.35,663.44,83.59,241.71,0.7051,-1,-1,-1
493,29,1013.85,682.47,73.11,226.22,0.6380,-1,-1,-1
493,32,800.40,604.55,92.88,258.14,0.7696,-1,-1,-1
494,3,1019.51,938.63,79.44,141.37,0.6788,-1,-1,-1
494,4,1707.95,454.53,93.84,215.85,0.5254,-1,-1,-1
494,8,211.66,730.07,96.72,278.42,0.7790,-1,-1,-1
494,20,297.59,762.74,81.91,255.39,0.7433,-1,-1,-1
494,24,920.69,665.90,83.00,240.42,0.6699,-1,-1,-1
494,29,1016.60,684.39,72.25,222.22,0.6315,-1,-1,-1
494,32,801.57,605.82,92.60,256.81,0.7558,-1,-1,-1
495,3,1019.77,938.09,80.16,141.91,0.6715,-1,-1,-1
495,4,1711.75,452.15,92.41,217.03,0.6059,-1,-1,-1
495,8,211.20,732.28,95.96,276.80,0.7754,-1,-1,-1
495,20,296.91,766.44,82.40,258.31,0.7373,-1,-1,-1
495,24,920.63,667.87,83.83,243.62,0.6574,-1,-1,-1
495,29,1019.14,685.50,72.35,221.55,0.5858,-1,-1,-1
495,32,803.21,606.34,91.75,254.82,0.7532,-1,-1,-1
496,3,1020.74,939.00,79.96,141.01,0.6837,-1,-1,-1
496,4,1714.96,451.89,90.61,217.28,0.5835,-1,-1,-1
496,8,211.09,735.33,95.03,274.16,0.7731,-1,-1,-1
496,20,296.01,768.70,82.49,259.14,0.7490,-1,-1,-1
496,24,922.17,670.71,82.36,239.16,0.6909,-1,-1,-1
496,29,1020.03,686.86,72.44,221.02,0.5961,-1,-1,-1
496,32,806.06,606.38,89.95,251.18,0.7425,-1,-1,-1
497,3,1021.46,939.12,80.00,140.88,0.6771,-1,-1,-1
497,4,1716.93,452.41,88.60,217.16,0.5622,-1,-1,-1
497,8,211.72,736.90,93.62,270.78,0.7468,-1,-1,-1
497,20,294.58,770.47,82.61,259.26,0.7610,-1,-1,-1
497,24,923.08,673.46,81.87,237.80,0.6554,-1,-1,-1
497,29,1021.11,687.79,72.54,221.21,0.5571,-1,-1,-1
497,32,809.52,606.57,88.27,248.82,0.7185,-1,-1,-1
498,3,1021.45,938.51,80.47,141.50,0.6608,-1,-1,-1
498,4,1719.38,453.24,86.35,215.89,0.5074,-1,-1,-1
498,8,212.00,738.55,92.38,267.64,0.7406,-1,-1,-1
498,20,294.47,772.19,82.25,258.05,0.7497,-1,-1,-1
498,24,924.07,675.53,82.16,239.11,0.6443,-1,-1,-1
498,29,1022.09,689.34,73.05,221.04,0.5143,-1,-1,-1
498,32,811.92,606.68,86.98,247.31,0.7069,-1,-1,-1
499,3,1022.19,937.88,80.66,142.12,0.6737,-1,-1,-1
499,4,1720.43,451.05,84.86,216.33,0.2580,-1,-1,-1
499,8,211.85,740.73,91.72,265.89,0.7518,-1,-1,-1
499,20,294.05,773.33,82.01,257.02,0.7417,-1,-1,-1
499,24,924.98,677.82,81.85,238.36,0.6102,-1,-1,-1
499,29,1023.92,693.22,72.40,218.98,0.5119,-1,-1,-1
499,32,814.74,607.51,85.65,246.36,0.6848,-1,-1,-1
500,3,1023.46,936.49,81.06,143.51,0.6736,-1,-1,-1
500,4,1720.73,450.54,83.62,217.55,0.4893,-1,-1,-1
500,8,210.22,742.16,92.14,266.64,0.7709,-1,-1,-1
500,20,293.53,774.14,81.65,255.92,0.7339,-1,-1,-1
500,24,924.72,679.35,84.33,245.66,0.6178,-1,-1,-1
500,29,1025.05,696.92,70.63,213.14,0.4816,-1,-1,-1
500,32,816.83,607.91,84.32,245.05,0.6901,-1,-1,-1
501,3,1025.34,935.62,81.00,144.39,0.6430,-1,-1,-1
501,4,1720.68,449.11,82.48,218.84,0.4571,-1,-1,-1
501,8,209.76,743.45,91.44,263.75,0.7791,-1,-1,-1
501,20,292.90,774.97,81.35,255.43,0.7210,-1,-1,-1
501,24,926.08,680.09,85.55,250.55,0.6013,-1,-1,-1
501,29,1025.49,698.84,70.58,212.11,0.5128,-1,-1,-1
501,32,818.22,608.65,83.41,245.01,0.7022,-1,-1,-1
502,3,1026.79,934.97,80.91,145.03,0.6757,-1,-1,-1
502,4,1721.40,449.30,80.95,219.46,0.4443,-1,-1,-1
502,8,209.40,744.96,91.34,262.69,0.7750,-1,-1,-1
502,20,292.44,775.59,81.02,254.36,0.7334,-1,-1,-1
502,24,926.18,681.72,86.63,254.64,0.6325,-1,-1,-1
502,29,1027.12,701.18,69.89,208.73,0.5840,-1,-1,-1
502,32,818.75,609.10,82.89,246.02,0.7029,-1,-1,-1
503,3,1028.16,934.24,80.84,145.76,0.6442,-1,-1,-1
503,4,1721.82,446.55,80.19,222.26,0.4011,-1,-1,-1
503,8,208.96,746.55,91.70,263.50,0.7601,-1,-1,-1
503,20,289.61,776.46,81.07,254.53,0.7497,-1,-1,-1
503,24,927.64,683.16,86.19,253.75,0.6174,-1,-1,-1
503,29,1028.54,703.71,68.64,203.44,0.5890,-1,-1,-1
503,32,818.96,609.37,82.30,246.47,0.7179,-1,-1,-1
504,3,1029.70,933.44,80.67,146.56,0.6371,-1,-1,-1
504,4,1722.22,446.69,79.03,223.48,0.3422,-1,-1,-1
504,8,208.74,747.93,92.92,268.02,0.7557,-1,-1,-1
504,20,287.05,777.49,80.84,253.55,0.7736,-1,-1,-1
504,24,928.21,684.29,85.90,252.15,0.5851,-1,-1,-1
504,29,1028.53,705.04,71.02,211.42,0.5908,-1,-1,-1
504,32,819.00,609.70,81.83,247.38,0.6934,-1,-1,-1
505,3,1030.79,933.73,80.00,146.27,0.6741,-1,-1,-1
505,4,1723.31,451.88,75.87,218.10,0.3934,-1,-1,-1
505,8,207.27,749.80,93.91,272.61,0.7351,-1,-1,-1
505,20,284.84,778.93,81.32,253.37,0.7733,-1,-1,-1
505,24,928.63,684.81,85.88,251.84,0.5517,-1,-1,-1
505,29,1029.02,706.52,72.13,215.87,0.6071,-1,-1,-1
505,32,819.18,610.05,81.52,248.75,0.6722,-1,-1,-1
506,3,1032.18,932.95,79.86,147.05,0.6656,-1,-1,-1
506,4,1724.38,456.90,72.97,212.46,0.4971,-1,-1,-1
506,8,205.92,751.49,94.69,277.38,0.7276,-1,-1,-1
506,20,282.53,780.45,82.48,254.94,0.7594,-1,-1,-1
506,24,926.00,686.47,86.08,248.65,0.6133,-1,-1,-1
506,29,1029.60,707.63,73.01,219.41,0.6352,-1,-1,-1
506,32,819.44,610.23,81.39,250.23,0.6803,-1,-1,-1
507,3,1034.18,933.69,79.09,146.31,0.6485,-1,-1,-1
507,4,1724.34,458.02,71.80,211.48,0.3490,-1,-1,-1
507,8,205.15,753.44,94.42,278.95,0.7259,-1,-1,-1
507,20,280.82,782.10,84.39,259.31,0.7623,-1,-1,-1
507,24,929.66,687.47,85.56,246.24,0.6070,-1,-1,-1
507,29,1029.43,708.84,73.74,222.42,0.6137,-1,-1,-1
507,32,820.17,611.24,80.41,249.56,0.6980,-1,-1,-1
508,3,1035.63,933.50,78.89,146.50,0.6491,-1,-1,-1
508,4,1724.23,459.82,69.91,208.12,0.3731,-1,-1,-1
508,8,204.92,755.50,93.86,279.08,0.7431,-1,-1,-1
508,20,279.58,784.02,86.17,263.12,0.7676,-1,-1,-1
508,24,928.33,688.58,86.85,247.49,0.6073,-1,-1,-1
508,29,1029.67,710.27,73.98,223.70,0.6243,-1,-1,-1
508,32,821.37,611.61,79.51,249.20,0.7010,-1,-1,-1
509,3,1037.16,933.22,78.72,146.78,0.6432,-1,-1,-1
509,4,1724.82,459.45,69.07,207.00,0.3612,-1,-1,-1
509,8,204.03,758.20,92.23,275.87,0.7327,-1,-1,-1
509,20,279.61,787.48,85.63,261.13,0.7676,-1,-1,-1
509,24,931.03,690.32,87.59,248.78,0.6224,-1,-1,-1
509,29,1030.57,710.71,75.37,228.09,0.6295,-1,-1,-1
509,32,822.28,611.73,78.89,249.63,0.7011,-1,-1,-1
510,3,1038.91,934.08,78.13,145.92,0.6354,-1,-1,-1
510,4,1725.23,459.59,67.16,202.57,0.3780,-1,-1,-1
510,8,202.12,761.30,91.16,275.85,0.7399,-1,-1,-1
510,20,280.12,791.02,84.69,257.65,0.7572,-1,-1,-1
510,24,931.32,691.98,88.50,249.67,0.6188,-1,-1,-1
510,29,1031.19,711.84,75.98,228.22,0.5976,-1,-1,-1
510,32,822.88,611.80,78.20,249.91,0.7009,-1,-1,-1
511,3,1039.85,932.46,78.61,147.54,0.6256,-1,-1,-1
511,4,1724.14,459.57,66.83,202.09,0.3960,-1,-1,-1
511,8,202.07,763.31,91.16,276.78,0.7619,-1,-1,-1
511,20,280.06,795.93,83.78,255.29,0.7811,-1,-1,-1
511,24,933.36,694.82,90.61,255.85,0.6371,-1,-1,-1
511,29,1033.06,713.63,74.03,220.42,0.5884,-1,-1,-1
511,32,823.64,612.08,77.50,249.75,0.6955,-1,-1,-1
511,41,1746.93,202.07,57.40,162.84,0.5115,-1,-1,-1
512,3,1040.43,931.78,78.59,148.16,0.6337,-1,-1,-1
512,4,1723.33,458.06,67.18,204.12,0.3427,-1,-1,-1
512,8,202.35,765.91,91.07,276.13,0.7601,-1,-1,-1
512,20,279.07,798.51,84.44,258.45,0.7717,-1,-1,-1
512,24,934.34,697.41,92.13,260.59,0.6318,-1,-1,-1
512,29,1034.33,715.39,72.89,215.57,0.5688,-1,-1,-1
512,32,824.17,612.25,76.75,249.40,0.6949,-1,-1,-1
512,41,1748.37,203.12,57.48,163.32,0.5366,-1,-1,-1
513,3,1041.14,932.61,77.81,146.87,0.6102,-1,-1,-1
513,4,1722.85,458.18,66.32,202.57,0.3493,-1,-1,-1
513,8,201.68,767.40,91.05,275.70,0.7581,-1,-1,-1
513,20,277.81,800.59,85.12,262.39,0.7789,-1,-1,-1
513,24,935.40,700.78,91.56,260.51,0.6132,-1,-1,-1
513,29,1034.93,717.29,75.19,222.88,0.5641,-1,-1,-1
513,32,824.36,611.92,76.29,250.21,0.6789,-1,-1,-1
513,41,1749.03,203.43,58.32,166.15,0.5084,-1,-1,-1
514,3,1041.50,932.16,77.63,147.02,0.6356,-1,-1,-1
514,4,1723.12,460.58,64.88,198.97,0.3395,-1,-1,-1
514,8,199.68,769.74,91.05,275.02,0.7549,-1,-1,-1
514,20,276.16,801.42,84.89,263.65,0.7987,-1,-1,-1
514,24,938.61,703.86,90.58,260.64,0.6252,-1,-1,-1
514,29,1035.44,718.75,75.81,225.30,0.5794,-1,-1,-1
514,32,824.50,611.77,75.78,250.44,0.6596,-1,-1,-1
514,41,1750.64,203.88,58.91,168.50,0.4577,-1,-1,-1
515,3,1042.16,932.27,77.29,146.79,0.6433,-1,-1,-1
515,4,1722.76,460.00,64.42,198.74,0.3413,-1,-1,-1
515,8,198.79,771.20,90.92,273.18,0.7595,-1,-1,-1
515,20,274.47,802.21,84.62,263.85,0.8025,-1,-1,-1
515,24,937.99,706.23,89.63,257.38,0.5986,-1,-1,-1
515,29,1034.80,719.99,77.17,229.58,0.6184,-1,-1,-1
515,32,824.91,611.91,75.10,250.24,0.6517,-1,-1,-1
515,41,1752.36,205.29,58.63,168.40,0.4319,-1,-1,-1
516,3,1042.86,932.35,77.03,146.86,0.6139,-1,-1,-1
516,4,1721.46,459.37,65.50,202.49,0.4067,-1,-1,-1
516,8,196.89,772.78,90.83,270.84,0.7641,-1,-1,-1
516,20,272.71,802.66,84.15,263.07,0.8162,-1,-1,-1
516,24,939.27,708.90,88.62,253.88,0.6535,-1,-1,-1
516,29,1034.39,721.53,79.30,237.85,0.6365,-1,-1,-1
516,32,825.36,612.25,74.32,249.87,0.6387,-1,-1,-1
516,41,1753.92,205.26,57.63,166.13,0.4428,-1,-1,-1
517,3,1043.27,931.78,76.93,147.29,0.6179,-1,-1,-1
517,4,1721.87,457.54,66.31,206.07,0.3178,-1,-1,-1
517,8,195.30,775.10,89.73,266.19,0.7600,-1,-1,-1
517,20,271.98,803.72,83.77,262.61,0.8189,-1,-1,-1
517,24,939.59,711.21,88.90,253.92,0.6470,-1,-1,-1
517,29,1034.95,723.76,78.84,238.73,0.6407,-1,-1,-1
517,32,825.14,611.78,74.07,250.61,0.6506,-1,-1,-1
517,41,1757.25,204.72,55.25,159.50,0.4185,-1,-1,-1
518,3,1042.97,930.20,77.16,148.66,0.6509,-1,-1,-1
518,4,1721.80,456.91,65.98,205.99,0.3671,-1,-1,-1
518,8,193.19,776.69,89.20,263.85,0.7940,-1,-1,-1
518,20,271.02,804.18,83.40,261.59,0.8229,-1,-1,-1
518,24,941.12,712.87,90.05,257.48,0.6354,-1,-1,-1
518,29,1036.93,726.25,76.50,233.34,0.6213,-1,-1,-1
518,32,825.17,611.19,73.64,251.09,0.6401,-1,-1,-1
518,41,1759.89,205.02,53.79,155.44,0.3893,-1,-1,-1
519,3,1042.74,929.19,77.11,149.50,0.6275,-1,-1,-1
519,4,1722.54,458.92,66.21,206.36,0.3306,-1,-1,-1
519,8,191.76,778.45,88.97,262.13,0.7922,-1,-1,-1
519,20,270.23,805.38,83.07,260.47,0.8199,-1,-1,-1
519,24,942.23,714.19,90.30,259.04,0.6380,-1,-1,-1
519,29,1037.45,730.28,74.15,226.40,0.5528,-1,-1,-1
519,32,825.20,610.80,73.05,251.10,0.6216,-1,-1,-1
519,41,1759.48,204.73,56.93,164.59,0.3806,-1,-1,-1
520,3,1042.34,926.98,77.79,151.93,0.6480,-1,-1,-1
520,4,1721.18,459.02,67.25,209.36,0.3662,-1,-1,-1
520,8,190.68,780.00,89.15,261.73,0.7899,-1,-1,-1
520,20,269.42,807.62,82.85,259.10,0.8219,-1,-1,-1
520,24,942.56,715.15,90.09,259.55,0.6931,-1,-1,-1
520,29,1040.92,733.43,70.14,211.51,0.5968,-1,-1,-1
520,32,825.36,608.68,72.81,251.92,0.5867,-1,-1,-1
520,41,1760.40,205.25,58.06,167.55,0.3056,-1,-1,-1
521,3,1042.55,927.30,77.37,152.00,0.6578,-1,-1,-1
521,4,1719.37,460.10,67.70,209.76,0.3704,-1,-1,-1
521,8,189.92,780.75,91.05,266.38,0.7923,-1,-1,-1
521,20,268.18,810.14,82.79,258.19,0.8147,-1,-1,-1
521,24,945.40,717.65,89.02,257.90,0.6594,-1,-1,-1
521,29,1043.20,735.63,68.42,203.66,0.6012,-1,-1,-1
521,32,825.69,607.99,72.53,253.09,0.6098,-1,-1,-1
521,41,1761.61,206.49,59.23,170.84,0.2775,-1,-1,-1
522,3,1042.69,928.50,76.55,151.15,0.6443,-1,-1,-1
522,4,1718.55,461.67,67.70,208.38,0.3264,-1,-1,-1
522,8,189.54,782.02,92.66,270.30,0.7775,-1,-1,-1
522,20,268.23,812.95,82.40,256.55,0.7975,-1,-1,-1
522,24,946.50,719.20,88.25,256.39,0.6860,-1,-1,-1
522,29,1044.32,738.72,68.91,202.84,0.6261,-1,-1,-1
522,32,825.59,607.09,72.22,254.10,0.6277,-1,-1,-1
522,41,1763.54,207.22,59.51,171.49,0.3365,-1,-1,-1
522,42,1737.18,635.24,88.56,213.84,0.5516,-1,-1,-1
523,3,1042.83,929.14,75.76,150.27,0.6098,-1,-1,-1
523,4,1718.76,461.28,67.41,207.10,0.3886,-1,-1,-1
523,8,188.91,783.52,94.06,273.65,0.7729,-1,-1,-1
523,20,267.34,816.24,82.43,255.69,0.8007,-1,-1,-1
523,24,948.51,720.05,87.92,256.12,0.6348,-1,-1,-1
523,29,1045.57,740.25,70.18,206.04,0.6184,-1,-1,-1
523,32,825.89,607.36,71.68,254.14,0.6332,-1,-1,-1
523,41,1765.69,209.07,58.62,168.46,0.3794,-1,-1,-1
523,42,1741.90,636.67,88.94,214.74,0.4908,-1,-1,-1
524,3,1042.92,929.94,74.95,149.35,0.5854,-1,-1,-1
524,4,1720.04,461.75,67.11,206.12,0.3756,-1,-1,-1
524,8,187.89,785.12,94.35,275.50,0.7697,-1,-1,-1
524,20,264.85,819.22,83.21,256.54,0.8097,-1,-1,-1
524,24,951.38,720.69,85.98,251.19,0.5981,-1,-1,-1
524,29,1045.11,742.62,73.54,216.16,0.6171,-1,-1,-1
524,32,825.28,607.95,70.99,253.44,0.6294,-1,-1,-1
524,41,1766.99,210.94,58.86,168.83,0.3882,-1,-1,-1
524,42,1743.90,640.27,89.58,216.03,0.3420,-1,-1,-1
525,3,1043.24,931.23,74.35,148.47,0.5428,-1,-1,-1
525,4,1718.85,461.50,67.48,205.85,0.4630,-1,-1,-1
525,8,187.43,786.18,95.73,280.03,0.7709,-1,-1,-1
525,20,264.59,822.08,83.49,256.61,0.8100,-1,-1,-1
525,24,956.40,721.35,82.14,240.40,0.5093,-1,-1,-1
525,29,1045.19,743.68,76.13,224.27,0.6216,-1,-1,-1
525,32,825.19,607.83,70.53,253.29,0.6576,-1,-1,-1
525,41,1768.02,212.21,59.18,169.46,0.4600,-1,-1,-1
525,42,1749.21,643.09,90.93,219.93,0.3493,-1,-1,-1
526,3,1042.70,929.97,74.76,149.94,0.6024,-1,-1,-1
526,4,1717.69,460.68,68.23,206.10,0.4473,-1,-1,-1
526,8,187.05,788.13,95.69,281.01,0.7712,-1,-1,-1
526,20,263.18,824.73,83.54,254.92,0.8045,-1,-1,-1
526,24,956.50,719.65,82.90,245.34,0.4989,-1,-1,-1
526,29,1049.29,743.96,73.84,217.09,0.5209,-1,-1,-1
526,32,824.91,606.72,70.53,254.68,0.6683,-1,-1,-1
526,41,1767.89,211.92,61.83,177.15,0.4268,-1,-1,-1
527,3,1041.80,927.79,75.46,152.19,0.6514,-1,-1,-1
527,4,1717.56,460.55,68.84,206.08,0.4665,-1,-1,-1
527,8,186.93,789.07,96.02,283.06,0.7837,-1,-1,-1
527,20,262.26,827.08,83.37,252.39,0.7870,-1,-1,-1
527,24,957.24,722.71,81.97,243.99,0.4376,-1,-1,-1
527,29,1053.74,744.60,70.59,205.44,0.5252,-1,-1,-1
527,32,825.00,606.03,69.78,252.94,0.6679,-1,-1,-1
527,41,1768.52,213.54,62.07,176.84,0.4471,-1,-1,-1
528,3,1040.59,924.70,76.27,155.31,0.6972,-1,-1,-1
528,4,1717.90,460.21,69.76,206.57,0.5016,-1,-1,-1
528,8,186.55,790.61,95.37,282.99,0.7786,-1,-1,-1
528,20,260.90,828.54,83.54,250.63,0.7950,-1,-1,-1
528,24,967.50,725.71,64.55,184.15,0.4188,-1,-1,-1
528,29,1056.66,745.41,69.29,199.45,0.5260,-1,-1,-1
528,32,824.98,605.53,69.46,252.61,0.6930,-1,-1,-1
528,41,1770.66,214.66,60.69,171.03,0.5169,-1,-1,-1
529,3,1039.72,924.80,75.77,155.23,0.7091,-1,-1,-1
529,4,1718.03,460.39,70.54,206.70,0.5142,-1,-1,-1
529,8,187.28,791.92,94.38,282.13,0.7743,-1,-1,-1
529,20,259.96,829.62,83.46,248.56,0.7873,-1,-1,-1
529,24,961.23,728.53,82.26,237.89,0.4726,-1,-1,-1
529,29,1058.27,746.18,70.40,201.35,0.5675,-1,-1,-1
529,32,824.71,605.51,69.16,252.13,0.7110,-1,-1,-1
529,41,1770.09,213.81,62.24,173.98,0.5196,-1,-1,-1
530,3,1039.24,926.50,74.75,153.53,0.6413,-1,-1,-1
530,4,1717.57,459.67,71.58,208.09,0.5295,-1,-1,-1
530,8,187.87,793.05,93.57,281.62,0.7636,-1,-1,-1
530,20,259.44,831.55,83.47,246.38,0.7869,-1,-1,-1
530,24,961.38,731.55,84.89,248.08,0.6292,-1,-1,-1
530,29,1059.43,747.83,70.43,199.49,0.5644,-1,-1,-1
530,32,823.31,604.97,68.92,251.95,0.7132,-1,-1,-1
530,41,1769.66,214.04,63.14,174.54,0.5134,-1,-1,-1
531,3,1038.93,928.88,73.52,151.14,0.6539,-1,-1,-1
531,4,1717.58,460.31,71.84,207.30,0.5396,-1,-1,-1
531,8,188.57,794.77,92.52,280.11,0.7520,-1,-1,-1
531,20,259.15,832.96,83.68,245.28,0.7844,-1,-1,-1
531,24,962.20,733.13,85.55,252.34,0.6371,-1,-1,-1
531,29,1059.92,749.28,72.40,204.51,0.5977,-1,-1,-1
531,32,821.44,604.18,69.08,252.76,0.7080,-1,-1,-1
531,41,1768.91,214.44,63.79,174.02,0.5198,-1,-1,-1
532,3,1039.84,934.46,70.98,145.56,0.6100,-1,-1,-1
532,4,1716.02,459.91,73.06,210.25,0.6017,-1,-1,-1
532,8,189.37,796.56,91.22,277.32,0.7763,-1,-1,-1
532,20,259.06,834.00,84.00,244.58,0.7899,-1,-1,-1
532,24,964.62,735.86,85.98,254.40,0.6745,-1,-1,-1
532,29,1059.98,750.67,74.04,208.67,0.6408,-1,-1,-1
532,32,819.27,603.32,68.96,251.84,0.7103,-1,-1,-1
532,41,1768.74,215.31,64.91,174.68,0.5169,-1,-1,-1
533,3,1041.10,942.35,67.72,137.67,0.5315,-1,-1,-1
533,4,1715.36,458.93,73.50,211.11,0.6044,-1,-1,-1
533,8,189.96,798.05,90.49,274.98,0.7657,-1,-1,-1
533,20,258.82,835.31,84.25,243.78,0.7914,-1,-1,-1
533,24,968.18,738.72,85.18,251.30,0.6903,-1,-1,-1
533,29,1061.35,753.02,74.77,210.17,0.6016,-1,-1,-1
533,32,815.00,602.67,69.48,253.62,0.7122,-1,-1,-1
533,41,1769.26,217.82,65.20,173.23,0.4874,-1,-1,-1
534,3,1041.30,947.38,66.05,132.64,0.4486,-1,-1,-1
534,4,1714.77,458.85,73.73,210.88,0.5895,-1,-1,-1
534,8,190.71,799.51,89.74,271.71,0.7753,-1,-1,-1
534,20,259.15,836.58,84.30,242.11,0.7830,-1,-1,-1
534,24,969.29,740.66,85.16,249.80,0.6804,-1,-1,-1
534,29,1062.74,754.94,75.67,213.53,0.5561,-1,-1,-1
534,32,810.97,601.55,70.16,255.92,0.7300,-1,-1,-1
534,41,1770.12,219.57,65.51,171.54,0.5255,-1,-1,-1
535,3,1041.74,953.34,64.15,126.67,0.2560,-1,-1,-1
535,4,1714.35,457.62,74.33,212.45,0.6183,-1,-1,-1
535,8,191.21,800.01,90.19,271.63,0.7961,-1,-1,-1
535,20,259.42,837.68,84.37,240.50,0.7887,-1,-1,-1
535,24,970.27,742.93,85.02,248.19,0.6600,-1,-1,-1
535,29,1061.21,757.36,78.81,223.00,0.4521,-1,-1,-1
535,32,807.14,600.26,70.30,255.16,0.7455,-1,-1,-1
535,41,1770.11,221.74,65.64,169.74,0.4704,-1,-1,-1
536,4,1714.84,458.41,74.01,211.13,0.6244,-1,-1,-1
536,8,191.19,800.74,91.23,273.99,0.8005,-1,-1,-1
536,20,259.30,838.90,84.41,239.38,0.7891,-1,-1,-1
536,24,972.46,743.53,86.01,251.02,0.6401,-1,-1,-1
536,29,1061.97,760.66,78.56,222.37,0.4689,-1,-1,-1
536,32,804.34,599.76,70.33,254.08,0.7305,-1,-1,-1
536,41,1769.81,222.90,65.94,168.43,0.5124,-1,-1,-1
537,4,1715.63,459.69,73.78,210.36,0.6194,-1,-1,-1
537,8,191.50,801.61,92.21,276.94,0.7858,-1,-1,-1
537,20,259.02,840.91,84.13,237.76,0.7760,-1,-1,-1
537,24,974.34,745.76,85.95,249.39,0.6561,-1,-1,-1
537,29,1062.87,762.64,79.49,226.33,0.5259,-1,-1,-1
537,32,801.08,599.67,71.17,254.99,0.7275,-1,-1,-1
537,41,1770.73,223.60,66.39,167.88,0.5018,-1,-1,-1
538,4,1716.32,460.50,73.33,209.34,0.6265,-1,-1,-1
538,8,192.37,802.95,92.21,277.06,0.7957,-1,-1,-1
538,20,258.34,843.69,83.86,235.78,0.7834,-1,-1,-1
538,24,976.76,747.64,85.69,247.04,0.6993,-1,-1,-1
538,29,1062.33,764.84,79.45,226.40,0.5731,-1,-1,-1
538,32,799.71,599.99,71.71,254.60,0.7364,-1,-1,-1
538,41,1771.89,223.90,66.32,167.45,0.5215,-1,-1,-1
539,4,1716.28,460.42,73.30,209.12,0.6110,-1,-1,-1
539,8,193.13,804.66,91.83,275.84,0.7848,-1,-1,-1
539,20,257.16,846.33,83.60,233.49,0.7831,-1,-1,-1
539,24,977.92,748.97,85.53,245.26,0.7041,-1,-1,-1
539,29,1061.66,767.26,80.20,228.03,0.6100,-1,-1,-1
539,32,797.58,599.82,72.36,254.93,0.7298,-1,-1,-1
539,41,1773.77,224.74,65.84,166.59,0.4943,-1,-1,-1
539,3,1034.31,942.10,71.24,138.27,0.5010,-1,-1,-1
540,4,1716.13,459.66,73.52,209.78,0.6307,-1,-1,-1
540,8,193.41,806.12,91.31,273.98,0.7670,-1,-1,-1
540,20,256.38,848.71,82.86,230.10,0.7684,-1,-1,-1
540,24,979.72,749.47,85.34,243.45,0.6750,-1,-1,-1
540,29,1063.17,769.32,78.91,223.25,0.5426,-1,-1,-1
540,32,795.60,599.66,72.90,254.40,0.7461,-1,-1,-1
540,41,1774.46,225.19,65.57,166.47,0.4513,-1,-1,-1
540,3,1033.55,943.38,71.87,137.03,0.3972,-1,-1,-1
541,4,1716.21,458.98,73.52,209.87,0.6419,-1,-1,-1
541,8,195.60,808.74,90.43,271.47,0.7778,-1,-1,-1
541,20,256.45,850.52,82.66,228.38,0.7679,-1,-1,-1
541,24,982.34,751.02,84.21,239.83,0.6865,-1,-1,-1
541,29,1060.04,770.28,79.95,223.36,0.6332,-1,-1,-1
541,32,794.62,599.72,73.01,252.60,0.7223,-1,-1,-1
541,41,1775.43,225.77,65.29,166.34,0.4485,-1,-1,-1
541,3,1031.51,940.44,74.37,139.96,0.5408,-1,-1,-1
542,4,1715.89,458.19,73.78,210.63,0.5990,-1,-1,-1
542,8,198.43,810.54,89.58,269.89,0.7557,-1,-1,-1
542,20,256.99,852.68,82.22,226.73,0.7471,-1,-1,-1
542,24,984.26,751.48,83.75,239.50,0.6710,-1,-1,-1
542,29,1065.05,771.63,79.71,223.99,0.5660,-1,-1,-1
542,32,792.91,599.21,73.38,252.09,0.7134,-1,-1,-1
542,41,1776.60,227.10,64.66,165.28,0.4335,-1,-1,-1
542,3,1033.29,946.13,72.25,134.25,0.3617,-1,-1,-1
543,4,1715.39,457.07,74.24,211.65,0.5697,-1,-1,-1
543,8,201.01,811.86,88.81,268.61,0.7123,-1,-1,-1
543,20,257.05,856.67,81.05,223.11,0.7136,-1,-1,-1
543,24,988.06,753.13,81.74,233.65,0.6377,-1,-1,-1
543,29,1067.34,772.55,80.33,227.38,0.5952,-1,-1,-1
543,32,791.20,599.09,73.98,251.68,0.7081,-1,-1,-1
543,41,1777.96,227.57,64.50,165.74,0.4203,-1,-1,-1
543,3,1032.66,945.53,73.21,134.80,0.4403,-1,-1,-1
544,4,1714.92,456.92,74.54,212.08,0.5614,-1,-1,-1
544,8,203.72,813.16,87.95,267.29,0.7181,-1,-1,-1
544,20,257.57,861.50,79.48,217.72,0.6973,-1,-1,-1
544,24,990.22,755.18,80.44,227.90,0.6526,-1,-1,-1
544,29,1069.30,773.14,80.02,227.38,0.5998,-1,-1,-1
544,32,788.36,598.86,74.96,252.13,0.7253,-1,-1,-1
544,41,1778.88,228.05,64.29,166.11,0.4224,-1,-1,-1
544,3,1031.11,944.39,74.62,135.91,0.4526,-1,-1,-1
545,4,1714.63,457.86,74.03,209.87,0.6116,-1,-1,-1
545,8,205.89,814.71,86.95,265.70,0.6979,-1,-1,-1
545,20,256.54,865.45,78.61,213.66,0.7242,-1,-1,-1
545,24,992.70,756.92,79.90,225.46,0.6540,-1,-1,-1
545,29,1070.13,775.50,79.62,226.11,0.5958,-1,-1,-1
545,32,783.56,598.43,76.69,253.08,0.7366,-1,-1,-1
545,41,1780.67,227.93,64.78,169.16,0.4189,-1,-1,-1
545,3,1026.21,942.92,76.91,137.34,0.5472,-1,-1,-1
546,4,1713.46,457.53,74.78,210.82,0.6235,-1,-1,-1
546,8,207.78,815.87,86.19,264.49,0.6790,-1,-1,-1
546,20,255.09,868.57,78.22,210.99,0.7187,-1,-1,-1
546,24,994.56,759.21,80.30,225.36,0.6304,-1,-1,-1
546,29,1071.83,776.91,79.98,227.62,0.6105,-1,-1,-1
546,32,779.21,598.31,78.30,253.05,0.7462,-1,-1,-1
546,41,1782.85,229.32,64.35,170.14,0.3934,-1,-1,-1
546,3,1025.11,942.66,77.96,137.58,0.5615,-1,-1,-1
547,4,1714.70,457.10,75.74,211.20,0.5931,-1,-1,-1
547,8,209.68,817.34,85.44,262.97,0.6819,-1,-1,-1
547,20,254.96,872.16,77.71,207.76,0.6903,-1,-1,-1
547,24,997.81,761.53,79.36,220.64,0.6358,-1,-1,-1
547,29,1073.21,779.02,80.49,229.75,0.6292,-1,-1,-1
547,32,777.05,597.94,80.13,254.63,0.7610,-1,-1,-1
547,41,1785.03,231.29,64.21,171.37,0.3926,-1,-1,-1
547,3,1027.35,943.94,77.54,136.27,0.5318,-1,-1,-1
548,4,1715.41,458.17,75.46,210.88,0.5889,-1,-1,-1
548,8,211.05,818.57,84.69,261.71,0.6490,-1,-1,-1
548,20,254.17,875.23,77.01,204.82,0.6877,-1,-1,-1
548,24,998.64,765.07,79.06,217.28,0.6596,-1,-1,-1
548,29,1070.82,781.29,83.07,235.72,0.6420,-1,-1,-1
548,32,775.13,597.97,81.70,255.62,0.7468,-1,-1,-1
548,41,1786.82,234.26,64.47,173.10,0.4261,-1,-1,-1
548,3,1026.56,940.12,79.68,140.06,0.5495,-1,-1,-1
549,4,1717.69,458.86,74.30,209.33,0.6299,-1,-1,-1
549,8,212.59,819.99,84.01,260.25,0.5256,-1,-1,-1
549,20,251.68,874.67,77.54,205.42,0.6312,-1,-1,-1
549,24,1000.01,768.15,77.95,212.61,0.5853,-1,-1,-1
549,29,1069.89,783.29,85.24,241.48,0.6422,-1,-1,-1
549,32,774.13,598.76,82.53,254.72,0.7492,-1,-1,-1
549,41,1788.63,236.28,64.62,174.28,0.3900,-1,-1,-1
549,3,1024.88,936.16,81.93,144.00,0.5256,-1,-1,-1
550,4,1717.49,458.61,74.16,209.74,0.6138,-1,-1,-1
550,8,214.60,821.85,83.36,258.36,0.4106,-1,-1,-1
550,20,249.30,874.72,77.86,205.37,0.5725,-1,-1,-1
550,24,1002.28,772.24,74.53,201.36,0.5134,-1,-1,-1
550,29,1069.72,786.31,86.51,244.23,0.5972,-1,-1,-1
550,32,772.60,599.56,83.31,253.45,0.7338,-1,-1,-1
550,41,1790.88,236.38,64.38,175.23,0.4187,-1,-1,-1
550,3,1023.87,934.93,82.62,145.22,0.5160,-1,-1,-1
551,4,1718.47,459.05,73.49,209.28,0.6051,-1,-1,-1
551,8,218.02,823.48,83.13,256.71,0.3535,-1,-1,-1
551,20,245.47,874.96,78.86,205.13,0.5719,-1,-1,-1
551,24,1006.17,773.53,71.47,190.58,0.4898,-1,-1,-1
551,29,1074.19,789.49,86.02,242.94,0.5686,-1,-1,-1
551,32,770.78,598.85,84.53,254.66,0.7299,-1,-1,-1
551,41,1792.75,236.37,64.04,175.98,0.4385,-1,-1,-1
551,3,1021.73,935.74,82.67,144.39,0.5712,-1,-1,-1
552,4,1720.23,458.57,72.51,208.77,0.6067,-1,-1,-1
552,20,241.57,875.45,80.13,204.63,0.6563,-1,-1,-1
552,24,1011.08,775.59,68.05,178.76,0.4711,-1,-1,-1
552,29,1075.60,792.60,86.25,241.85,0.5722,-1,-1,-1
552,32,769.67,598.18,85.15,254.33,0.7423,-1,-1,-1
552,41,1794.20,236.93,63.67,176.62,0.3953,-1,-1,-1
552,3,1017.52,934.53,84.21,145.59,0.5270,-1,-1,-1
553,4,1720.24,458.75,71.83,208.24,0.5769,-1,-1,-1
553,20,239.77,876.11,80.99,203.96,0.6736,-1,-1,-1
553,24,1014.69,777.89,64.87,167.80,0.5094,-1,-1,-1
553,29,1076.61,794.93,87.67,243.44,0.5788,-1,-1,-1
553,32,768.87,596.50,85.81,254.42,0.7526,-1,-1,-1
553,41,1796.34,237.23,63.01,176.24,0.3754,-1,-1,-1
553,3,1008.77,929.91,88.89,150.07,0.5365,-1,-1,-1
554,4,1720.52,458.97,71.24,207.86,0.5987,-1,-1,-1
554,20,233.50,847.74,91.98,232.32,0.6368,-1,-1,-1
554,24,1013.89,781.08,64.76,165.82,0.3102,-1,-1,-1
554,29,1081.67,797.15,87.82,243.00,0.5159,-1,-1,-1
554,32,767.88,595.85,85.44,252.44,0.7513,-1,-1,-1
554,41,1799.42,236.88,62.33,176.18,0.3031,-1,-1,-1
555,4,1720.62,457.72,71.07,208.94,0.6005,-1,-1,-1
555,20,232.21,838.61,95.54,241.45,0.7010,-1,-1,-1
555,24,1017.39,782.36,63.66,160.68,0.3533,-1,-1,-1
555,29,1085.98,799.04,86.75,240.30,0.6164,-1,-1,-1
555,32,766.51,595.81,85.48,251.48,0.7345,-1,-1,-1
555,41,1802.23,236.91,62.12,176.63,0.2972,-1,-1,-1
555,43,376.25,218.00,67.56,188.84,0.5318,-1,-1,-1
556,4,1720.92,456.48,70.29,208.25,0.6187,-1,-1,-1
556,20,238.01,862.43,87.26,217.45,0.6127,-1,-1,-1
556,24,1016.27,784.54,69.69,176.48,0.3025,-1,-1,-1
556,29,1091.76,799.77,86.00,239.52,0.5741,-1,-1,-1
556,32,764.40,594.30,85.40,250.56,0.7563,-1,-1,-1
556,41,1805.81,236.98,61.75,175.66,0.3253,-1,-1,-1
556,43,376.54,219.80,67.75,189.49,0.5021,-1,-1,-1
557,4,1722.70,457.37,69.72,207.24,0.6175,-1,-1,-1
557,20,237.60,845.29,93.95,234.68,0.7370,-1,-1,-1
557,29,1097.18,800.98,84.48,236.95,0.5545,-1,-1,-1
557,32,762.19,593.76,84.79,248.00,0.7163,-1,-1,-1
557,41,1806.93,237.33,61.41,174.40,0.3459,-1,-1,-1
557,43,376.26,222.35,66.90,187.00,0.5121,-1,-1,-1
558,4,1720.66,456.31,70.00,209.05,0.6838,-1,-1,-1
558,20,238.95,839.88,96.34,240.13,0.7201,-1,-1,-1
558,29,1100.36,801.14,83.53,235.08,0.6043,-1,-1,-1
558,32,759.43,593.84,84.15,245.09,0.7109,-1,-1,-1
558,41,1810.51,237.27,61.64,174.97,0.3605,-1,-1,-1
558,43,375.94,223.26,67.08,187.47,0.5431,-1,-1,-1
558,44,1668.11,271.90,78.20,193.80,0.5496,-1,-1,-1
558,24,1005.47,785.87,103.08,267.33,0.5366,-1,-1,-1
559,4,1722.75,457.59,68.80,206.49,0.6570,-1,-1,-1
559,20,244.40,871.06,85.86,208.97,0.7283,-1,-1,-1
559,29,1102.44,801.93,83.33,234.05,0.6069,-1,-1,-1
559,32,755.52,593.41,83.42,243.21,0.6851,-1,-1,-1
559,41,1813.55,237.27,61.46,174.73,0.3662,-1,-1,-1
559,43,375.59,225.34,66.94,187.01,0.5575,-1,-1,-1
559,44,1668.03,271.94,78.21,194.00,0.5369,-1,-1,-1
560,4,1724.19,458.48,67.59,203.66,0.6610,-1,-1,-1
560,20,246.32,885.11,81.65,194.92,0.7416,-1,-1,-1
560,29,1103.97,802.41,83.13,232.97,0.5581,-1,-1,-1
560,32,751.51,591.47,83.25,243.91,0.6908,-1,-1,-1
560,41,1815.87,237.39,61.46,175.66,0.3581,-1,-1,-1
560,43,373.96,226.00,67.47,188.59,0.5484,-1,-1,-1
560,44,1666.99,271.36,77.75,193.04,0.5486,-1,-1,-1
560,24,1016.61,788.18,85.42,220.42,0.5253,-1,-1,-1
561,4,1723.23,458.30,67.10,203.32,0.6693,-1,-1,-1
561,20,248.29,892.69,79.78,187.26,0.6747,-1,-1,-1
561,29,1105.14,803.29,82.92,232.48,0.5991,-1,-1,-1
561,32,747.06,590.94,81.91,242.40,0.6935,-1,-1,-1
561,41,1818.02,237.79,61.77,176.78,0.3354,-1,-1,-1
561,43,373.62,227.89,67.26,188.04,0.5736,-1,-1,-1
561,44,1665.86,271.27,77.60,192.85,0.5645,-1,-1,-1
561,24,1019.23,789.56,79.27,204.05,0.4822,-1,-1,-1
562,4,1721.87,457.32,67.37,205.37,0.6457,-1,-1,-1
562,20,250.17,897.65,78.94,181.94,0.6626,-1,-1,-1
562,29,1106.64,805.19,83.76,234.16,0.6010,-1,-1,-1
562,32,743.93,592.32,79.53,237.70,0.6956,-1,-1,-1
562,41,1819.99,238.10,62.57,179.26,0.3344,-1,-1,-1
562,43,373.72,230.59,66.87,186.75,0.5961,-1,-1,-1
562,44,1664.16,270.84,77.35,192.23,0.5677,-1,-1,-1
562,24,1020.27,792.37,77.36,197.88,0.6260,-1,-1,-1
562,3,1000.28,938.38,86.87,141.03,0.6198,-1,-1,-1
563,4,1722.37,456.59,68.28,206.81,0.6369,-1,-1,-1
563,20,248.52,902.01,77.64,177.80,0.6876,-1,-1,-1
563,29,1108.13,808.56,84.78,235.97,0.5832,-1,-1,-1
563,32,739.38,591.19,79.78,239.97,0.7026,-1,-1,-1
563,41,1820.91,240.99,62.20,177.89,0.3142,-1,-1,-1
563,43,374.82,233.82,66.37,185.27,0.5621,-1,-1,-1
563,44,1663.16,270.51,76.38,189.84,0.5083,-1,-1,-1
563,24,1018.30,794.79,83.54,214.22,0.5463,-1,-1,-1
563,3,997.22,936.86,90.19,142.07,0.5188,-1,-1,-1
563,8,270.39,841.25,76.47,230.94,0.5090,-1,-1,-1
564,4,1721.10,454.68,68.74,208.16,0.6453,-1,-1,-1
564,20,248.34,905.55,76.50,174.37,0.7046,-1,-1,-1
564,29,1107.45,811.34,86.37,240.43,0.5649,-1,-1,-1
564,32,735.11,590.01,80.16,241.69,0.6929,-1,-1,-1
564,41,1823.28,242.36,62.90,178.86,0.3454,-1,-1,-1
564,43,374.52,234.74,67.28,188.20,0.6130,-1,-1,-1
564,44,1662.64,269.80,75.98,189.05,0.5099,-1,-1,-1
564,24,1015.70,797.63,91.49,238.69,0.5989,-1,-1,-1
564,3,994.64,936.35,92.97,142.36,0.5765,-1,-1,-1
564,8,273.09,842.71,77.81,229.92,0.5924,-1,-1,-1
565,4,1721.63,455.94,69.25,207.74,0.6397,-1,-1,-1
565,20,249.55,907.29,76.01,172.46,0.7141,-1,-1,-1
565,29,1107.82,813.88,87.29,242.37,0.6166,-1,-1,-1
565,32,732.66,589.36,80.21,242.13,0.6093,-1,-1,-1
565,41,1825.46,244.66,62.79,177.13,0.3826,-1,-1,-1
565,43,373.94,235.96,67.72,190.31,0.6522,-1,-1,-1
565,44,1662.73,269.01,75.98,189.60,0.4920,-1,-1,-1
565,24,1014.51,799.64,97.11,257.24,0.6421,-1,-1,-1
565,3,991.82,936.72,94.33,141.56,0.4415,-1,-1,-1
565,8,275.16,844.01,80.06,230.70,0.5829,-1,-1,-1
566,4,1721.00,456.05,70.04,208.21,0.6356,-1,-1,-1
566,20,250.42,909.30,75.60,170.62,0.7457,-1,-1,-1
566,29,1106.13,816.78,88.49,243.67,0.6229,-1,-1,-1
566,32,731.62,590.12,79.49,240.90,0.6120,-1,-1,-1
566,41,1827.65,246.46,62.16,173.48,0.4079,-1,-1,-1
566,43,373.67,235.94,67.75,191.40,0.6638,-1,-1,-1
566,44,1664.36,269.54,73.54,184.35,0.5105,-1,-1,-1
566,24,1015.46,802.27,98.24,264.09,0.5950,-1,-1,-1
566,3,988.48,934.14,97.21,144.69,0.5274,-1,-1,-1
566,8,277.98,846.06,82.74,231.34,0.6398,-1,-1,-1
567,4,1720.58,456.62,71.32,209.47,0.6471,-1,-1,-1
567,20,250.95,911.43,75.09,168.55,0.7539,-1,-1,-1
567,29,1110.53,819.64,87.47,241.65,0.4853,-1,-1,-1
567,32,729.37,590.36,79.71,242.02,0.5700,-1,-1,-1
567,41,1828.67,248.74,62.05,171.41,0.4124,-1,-1,-1
567,43,373.23,236.70,67.48,191.59,0.6652,-1,-1,-1
567,44,1664.93,269.96,71.98,181.80,0.5398,-1,-1,-1
567,24,1019.20,805.90,95.72,261.12,0.4885,-1,-1,-1
567,3,986.52,932.38,98.44,146.14,0.6050,-1,-1,-1
567,8,279.84,847.88,85.46,231.32,0.6446,-1,-1,-1
568,4,1719.65,456.57,72.12,210.17,0.6969,-1,-1,-1
568,20,251.58,913.32,74.89,166.68,0.7603,-1,-1,-1
568,29,1112.33,821.99,86.95,240.75,0.4966,-1,-1,-1
568,32,728.09,589.36,79.88,243.70,0.6219,-1,-1,-1
568,41,1828.52,251.33,62.50,171.23,0.3846,-1,-1,-1
568,43,373.69,237.89,66.93,190.82,0.6409,-1,-1,-1
568,44,1664.83,270.32,71.13,181.58,0.5740,-1,-1,-1
568,24,1021.62,809.34,94.52,260.91,0.4819,-1,-1,-1
568,3,986.07,933.06,97.72,144.57,0.3825,-1,-1,-1
568,8,281.45,849.31,87.70,230.28,0.6578,-1,-1,-1
569,4,1718.81,457.17,72.68,209.93,0.6939,-1,-1,-1
569,20,251.91,914.83,74.85,165.18,0.7552,-1,-1,-1
569,29,1114.00,824.91,86.40,240.14,0.4757,-1,-1,-1
569,32,725.70,588.27,80.34,245.30,0.6261,-1,-1,-1
569,41,1828.91,252.94,63.29,172.33,0.3850,-1,-1,-1
569,43,373.97,237.46,67.32,192.33,0.6379,-1,-1,-1
569,44,1663.59,268.00,71.01,183.35,0.5481,-1,-1,-1
569,24,1025.61,811.27,94.12,263.29,0.5723,-1,-1,-1
569,3,985.65,933.84,96.64,143.82,0.2896,-1,-1,-1
569,8,285.61,851.15,89.37,228.71,0.6479,-1,-1,-1
570,4,1717.97,457.08,73.19,209.57,0.6846,-1,-1,-1
570,20,251.85,916.24,74.82,163.77,0.7438,-1,-1,-1
570,29,1117.12,826.60,86.55,241.39,0.5843,-1,-1,-1
570,32,723.75,586.84,81.21,248.21,0.6124,-1,-1,-1
570,41,1829.37,254.21,64.20,173.52,0.3350,-1,-1,-1
570,43,374.45,237.59,67.31,192.68,0.6363,-1,-1,-1
570,44,1663.06,266.51,69.85,182.17,0.5401,-1,-1,-1
570,24,1028.18,813.10,93.36,264.65,0.6023,-1,-1,-1
570,3,985.47,932.93,96.33,145.08,0.3435,-1,-1,-1
570,8,288.85,852.64,91.07,227.49,0.6641,-1,-1,-1
571,4,1718.01,456.09,73.89,209.48,0.6721,-1,-1,-1
571,20,251.27,918.85,74.38,161.17,0.7473,-1,-1,-1
571,29,1121.93,828.63,85.78,242.38,0.6650,-1,-1,-1
571,32,721.29,587.23,81.42,247.41,0.5535,-1,-1,-1
571,41,1830.35,254.76,65.13,175.16,0.2820,-1,-1,-1
571,43,374.72,237.01,67.13,192.22,0.6212,-1,-1,-1
571,44,1661.50,263.90,68.55,180.28,0.5546,-1,-1,-1
571,24,1032.45,814.89,91.71,264.18,0.6699,-1,-1,-1
571,3,986.23,931.65,95.44,146.39,0.4007,-1,-1,-1
571,8,290.79,855.07,91.91,225.13,0.6720,-1,-1,-1
571,46,1565.12,588.61,109.86,236.54,0.5829,-1,-1,-1
572,4,1717.95,457.19,74.24,208.61,0.6373,-1,-1,-1
572,20,252.30,919.58,74.71,160.29,0.7480,-1,-1,-1
572,29,1122.08,830.00,85.09,241.82,0.6073,-1,-1,-1
572,32,718.00,586.85,82.66,249.18,0.5187,-1,-1,-1
572,43,376.14,238.45,65.98,189.26,0.6146,-1,-1,-1
572,44,1661.12,261.11,68.14,180.21,0.5111,-1,-1,-1
572,24,1036.41,817.55,89.40,260.65,0.6378,-1,-1,-1
572,3,985.53,930.06,95.35,148.55,0.5690,-1,-1,-1
572,8,296.48,857.05,91.90,223.16,0.6898,-1,-1,-1
572,46,1566.98,589.91,109.58,235.86,0.5150,-1,-1,-1
573,4,1717.89,457.07,75.34,209.86,0.6220,-1,-1,-1
573,20,252.16,924.19,73.66,155.76,0.7368,-1,-1,-1
573,29,1122.26,831.67,85.26,244.27,0.6403,-1,-1,-1
573,32,715.30,586.92,83.31,249.60,0.6438,-1,-1,-1
573,43,376.95,240.07,64.78,185.88,0.6203,-1,-1,-1
573,44,1658.77,258.89,68.48,182.24,0.5209,-1,-1,-1
573,24,1040.54,819.71,87.26,256.38,0.6232,-1,-1,-1
573,3,986.26,929.71,94.19,149.08,0.6003,-1,-1,-1
573,8,296.30,859.08,91.31,220.71,0.6914,-1,-1,-1
573,46,1566.14,588.11,110.46,237.38,0.4870,-1,-1,-1
574,4,1717.87,456.66,76.03,210.46,0.6429,-1,-1,-1
574,20,252.67,927.70,73.07,152.28,0.7363,-1,-1,-1
574,29,1123.04,832.61,85.05,244.90,0.6193,-1,-1,-1
574,32,712.31,585.78,83.95,249.63,0.6976,-1,-1,-1
574,43,377.41,241.10,64.28,184.69,0.6427,-1,-1,-1
574,44,1658.52,257.18,68.84,183.75,0.5340,-1,-1,-1
574,24,1043.90,820.66,85.78,253.25,0.6011,-1,-1,-1
574,3,987.73,929.03,92.77,149.56,0.6007,-1,-1,-1
574,8,299.25,860.82,91.37,219.21,0.6985,-1,-1,-1
574,46,1569.18,594.87,108.17,231.82,0.4323,-1,-1,-1
575,4,1717.88,456.44,76.12,209.37,0.6431,-1,-1,-1
575,20,252.48,926.82,74.11,153.18,0.7335,-1,-1,-1
575,29,1123.62,834.36,85.29,244.33,0.6432,-1,-1,-1
575,32,710.62,584.56,84.45,249.54,0.6842,-1,-1,-1
575,43,377.46,240.97,64.82,186.47,0.6442,-1,-1,-1
575,44,1657.65,255.60,69.33,185.48,0.5482,-1,-1,-1
575,24,1045.67,821.41,85.53,253.14,0.6197,-1,-1,-1
575,3,990.06,928.50,90.85,149.59,0.5780,-1,-1,-1
575,8,300.49,862.92,90.98,217.18,0.6978,-1,-1,-1
575,46,1568.98,599.41,106.54,227.61,0.5420,-1,-1,-1
576,4,1718.14,456.58,76.74,209.81,0.6141,-1,-1,-1
576,20,252.97,929.63,73.63,150.38,0.7417,-1,-1,-1
576,29,1125.88,835.47,85.24,242.77,0.5982,-1,-1,-1
576,32,708.76,583.21,85.35,250.88,0.7062,-1,-1,-1
576,43,377.48,243.52,64.98,187.10,0.6618,-1,-1,-1
576,44,1656.93,254.08,69.48,185.79,0.5615,-1,-1,-1
576,24,1046.68,822.03,84.99,252.53,0.5827,-1,-1,-1
576,3,992.88,927.95,88.33,149.58,0.4800,-1,-1,-1
576,8,300.54,865.50,90.29,214.52,0.6980,-1,-1,-1
576,46,1569.03,599.29,106.13,226.38,0.6103,-1,-1,-1
577,4,1718.44,457.40,76.85,208.93,0.5885,-1,-1,-1
577,20,253.89,934.41,72.50,145.59,0.7433,-1,-1,-1
577,29,1126.64,837.69,85.56,240.15,0.5129,-1,-1,-1
577,32,706.78,581.31,85.38,249.65,0.7012,-1,-1,-1
577,43,377.84,246.65,64.91,187.33,0.6276,-1,-1,-1
577,44,1655.79,252.00,70.13,187.16,0.5227,-1,-1,-1
577,24,1048.41,823.59,83.74,249.71,0.5019,-1,-1,-1
577,3,994.64,927.19,86.54,150.09,0.5720,-1,-1,-1
577,8,302.33,869.43,89.55,210.44,0.6995,-1,-1,-1
577,46,1567.85,600.51,106.35,225.95,0.5662,-1,-1,-1
578,4,1718.27,458.20,77.32,209.30,0.5583,-1,-1,-1
578,20,254.63,939.60,71.18,140.41,0.7394,-1,-1,-1
578,29,1125.90,839.65,84.64,238.60,0.4754,-1,-1,-1
578,32,705.04,578.02,85.00,247.36,0.6783,-1,-1,-1
578,43,377.39,249.12,65.03,188.07,0.6462,-1,-1,-1
578,44,1655.14,250.43,70.94,188.80,0.5602,-1,-1,-1
578,24,1051.11,824.65,82.33,246.75,0.4860,-1,-1,-1
578,3,996.78,926.61,85.21,150.66,0.5385,-1,-1,-1
578,8,302.21,871.89,89.14,207.63,0.6973,-1,-1,-1
578,46,1566.13,601.66,106.60,225.61,0.5778,-1,-1,-1
579,4,1718.28,458.86,77.54,209.13,0.5643,-1,-1,-1
579,20,254.73,943.66,70.40,136.34,0.7279,-1,-1,-1
579,29,1129.55,840.13,85.07,237.96,0.5752,-1,-1,-1
579,32,704.13,575.81,81.66,236.77,0.5915,-1,-1,-1
579,43,377.31,250.52,64.86,187.96,0.6680,-1,-1,-1
579,44,1653.05,248.71,72.55,191.63,0.5495,-1,-1,-1
579,24,1052.89,826.44,82.59,247.61,0.5003,-1,-1,-1
579,3,999.76,925.68,84.19,151.15,0.5382,-1,-1,-1
579,8,302.07,873.85,88.85,205.13,0.6985,-1,-1,-1
579,46,1566.09,602.27,106.77,225.03,0.6081,-1,-1,-1
580,4,1717.83,459.02,78.28,210.81,0.5836,-1,-1,-1
580,20,253.75,946.15,70.27,133.47,0.7222,-1,-1,-1
580,29,1129.11,841.54,84.86,237.99,0.5570,-1,-1,-1
580,32,701.31,575.12,83.87,245.22,0.5800,-1,-1,-1
580,43,377.15,252.49,64.53,187.35,0.6873,-1,-1,-1
580,44,1651.78,248.13,73.02,191.19,0.5551,-1,-1,-1
580,24,1054.54,828.60,82.09,246.60,0.4890,-1,-1,-1
580,3,1001.84,925.61,83.44,150.95,0.5671,-1,-1,-1
580,8,300.19,874.96,89.41,204.72,0.7240,-1,-1,-1
580,46,1565.43,602.43,107.46,225.18,0.6071,-1,-1,-1
581,4,1717.71,458.31,78.16,210.75,0.5740,-1,-1,-1
581,20,253.89,948.08,70.44,131.60,0.7272,-1,-1,-1
581,29,1134.02,841.95,86.03,238.24,0.5230,-1,-1,-1
581,32,699.11,573.92,83.86,248.30,0.6004,-1,-1,-1
581,43,377.09,254.68,63.92,185.53,0.6498,-1,-1,-1
581,44,1650.31,246.80,73.64,191.45,0.4985,-1,-1,-1
581,24,1057.88,831.29,80.95,243.05,0.5538,-1,-1,-1
581,3,1003.24,925.32,83.10,151.16,0.5921,-1,-1,-1
581,8,299.69,876.23,89.99,203.65,0.7256,-1,-1,-1
581,46,1565.29,601.81,108.15,225.54,0.5768,-1,-1,-1
582,4,1719.16,458.09,77.37,208.66,0.5338,-1,-1,-1
582,20,253.11,949.09,71.02,130.61,0.7115,-1,-1,-1
582,29,1135.28,844.60,86.48,235.92,0.5299,-1,-1,-1
582,32,698.94,571.75,81.17,242.70,0.4724,-1,-1,-1
582,43,376.43,255.80,64.14,186.07,0.6423,-1,-1,-1
582,44,1649.08,246.50,74.26,191.75,0.4703,-1,-1,-1
582,24,1060.87,834.60,79.13,237.18,0.5554,-1,-1,-1
582,3,1004.19,925.40,83.68,152.07,0.6062,-1,-1,-1
582,8,301.05,877.76,90.45,202.24,0.7376,-1,-1,-1
582,46,1566.00,603.03,107.84,223.89,0.5272,-1,-1,-1
583,4,1719.40,457.78,77.25,208.65,0.5861,-1,-1,-1
583,20,251.92,949.66,71.85,130.20,0.7089,-1,-1,-1
583,29,1140.92,845.82,86.31,234.76,0.6568,-1,-1,-1
583,32,698.32,570.31,77.47,234.09,0.4290,-1,-1,-1
583,43,375.45,256.86,64.89,187.94,0.6743,-1,-1,-1
583,44,1648.59,246.38,74.54,190.86,0.4972,-1,-1,-1
583,24,1063.46,838.11,79.13,237.48,0.6573,-1,-1,-1
583,3,1003.70,925.98,83.35,152.13,0.5775,-1,-1,-1
583,8,301.77,879.65,90.42,200.39,0.7514,-1,-1,-1
583,46,1562.67,605.41,108.10,223.75,0.4248,-1,-1,-1
584,4,1718.81,455.10,78.37,211.58,0.6196,-1,-1,-1
584,20,250.62,950.44,72.39,129.51,0.7006,-1,-1,-1
584,29,1142.24,847.95,86.06,232.62,0.6704,-1,-1,-1
584,32,695.99,568.91,75.98,233.63,0.2694,-1,-1,-1
584,43,373.86,257.64,65.51,189.45,0.6973,-1,-1,-1
584,44,1648.14,246.69,74.60,189.42,0.5112,-1,-1,-1
584,24,1063.40,841.54,79.45,237.43,0.6880,-1,-1,-1
584,3,998.45,926.18,81.57,152.27,0.5639,-1,-1,-1
584,8,302.58,881.37,90.26,198.68,0.7557,-1,-1,-1
584,46,1562.82,603.59,108.69,224.37,0.5084,-1,-1,-1
585,4,1719.38,456.01,77.33,209.07,0.6337,-1,-1,-1
585,20,250.16,951.50,72.61,128.30,0.7086,-1,-1,-1
585,29,1143.42,851.07,85.41,229.44,0.7216,-1,-1,-1
585,32,693.15,568.28,76.12,238.89,0.2956,-1,-1,-1
585,43,372.95,258.21,65.55,189.26,0.7124,-1,-1,-1
585,44,1647.77,246.85,75.04,188.43,0.5324,-1,-1,-1
585,24,1062.91,843.98,78.97,235.86,0.7317,-1,-1,-1
585,3,996.83,926.96,79.39,151.14,0.5901,-1,-1,-1
585,8,302.75,883.29,89.98,196.76,0.7540,-1,-1,-1
585,46,1561.54,605.65,108.76,223.89,0.4355,-1,-1,-1
586,4,1719.04,456.52,76.37,207.00,0.6228,-1,-1,-1
586,20,249.21,952.90,72.90,126.91,0.7047,-1,-1,-1
586,29,1146.80,854.17,84.65,226.28,0.6963,-1,-1,-1
586,43,372.25,258.47,65.64,189.63,0.7200,-1,-1,-1
586,44,1648.29,247.24,75.16,187.25,0.5347,-1,-1,-1
586,24,1063.85,846.23,78.26,232.94,0.7112,-1,-1,-1
586,3,996.53,927.81,77.21,150.34,0.6023,-1,-1,-1
586,8,303.66,885.92,89.34,194.13,0.7595,-1,-1,-1
586,46,1564.28,604.20,109.19,223.90,0.5352,-1,-1,-1
587,4,1719.61,455.42,76.72,209.07,0.6417,-1,-1,-1
587,20,250.31,954.95,72.71,124.98,0.7239,-1,-1,-1
587,29,1150.76,857.64,83.88,222.76,0.6701,-1,-1,-1
587,43,371.45,258.84,65.60,189.50,0.7014,-1,-1,-1
587,44,1648.42,247.07,75.33,186.26,0.5091,-1,-1,-1
587,24,1066.02,847.96,77.58,230.53,0.7134,-1,-1,-1
587,3,996.60,928.84,75.37,149.33,0.6300,-1,-1,-1
587,8,305.06,888.33,88.78,191.60,0.7584,-1,-1,-1
587,46,1562.28,603.43,110.51,226.39,0.5413,-1,-1,-1
588,4,1717.96,453.63,76.90,212.36,0.6283,-1,-1,-1
588,20,251.01,957.43,72.32,122.55,0.7204,-1,-1,-1
588,29,1153.39,858.41,84.45,221.93,0.6635,-1,-1,-1
588,43,371.21,259.00,65.62,189.58,0.7078,-1,-1,-1
588,44,1648.94,245.68,75.77,186.73,0.5002,-1,-1,-1
588,24,1067.96,850.08,76.31,226.34,0.7056,-1,-1,-1
588,3,996.21,929.82,74.30,149.48,0.6197,-1,-1,-1
588,8,305.67,890.90,88.25,189.09,0.7551,-1,-1,-1
588,46,1563.70,603.06,110.14,225.08,0.5309,-1,-1,-1
589,4,1720.36,455.11,75.35,209.45,0.6443,-1,-1,-1
589,20,251.90,960.58,71.65,119.42,0.7213,-1,-1,-1
589,29,1156.87,858.71,84.94,221.59,0.6854,-1,-1,-1
589,43,370.78,259.97,65.11,187.89,0.7048,-1,-1,-1
589,44,1650.85,243.45,74.74,183.75,0.5040,-1,-1,-1
589,24,1068.48,851.21,76.50,226.27,0.7154,-1,-1,-1
589,3,996.46,930.52,72.97,149.30,0.6253,-1,-1,-1
589,8,306.08,894.32,87.41,185.70,0.7672,-1,-1,-1
589,46,1561.33,603.51,110.80,226.14,0.5509,-1,-1,-1
590,4,1721.17,455.57,74.99,209.17,0.6046,-1,-1,-1
590,20,251.78,963.08,71.32,116.92,0.6996,-1,-1,-1
590,29,1159.66,861.40,84.47,218.87,0.6950,-1,-1,-1
590,43,370.33,261.38,64.68,186.46,0.7153,-1,-1,-1
590,44,1652.70,241.18,74.55,183.62,0.5255,-1,-1,-1
590,24,1069.76,852.61,76.75,225.67,0.7314,-1,-1,-1
590,3,996.42,931.00,71.76,148.99,0.6388,-1,-1,-1
590,8,307.54,895.96,87.02,183.67,0.7618,-1,-1,-1
590,46,1560.45,603.89,110.88,226.04,0.5486,-1,-1,-1
591,4,1721.90,457.04,74.11,207.34,0.6267,-1,-1,-1
591,20,251.89,966.23,70.66,113.77,0.7020,-1,-1,-1
591,29,1161.76,863.09,84.44,217.14,0.6915,-1,-1,-1
591,43,369.78,262.63,64.51,185.34,0.7218,-1,-1,-1
591,44,1654.26,239.81,74.16,183.01,0.5822,-1,-1,-1
591,24,1071.30,853.60,77.14,225.16,0.7237,-1,-1,-1
591,3,996.08,931.92,70.23,148.14,0.6282,-1,-1,-1
591,8,308.99,898.04,86.08,180.35,0.7609,-1,-1,-1
591,46,1560.71,603.86,110.89,225.78,0.5715,-1,-1,-1
592,4,1721.63,457.29,73.72,206.88,0.6262,-1,-1,-1
592,20,253.61,968.83,70.33,111.18,0.7215,-1,-1,-1
592,29,1162.36,865.63,84.44,214.57,0.6865,-1,-1,-1
592,43,369.36,264.27,63.89,182.86,0.7179,-1,-1,-1
592,44,1655.27,237.97,74.95,185.36,0.6349,-1,-1,-1
592,24,1072.31,854.84,76.84,222.92,0.7158,-1,-1,-1
592,3,995.94,932.74,68.89,147.34,0.5840,-1,-1,-1
592,8,310.55,901.42,85.08,177.02,0.7389,-1,-1,-1
592,46,1560.74,603.38,111.32,226.48,0.5080,-1,-1,-1
593,4,1719.18,455.47,74.70,211.20,0.6499,-1,-1,-1
593,20,255.07,971.38,70.03,108.63,0.7291,-1,-1,-1
593,29,1164.71,868.15,84.09,212.02,0.6766,-1,-1,-1
593,43,368.61,265.25,64.34,183.62,0.7253,-1,-1,-1
593,44,1655.32,235.86,74.80,185.46,0.6655,-1,-1,-1
593,24,1073.54,855.84,76.66,221.34,0.7243,-1,-1,-1
593,3,996.35,933.33,67.61,146.45,0.5830,-1,-1,-1
593,8,311.95,906.70,83.90,172.75,0.7727,-1,-1,-1
593,46,1560.73,603.44,111.23,226.36,0.4757,-1,-1,-1
594,4,1718.48,455.07,74.63,212.46,0.6484,-1,-1,-1
594,20,257.32,974.81,69.57,105.19,0.7217,-1,-1,-1
594,29,1166.25,870.37,83.81,209.79,0.6687,-1,-1,-1
594,43,367.61,266.70,64.97,185.43,0.7210,-1,-1,-1
594,44,1655.64,233.42,74.81,186.43,0.6369,-1,-1,-1
594,24,1074.26,856.95,76.95,221.55,0.7189,-1,-1,-1
594,3,996.89,934.68,66.23,145.28,0.5752,-1,-1,-1
594,8,313.87,909.97,83.58,169.86,0.7761,-1,-1,-1
594,46,1561.38,605.13,110.19,224.27,0.4865,-1,-1,-1
595,4,1718.76,454.01,74.51,213.30,0.6802,-1,-1,-1
595,20,257.64,978.25,68.81,101.76,0.7021,-1,-1,-1
595,29,1167.91,872.11,83.59,208.03,0.6598,-1,-1,-1
595,43,366.45,269.07,65.74,187.66,0.7232,-1,-1,-1
595,44,1655.94,231.25,74.98,188.01,0.6290,-1,-1,-1
595,24,1075.66,858.77,77.06,220.88,0.7199,-1,-1,-1
595,3,996.75,935.41,65.12,144.62,0.5943,-1,-1,-1
595,8,315.54,911.90,83.90,168.06,0.7621,-1,-1,-1
595,46,1561.89,605.34,109.96,223.93,0.4459,-1,-1,-1
596,4,1718.09,453.33,74.78,214.51,0.7019,-1,-1,-1
596,20,258.58,981.11,68.47,98.90,0.7022,-1,-1,-1
596,29,1170.35,873.92,82.92,206.19,0.6875,-1,-1,-1
596,43,365.19,269.97,66.69,190.71,0.7263,-1,-1,-1
596,44,1655.93,229.71,74.51,187.80,0.6110,-1,-1,-1
596,24,1076.70,860.91,76.99,219.17,0.7211,-1,-1,-1
596,3,996.85,935.32,63.95,143.35,0.5737,-1,-1,-1
596,8,317.03,913.15,84.38,166.86,0.7693,-1,-1,-1
596,46,1562.06,606.06,109.81,223.76,0.4590,-1,-1,-1
597,4,1717.70,454.02,74.53,213.66,0.6877,-1,-1,-1
597,20,258.87,982.73,68.92,97.27,0.6962,-1,-1,-1
597,29,1172.41,875.74,82.25,204.36,0.6500,-1,-1,-1
597,43,364.37,271.66,66.84,191.18,0.7105,-1,-1,-1
597,44,1656.35,227.72,74.38,188.63,0.5946,-1,-1,-1
597,24,1077.49,863.25,76.39,216.95,0.6761,-1,-1,-1
597,3,997.11,935.80,63.00,142.12,0.6180,-1,-1,-1
597,8,318.52,913.73,85.05,166.30,0.7389,-1,-1,-1
597,46,1561.89,608.17,109.12,221.90,0.4119,-1,-1,-1
598,4,1716.80,453.87,74.71,213.48,0.7063,-1,-1,-1
598,20,259.25,984.34,69.29,95.66,0.6773,-1,-1,-1
598,29,1172.49,877.68,82.12,202.41,0.6634,-1,-1,-1
598,43,363.91,272.69,66.75,190.92,0.7064,-1,-1,-1
598,44,1655.51,226.62,74.15,189.22,0.5926,-1,-1,-1
598,24,1078.99,865.05,76.16,215.18,0.6631,-1,-1,-1
598,3,998.42,936.42,62.56,141.26,0.6255,-1,-1,-1
598,8,319.91,914.26,85.77,165.11,0.7352,-1,-1,-1
598,46,1561.64,610.63,108.41,219.65,0.3851,-1,-1,-1
599,4,1716.12,453.82,75.07,213.19,0.7033,-1,-1,-1
599,20,258.92,985.49,69.50,94.51,0.6595,-1,-1,-1
599,29,1174.03,880.42,81.54,199.65,0.6587,-1,-1,-1
599,43,363.98,273.13,66.89,191.65,0.6719,-1,-1,-1
599,44,1653.52,226.92,73.64,188.61,0.5509,-1,-1,-1
599,24,1081.02,867.25,76.03,212.98,0.6207,-1,-1,-1
599,3,997.94,936.83,62.20,140.80,0.6464,-1,-1,-1
599,8,320.99,916.02,86.24,162.85,0.7264,-1,-1,-1
599,46,1561.17,609.40,109.44,221.21,0.3649,-1,-1,-1
600,4,1716.06,453.88,75.12,212.04,0.7202,-1,-1,-1
600,20,259.59,986.49,70.13,93.51,0.6489,-1,-1,-1
600,29,1177.41,883.91,80.16,196.16,0.6587,-1,-1,-1
600,43,364.25,274.73,66.89,192.04,0.6771,-1,-1,-1
600,44,1651.85,226.63,72.59,186.09,0.5436,-1,-1,-1
600,24,1082.75,869.37,75.90,210.83,0.6534,-1,-1,-1
600,3,998.02,938.25,61.51,139.47,0.6410,-1,-1,-1
600,8,322.90,917.99,86.72,160.10,0.7042,-1,-1,-1
600,46,1561.62,608.08,109.73,221.26,0.3531,-1,-1,-1
601,4,1716.05,453.94,75.87,212.90,0.7015,-1,-1,-1
601,20,259.89,986.86,71.23,93.14,0.6263,-1,-1,-1
601,29,1177.92,886.41,79.60,193.64,0.6562,-1,-1,-1
601,43,363.05,274.94,67.86,195.72,0.7024,-1,-1,-1
601,44,1648.98,226.40,72.73,186.37,0.5775,-1,-1,-1
601,24,1085.12,871.93,75.99,208.25,0.6062,-1,-1,-1
601,3,997.70,939.54,60.71,138.17,0.6214,-1,-1,-1
601,8,323.03,919.73,87.50,158.38,0.7214,-1,-1,-1
601,46,1561.63,603.91,111.05,224.15,0.3935,-1,-1,-1
602,4,1715.23,454.96,76.32,212.20,0.6953,-1,-1,-1
602,20,260.32,988.58,71.35,91.42,0.6098,-1,-1,-1
602,29,1178.31,888.54,79.36,191.51,0.6499,-1,-1,-1
602,43,363.14,274.84,67.74,196.61,0.6821,-1,-1,-1
602,44,1648.09,226.89,71.90,184.10,0.5903,-1,-1,-1
602,24,1085.64,874.90,76.20,205.26,0.6728,-1,-1,-1
602,3,996.44,940.31,60.41,137.52,0.6519,-1,-1,-1
602,8,324.24,921.48,88.02,156.12,0.7222,-1,-1,-1
602,46,1563.00,600.57,112.20,225.91,0.5922,-1,-1,-1
603,4,1714.28,455.19,77.53,213.65,0.7159,-1,-1,-1
603,20,260.98,990.99,70.95,89.01,0.6239,-1,-1,-1
603,29,1178.80,890.86,78.85,189.19,0.6053,-1,-1,-1
603,43,363.05,276.30,67.32,195.69,0.6960,-1,-1,-1
603,44,1646.83,227.56,71.35,183.15,0.6224,-1,-1,-1
603,24,1086.51,877.77,76.35,202.37,0.6611,-1,-1,-1
603,3,995.75,940.93,60.05,136.92,0.6631,-1,-1,-1
603,8,324.78,924.23,88.42,153.81,0.7367,-1,-1,-1
603,46,1563.07,600.08,112.55,226.73,0.4896,-1,-1,-1
604,4,1713.43,454.84,77.89,212.30,0.7134,-1,-1,-1
604,20,261.56,992.80,70.99,87.20,0.6280,-1,-1,-1
604,29,1179.91,893.16,78.07,186.88,0.5323,-1,-1,-1
604,43,363.45,276.85,67.23,196.29,0.6817,-1,-1,-1
604,44,1646.86,227.47,70.47,182.24,0.6062,-1,-1,-1
604,24,1087.40,880.66,76.83,199.46,0.6017,-1,-1,-1
604,3,996.14,942.17,59.63,136.03,0.6401,-1,-1,-1
604,8,325.74,926.92,88.66,151.32,0.7545,-1,-1,-1
604,46,1563.06,599.07,113.03,227.85,0.4365,-1,-1,-1
605,4,1713.43,454.35,78.83,213.22,0.7038,-1,-1,-1
605,20,261.88,994.67,71.02,85.33,0.6279,-1,-1,-1
605,29,1181.43,895.90,76.56,184.13,0.5173,-1,-1,-1
605,43,363.20,276.99,67.15,196.05,0.6851,-1,-1,-1
605,44,1646.78,227.93,69.18,179.62,0.5559,-1,-1,-1
605,24,1090.33,883.09,77.15,197.01,0.5598,-1,-1,-1
605,3,996.33,943.36,59.29,135.31,0.6221,-1,-1,-1
605,8,326.62,929.76,88.45,148.69,0.7468,-1,-1,-1
605,46,1563.03,601.39,111.61,225.61,0.3545,-1,-1,-1
606,4,1713.88,454.71,79.31,213.05,0.6992,-1,-1,-1
606,20,261.76,997.34,70.40,82.67,0.6133,-1,-1,-1
606,29,1181.74,898.16,75.70,181.87,0.5185,-1,-1,-1
606,43,362.95,277.44,66.99,195.50,0.6936,-1,-1,-1
606,44,1646.09,228.04,68.41,178.14,0.5481,-1,-1,-1
606,24,1093.48,885.84,76.91,194.25,0.5633,-1,-1,-1
606,3,995.94,944.55,59.00,134.77,0.5918,-1,-1,-1
606,8,327.45,932.88,88.21,146.48,0.7545,-1,-1,-1
606,46,1561.83,605.49,110.57,223.51,0.5028,-1,-1,-1
607,4,1713.40,455.08,79.87,212.58,0.7105,-1,-1,-1
607,20,261.37,1000.05,69.61,79.95,0.6118,-1,-1,-1
607,29,1182.29,898.38,75.66,181.65,0.4724,-1,-1,-1
607,43,363.27,278.18,66.62,194.50,0.6978,-1,-1,-1
607,44,1645.31,227.40,67.99,177.70,0.5489,-1,-1,-1
607,24,1097.40,887.44,76.94,192.64,0.5639,-1,-1,-1
607,3,995.56,945.34,58.77,134.22,0.5981,-1,-1,-1
607,8,327.81,935.70,87.71,144.11,0.7348,-1,-1,-1
607,46,1562.82,608.82,109.20,220.78,0.4508,-1,-1,-1
608,4,1713.00,454.65,80.69,213.14,0.7108,-1,-1,-1
608,20,261.11,1002.26,69.33,77.74,0.6200,-1,-1,-1
608,29,1183.23,899.35,75.07,180.67,0.5007,-1,-1,-1
608,43,362.59,278.12,66.41,193.75,0.6772,-1,-1,-1
608,44,1643.76,226.36,68.36,180.13,0.5325,-1,-1,-1
608,24,1100.70,889.38,76.57,190.69,0.5829,-1,-1,-1
608,3,995.43,945.76,58.80,134.13,0.5936,-1,-1,-1
608,8,328.64,939.94,86.46,140.04,0.7450,-1,-1,-1
608,46,1562.82,610.30,108.44,219.14,0.4522,-1,-1,-1
609,4,1713.30,454.50,80.83,212.58,0.7437,-1,-1,-1
609,20,261.40,1005.07,68.36,74.76,0.6142,-1,-1,-1
609,29,1185.13,900.32,75.31,179.70,0.5191,-1,-1,-1
609,43,362.40,277.71,66.45,193.97,0.6863,-1,-1,-1
609,44,1641.20,223.81,69.87,185.04,0.5496,-1,-1,-1
609,24,1102.78,890.31,76.60,189.75,0.5876,-1,-1,-1
609,3,994.87,946.57,58.74,133.45,0.6187,-1,-1,-1
609,8,328.33,942.74,85.00,135.12,0.7327,-1,-1,-1
609,46,1562.02,608.54,109.36,221.40,0.4510,-1,-1,-1
610,4,1713.35,454.36,81.06,212.24,0.7386,-1,-1,-1
610,20,261.00,1008.20,66.61,71.19,0.5550,-1,-1,-1
610,29,1185.47,900.74,75.59,179.28,0.5110,-1,-1,-1
610,43,361.89,278.33,66.41,193.80,0.6986,-1,-1,-1
610,44,1639.73,221.97,69.21,183.78,0.5345,-1,-1,-1
610,24,1103.83,890.64,76.84,189.41,0.5699,-1,-1,-1
610,3,993.77,946.56,59.00,133.49,0.6247,-1,-1,-1
610,8,328.07,945.42,84.25,131.70,0.7273,-1,-1,-1
610,46,1563.33,600.99,111.65,226.25,0.3990,-1,-1,-1
611,4,1712.81,454.56,81.70,212.92,0.7415,-1,-1,-1
611,20,260.47,1011.50,64.54,67.65,0.5005,-1,-1,-1
611,29,1186.06,902.10,75.66,177.91,0.5084,-1,-1,-1
611,43,361.48,279.95,66.32,193.02,0.7045,-1,-1,-1
611,44,1638.50,219.18,69.05,184.06,0.5446,-1,-1,-1
611,24,1105.51,891.33,77.15,188.72,0.5774,-1,-1,-1
611,3,992.77,946.39,59.34,133.67,0.6317,-1,-1,-1
611,8,326.13,948.15,84.86,130.82,0.7312,-1,-1,-1
611,46,1564.25,596.58,112.85,228.99,0.5357,-1,-1,-1
611,47,587.79,549.20,88.45,232.98,0.5641,-1,-1,-1
612,4,1712.05,453.94,82.26,213.12,0.7542,-1,-1,-1
612,20,260.05,1014.58,63.48,65.04,0.4783,-1,-1,-1
612,29,1185.39,904.02,75.72,175.99,0.5086,-1,-1,-1
612,43,360.65,282.25,66.27,192.30,0.6713,-1,-1,-1
612,44,1636.87,216.56,69.34,185.43,0.5591,-1,-1,-1
612,24,1107.45,892.49,76.91,187.55,0.5754,-1,-1,-1
612,3,992.09,946.29,59.67,133.77,0.6088,-1,-1,-1
612,8,325.25,949.47,85.61,130.21,0.7592,-1,-1,-1
612,46,1565.22,600.18,111.15,225.84,0.4852,-1,-1,-1
612,47,585.03,548.52,89.13,234.28,0.6293,-1,-1,-1
613,4,1712.19,453.50,82.53,213.40,0.7491,-1,-1,-1
613,20,260.16,1017.22,62.54,62.63,0.3958,-1,-1,-1
613,29,1187.12,906.66,75.43,173.35,0.3371,-1,-1,-1
613,43,360.00,285.27,66.47,192.96,0.6755,-1,-1,-1
613,44,1635.27,213.78,70.02,187.98,0.5712,-1,-1,-1
613,24,1108.49,893.61,76.80,186.42,0.5127,-1,-1,-1
613,3,991.27,947.04,59.72,133.02,0.6229,-1,-1,-1
613,8,324.98,951.79,85.33,128.15,0.7305,-1,-1,-1
613,46,1563.89,604.61,109.88,223.52,0.5299,-1,-1,-1
613,47,584.31,548.27,89.69,235.01,0.6571,-1,-1,-1
614,4,1712.39,453.13,82.59,213.39,0.7398,-1,-1,-1
614,20,260.79,1020.10,61.21,59.86,0.3787,-1,-1,-1
614,29,1189.06,909.98,74.62,170.03,0.4913,-1,-1,-1
614,43,358.67,285.83,67.47,196.09,0.6761,-1,-1,-1
614,44,1634.13,212.15,69.25,185.96,0.5787,-1,-1,-1
614,24,1110.48,896.26,76.44,183.77,0.5916,-1,-1,-1
614,3,989.94,946.51,60.36,133.54,0.6455,-1,-1,-1
614,8,324.91,953.13,85.59,126.90,0.7289,-1,-1,-1
614,46,1563.16,607.77,108.99,221.68,0.4838,-1,-1,-1
614,47,582.40,548.56,90.36,235.70,0.6426,-1,-1,-1
615,4,1712.24,452.52,83.07,214.72,0.7521,-1,-1,-1
615,20,258.78,1023.68,58.98,56.32,0.3560,-1,-1,-1
615,29,1192.29,913.48,73.71,166.53,0.4074,-1,-1,-1
615,43,357.42,286.66,67.89,197.42,0.6714,-1,-1,-1
615,44,1632.48,210.40,69.02,185.12,0.5851,-1,-1,-1
615,24,1110.54,898.31,76.20,181.72,0.5794,-1,-1,-1
615,3,988.84,946.24,60.78,133.80,0.6481,-1,-1,-1
615,8,324.84,955.68,84.93,124.38,0.7236,-1,-1,-1
615,46,1562.44,607.20,109.39,222.49,0.4944,-1,-1,-1
615,47,581.21,548.40,90.69,235.52,0.6242,-1,-1,-1
616,4,1712.52,452.25,83.33,215.75,0.7283,-1,-1,-1
616,20,259.94,1023.92,59.64,56.08,0.3798,-1,-1,-1
616,29,1196.91,915.64,73.07,164.15,0.4826,-1,-1,-1
616,43,356.59,287.23,68.07,197.46,0.6789,-1,-1,-1
616,44,1631.42,209.69,68.78,183.93,0.5464,-1,-1,-1
616,24,1112.70,900.97,75.94,179.06,0.6112,-1,-1,-1
616,3,987.16,946.99,60.80,133.05,0.6759,-1,-1,-1
616,8,325.13,958.47,84.08,121.59,0.7311,-1,-1,-1
616,46,1561.86,606.12,110.06,223.70,0.5203,-1,-1,-1
616,47,580.33,547.49,89.99,232.96,0.5558,-1,-1,-1
617,4,1712.91,452.59,82.99,214.99,0.7017,-1,-1,-1
617,20,258.84,1026.00,58.40,54.02,0.3571,-1,-1,-1
617,29,1197.59,918.16,72.72,161.76,0.3876,-1,-1,-1
617,43,355.52,289.89,67.73,196.38,0.6576,-1,-1,-1
617,44,1630.15,208.92,69.50,185.33,0.5323,-1,-1,-1
617,24,1113.10,902.94,75.68,177.08,0.6099,-1,-1,-1
617,3,984.95,946.13,61.60,133.91,0.6922,-1,-1,-1
617,8,325.91,960.69,83.68,119.36,0.7206,-1,-1,-1
617,46,1561.03,602.70,111.66,226.87,0.5699,-1,-1,-1
617,47,573.52,545.65,88.78,232.37,0.4819,-1,-1,-1
618,4,1713.66,453.21,82.03,212.89,0.6878,-1,-1,-1
618,20,258.22,1027.32,57.65,52.69,0.3314,-1,-1,-1
618,29,1197.46,920.34,72.59,159.64,0.4316,-1,-1,-1
618,43,354.62,291.54,67.61,195.98,0.6652,-1,-1,-1
618,44,1628.81,208.58,70.00,185.74,0.4853,-1,-1,-1
618,24,1114.12,906.46,74.61,173.56,0.6351,-1,-1,-1
618,3,983.15,945.40,62.27,134.63,0.6973,-1,-1,-1
618,8,326.21,963.24,83.20,116.80,0.7018,-1,-1,-1
618,46,1561.48,603.17,111.14,226.10,0.4436,-1,-1,-1
618,47,567.98,542.27,88.35,234.30,0.5774,-1,-1,-1
619,4,1713.90,452.80,82.03,213.54,0.6915,-1,-1,-1
619,20,257.21,1028.57,56.57,51.44,0.3199,-1,-1,-1
619,29,1198.52,922.09,72.78,157.62,0.5309,-1,-1,-1
619,43,353.30,294.08,67.51,195.70,0.6109,-1,-1,-1
619,44,1626.69,207.99,71.59,188.79,0.4465,-1,-1,-1
619,24,1115.22,910.35,73.57,169.66,0.6635,-1,-1,-1
619,3,980.23,944.20,63.10,135.82,0.7037,-1,-1,-1
619,8,326.84,965.86,82.73,114.19,0.6981,-1,-1,-1
619,46,1561.50,607.63,109.43,222.18,0.3760,-1,-1,-1
619,47,564.25,541.01,87.84,236.43,0.6152,-1,-1,-1
620,4,1714.37,453.09,81.51,212.61,0.6932,-1,-1,-1
620,20,256.96,1028.54,55.81,51.02,0.3051,-1,-1,-1
620,29,1198.19,922.80,73.74,157.03,0.5658,-1,-1,-1
620,43,352.60,294.77,67.70,196.91,0.5675,-1,-1,-1
620,44,1625.66,208.13,71.92,187.96,0.4156,-1,-1,-1
620,24,1115.86,913.68,72.64,166.34,0.6603,-1,-1,-1
620,3,977.43,943.70,63.61,136.32,0.6948,-1,-1,-1
620,8,328.13,968.63,81.97,110.97,0.6981,-1,-1,-1
620,46,1562.09,606.50,109.77,223.42,0.4072,-1,-1,-1
620,47,563.20,539.58,87.07,237.33,0.6443,-1,-1,-1
621,4,1714.44,452.38,81.47,213.06,0.7091,-1,-1,-1
621,20,258.03,1030.20,54.09,49.52,0.3100,-1,-1,-1
621,29,1198.23,924.12,74.20,155.39,0.4731,-1,-1,-1
621,43,351.53,294.53,67.85,197.63,0.6339,-1,-1,-1
621,44,1624.70,209.00,71.55,185.08,0.4496,-1,-1,-1
621,24,1115.62,915.99,71.98,164.00,0.6782,-1,-1,-1
621,3,974.99,943.26,64.03,136.76,0.6661,-1,-1,-1
621,8,328.90,971.68,81.38,107.70,0.6489,-1,-1,-1
621,46,1562.40,607.51,109.06,221.96,0.4368,-1,-1,-1
621,47,561.14,538.33,85.84,237.78,0.6572,-1,-1,-1
622,4,1715.15,452.23,80.95,212.61,0.6983,-1,-1,-1
622,20,261.07,1035.72,48.97,44.19,0.3253,-1,-1,-1
622,29,1198.78,925.04,74.56,153.98,0.3601,-1,-1,-1
622,43,350.68,294.71,67.78,197.68,0.5806,-1,-1,-1
622,44,1624.46,209.48,71.55,183.25,0.4800,-1,-1,-1
622,24,1115.57,917.70,71.33,162.08,0.6789,-1,-1,-1
622,3,972.10,943.03,64.17,136.99,0.6663,-1,-1,-1
622,8,329.38,974.88,80.91,104.73,0.6334,-1,-1,-1
622,46,1562.99,609.82,107.86,219.29,0.3888,-1,-1,-1
622,47,556.65,537.27,84.14,238.31,0.7020,-1,-1,-1
623,4,1715.91,452.35,80.58,212.62,0.6941,-1,-1,-1
623,20,262.78,1039.69,44.98,40.07,0.3113,-1,-1,-1
623,29,1200.43,926.21,75.27,152.40,0.3899,-1,-1,-1
623,43,348.37,294.09,67.80,197.77,0.5883,-1,-1,-1
623,44,1623.88,209.85,71.61,182.08,0.4729,-1,-1,-1
623,24,1116.90,919.04,71.14,160.45,0.6547,-1,-1,-1
623,3,969.69,943.44,63.98,136.58,0.6764,-1,-1,-1
623,8,329.88,978.70,79.87,101.18,0.6842,-1,-1,-1
623,46,1562.84,612.12,107.10,217.29,0.3152,-1,-1,-1
623,47,552.11,537.52,83.28,241.63,0.6767,-1,-1,-1
624,4,1716.32,452.10,80.36,212.98,0.6893,-1,-1,-1
624,20,264.07,1042.96,41.43,36.23,0.2834,-1,-1,-1
624,29,1201.65,927.56,75.74,150.55,0.4412,-1,-1,-1
624,43,346.72,294.43,67.74,196.99,0.5786,-1,-1,-1
624,44,1623.77,208.69,72.06,182.25,0.4562,-1,-1,-1
624,24,1117.24,920.42,71.21,159.40,0.6741,-1,-1,-1
624,3,965.65,942.56,64.50,137.46,0.6758,-1,-1,-1
624,8,330.74,981.90,78.99,98.07,0.6979,-1,-1,-1
624,46,1562.52,610.64,108.02,218.84,0.4436,-1,-1,-1
624,47,549.81,537.16,81.73,242.33,0.6922,-1,-1,-1
625,4,1716.73,452.17,80.50,214.13,0.6920,-1,-1,-1
625,29,1202.73,930.83,75.31,147.18,0.5401,-1,-1,-1
625,43,345.88,294.35,67.72,196.78,0.5622,-1,-1,-1
625,44,1623.10,207.94,72.90,184.26,0.4256,-1,-1,-1
625,24,1118.06,922.11,71.06,157.82,0.6686,-1,-1,-1
625,3,962.24,939.87,65.63,140.14,0.6795,-1,-1,-1
625,8,331.11,984.86,78.22,95.15,0.6976,-1,-1,-1
625,46,1562.14,608.60,108.97,220.90,0.3760,-1,-1,-1
625,47,546.40,537.33,80.23,242.34,0.7070,-1,-1,-1
626,4,1717.14,451.95,80.17,214.00,0.6846,-1,-1,-1
626,29,1202.55,932.29,76.02,146.09,0.4693,-1,-1,-1
626,43,344.31,294.68,67.81,196.72,0.6190,-1,-1,-1
626,44,1623.68,206.05,72.15,181.89,0.4390,-1,-1,-1
626,24,1118.34,922.20,71.76,157.79,0.6546,-1,-1,-1
626,3,958.78,938.63,66.16,141.38,0.6715,-1,-1,-1
626,8,331.67,987.86,77.51,92.16,0.6842,-1,-1,-1
626,46,1561.74,606.68,109.76,222.89,0.4679,-1,-1,-1
626,47,541.96,537.98,78.95,241.18,0.6984,-1,-1,-1
627,4,1717.49,452.79,79.82,213.58,0.6834,-1,-1,-1
627,29,1201.56,933.76,76.98,144.72,0.6071,-1,-1,-1
627,43,343.66,295.44,67.73,196.02,0.6242,-1,-1,-1
627,44,1624.58,205.80,71.86,181.92,0.4344,-1,-1,-1
627,24,1118.82,923.34,71.85,156.66,0.6885,-1,-1,-1
627,3,956.87,937.55,66.33,142.46,0.6850,-1,-1,-1
627,8,333.10,990.86,76.78,89.16,0.6586,-1,-1,-1
627,46,1561.05,605.17,110.18,224.29,0.3566,-1,-1,-1
627,47,532.93,538.68,80.37,241.75,0.6551,-1,-1,-1
628,4,1717.41,451.89,79.94,214.64,0.6621,-1,-1,-1
628,29,1202.03,934.89,77.96,144.08,0.5788,-1,-1,-1
628,43,343.05,295.64,67.82,195.92,0.6479,-1,-1,-1
628,44,1624.05,202.33,73.30,186.93,0.3922,-1,-1,-1
628,24,1119.22,924.39,72.29,155.62,0.6675,-1,-1,-1
628,3,954.25,936.30,66.41,143.71,0.6827,-1,-1,-1
628,8,333.46,992.39,77.24,87.62,0.6304,-1,-1,-1
628,46,1561.55,604.07,110.18,225.18,0.3660,-1,-1,-1
628,47,524.10,538.57,82.62,241.33,0.7211,-1,-1,-1
629,4,1717.35,451.63,79.93,215.50,0.6915,-1,-1,-1
629,29,1202.28,936.34,79.24,143.20,0.6306,-1,-1,-1
629,43,342.77,296.45,67.75,195.56,0.6600,-1,-1,-1
629,44,1624.45,202.26,73.11,187.13,0.4385,-1,-1,-1
629,24,1119.53,924.92,73.01,155.09,0.7075,-1,-1,-1
629,3,951.79,934.97,66.50,145.04,0.6800,-1,-1,-1
629,8,333.55,994.83,77.00,85.18,0.6710,-1,-1,-1
629,46,1561.72,601.66,110.87,227.66,0.4916,-1,-1,-1
629,47,517.76,538.07,85.28,240.61,0.7402,-1,-1,-1
630,4,1717.25,450.93,79.92,215.64,0.6910,-1,-1,-1
630,29,1203.31,939.79,79.03,139.54,0.5783,-1,-1,-1
630,43,341.56,296.78,68.29,196.91,0.6678,-1,-1,-1
630,44,1624.50,201.06,72.58,186.70,0.5135,-1,-1,-1
630,24,1120.22,926.27,73.55,153.73,0.7036,-1,-1,-1
630,3,949.58,933.60,66.39,146.41,0.6849,-1,-1,-1
630,8,333.93,997.74,76.51,82.28,0.6848,-1,-1,-1
630,46,1562.49,603.76,109.36,225.10,0.4067,-1,-1,-1
630,47,513.06,537.84,87.70,239.26,0.7697,-1,-1,-1
631,4,1717.16,450.99,80.11,216.41,0.6824,-1,-1,-1
631,29,1204.37,942.55,78.38,135.73,0.5441,-1,-1,-1
631,43,340.48,297.76,69.30,199.83,0.6776,-1,-1,-1
631,44,1625.29,199.75,71.31,184.03,0.5342,-1,-1,-1
631,24,1121.30,927.74,74.22,152.27,0.6891,-1,-1,-1
631,3,947.33,932.19,66.19,147.55,0.6880,-1,-1,-1
631,8,333.85,998.97,77.32,81.04,0.6661,-1,-1,-1
631,46,1562.43,603.39,109.13,224.95,0.4553,-1,-1,-1
631,47,510.92,539.00,89.74,237.34,0.7586,-1,-1,-1
632,4,1717.14,451.39,80.09,216.26,0.7070,-1,-1,-1
632,29,1204.52,944.46,78.09,133.01,0.5042,-1,-1,-1
632,43,339.24,298.16,70.26,202.98,0.6925,-1,-1,-1
632,44,1625.84,197.08,70.36,182.16,0.5567,-1,-1,-1
632,24,1123.51,930.31,74.89,149.37,0.7019,-1,-1,-1
632,3,945.33,930.78,66.19,149.12,0.7069,-1,-1,-1
632,8,333.86,1001.32,77.25,78.69,0.6483,-1,-1,-1
632,46,1562.97,606.38,107.72,222.14,0.3843,-1,-1,-1
632,47,507.45,539.78,92.75,237.25,0.7761,-1,-1,-1
633,4,1717.39,451.15,80.01,216.12,0.7138,-1,-1,-1
633,29,1206.20,947.80,76.54,128.80,0.3323,-1,-1,-1
633,43,338.55,299.02,70.49,204.30,0.6828,-1,-1,-1
633,44,1625.80,194.68,69.92,182.23,0.5708,-1,-1,-1
633,24,1125.63,933.51,75.50,145.77,0.6817,-1,-1,-1
633,3,943.65,929.65,66.02,150.32,0.6647,-1,-1,-1
633,8,334.06,1002.25,77.84,77.41,0.6304,-1,-1,-1
633,46,1564.08,603.56,108.36,223.72,0.4580,-1,-1,-1
633,47,504.71,539.99,95.21,236.97,0.7856,-1,-1,-1
634,4,1717.20,450.37,80.02,215.97,0.7252,-1,-1,-1
634,29,1207.36,950.88,75.37,125.94,0.3171,-1,-1,-1
634,43,338.07,299.92,70.56,205.17,0.7079,-1,-1,-1
634,44,1625.78,192.70,69.66,182.82,0.5697,-1,-1,-1
634,24,1126.20,937.49,75.97,141.70,0.7033,-1,-1,-1
634,3,942.14,928.60,65.72,151.31,0.6845,-1,-1,-1
634,8,334.50,1004.44,77.24,74.77,0.6334,-1,-1,-1
634,46,1562.45,601.67,109.65,226.87,0.4659,-1,-1,-1
634,47,503.40,540.03,97.57,236.85,0.7748,-1,-1,-1
635,4,1717.04,450.51,79.92,215.42,0.7387,-1,-1,-1
635,29,1206.74,954.32,74.57,123.31,0.3279,-1,-1,-1
635,43,337.77,301.99,70.29,205.37,0.7040,-1,-1,-1
635,44,1625.05,191.87,69.22,182.64,0.5664,-1,-1,-1
635,24,1126.04,940.11,77.36,139.44,0.6975,-1,-1,-1
635,3,939.53,928.25,65.57,151.71,0.6761,-1,-1,-1
635,8,335.04,1007.25,76.18,71.72,0.6346,-1,-1,-1
635,46,1562.24,603.65,108.88,225.57,0.3780,-1,-1,-1
635,47,501.78,538.82,100.28,238.30,0.7708,-1,-1,-1
636,4,1716.90,450.84,80.14,215.63,0.7294,-1,-1,-1
636,29,1205.49,956.80,74.28,121.56,0.4325,-1,-1,-1
636,43,337.66,305.17,69.93,204.70,0.7113,-1,-1,-1
636,44,1624.28,190.58,69.05,183.30,0.5492,-1,-1,-1
636,24,1125.82,943.02,78.49,136.83,0.6905,-1,-1,-1
636,3,938.01,928.44,64.83,151.23,0.6558,-1,-1,-1
636,8,335.62,1010.37,74.95,68.79,0.6313,-1,-1,-1
636,46,1562.23,604.83,108.48,224.64,0.3701,-1,-1,-1
636,47,500.62,538.79,101.46,237.83,0.7663,-1,-1,-1
637,4,1716.80,450.67,80.45,216.31,0.7389,-1,-1,-1
637,29,1205.03,957.73,74.17,120.58,0.4513,-1,-1,-1
637,43,337.99,307.27,69.62,204.30,0.7042,-1,-1,-1
637,44,1623.37,189.52,68.94,184.20,0.5961,-1,-1,-1
637,24,1126.53,946.49,79.39,133.47,0.6875,-1,-1,-1
637,3,936.21,928.56,64.21,150.37,0.6501,-1,-1,-1
637,8,336.55,1014.06,73.37,65.66,0.6052,-1,-1,-1
637,46,1562.61,606.75,107.25,222.05,0.2861,-1,-1,-1
637,47,500.66,538.77,102.20,236.98,0.7365,-1,-1,-1
637,48,1492.70,959.18,100.84,120.82,0.5613,-1,-1,-1
638,4,1716.78,450.89,80.19,215.70,0.7219,-1,-1,-1
638,29,1203.48,959.92,73.51,119.15,0.3876,-1,-1,-1
638,43,337.82,308.70,69.83,205.44,0.7077,-1,-1,-1
638,44,1623.03,190.19,68.03,182.97,0.5921,-1,-1,-1
638,24,1127.70,949.39,80.64,130.60,0.6380,-1,-1,-1
638,3,934.87,928.75,63.85,150.43,0.6525,-1,-1,-1
638,8,337.83,1018.95,70.09,60.97,0.5723,-1,-1,-1
638,46,1563.03,606.05,107.38,221.84,0.2707,-1,-1,-1
638,47,497.92,539.14,101.98,236.46,0.7298,-1,-1,-1
638,48,1491.85,957.07,101.40,121.68,0.5616,-1,-1,-1
639,4,1716.81,451.57,80.22,215.94,0.7486,-1,-1,-1
639,29,1202.11,961.65,72.93,118.09,0.3359,-1,-1,-1
639,43,337.64,309.83,69.76,205.89,0.7236,-1,-1,-1
639,44,1622.77,190.49,67.37,182.39,0.6117,-1,-1,-1
639,24,1130.33,951.57,82.67,128.44,0.5279,-1,-1,-1
639,3,932.64,928.38,63.78,151.10,0.6441,-1,-1,-1
639,8,339.15,1023.72,66.46,56.27,0.5294,-1,-1,-1
639,47,496.26,539.72,101.00,235.84,0.7106,-1,-1,-1
639,48,1488.60,953.12,104.34,125.55,0.4897,-1,-1,-1
639,49,1419.23,978.87,75.69,101.13,0.5722,-1,-1,-1
640,4,1716.69,451.85,80.04,215.27,0.7389,-1,-1,-1
640,29,1200.35,963.10,72.52,116.87,0.3442,-1,-1,-1
640,43,337.72,310.47,69.88,206.59,0.7183,-1,-1,-1
640,44,1622.70,190.79,66.68,182.11,0.6055,-1,-1,-1
640,24,1129.64,954.09,83.50,125.92,0.5274,-1,-1,-1
640,3,930.62,928.11,63.81,151.70,0.6261,-1,-1,-1
640,8,339.09,1027.73,62.69,52.28,0.4232,-1,-1,-1
640,47,493.98,539.77,99.70,236.06,0.7167,-1,-1,-1
640,48,1486.11,950.78,106.00,128.03,0.4894,-1,-1,-1
640,49,1415.92,977.74,76.56,102.26,0.5618,-1,-1,-1
641,4,1716.80,452.11,79.87,214.45,0.7382,-1,-1,-1
641,29,1198.90,962.96,72.78,116.74,0.4458,-1,-1,-1
641,43,337.60,311.41,69.42,205.37,0.7137,-1,-1,-1
641,44,1622.33,189.29,66.20,182.18,0.5624,-1,-1,-1
641,24,1127.60,956.31,83.41,123.70,0.6082,-1,-1,-1
641,3,929.09,927.77,63.78,152.08,0.6150,-1,-1,-1
641,8,337.92,1031.89,56.97,48.12,0.2842,-1,-1,-1
641,47,491.81,539.52,97.98,236.15,0.7126,-1,-1,-1
641,48,1482.27,948.65,107.14,129.84,0.5464,-1,-1,-1
641,49,1412.49,975.55,78.17,104.45,0.5783,-1,-1,-1
642,4,1716.57,452.50,79.91,214.43,0.7299,-1,-1,-1
642,29,1197.18,964.34,72.79,115.61,0.5288,-1,-1,-1
642,43,337.79,311.66,69.29,204.97,0.7165,-1,-1,-1
642,44,1622.45,189.84,64.93,180.38,0.5612,-1,-1,-1
642,24,1126.17,957.87,82.81,122.14,0.6296,-1,-1,-1
642,3,926.48,927.56,63.78,152.40,0.6157,-1,-1,-1
642,8,339.39,1034.57,52.63,45.44,0.3235,-1,-1,-1
642,47,487.19,539.02,96.35,237.36,0.7328,-1,-1,-1
642,48,1479.05,946.49,108.20,132.01,0.5387,-1,-1,-1
642,49,1408.86,972.86,80.01,107.14,0.6042,-1,-1,-1
643,4,1716.25,453.65,79.71,213.46,0.7252,-1,-1,-1
643,29,1196.94,966.34,72.05,113.42,0.3812,-1,-1,-1
643,43,337.96,312.54,68.98,203.89,0.6935,-1,-1,-1
643,44,1621.40,189.62,64.95,182.31,0.5622,-1,-1,-1
643,24,1125.52,959.03,82.16,120.98,0.5932,-1,-1,-1
643,3,924.78,927.37,63.43,151.91,0.6344,-1,-1,-1
643,47,481.48,539.02,93.54,236.54,0.7055,-1,-1,-1
643,48,1475.68,944.49,108.55,133.55,0.6201,-1,-1,-1
643,49,1405.44,970.09,81.91,109.91,0.6173,-1,-1,-1
644,4,1715.98,452.83,79.99,213.83,0.7204,-1,-1,-1
644,29,1198.14,966.81,72.03,113.14,0.3696,-1,-1,-1
644,43,337.83,313.38,68.77,202.69,0.7103,-1,-1,-1
644,44,1621.07,188.80,63.72,180.59,0.6122,-1,-1,-1
644,24,1125.32,960.18,81.81,119.83,0.5942,-1,-1,-1
644,3,922.84,927.92,63.09,151.52,0.6790,-1,-1,-1
644,47,474.35,539.26,91.19,237.24,0.7518,-1,-1,-1
644,48,1473.04,943.69,108.36,134.48,0.5816,-1,-1,-1
644,49,1401.30,966.53,84.31,113.47,0.6080,-1,-1,-1
645,4,1716.20,452.88,80.09,213.86,0.7234,-1,-1,-1
645,29,1198.06,966.01,72.62,114.01,0.2513,-1,-1,-1
645,43,338.05,314.68,68.34,200.74,0.6925,-1,-1,-1
645,44,1620.69,188.16,62.68,179.23,0.6223,-1,-1,-1
645,24,1126.04,961.13,82.13,118.88,0.4907,-1,-1,-1
645,3,921.20,928.44,62.78,150.85,0.6908,-1,-1,-1
645,47,467.98,539.72,89.49,238.12,0.7679,-1,-1,-1
645,48,1469.30,943.13,108.29,135.44,0.5268,-1,-1,-1
645,49,1397.28,963.56,86.09,116.44,0.6032,-1,-1,-1
646,4,1716.20,453.79,80.10,213.36,0.7332,-1,-1,-1
646,29,1198.07,968.76,71.37,111.28,0.4403,-1,-1,-1
646,43,337.85,316.91,67.93,198.68,0.7012,-1,-1,-1
646,44,1620.46,186.55,62.04,178.51,0.6407,-1,-1,-1
646,24,1124.69,962.51,80.94,117.49,0.5781,-1,-1,-1
646,3,919.32,928.33,62.77,150.82,0.6759,-1,-1,-1
646,47,463.29,539.03,88.49,239.06,0.7735,-1,-1,-1
646,48,1464.70,941.78,108.69,136.98,0.4551,-1,-1,-1
646,49,1392.31,959.66,88.59,120.34,0.6704,-1,-1,-1
647,4,1716.22,453.32,80.47,213.89,0.7306,-1,-1,-1
647,29,1199.29,971.61,69.92,108.43,0.3716,-1,-1,-1
647,43,337.13,319.60,67.68,197.29,0.7118,-1,-1,-1
647,44,1620.09,184.46,62.37,180.63,0.6477,-1,-1,-1
647,24,1123.84,963.73,79.51,116.28,0.5150,-1,-1,-1
647,3,916.11,928.49,62.88,150.23,0.6716,-1,-1,-1
647,47,460.47,538.53,87.45,239.44,0.7620,-1,-1,-1
647,48,1460.82,939.94,109.41,139.61,0.5785,-1,-1,-1
647,49,1387.77,955.48,91.26,124.28,0.7061,-1,-1,-1
648,4,1716.54,453.16,80.23,213.06,0.7304,-1,-1,-1
648,29,1200.27,975.28,68.05,104.76,0.4525,-1,-1,-1
648,43,336.51,320.51,67.89,197.79,0.7189,-1,-1,-1
648,44,1619.82,182.75,61.25,177.69,0.6569,-1,-1,-1
648,24,1124.51,965.71,78.06,114.30,0.5526,-1,-1,-1
648,3,913.70,929.10,63.23,149.51,0.6893,-1,-1,-1
648,47,457.57,537.98,86.72,239.61,0.7500,-1,-1,-1
648,48,1458.32,937.84,109.08,141.16,0.6298,-1,-1,-1
648,49,1384.41,952.07,93.16,127.33,0.7038,-1,-1,-1
649,4,1717.42,453.56,80.53,213.23,0.7306,-1,-1,-1
649,29,1199.61,977.71,67.19,102.33,0.4528,-1,-1,-1
649,43,335.23,321.40,68.44,199.57,0.7242,-1,-1,-1
649,44,1618.97,181.43,61.37,178.16,0.6600,-1,-1,-1
649,24,1125.76,967.96,76.92,112.04,0.5292,-1,-1,-1
649,3,910.33,929.45,63.81,149.18,0.7043,-1,-1,-1
649,47,455.73,538.49,85.66,238.32,0.7668,-1,-1,-1
649,48,1454.44,934.05,109.90,143.98,0.6277,-1,-1,-1
649,49,1380.96,950.31,93.66,128.53,0.6950,-1,-1,-1
650,4,1717.37,453.44,80.36,212.92,0.7359,-1,-1,-1
650,29,1198.90,981.37,65.90,98.67,0.4107,-1,-1,-1
650,43,333.96,322.51,69.29,202.99,0.7117,-1,-1,-1
650,44,1618.39,180.11,61.68,178.96,0.6247,-1,-1,-1
650,24,1125.69,970.78,74.65,108.84,0.4843,-1,-1,-1
650,3,907.82,931.03,63.89,147.55,0.7193,-1,-1,-1
650,47,453.13,537.34,85.50,238.82,0.7778,-1,-1,-1
650,48,1449.14,930.18,111.41,147.85,0.6489,-1,-1,-1
650,49,1375.73,947.46,94.88,131.09,0.7017,-1,-1,-1
651,4,1717.48,453.70,80.23,212.55,0.7263,-1,-1,-1
651,29,1198.18,983.23,65.67,96.80,0.4309,-1,-1,-1
651,43,332.95,323.29,69.60,204.63,0.7220,-1,-1,-1
651,44,1617.92,177.92,61.72,178.31,0.6216,-1,-1,-1
651,24,1126.83,972.67,74.05,107.19,0.5225,-1,-1,-1
651,3,905.50,931.23,64.63,147.66,0.7264,-1,-1,-1
651,47,451.84,537.17,85.17,238.67,0.7805,-1,-1,-1
651,48,1446.64,927.46,112.32,151.49,0.6644,-1,-1,-1
651,49,1369.77,945.58,95.84,133.07,0.6956,-1,-1,-1
652,4,1717.14,453.78,80.07,212.42,0.7174,-1,-1,-1
652,29,1195.07,987.00,64.85,93.03,0.4598,-1,-1,-1
652,43,332.16,325.22,69.50,205.27,0.7094,-1,-1,-1
652,44,1617.35,175.39,62.02,178.58,0.6513,-1,-1,-1
652,24,1124.75,975.57,71.58,104.39,0.4876,-1,-1,-1
652,3,903.22,931.00,65.06,147.25,0.6996,-1,-1,-1
652,47,450.79,536.75,85.03,238.63,0.7728,-1,-1,-1
652,48,1444.36,924.08,112.54,154.58,0.6129,-1,-1,-1
652,49,1365.79,943.59,96.84,135.09,0.6665,-1,-1,-1
653,4,1717.63,453.23,80.14,212.95,0.7319,-1,-1,-1
653,29,1196.22,989.17,64.15,90.14,0.5714,-1,-1,-1
653,43,331.77,326.95,69.18,205.53,0.7245,-1,-1,-1
653,44,1617.45,174.60,61.65,176.22,0.6826,-1,-1,-1
653,24,1125.70,979.53,69.22,100.26,0.5602,-1,-1,-1
653,3,900.88,931.54,65.00,146.25,0.6972,-1,-1,-1
653,47,450.01,536.56,85.02,238.34,0.7785,-1,-1,-1
653,48,1439.97,918.64,114.56,160.48,0.6489,-1,-1,-1
653,49,1362.39,941.58,97.57,136.76,0.7056,-1,-1,-1
654,4,1718.17,452.87,79.98,212.84,0.7319,-1,-1,-1
654,29,1199.24,991.51,62.78,86.97,0.5471,-1,-1,-1
654,43,331.48,328.61,68.82,206.13,0.7104,-1,-1,-1
654,44,1617.01,173.66,62.35,176.89,0.6422,-1,-1,-1
654,24,1125.00,982.77,67.01,96.74,0.5159,-1,-1,-1
654,3,898.91,932.22,64.67,145.51,0.6881,-1,-1,-1
654,47,450.67,536.31,85.00,238.50,0.7813,-1,-1,-1
654,48,1437.32,915.11,114.88,164.26,0.6316,-1,-1,-1
654,49,1358.58,939.87,97.57,137.47,0.6923,-1,-1,-1
654,50,806.67,145.34,57.86,173.68,0.5031,-1,-1,-1
655,4,1718.02,452.64,80.02,213.22,0.7277,-1,-1,-1
655,29,1202.71,993.78,61.63,84.31,0.5791,-1,-1,-1
655,43,331.07,330.31,68.09,205.28,0.6951,-1,-1,-1
655,44,1616.23,169.42,64.11,180.82,0.5925,-1,-1,-1
655,24,1127.38,985.90,66.07,93.50,0.5834,-1,-1,-1
655,3,895.98,932.27,64.68,145.29,0.6859,-1,-1,-1
655,47,450.76,536.17,84.79,238.61,0.7840,-1,-1,-1
655,48,1434.84,914.36,113.57,165.43,0.6463,-1,-1,-1
655,49,1356.08,938.13,98.18,139.22,0.6735,-1,-1,-1
655,50,806.43,144.65,58.32,175.05,0.4856,-1,-1,-1
656,4,1717.99,452.26,80.08,213.90,0.7412,-1,-1,-1
656,29,1204.30,995.39,61.51,82.89,0.5797,-1,-1,-1
656,43,330.28,331.61,68.03,206.04,0.6911,-1,-1,-1
656,44,1615.84,167.11,64.76,181.32,0.5936,-1,-1,-1
656,24,1126.81,988.33,64.66,90.35,0.5596,-1,-1,-1
656,3,892.92,932.44,64.75,144.94,0.7031,-1,-1,-1
656,47,451.39,535.13,84.58,239.42,0.7883,-1,-1,-1
656,48,1431.20,911.38,113.76,168.45,0.6139,-1,-1,-1
656,49,1354.25,935.90,98.97,141.47,0.6803,-1,-1,-1
656,50,806.79,144.73,58.34,175.25,0.4741,-1,-1,-1
657,4,1718.16,452.14,80.02,213.92,0.7389,-1,-1,-1
657,29,1203.69,996.79,61.94,81.68,0.5637,-1,-1,-1
657,43,329.07,332.95,67.77,206.01,0.6786,-1,-1,-1
657,44,1615.71,167.77,64.63,178.78,0.6013,-1,-1,-1
657,24,1124.62,990.11,63.50,88.23,0.5344,-1,-1,-1
657,3,889.53,932.10,65.35,145.62,0.6986,-1,-1,-1
657,47,451.74,535.04,84.08,239.63,0.7762,-1,-1,-1
657,48,1426.86,908.07,113.99,171.25,0.6417,-1,-1,-1
657,49,1353.12,933.14,100.08,144.56,0.6723,-1,-1,-1
657,50,805.83,145.26,58.57,175.77,0.4417,-1,-1,-1
658,4,1718.09,451.97,80.07,214.71,0.7169,-1,-1,-1
658,29,1203.18,998.27,62.71,80.48,0.5984,-1,-1,-1
658,43,327.70,333.77,67.50,205.80,0.6803,-1,-1,-1
658,44,1615.29,167.48,64.92,177.03,0.5999,-1,-1,-1
658,24,1122.87,990.72,63.75,87.47,0.5451,-1,-1,-1
658,3,886.94,932.42,65.74,145.72,0.7058,-1,-1,-1
658,47,450.75,534.06,83.86,240.56,0.7580,-1,-1,-1
658,48,1423.67,905.84,113.44,173.07,0.6658,-1,-1,-1
658,49,1349.94,929.68,101.15,147.65,0.6753,-1,-1,-1
658,50,806.26,144.36,58.48,175.40,0.4296,-1,-1,-1
659,4,1718.08,452.14,80.06,214.69,0.7405,-1,-1,-1
659,29,1203.34,999.62,64.08,79.97,0.6217,-1,-1,-1
659,43,325.65,333.20,67.81,206.41,0.7248,-1,-1,-1
659,44,1615.34,167.11,65.65,176.50,0.6070,-1,-1,-1
659,24,1123.45,991.89,64.49,86.56,0.6016,-1,-1,-1
659,3,884.15,932.66,65.78,145.24,0.7052,-1,-1,-1
659,47,449.71,531.79,83.80,241.75,0.7663,-1,-1,-1
659,48,1421.38,904.75,112.12,173.52,0.6157,-1,-1,-1
659,49,1347.01,926.83,102.02,150.58,0.6727,-1,-1,-1
659,50,806.18,143.86,58.94,176.82,0.4358,-1,-1,-1
660,4,1717.78,451.87,79.93,214.61,0.7283,-1,-1,-1
660,29,1203.48,1001.91,64.56,77.98,0.6207,-1,-1,-1
660,43,323.86,333.44,67.83,205.89,0.7228,-1,-1,-1
660,44,1615.73,166.52,66.85,177.90,0.6504,-1,-1,-1
660,24,1122.28,993.59,64.71,84.94,0.6368,-1,-1,-1
660,3,881.49,932.29,65.94,145.31,0.6983,-1,-1,-1
660,47,447.34,530.60,82.81,240.60,0.7579,-1,-1,-1
660,48,1419.90,902.71,111.96,175.32,0.6232,-1,-1,-1
660,49,1344.66,923.61,102.54,153.00,0.6755,-1,-1,-1
660,50,805.90,144.46,58.76,176.19,0.4494,-1,-1,-1
661,4,1718.18,451.87,79.61,213.63,0.7523,-1,-1,-1
661,29,1203.30,1004.82,64.66,75.18,0.5826,-1,-1,-1
661,43,322.58,333.81,67.68,204.83,0.6932,-1,-1,-1
661,44,1617.12,166.44,66.88,175.88,0.6524,-1,-1,-1
661,24,1118.30,994.23,65.27,84.49,0.5998,-1,-1,-1
661,3,878.61,931.44,66.54,146.99,0.6721,-1,-1,-1
661,47,443.36,530.48,81.25,239.71,0.7663,-1,-1,-1
661,48,1418.70,900.89,111.62,176.77,0.6333,-1,-1,-1
661,49,1342.08,920.80,102.78,155.40,0.6763,-1,-1,-1
661,50,806.42,144.35,58.55,175.55,0.4400,-1,-1,-1
662,4,1718.08,451.75,79.67,213.69,0.7501,-1,-1,-1
662,29,1203.28,1005.80,65.72,73.87,0.5338,-1,-1,-1
662,43,321.50,333.94,67.77,204.63,0.7006,-1,-1,-1
662,44,1617.32,165.84,67.62,175.72,0.6394,-1,-1,-1
662,24,1116.73,996.12,64.87,82.61,0.6011,-1,-1,-1
662,3,875.39,930.28,67.05,148.72,0.6627,-1,-1,-1
662,47,439.07,530.16,80.29,240.03,0.7830,-1,-1,-1
662,48,1417.18,898.53,112.11,179.45,0.4918,-1,-1,-1
662,49,1337.86,916.33,103.93,159.94,0.6174,-1,-1,-1
662,50,806.25,143.31,58.58,175.62,0.4636,-1,-1,-1
663,4,1718.66,452.28,79.67,212.99,0.7381,-1,-1,-1
663,29,1203.06,1007.81,65.63,71.44,0.5124,-1,-1,-1
663,43,321.02,334.26,67.68,204.16,0.7132,-1,-1,-1
663,44,1618.38,164.91,67.97,175.15,0.6157,-1,-1,-1
663,24,1113.62,997.77,63.95,80.92,0.5346,-1,-1,-1
663,3,872.98,929.65,66.86,149.22,0.6634,-1,-1,-1
663,47,434.68,529.29,79.07,239.61,0.8056,-1,-1,-1
663,48,1414.71,896.03,112.84,183.23,0.6287,-1,-1,-1
663,49,1333.37,911.63,105.64,165.71,0.6734,-1,-1,-1
663,50,806.61,143.25,58.39,175.21,0.4407,-1,-1,-1
664,4,1718.80,452.56,80.06,213.38,0.7256,-1,-1,-1
664,29,1202.72,1009.70,65.96,69.81,0.4594,-1,-1,-1
664,43,320.53,335.08,67.42,203.19,0.7018,-1,-1,-1
664,44,1618.58,163.91,69.46,178.03,0.6270,-1,-1,-1
664,24,1111.11,1000.26,62.41,78.60,0.5256,-1,-1,-1
664,3,870.89,929.53,66.41,148.68,0.6802,-1,-1,-1
664,47,430.02,528.19,78.28,240.72,0.7959,-1,-1,-1
664,48,1412.28,892.98,113.02,186.78,0.6078,-1,-1,-1
664,49,1330.28,907.80,106.41,170.42,0.6331,-1,-1,-1
664,50,805.89,143.06,58.47,175.37,0.4362,-1,-1,-1
665,4,1718.97,452.42,80.20,213.27,0.7291,-1,-1,-1
665,29,1200.76,1012.38,64.57,67.47,0.4704,-1,-1,-1
665,43,318.81,335.03,67.66,203.16,0.6933,-1,-1,-1
665,44,1618.66,162.50,71.11,182.11,0.5983,-1,-1,-1
665,24,1111.69,1001.96,63.02,77.51,0.5658,-1,-1,-1
665,3,868.48,930.26,66.26,148.48,0.6746,-1,-1,-1
665,47,425.20,526.78,77.49,243.12,0.7425,-1,-1,-1
665,48,1408.82,886.98,114.92,192.97,0.6330,-1,-1,-1
665,49,1327.03,904.36,106.13,173.94,0.6499,-1,-1,-1
665,50,806.44,143.16,58.32,175.20,0.4677,-1,-1,-1
666,4,1718.57,452.16,80.57,213.98,0.7043,-1,-1,-1
666,29,1199.34,1014.69,63.27,65.29,0.4933,-1,-1,-1
666,43,316.16,335.63,68.38,203.67,0.6715,-1,-1,-1
666,44,1619.22,161.12,71.51,182.98,0.6051,-1,-1,-1
666,24,1111.81,1004.53,62.54,74.73,0.5719,-1,-1,-1
666,3,866.69,930.16,66.15,148.29,0.6918,-1,-1,-1
666,47,421.72,526.49,76.97,246.17,0.7489,-1,-1,-1
666,48,1406.16,883.01,115.84,197.01,0.6420,-1,-1,-1
666,49,1323.47,902.42,104.91,175.79,0.6553,-1,-1,-1
666,50,806.91,143.07,57.78,173.88,0.4451,-1,-1,-1
667,4,1718.12,452.60,80.84,214.12,0.6938,-1,-1,-1
667,29,1198.99,1017.18,61.46,62.83,0.5358,-1,-1,-1
667,43,313.36,337.76,69.41,203.52,0.7024,-1,-1,-1
667,44,1619.97,159.66,71.87,183.95,0.6140,-1,-1,-1
667,24,1109.21,1007.02,60.96,71.59,0.5469,-1,-1,-1
667,3,864.39,929.94,66.21,148.42,0.6828,-1,-1,-1
667,47,419.26,526.17,76.07,247.71,0.7496,-1,-1,-1
667,48,1401.38,880.23,115.75,199.81,0.6891,-1,-1,-1
667,49,1320.45,899.71,104.47,179.07,0.6585,-1,-1,-1
667,50,806.84,144.11,57.63,173.50,0.4432,-1,-1,-1
668,4,1718.26,452.65,81.12,214.10,0.7212,-1,-1,-1
668,29,1198.31,1019.95,58.96,59.81,0.5498,-1,-1,-1
668,43,312.75,340.60,70.23,204.04,0.6966,-1,-1,-1
668,44,1621.71,157.27,71.67,183.28,0.5987,-1,-1,-1
668,24,1109.00,1009.68,59.25,68.17,0.5576,-1,-1,-1
668,3,862.29,929.65,66.30,148.57,0.6843,-1,-1,-1
668,47,417.36,526.53,74.58,246.28,0.7645,-1,-1,-1
668,48,1398.19,876.82,115.93,203.23,0.6790,-1,-1,-1
668,49,1319.43,898.36,103.13,180.45,0.6543,-1,-1,-1
668,50,807.23,143.19,57.52,173.68,0.4509,-1,-1,-1
669,4,1718.34,452.02,81.70,215.39,0.6931,-1,-1,-1
669,29,1198.86,1024.42,55.18,55.32,0.4728,-1,-1,-1
669,43,312.98,344.30,70.70,204.01,0.7225,-1,-1,-1
669,44,1622.57,154.23,72.09,184.27,0.6096,-1,-1,-1
669,24,1107.42,1012.75,56.25,64.23,0.4829,-1,-1,-1
669,3,859.91,930.01,66.35,148.44,0.6620,-1,-1,-1
669,47,414.58,526.88,74.19,246.50,0.7522,-1,-1,-1
669,48,1395.96,874.42,115.53,205.63,0.7234,-1,-1,-1
669,49,1318.49,897.36,101.49,181.35,0.6976,-1,-1,-1
669,50,807.19,144.26,57.35,173.25,0.4307,-1,-1,-1
670,4,1718.18,452.12,81.84,214.99,0.7125,-1,-1,-1
670,29,1199.64,1028.10,51.65,51.08,0.4298,-1,-1,-1
670,43,312.53,346.27,71.31,205.21,0.7318,-1,-1,-1
670,44,1623.76,153.10,72.02,184.14,0.6214,-1,-1,-1
670,24,1108.59,1016.00,54.19,60.75,0.4967,-1,-1,-1
670,3,857.88,929.64,66.74,149.04,0.6725,-1,-1,-1
670,47,410.73,527.39,74.17,245.74,0.7740,-1,-1,-1
670,48,1394.18,871.08,115.98,208.96,0.6874,-1,-1,-1
670,49,1316.70,895.99,100.26,182.85,0.7181,-1,-1,-1
670,50,806.46,144.66,57.65,173.99,0.4428,-1,-1,-1
671,4,1718.20,452.53,82.03,214.55,0.7193,-1,-1,-1
671,29,1199.43,1031.74,48.63,47.75,0.3959,-1,-1,-1
671,43,311.79,347.69,72.23,207.61,0.7611,-1,-1,-1
671,44,1624.91,152.06,71.38,182.69,0.6198,-1,-1,-1
671,24,1105.79,1019.78,51.41,57.43,0.5076,-1,-1,-1
671,3,856.11,929.95,66.74,148.69,0.6830,-1,-1,-1
671,47,407.37,527.39,74.59,245.69,0.7843,-1,-1,-1
671,48,1392.44,866.84,116.60,213.04,0.6960,-1,-1,-1
671,49,1314.76,894.94,98.77,184.01,0.7095,-1,-1,-1
671,50,806.52,144.55,57.64,174.06,0.4936,-1,-1,-1
672,4,1717.94,451.96,82.36,214.77,0.7044,-1,-1,-1
672,29,1198.89,1034.42,46.40,45.30,0.3784,-1,-1,-1
672,43,311.57,348.84,72.26,207.72,0.7652,-1,-1,-1
672,44,1626.72,154.74,69.21,177.14,0.5870,-1,-1,-1
672,24,1105.99,1024.28,48.34,54.04,0.4839,-1,-1,-1
672,3,854.49,929.31,66.95,149.11,0.6779,-1,-1,-1
672,47,405.16,528.29,74.86,244.48,0.7852,-1,-1,-1
672,48,1391.56,862.39,117.25,217.58,0.7250,-1,-1,-1
672,49,1311.59,894.03,97.93,185.45,0.7342,-1,-1,-1
672,50,806.07,143.86,58.06,175.50,0.4745,-1,-1,-1
673,4,1717.98,452.49,82.73,214.80,0.7264,-1,-1,-1
673,29,1197.34,1036.12,44.62,43.66,0.3754,-1,-1,-1
673,43,311.38,350.75,72.25,207.94,0.7738,-1,-1,-1
673,44,1627.27,155.58,68.66,175.91,0.5826,-1,-1,-1
673,24,1107.49,1028.91,45.09,50.37,0.4310,-1,-1,-1
673,3,853.14,929.55,66.99,149.42,0.6823,-1,-1,-1
673,47,403.50,529.86,75.33,243.52,0.7859,-1,-1,-1
673,48,1391.28,860.65,115.98,219.34,0.6952,-1,-1,-1
673,49,1308.83,891.96,97.61,187.90,0.7126,-1,-1,-1
673,50,806.57,144.00,57.94,175.65,0.4712,-1,-1,-1
674,4,1717.89,452.51,83.31,215.03,0.7272,-1,-1,-1
674,29,1196.50,1037.33,43.46,42.62,0.3228,-1,-1,-1
674,43,310.96,351.81,72.53,208.81,0.7632,-1,-1,-1
674,44,1627.84,156.03,67.88,173.99,0.5283,-1,-1,-1
674,24,1108.42,1031.55,43.16,48.30,0.4070,-1,-1,-1
674,3,850.68,929.20,67.19,150.32,0.6869,-1,-1,-1
674,47,401.39,530.32,76.23,243.59,0.7803,-1,-1,-1
674,48,1389.38,858.83,114.65,221.18,0.5810,-1,-1,-1
674,49,1305.46,889.13,97.55,190.83,0.7253,-1,-1,-1
674,50,806.70,144.39,57.69,175.12,0.4513,-1,-1,-1
675,4,1717.86,452.49,83.41,214.04,0.7091,-1,-1,-1
675,29,1197.44,1040.97,40.22,39.03,0.3339,-1,-1,-1
675,43,311.16,353.03,72.79,209.88,0.7551,-1,-1,-1
675,44,1627.61,156.00,67.83,174.08,0.5498,-1,-1,-1
675,24,1109.69,1035.51,40.02,44.52,0.3532,-1,-1,-1
675,3,849.35,930.04,66.58,149.83,0.6796,-1,-1,-1
675,47,398.81,529.26,77.76,244.94,0.7813,-1,-1,-1
675,48,1389.35,860.55,113.28,219.47,0.5469,-1,-1,-1
675,49,1300.51,886.33,97.55,193.33,0.7486,-1,-1,-1
675,50,806.44,144.40,57.79,175.40,0.4830,-1,-1,-1
676,4,1718.09,453.02,83.39,213.11,0.7212,-1,-1,-1
676,29,1198.48,1043.21,38.58,36.81,0.3275,-1,-1,-1
676,43,311.15,354.99,72.45,209.39,0.7454,-1,-1,-1
676,44,1626.64,155.12,69.16,178.51,0.5770,-1,-1,-1
676,24,1110.79,1038.77,37.51,41.30,0.2577,-1,-1,-1
676,3,847.52,930.49,65.99,149.52,0.6679,-1,-1,-1
676,47,396.25,530.30,78.98,244.43,0.7892,-1,-1,-1
676,48,1381.34,860.81,112.62,219.21,0.6200,-1,-1,-1
676,49,1296.14,883.36,97.75,196.55,0.7680,-1,-1,-1
676,50,806.87,144.72,57.54,174.88,0.4151,-1,-1,-1
677,4,1717.84,453.13,83.79,213.22,0.7148,-1,-1,-1
677,29,1199.98,1045.28,37.44,34.74,0.3255,-1,-1,-1
677,43,311.20,355.59,72.45,209.42,0.7471,-1,-1,-1
677,44,1626.29,155.94,67.95,175.81,0.5573,-1,-1,-1
677,3,846.20,930.44,65.63,149.49,0.6734,-1,-1,-1
677,47,392.20,530.73,80.73,244.38,0.7920,-1,-1,-1
677,48,1373.01,859.30,112.74,220.72,0.6726,-1,-1,-1
677,49,1293.16,879.71,97.80,199.41,0.7789,-1,-1,-1
677,50,806.55,145.28,57.12,173.48,0.4293,-1,-1,-1
678,4,1717.73,453.26,84.19,213.44,0.6947,-1,-1,-1
678,29,1201.00,1047.73,36.27,32.28,0.3041,-1,-1,-1
678,43,311.23,356.67,72.33,209.26,0.7369,-1,-1,-1
678,44,1625.55,156.32,67.28,174.05,0.5409,-1,-1,-1
678,3,844.97,929.58,65.63,150.15,0.6763,-1,-1,-1
678,47,388.38,531.32,82.71,243.84,0.7890,-1,-1,-1
678,48,1368.48,859.00,112.42,221.02,0.6414,-1,-1,-1
678,49,1287.67,876.72,98.35,202.98,0.7789,-1,-1,-1
678,50,806.61,144.93,57.07,173.33,0.4275,-1,-1,-1
679,4,1717.13,452.68,84.22,212.98,0.6950,-1,-1,-1
679,29,1202.31,1049.34,36.07,30.67,0.2806,-1,-1,-1
679,43,310.95,356.42,72.19,209.74,0.7149,-1,-1,-1
679,44,1625.05,156.55,67.07,173.58,0.5729,-1,-1,-1
679,3,843.71,927.79,66.39,152.15,0.6983,-1,-1,-1
679,47,383.83,531.38,85.13,243.91,0.7829,-1,-1,-1
679,48,1366.36,857.82,112.15,222.20,0.6364,-1,-1,-1
679,49,1283.31,873.94,98.85,205.98,0.7926,-1,-1,-1
679,50,806.29,145.15,57.06,173.23,0.4360,-1,-1,-1
680,4,1717.31,453.02,84.69,213.37,0.7333,-1,-1,-1
680,43,310.77,356.91,71.81,208.57,0.7217,-1,-1,-1
680,44,1624.69,155.52,66.78,172.86,0.5881,-1,-1,-1
680,3,842.65,927.46,66.30,152.55,0.7235,-1,-1,-1
680,47,379.32,530.77,87.78,244.61,0.7843,-1,-1,-1
680,48,1363.05,856.89,111.51,223.12,0.6468,-1,-1,-1
680,49,1279.86,871.08,99.15,208.92,0.7655,-1,-1,-1
680,50,805.80,145.27,57.05,173.47,0.4523,-1,-1,-1
681,4,1717.67,453.25,84.83,213.30,0.7226,-1,-1,-1
681,43,311.19,357.13,71.42,207.57,0.7008,-1,-1,-1
681,44,1623.82,156.36,66.40,171.99,0.6203,-1,-1,-1
681,3,841.80,926.17,66.84,153.47,0.7210,-1,-1,-1
681,47,373.74,530.65,90.75,244.79,0.8078,-1,-1,-1
681,48,1361.17,854.44,111.06,225.57,0.6770,-1,-1,-1
681,49,1275.44,868.34,99.28,211.23,0.7401,-1,-1,-1
681,50,806.84,145.20,56.43,172.42,0.4527,-1,-1,-1
682,4,1717.28,453.32,85.08,213.54,0.7356,-1,-1,-1
682,43,310.74,357.94,71.40,207.16,0.7170,-1,-1,-1
682,44,1623.29,155.56,66.87,173.38,0.5936,-1,-1,-1
682,3,840.12,924.66,67.77,154.86,0.7307,-1,-1,-1
682,47,370.58,530.58,93.37,244.34,0.8014,-1,-1,-1
682,48,1360.27,851.09,110.56,228.93,0.7170,-1,-1,-1
682,49,1272.30,865.48,99.66,214.11,0.7596,-1,-1,-1
682,50,806.33,144.84,56.45,173.10,0.4274,-1,-1,-1
683,4,1717.47,453.77,85.09,213.20,0.7297,-1,-1,-1
683,43,310.33,357.60,71.38,207.29,0.7245,-1,-1,-1
683,44,1621.42,155.30,67.53,175.72,0.5767,-1,-1,-1
683,3,838.50,924.13,68.49,155.36,0.7291,-1,-1,-1
683,47,366.64,530.40,96.31,244.82,0.7994,-1,-1,-1
683,48,1357.25,846.16,110.83,233.85,0.7210,-1,-1,-1
683,49,1268.69,863.52,99.93,216.01,0.7657,-1,-1,-1
683,50,807.24,145.08,55.80,171.99,0.4263,-1,-1,-1
684,4,1716.64,453.45,85.39,213.83,0.7209,-1,-1,-1
684,43,309.77,357.85,71.18,207.01,0.7257,-1,-1,-1
684,44,1619.65,155.28,67.79,177.33,0.5948,-1,-1,-1
684,3,836.73,923.44,69.41,156.10,0.7271,-1,-1,-1
684,47,363.34,528.55,99.24,246.67,0.7920,-1,-1,-1
684,48,1352.30,841.32,111.28,238.69,0.7313,-1,-1,-1
684,49,1265.04,861.53,99.90,216.81,0.7917,-1,-1,-1
684,50,806.37,145.11,55.97,173.00,0.4356,-1,-1,-1
685,4,1715.88,452.85,85.51,214.24,0.7323,-1,-1,-1
685,43,309.48,359.26,70.94,206.69,0.7169,-1,-1,-1
685,44,1618.20,154.24,68.49,180.66,0.5791,-1,-1,-1
685,3,834.28,923.39,70.37,156.11,0.7386,-1,-1,-1
685,47,360.64,527.83,101.67,248.10,0.7988,-1,-1,-1
685,48,1349.33,838.23,110.72,241.78,0.7493,-1,-1,-1
685,49,1262.61,859.73,99.62,217.79,0.7941,-1,-1,-1
685,50,806.57,145.20,55.52,172.38,0.3858,-1,-1,-1
686,4,1715.71,452.00,85.78,214.81,0.7439,-1,-1,-1
686,43,308.55,362.14,70.67,206.67,0.7141,-1,-1,-1
686,44,1617.27,152.38,68.47,181.62,0.5284,-1,-1,-1
686,3,832.79,922.50,71.48,156.43,0.7463,-1,-1,-1
686,47,358.41,528.40,103.01,248.01,0.8010,-1,-1,-1
686,48,1346.85,833.59,110.56,245.85,0.7473,-1,-1,-1
686,49,1260.52,857.60,100.12,220.31,0.7989,-1,-1,-1
686,50,806.35,145.17,55.13,171.90,0.3853,-1,-1,-1
687,4,1715.99,451.93,85.69,214.33,0.7523,-1,-1,-1
687,43,308.30,365.38,70.33,206.84,0.7049,-1,-1,-1
687,44,1615.94,150.55,68.22,182.19,0.5445,-1,-1,-1
687,3,831.49,922.58,72.37,156.38,0.7349,-1,-1,-1
687,47,355.73,528.95,103.69,248.33,0.7983,-1,-1,-1
687,48,1343.72,830.39,110.05,249.08,0.7662,-1,-1,-1
687,49,1257.49,855.90,100.47,223.33,0.7734,-1,-1,-1
687,50,806.67,144.88,54.58,171.22,0.3750,-1,-1,-1
688,4,1716.26,452.61,85.91,214.31,0.7615,-1,-1,-1
688,43,308.02,366.94,70.55,209.03,0.7052,-1,-1,-1
688,44,1614.45,148.10,66.54,178.00,0.5623,-1,-1,-1
688,3,829.68,922.93,73.28,155.95,0.7342,-1,-1,-1
688,47,353.98,528.81,104.10,249.10,0.8146,-1,-1,-1
688,48,1340.19,829.52,108.80,250.28,0.7937,-1,-1,-1
688,49,1255.23,853.56,100.42,226.19,0.7829,-1,-1,-1
688,50,806.29,143.95,54.46,171.60,0.3818,-1,-1,-1
689,4,1715.50,452.06,86.12,214.88,0.7512,-1,-1,-1
689,43,308.04,369.10,69.40,207.26,0.7071,-1,-1,-1
689,44,1613.67,145.57,66.35,177.84,0.5712,-1,-1,-1
689,3,827.89,923.57,74.12,155.33,0.7300,-1,-1,-1
689,47,354.21,529.35,103.73,248.80,0.8144,-1,-1,-1
689,48,1337.66,827.28,108.38,252.66,0.7901,-1,-1,-1
689,49,1252.74,851.10,100.14,228.84,0.7728,-1,-1,-1
689,50,806.05,143.42,54.18,171.79,0.3368,-1,-1,-1
690,4,1715.74,451.31,86.76,216.40,0.7245,-1,-1,-1
690,43,307.54,371.87,68.86,207.54,0.6980,-1,-1,-1
690,44,1612.41,143.80,66.42,178.25,0.5985,-1,-1,-1
690,3,827.36,924.94,74.53,153.54,0.7443,-1,-1,-1
690,47,354.58,529.24,103.39,249.88,0.8186,-1,-1,-1
690,48,1333.61,824.38,108.03,255.60,0.7715,-1,-1,-1
690,49,1251.13,848.34,99.97,231.67,0.7246,-1,-1,-1
690,50,804.72,141.52,53.71,171.41,0.3101,-1,-1,-1
691,4,1716.00,451.74,86.93,216.68,0.7423,-1,-1,-1
691,43,307.22,374.58,68.41,207.73,0.7127,-1,-1,-1
691,44,1610.46,141.94,66.48,178.76,0.6322,-1,-1,-1
691,3,827.21,925.73,74.95,152.27,0.7385,-1,-1,-1
691,47,356.97,530.74,101.84,249.45,0.8253,-1,-1,-1
691,48,1330.15,823.10,107.55,256.89,0.7800,-1,-1,-1
691,49,1249.65,845.49,99.36,233.67,0.7880,-1,-1,-1
691,50,803.58,140.77,53.42,171.10,0.3557,-1,-1,-1
692,4,1716.47,452.40,86.58,215.55,0.7371,-1,-1,-1
692,43,306.35,375.02,68.74,210.33,0.7245,-1,-1,-1
692,44,1608.98,140.63,66.59,179.22,0.6498,-1,-1,-1
692,3,827.14,927.45,74.66,149.63,0.7441,-1,-1,-1
692,47,359.91,532.88,100.08,249.25,0.8118,-1,-1,-1
692,48,1326.99,822.34,106.77,257.67,0.7623,-1,-1,-1
692,49,1248.18,842.18,98.74,236.11,0.7948,-1,-1,-1
692,50,803.78,141.23,53.66,172.78,0.3666,-1,-1,-1
693,4,1716.13,451.61,86.80,216.22,0.7276,-1,-1,-1
693,43,305.04,374.85,69.17,213.41,0.7138,-1,-1,-1
693,44,1607.98,138.79,66.41,178.91,0.6572,-1,-1,-1
693,3,827.05,927.99,75.14,148.89,0.7420,-1,-1,-1
693,47,362.66,534.07,98.40,250.23,0.8111,-1,-1,-1
693,48,1323.81,820.60,106.20,259.41,0.7657,-1,-1,-1
693,49,1245.65,838.75,98.79,240.52,0.8202,-1,-1,-1
693,50,803.65,141.35,53.46,173.01,0.3683,-1,-1,-1
694,4,1715.92,451.58,87.09,216.92,0.7419,-1,-1,-1
694,43,303.95,375.11,69.28,215.12,0.7031,-1,-1,-1
694,44,1606.56,136.35,66.49,179.19,0.6390,-1,-1,-1
694,3,827.04,928.50,75.82,148.29,0.7642,-1,-1,-1
694,47,365.98,534.82,96.05,249.80,0.8163,-1,-1,-1
694,48,1321.57,818.99,105.65,261.02,0.7708,-1,-1,-1
694,49,1243.64,835.22,98.28,243.78,0.8165,-1,-1,-1
694,50,803.49,140.80,53.22,173.43,0.3453,-1,-1,-1
695,4,1716.60,452.11,86.67,215.93,0.7255,-1,-1,-1
695,43,303.55,375.08,69.00,215.44,0.6674,-1,-1,-1
695,44,1605.97,135.37,66.32,178.94,0.6304,-1,-1,-1
695,3,827.03,930.06,76.22,147.11,0.7506,-1,-1,-1
695,47,368.44,535.18,93.86,249.99,0.8115,-1,-1,-1
695,48,1320.66,817.57,104.91,262.34,0.7506,-1,-1,-1
695,49,1241.35,831.70,97.70,246.70,0.7896,-1,-1,-1
695,50,802.97,138.59,53.18,174.85,0.3661,-1,-1,-1
695,57,481.38,142.65,56.74,176.67,0.5267,-1,-1,-1
696,4,1717.04,452.13,86.38,215.15,0.7151,-1,-1,-1
696,43,302.63,375.30,68.81,215.04,0.6336,-1,-1,-1
696,44,1604.89,134.59,66.50,179.66,0.6069,-1,-1,-1
696,3,827.15,931.18,76.80,146.61,0.7371,-1,-1,-1
696,47,370.14,535.43,91.77,250.69,0.8033,-1,-1,-1
696,48,1319.15,815.48,104.50,264.49,0.7584,-1,-1,-1
696,49,1237.84,829.62,96.79,248.34,0.7860,-1,-1,-1
696,50,802.75,137.70,52.73,174.98,0.3306,-1,-1,-1
696,57,482.44,146.72,55.59,172.96,0.5443,-1,-1,-1
697,4,1716.92,452.41,86.39,214.90,0.7078,-1,-1,-1
697,43,300.98,375.83,69.01,214.98,0.6343,-1,-1,-1
697,44,1603.36,134.70,66.33,178.65,0.5441,-1,-1,-1
697,3,827.81,932.43,77.02,145.67,0.7474,-1,-1,-1
697,47,371.76,536.35,89.45,250.30,0.7921,-1,-1,-1
697,48,1316.64,812.65,104.60,267.35,0.7816,-1,-1,-1
697,49,1235.20,828.04,96.02,250.05,0.7672,-1,-1,-1
697,50,801.81,138.31,52.63,176.43,0.3464,-1,-1,-1
697,57,482.14,149.28,55.29,171.70,0.5394,-1,-1,-1
698,4,1717.20,452.48,86.25,214.67,0.7374,-1,-1,-1
698,43,300.27,376.31,69.15,214.54,0.6229,-1,-1,-1
698,44,1602.95,134.45,66.34,178.34,0.5206,-1,-1,-1
698,3,828.37,932.07,77.83,146.34,0.7644,-1,-1,-1
698,47,373.62,537.19,87.08,249.29,0.7956,-1,-1,-1
698,48,1313.81,809.83,104.77,270.17,0.7907,-1,-1,-1
698,49,1232.32,826.97,95.10,250.98,0.7715,-1,-1,-1
698,50,802.18,137.33,52.00,176.48,0.3733,-1,-1,-1
698,57,481.59,150.72,55.05,170.60,0.5224,-1,-1,-1
699,4,1717.20,452.35,86.23,215.08,0.7191,-1,-1,-1
699,43,299.70,376.45,69.20,213.59,0.6506,-1,-1,-1
699,44,1601.21,133.78,67.35,180.53,0.4064,-1,-1,-1
699,3,829.01,932.47,78.17,146.04,0.7654,-1,-1,-1
699,47,374.61,537.67,84.77,248.48,0.7808,-1,-1,-1
699,48,1310.84,805.88,104.51,273.09,0.8007,-1,-1,-1
699,49,1228.94,824.96,94.89,252.71,0.7677,-1,-1,-1
699,50,801.89,137.48,51.74,177.74,0.3275,-1,-1,-1
699,57,481.53,151.31,55.16,170.26,0.5518,-1,-1,-1
700,4,1717.36,452.57,85.77,214.18,0.7238,-1,-1,-1
700,43,298.55,376.41,69.41,213.19,0.6563,-1,-1,-1
700,44,1600.00,133.55,67.80,180.78,0.3640,-1,-1,-1
700,3,830.29,932.76,78.47,145.92,0.7651,-1,-1,-1
700,47,375.80,538.74,82.63,247.66,0.7898,-1,-1,-1
700,48,1308.30,802.55,103.72,274.58,0.7930,-1,-1,-1
700,49,1226.85,823.05,94.33,253.14,0.7666,-1,-1,-1
700,50,801.18,135.32,51.81,179.51,0.3099,-1,-1,-1
700,57,481.32,150.60,55.68,171.24,0.5273,-1,-1,-1
701,4,1717.20,452.43,86.21,215.27,0.7203,-1,-1,-1
701,43,298.11,377.29,69.36,211.41,0.6499,-1,-1,-1
701,44,1599.30,134.40,68.15,180.47,0.3537,-1,-1,-1
701,3,831.92,932.40,79.16,146.07,0.7713,-1,-1,-1
701,47,376.60,539.21,80.46,246.54,0.7573,-1,-1,-1
701,48,1307.46,798.85,102.68,274.43,0.7867,-1,-1,-1
701,49,1224.37,820.11,94.88,256.03,0.8027,-1,-1,-1
701,50,801.25,136.15,50.99,177.71,0.3473,-1,-1,-1
701,57,481.53,150.77,55.79,170.90,0.5429,-1,-1,-1
702,4,1717.23,451.72,86.39,215.67,0.7404,-1,-1,-1
702,43,297.63,376.78,69.95,211.97,0.6841,-1,-1,-1
702,44,1599.09,134.68,68.30,180.20,0.3897,-1,-1,-1
702,3,833.80,933.14,79.22,145.46,0.7707,-1,-1,-1
702,47,377.30,539.81,78.28,245.45,0.7414,-1,-1,-1
702,48,1307.19,794.05,99.39,266.86,0.7731,-1,-1,-1
702,49,1220.91,817.48,95.42,257.69,0.7635,-1,-1,-1
702,50,800.00,137.10,50.92,176.89,0.3632,-1,-1,-1
702,57,481.54,149.78,56.02,171.25,0.5423,-1,-1,-1
703,4,1717.10,451.66,86.67,216.48,0.7376,-1,-1,-1
703,43,297.01,377.12,70.72,213.12,0.6906,-1,-1,-1
703,44,1599.34,131.67,69.59,184.29,0.4395,-1,-1,-1
703,3,835.76,933.69,79.21,144.70,0.7772,-1,-1,-1
703,47,378.34,540.36,76.28,244.85,0.7365,-1,-1,-1
703,48,1306.53,789.67,97.62,263.08,0.7817,-1,-1,-1
703,49,1218.64,815.67,95.24,258.48,0.7742,-1,-1,-1
703,50,799.76,137.72,50.74,175.95,0.3602,-1,-1,-1
703,57,481.29,149.29,55.93,170.25,0.5234,-1,-1,-1
704,4,1717.35,451.46,86.34,215.25,0.7353,-1,-1,-1
704,43,296.14,378.51,71.48,214.30,0.6919,-1,-1,-1
704,44,1598.98,132.75,69.11,183.14,0.5400,-1,-1,-1
704,3,837.90,933.94,79.54,144.40,0.7788,-1,-1,-1
704,47,379.46,540.67,74.91,245.71,0.7333,-1,-1,-1
704,48,1305.91,786.32,97.18,263.67,0.7794,-1,-1,-1
704,49,1216.73,814.11,95.03,259.79,0.7760,-1,-1,-1
704,50,799.83,137.97,50.47,174.14,0.3671,-1,-1,-1
704,57,480.95,149.44,55.92,169.26,0.5283,-1,-1,-1
705,4,1717.81,452.12,85.76,213.63,0.7273,-1,-1,-1
705,43,296.34,379.11,72.94,218.21,0.7032,-1,-1,-1
705,44,1599.96,131.79,69.27,184.24,0.5510,-1,-1,-1
705,3,839.98,934.10,79.90,144.36,0.7728,-1,-1,-1
705,47,381.07,540.60,73.60,246.49,0.7418,-1,-1,-1
705,48,1305.77,784.27,96.73,265.16,0.7675,-1,-1,-1
705,49,1214.78,812.15,95.01,262.23,0.7860,-1,-1,-1
705,50,798.97,137.82,50.73,173.98,0.3707,-1,-1,-1
705,57,480.74,149.86,56.55,169.87,0.5475,-1,-1,-1
706,4,1717.59,452.25,85.92,213.90,0.7146,-1,-1,-1
706,43,295.64,382.40,73.75,219.28,0.7100,-1,-1,-1
706,44,1600.52,130.53,69.08,184.75,0.5997,-1,-1,-1
706,3,841.25,933.69,80.63,145.17,0.7780,-1,-1,-1
706,47,382.59,540.87,72.05,245.62,0.7463,-1,-1,-1
706,48,1304.09,782.70,95.97,266.10,0.7691,-1,-1,-1
706,49,1212.00,808.84,95.60,266.34,0.7793,-1,-1,-1
706,50,798.24,138.66,50.83,173.32,0.3665,-1,-1,-1
706,57,480.58,151.42,56.28,168.22,0.5291,-1,-1,-1
707,4,1717.87,452.76,85.71,213.41,0.7275,-1,-1,-1
707,43,295.64,386.94,73.19,216.74,0.7157,-1,-1,-1
707,44,1601.17,129.30,67.95,182.40,0.6224,-1,-1,-1
707,3,843.17,934.10,81.16,145.54,0.7791,-1,-1,-1
707,47,383.39,541.29,70.84,245.54,0.7636,-1,-1,-1
707,48,1301.93,781.73,95.16,266.50,0.7675,-1,-1,-1
707,49,1210.21,806.26,94.08,264.31,0.7620,-1,-1,-1
707,50,797.09,138.53,51.11,173.40,0.4008,-1,-1,-1
707,57,480.22,151.82,56.42,168.38,0.5198,-1,-1,-1
708,4,1717.61,452.70,85.84,213.73,0.7249,-1,-1,-1
708,43,295.53,389.85,72.86,215.34,0.7161,-1,-1,-1
708,44,1601.85,128.58,66.12,177.64,0.6100,-1,-1,-1
708,3,844.60,934.27,81.63,145.66,0.7764,-1,-1,-1
708,47,384.47,541.70,69.73,246.03,0.7500,-1,-1,-1
708,48,1299.62,780.43,94.30,265.97,0.7725,-1,-1,-1
708,49,1208.23,803.02,93.30,264.21,0.7519,-1,-1,-1
708,50,796.45,139.10,51.36,173.23,0.3951,-1,-1,-1
708,57,479.93,153.14,56.27,167.69,0.4924,-1,-1,-1
709,4,1717.69,451.89,85.98,214.10,0.7202,-1,-1,-1
709,43,295.21,392.21,72.60,214.52,0.7233,-1,-1,-1
709,44,1602.41,127.05,65.00,174.42,0.6343,-1,-1,-1
709,3,845.85,934.39,82.05,145.64,0.7834,-1,-1,-1
709,47,386.13,542.26,68.45,245.01,0.7570,-1,-1,-1
709,48,1296.63,780.48,93.58,263.96,0.7594,-1,-1,-1
709,49,1205.60,799.87,91.79,262.00,0.7683,-1,-1,-1
709,50,796.13,139.28,51.60,173.42,0.4195,-1,-1,-1
709,57,480.38,154.92,56.39,167.21,0.4914,-1,-1,-1
710,4,1718.20,452.01,85.90,213.94,0.7335,-1,-1,-1
710,43,295.15,393.90,72.68,215.10,0.7369,-1,-1,-1
710,44,1602.41,125.77,64.76,173.89,0.6535,-1,-1,-1
710,3,846.84,935.28,81.93,144.78,0.7714,-1,-1,-1
710,47,387.65,542.65,67.35,243.31,0.7452,-1,-1,-1
710,48,1291.14,780.26,94.16,264.15,0.7588,-1,-1,-1
710,49,1203.06,796.08,90.70,261.25,0.7846,-1,-1,-1
710,50,794.87,139.39,51.46,172.59,0.3812,-1,-1,-1
710,57,480.26,158.00,56.51,167.05,0.5068,-1,-1,-1
711,4,1718.34,452.38,85.86,213.74,0.7144,-1,-1,-1
711,43,294.44,394.51,73.46,218.37,0.7365,-1,-1,-1
711,44,1602.29,123.42,64.71,173.86,0.6324,-1,-1,-1
711,3,847.30,934.68,82.55,145.38,0.7831,-1,-1,-1
711,47,389.21,543.53,66.78,241.95,0.7453,-1,-1,-1
711,48,1283.55,780.04,95.71,265.37,0.7514,-1,-1,-1
711,49,1200.55,793.61,89.74,259.98,0.7885,-1,-1,-1
711,50,793.44,140.15,51.29,172.77,0.3785,-1,-1,-1
711,57,479.52,158.18,57.37,169.25,0.5225,-1,-1,-1
712,4,1717.85,451.70,86.72,215.79,0.7097,-1,-1,-1
712,43,295.24,395.68,73.50,219.28,0.7130,-1,-1,-1
712,44,1602.40,122.40,64.76,174.35,0.6192,-1,-1,-1
712,3,848.36,934.54,82.82,145.52,0.7795,-1,-1,-1
712,47,390.69,544.09,66.53,241.13,0.7234,-1,-1,-1
712,48,1279.41,779.34,96.54,265.93,0.7514,-1,-1,-1
712,49,1197.63,791.42,88.54,257.98,0.7992,-1,-1,-1
712,50,793.03,140.23,50.64,171.07,0.3160,-1,-1,-1
712,57,479.39,159.21,57.80,170.10,0.5252,-1,-1,-1
713,4,1717.97,451.73,86.31,214.86,0.6986,-1,-1,-1
713,43,296.25,397.27,73.26,218.92,0.6888,-1,-1,-1
713,44,1602.03,121.50,64.67,174.70,0.6735,-1,-1,-1
713,3,849.57,934.31,83.06,145.75,0.7792,-1,-1,-1
713,47,393.25,544.49,66.61,239.74,0.6746,-1,-1,-1
713,48,1277.25,778.43,96.00,263.79,0.7628,-1,-1,-1
713,49,1193.51,790.00,88.70,259.06,0.7919,-1,-1,-1
713,50,791.65,139.53,50.71,172.09,0.3767,-1,-1,-1
713,57,479.07,161.18,57.99,170.10,0.5197,-1,-1,-1
714,4,1718.13,451.65,86.28,214.70,0.6930,-1,-1,-1
714,43,296.09,400.30,73.59,220.62,0.6892,-1,-1,-1
714,44,1601.47,120.50,64.73,175.48,0.6531,-1,-1,-1
714,3,851.41,934.42,82.95,145.63,0.7793,-1,-1,-1
714,47,394.75,544.91,67.32,239.18,0.6889,-1,-1,-1
714,48,1275.13,776.55,94.81,259.90,0.7391,-1,-1,-1
714,49,1190.07,787.98,89.44,261.73,0.7901,-1,-1,-1
714,50,790.79,139.70,50.76,173.18,0.3284,-1,-1,-1
714,57,478.21,162.45,58.45,171.38,0.5318,-1,-1,-1
714,61,1569.90,597.22,107.67,226.89,0.6248,-1,-1,-1
715,4,1717.70,451.97,86.26,214.79,0.6745,-1,-1,-1
715,43,296.42,401.59,73.44,221.08,0.6821,-1,-1,-1
715,44,1600.66,119.89,65.18,177.24,0.6156,-1,-1,-1
715,3,852.24,934.80,82.62,145.25,0.7794,-1,-1,-1
715,47,396.65,544.72,68.56,239.56,0.6996,-1,-1,-1
715,48,1273.15,772.61,93.55,256.88,0.7946,-1,-1,-1
715,49,1187.00,786.54,89.02,262.91,0.7981,-1,-1,-1
715,50,790.03,139.58,50.66,173.73,0.3433,-1,-1,-1
715,57,478.02,163.93,58.67,172.11,0.5136,-1,-1,-1
715,61,1570.58,597.85,107.52,226.75,0.6128,-1,-1,-1
716,4,1717.41,452.29,86.05,214.07,0.6655,-1,-1,-1
716,43,296.83,402.17,73.19,220.94,0.6749,-1,-1,-1
716,44,1599.83,119.46,65.49,179.11,0.6098,-1,-1,-1
716,3,853.01,935.28,82.27,144.76,0.7728,-1,-1,-1
716,47,398.32,545.67,69.92,239.27,0.7122,-1,-1,-1
716,48,1271.20,769.19,92.86,255.79,0.8012,-1,-1,-1
716,49,1184.83,785.67,88.70,264.24,0.7993,-1,-1,-1
716,50,789.55,139.86,50.19,172.57,0.3868,-1,-1,-1
716,57,477.56,164.52,58.87,172.38,0.4762,-1,-1,-1
716,61,1570.27,598.49,107.07,226.03,0.5774,-1,-1,-1
717,4,1718.04,451.73,86.08,214.26,0.6955,-1,-1,-1
717,43,297.82,403.05,72.85,220.01,0.6759,-1,-1,-1
717,44,1599.02,119.12,65.26,179.49,0.5443,-1,-1,-1
717,3,853.68,935.50,81.93,144.54,0.7801,-1,-1,-1
717,47,398.89,546.00,71.49,239.16,0.7086,-1,-1,-1
717,48,1268.88,764.09,93.22,257.85,0.7826,-1,-1,-1
717,49,1183.13,784.54,88.30,264.65,0.8038,-1,-1,-1
717,50,789.10,140.03,49.82,171.54,0.3999,-1,-1,-1
717,57,475.99,161.91,60.59,176.93,0.4702,-1,-1,-1
717,61,1570.40,598.93,107.00,225.92,0.5813,-1,-1,-1
718,4,1718.23,450.83,86.26,214.89,0.6956,-1,-1,-1
718,43,298.29,403.58,72.66,219.40,0.6787,-1,-1,-1
718,44,1598.36,118.77,65.24,180.78,0.5512,-1,-1,-1
718,3,853.76,935.70,81.72,144.33,0.7746,-1,-1,-1
718,47,398.87,546.45,73.05,239.41,0.7151,-1,-1,-1
718,48,1265.71,759.96,92.05,255.90,0.7458,-1,-1,-1
718,49,1181.46,783.34,88.11,265.68,0.7977,-1,-1,-1
718,50,789.03,140.62,49.01,169.16,0.4082,-1,-1,-1
718,57,474.84,161.59,61.32,178.58,0.5020,-1,-1,-1
718,61,1570.60,599.74,106.40,224.70,0.5939,-1,-1,-1
719,4,1717.96,451.40,86.15,214.58,0.7023,-1,-1,-1
719,43,299.50,403.89,71.20,214.54,0.6656,-1,-1,-1
719,44,1597.96,117.99,64.67,180.89,0.4602,-1,-1,-1
719,3,853.55,936.10,81.46,143.93,0.7830,-1,-1,-1
719,47,398.96,546.99,74.92,240.67,0.6985,-1,-1,-1
719,48,1262.90,755.99,91.99,257.40,0.7411,-1,-1,-1
719,49,1180.21,782.60,87.38,264.98,0.7967,-1,-1,-1
719,50,789.22,140.80,48.67,168.91,0.3421,-1,-1,-1
719,57,475.05,162.55,61.22,178.38,0.4776,-1,-1,-1
719,61,1568.89,596.95,107.80,227.68,0.5250,-1,-1,-1
720,4,1718.06,451.58,86.03,214.46,0.7064,-1,-1,-1
720,43,300.41,405.67,70.22,210.70,0.7031,-1,-1,-1
720,44,1597.92,118.08,63.76,179.71,0.4608,-1,-1,-1
720,3,853.29,937.45,80.82,142.58,0.7854,-1,-1,-1
720,47,398.91,547.80,76.27,240.68,0.6966,-1,-1,-1
720,48,1260.23,751.41,92.28,260.56,0.7353,-1,-1,-1
720,49,1178.77,781.23,87.16,265.63,0.7845,-1,-1,-1
720,50,787.94,139.81,48.95,169.53,0.3391,-1,-1,-1
720,57,475.50,165.00,59.87,174.33,0.4785,-1,-1,-1
720,61,1572.09,600.24,106.27,226.19,0.5023,-1,-1,-1
721,4,1718.45,451.22,86.36,215.36,0.6965,-1,-1,-1
721,43,300.69,407.62,70.44,210.58,0.7203,-1,-1,-1
721,44,1598.07,118.86,62.49,177.28,0.5480,-1,-1,-1
721,3,853.01,937.99,80.66,142.03,0.7840,-1,-1,-1
721,47,400.50,548.74,78.07,241.46,0.6840,-1,-1,-1
721,48,1257.95,748.55,92.66,264.20,0.7341,-1,-1,-1
721,49,1176.86,779.35,86.66,265.90,0.7744,-1,-1,-1
721,50,788.21,140.18,48.70,169.33,0.3116,-1,-1,-1
721,57,475.99,166.00,59.37,172.46,0.5107,-1,-1,-1
721,61,1569.59,598.65,106.44,226.62,0.5821,-1,-1,-1
722,4,1718.58,451.95,86.02,214.24,0.7180,-1,-1,-1
722,43,300.19,409.14,71.23,212.54,0.7363,-1,-1,-1
722,44,1598.24,119.31,61.43,175.49,0.5209,-1,-1,-1
722,3,852.44,938.49,80.60,141.53,0.7859,-1,-1,-1
722,47,401.76,549.97,79.51,241.25,0.7130,-1,-1,-1
722,48,1254.86,747.18,91.67,262.31,0.7686,-1,-1,-1
722,49,1174.21,774.85,86.46,267.86,0.7864,-1,-1,-1
722,50,787.74,138.53,48.80,170.05,0.2896,-1,-1,-1
722,57,475.38,164.93,59.40,172.10,0.5148,-1,-1,-1
722,61,1568.53,596.15,107.51,229.00,0.5768,-1,-1,-1
723,4,1718.21,451.39,86.35,215.39,0.7181,-1,-1,-1
723,43,299.63,410.28,72.24,215.40,0.7558,-1,-1,-1
723,44,1597.90,118.23,61.19,176.28,0.3247,-1,-1,-1
723,3,851.85,938.60,80.62,141.42,0.7834,-1,-1,-1
723,47,402.31,551.01,81.17,242.03,0.7221,-1,-1,-1
723,48,1251.37,745.60,92.60,266.47,0.7719,-1,-1,-1
723,49,1172.86,771.30,84.32,262.88,0.7738,-1,-1,-1
723,50,787.85,138.80,49.02,171.41,0.3040,-1,-1,-1
723,57,475.53,165.80,59.24,170.89,0.5334,-1,-1,-1
723,61,1566.78,594.78,108.23,230.49,0.5552,-1,-1,-1
724,4,1718.62,451.68,86.30,215.41,0.6994,-1,-1,-1
724,43,299.07,411.85,72.88,217.45,0.7638,-1,-1,-1
724,44,1597.18,117.02,61.19,177.80,0.3464,-1,-1,-1
724,3,850.74,938.99,80.60,141.02,0.7879,-1,-1,-1
724,47,402.62,551.59,82.49,242.92,0.7246,-1,-1,-1
724,48,1246.91,744.30,92.29,267.32,0.7718,-1,-1,-1
724,49,1171.99,768.16,80.39,251.50,0.7737,-1,-1,-1
724,57,474.41,165.49,59.58,171.24,0.5625,-1,-1,-1
724,61,1566.04,593.19,108.86,231.85,0.5179,-1,-1,-1
725,4,1718.43,451.90,86.15,215.01,0.6962,-1,-1,-1
725,43,299.30,414.09,72.90,217.48,0.7557,-1,-1,-1
725,44,1596.87,116.31,60.56,177.08,0.3820,-1,-1,-1
725,3,849.90,940.67,79.97,139.34,0.7785,-1,-1,-1
725,47,405.05,551.56,83.26,242.59,0.7180,-1,-1,-1
725,48,1242.92,744.08,92.27,267.99,0.7701,-1,-1,-1
725,49,1170.17,764.56,79.31,249.07,0.7730,-1,-1,-1
725,57,473.84,167.21,59.91,171.07,0.5596,-1,-1,-1
725,61,1566.02,594.70,108.12,230.01,0.5295,-1,-1,-1
726,4,1717.95,452.18,85.91,214.33,0.6999,-1,-1,-1
726,43,299.14,415.83,72.88,217.60,0.7592,-1,-1,-1
726,44,1596.45,115.52,59.96,176.57,0.4358,-1,-1,-1
726,3,848.72,941.98,79.70,138.03,0.7848,-1,-1,-1
726,47,407.42,552.35,84.26,242.74,0.7405,-1,-1,-1
726,48,1239.93,743.34,92.38,269.42,0.7937,-1,-1,-1
726,49,1169.10,760.56,78.68,247.60,0.7820,-1,-1,-1
726,57,473.37,168.92,60.63,172.87,0.5722,-1,-1,-1
726,61,1565.52,593.73,108.63,230.75,0.5173,-1,-1,-1
727,4,1718.50,451.90,85.79,214.41,0.7043,-1,-1,-1
727,43,299.40,418.27,72.60,216.85,0.7688,-1,-1,-1
727,44,1596.04,113.67,59.70,177.25,0.4519,-1,-1,-1
727,3,847.43,942.86,79.66,137.15,0.7869,-1,-1,-1
727,47,407.84,552.69,85.68,244.21,0.7689,-1,-1,-1
727,48,1238.23,742.11,92.23,269.22,0.8176,-1,-1,-1
727,49,1167.58,756.70,77.76,244.41,0.7975,-1,-1,-1
727,57,473.21,170.90,60.91,173.99,0.5437,-1,-1,-1
727,61,1565.30,596.46,108.15,229.17,0.4526,-1,-1,-1
727,62,418.25,172.86,51.12,167.69,0.5382,-1,-1,-1
728,4,1718.67,452.21,85.45,213.54,0.7058,-1,-1,-1
728,43,298.67,419.29,73.50,219.73,0.7558,-1,-1,-1
728,44,1595.75,112.34,59.80,178.82,0.5464,-1,-1,-1
728,3,845.86,942.70,80.21,137.31,0.7852,-1,-1,-1
728,47,408.17,552.36,86.68,245.05,0.7880,-1,-1,-1
728,48,1236.76,741.73,91.98,268.83,0.8205,-1,-1,-1
728,49,1164.54,753.89,78.68,247.14,0.8116,-1,-1,-1
728,57,472.64,171.28,61.38,176.15,0.5214,-1,-1,-1
728,61,1571.55,600.21,105.35,225.58,0.4388,-1,-1,-1
728,62,419.86,174.17,51.93,170.23,0.4944,-1,-1,-1
729,4,1718.41,451.49,85.83,214.50,0.7095,-1,-1,-1
729,43,298.06,420.45,73.79,221.29,0.7512,-1,-1,-1
729,44,1595.64,110.34,59.34,178.54,0.5594,-1,-1,-1
729,3,844.68,943.87,80.16,136.14,0.7925,-1,-1,-1
729,47,407.83,552.68,87.01,244.08,0.7756,-1,-1,-1
729,48,1235.06,740.72,91.53,267.46,0.8278,-1,-1,-1
729,49,1161.70,750.92,79.65,250.99,0.8184,-1,-1,-1
729,57,472.19,171.59,62.01,178.95,0.5290,-1,-1,-1
729,61,1568.73,598.21,106.67,227.68,0.4968,-1,-1,-1
729,62,420.99,178.21,51.00,167.04,0.4526,-1,-1,-1
730,4,1718.71,451.76,85.88,214.45,0.7114,-1,-1,-1
730,43,297.52,421.36,73.94,222.50,0.7343,-1,-1,-1
730,44,1595.82,108.63,58.61,177.32,0.4594,-1,-1,-1
730,3,843.21,944.08,80.55,135.71,0.7833,-1,-1,-1
730,47,408.41,552.84,87.32,243.78,0.7975,-1,-1,-1
730,48,1232.49,739.35,91.97,268.67,0.8115,-1,-1,-1
730,49,1157.86,749.28,80.80,255.30,0.8185,-1,-1,-1
730,57,470.11,169.12,63.10,182.66,0.4250,-1,-1,-1
730,61,1573.01,598.03,105.50,228.07,0.4973,-1,-1,-1
730,62,420.39,181.13,50.57,165.14,0.4717,-1,-1,-1
731,4,1718.84,452.16,85.76,214.16,0.7044,-1,-1,-1
731,43,297.09,421.77,73.60,222.04,0.7157,-1,-1,-1
731,44,1596.32,107.03,58.16,176.96,0.4631,-1,-1,-1
731,3,841.52,944.09,81.16,135.75,0.7829,-1,-1,-1
731,47,409.29,553.21,87.39,243.15,0.8102,-1,-1,-1
731,48,1229.35,737.22,92.08,269.95,0.7995,-1,-1,-1
731,49,1154.63,747.74,81.20,257.50,0.8074,-1,-1,-1
731,57,469.39,168.81,63.43,184.14,0.4298,-1,-1,-1
731,61,1570.11,596.98,105.80,228.02,0.5685,-1,-1,-1
731,62,419.47,183.11,50.23,163.47,0.4707,-1,-1,-1
732,4,1718.30,452.02,86.08,214.61,0.6971,-1,-1,-1
732,43,296.95,422.16,73.44,221.78,0.6784,-1,-1,-1
732,44,1597.29,105.51,57.67,176.74,0.5166,-1,-1,-1
732,3,840.55,944.67,81.29,135.24,0.7824,-1,-1,-1
732,47,411.96,553.32,87.45,243.36,0.8057,-1,-1,-1
732,48,1227.81,734.83,91.57,269.20,0.8155,-1,-1,-1
732,49,1151.85,746.26,81.65,259.70,0.8080,-1,-1,-1
732,57,469.77,172.10,62.81,182.27,0.4675,-1,-1,-1
732,61,1568.28,595.68,106.65,229.37,0.5135,-1,-1,-1
732,62,418.55,182.42,50.73,164.75,0.4671,-1,-1,-1
733,4,1717.86,451.96,86.42,215.09,0.6988,-1,-1,-1
733,43,296.59,422.75,73.18,220.92,0.6554,-1,-1,-1
733,44,1598.45,104.69,56.89,175.48,0.4988,-1,-1,-1
733,3,839.21,944.84,81.55,134.86,0.7718,-1,-1,-1
733,47,413.88,552.96,87.34,243.76,0.7861,-1,-1,-1
733,48,1226.67,730.90,88.69,261.05,0.7857,-1,-1,-1
733,49,1149.00,745.36,82.17,262.26,0.7687,-1,-1,-1
733,57,470.38,172.82,62.76,182.84,0.4828,-1,-1,-1
733,61,1567.36,593.63,107.75,231.26,0.5165,-1,-1,-1
733,62,418.47,185.27,48.95,158.42,0.4658,-1,-1,-1
734,4,1717.39,452.04,87.14,216.93,0.7049,-1,-1,-1
734,43,296.34,423.36,72.88,219.78,0.6437,-1,-1,-1
734,44,1599.37,103.88,56.60,175.44,0.3565,-1,-1,-1
734,3,838.27,944.96,81.85,134.62,0.7787,-1,-1,-1
734,47,416.77,553.03,87.12,245.15,0.7893,-1,-1,-1
734,48,1226.33,727.93,85.60,252.25,0.7812,-1,-1,-1
734,49,1147.07,746.10,81.85,261.51,0.7761,-1,-1,-1
734,57,470.76,173.25,62.46,182.61,0.4482,-1,-1,-1
734,61,1571.99,597.38,105.37,228.97,0.4541,-1,-1,-1
734,62,419.17,184.01,49.04,158.92,0.4037,-1,-1,-1
735,4,1718.31,452.32,86.40,215.01,0.6876,-1,-1,-1
735,43,295.86,424.42,72.37,217.67,0.6152,-1,-1,-1
735,44,1599.90,103.14,56.22,174.80,0.2924,-1,-1,-1
735,3,837.24,945.25,82.20,134.32,0.7784,-1,-1,-1
735,47,420.29,553.59,86.32,245.28,0.7807,-1,-1,-1
735,48,1223.77,722.53,84.45,248.43,0.7751,-1,-1,-1
735,49,1144.21,744.65,82.39,262.82,0.7573,-1,-1,-1
735,57,470.76,174.52,62.17,181.72,0.4439,-1,-1,-1
735,61,1576.38,597.82,103.62,229.17,0.5274,-1,-1,-1
735,62,419.30,185.13,48.35,156.71,0.4328,-1,-1,-1
736,4,1718.46,451.69,86.05,214.03,0.6988,-1,-1,-1
736,43,295.54,425.29,72.19,216.49,0.6422,-1,-1,-1
736,44,1600.16,103.43,55.74,173.70,0.2872,-1,-1,-1
736,3,836.34,945.25,82.83,134.55,0.7756,-1,-1,-1
736,47,425.12,553.62,85.21,245.85,0.8010,-1,-1,-1
736,48,1221.02,717.48,84.14,247.27,0.7763,-1,-1,-1
736,49,1143.02,741.88,82.27,261.41,0.7666,-1,-1,-1
736,57,471.39,173.70,62.46,183.28,0.4606,-1,-1,-1
736,61,1572.56,596.64,103.78,228.72,0.5903,-1,-1,-1
736,62,419.26,185.91,48.17,156.01,0.4222,-1,-1,-1
737,4,1718.58,451.53,86.07,214.03,0.7115,-1,-1,-1
737,43,295.52,426.35,71.72,214.57,0.6179,-1,-1,-1
737,44,1600.20,103.15,55.60,173.52,0.2981,-1,-1,-1
737,3,836.33,946.20,82.65,133.51,0.7823,-1,-1,-1
737,47,429.36,554.13,83.97,246.10,0.7950,-1,-1,-1
737,48,1219.32,712.49,84.95,250.58,0.7644,-1,-1,-1
737,49,1140.80,739.57,82.50,260.82,0.7512,-1,-1,-1
737,57,471.91,174.54,61.82,181.65,0.4152,-1,-1,-1
737,61,1576.38,596.14,103.04,230.19,0.5006,-1,-1,-1
737,62,418.99,186.45,48.16,155.73,0.4044,-1,-1,-1
738,4,1718.44,451.41,85.98,213.78,0.7169,-1,-1,-1
738,43,295.39,427.20,71.86,214.28,0.6740,-1,-1,-1
738,44,1600.42,103.24,55.13,171.89,0.2648,-1,-1,-1
738,3,836.29,946.26,82.93,133.32,0.7769,-1,-1,-1
738,47,432.81,554.65,82.99,247.46,0.8005,-1,-1,-1
738,48,1217.60,709.59,85.63,254.60,0.7670,-1,-1,-1
738,49,1137.38,737.30,83.30,263.31,0.7498,-1,-1,-1
738,57,470.50,170.56,62.70,185.42,0.3634,-1,-1,-1
738,61,1572.78,595.35,103.24,229.93,0.5402,-1,-1,-1
738,62,417.52,186.54,48.63,156.79,0.3811,-1,-1,-1
739,4,1719.02,450.76,86.01,214.09,0.7208,-1,-1,-1
739,43,295.22,427.99,72.29,215.07,0.6558,-1,-1,-1
739,44,1600.54,103.51,54.69,170.43,0.2875,-1,-1,-1
739,3,836.07,946.23,83.51,133.61,0.7797,-1,-1,-1
739,47,436.16,555.13,82.20,249.44,0.7881,-1,-1,-1
739,48,1216.04,707.45,86.12,258.26,0.7539,-1,-1,-1
739,49,1135.37,735.42,82.39,260.35,0.7799,-1,-1,-1
739,57,470.48,172.15,62.14,183.87,0.4533,-1,-1,-1
739,61,1571.55,590.87,104.88,233.87,0.5999,-1,-1,-1
739,62,415.63,186.03,49.08,157.73,0.4273,-1,-1,-1
740,4,1718.81,452.05,85.72,213.03,0.7353,-1,-1,-1
740,43,295.26,429.82,73.25,217.19,0.6927,-1,-1,-1
740,44,1600.88,103.09,54.88,170.79,0.2614,-1,-1,-1
740,3,836.10,946.15,83.91,133.71,0.7760,-1,-1,-1
740,47,439.22,555.06,81.20,250.31,0.7676,-1,-1,-1
740,48,1214.23,706.01,86.40,261.62,0.7537,-1,-1,-1
740,49,1134.13,733.13,81.10,255.10,0.7809,-1,-1,-1
740,57,469.90,170.24,62.64,185.63,0.4465,-1,-1,-1
740,61,1571.30,593.38,103.71,230.97,0.6089,-1,-1,-1
740,62,414.42,186.87,49.82,159.30,0.4270,-1,-1,-1
741,4,1718.68,451.98,85.79,213.02,0.7290,-1,-1,-1
741,43,294.93,431.61,74.30,220.01,0.6895,-1,-1,-1
741,44,1601.03,102.74,54.89,170.72,0.2679,-1,-1,-1
741,3,836.44,946.29,84.20,133.67,0.7820,-1,-1,-1
741,47,441.55,556.33,80.18,251.21,0.7569,-1,-1,-1
741,48,1212.88,705.31,85.68,261.54,0.7451,-1,-1,-1
741,49,1131.76,730.65,79.80,250.45,0.7658,-1,-1,-1
741,57,469.43,170.94,62.33,185.03,0.4813,-1,-1,-1
741,61,1571.63,593.50,103.50,230.92,0.6251,-1,-1,-1
741,62,412.91,189.45,50.56,160.86,0.4198,-1,-1,-1
742,4,1718.57,452.37,85.80,213.26,0.7067,-1,-1,-1
742,43,294.77,433.88,74.20,220.12,0.6953,-1,-1,-1
742,44,1601.18,102.89,54.48,169.24,0.2674,-1,-1,-1
742,3,836.99,946.35,84.50,133.64,0.7763,-1,-1,-1
742,47,444.17,556.39,79.30,252.11,0.7697,-1,-1,-1
742,48,1209.21,704.89,85.77,261.68,0.7562,-1,-1,-1
742,49,1128.21,727.49,79.35,248.85,0.7712,-1,-1,-1
742,57,468.89,171.44,62.14,184.42,0.4608,-1,-1,-1
742,61,1572.09,593.42,103.50,231.26,0.6466,-1,-1,-1
742,62,412.17,194.23,50.43,158.52,0.5108,-1,-1,-1
743,4,1718.43,452.18,85.62,213.50,0.7186,-1,-1,-1
743,43,295.06,436.79,74.09,219.97,0.7122,-1,-1,-1
743,3,837.73,946.64,84.58,133.36,0.7722,-1,-1,-1
743,47,449.40,557.16,78.67,251.38,0.7575,-1,-1,-1
743,48,1205.11,704.86,85.80,261.14,0.7495,-1,-1,-1
743,49,1124.86,723.66,79.49,249.11,0.7671,-1,-1,-1
743,57,466.96,169.43,62.77,187.71,0.3448,-1,-1,-1
743,61,1571.53,591.95,104.04,232.54,0.5908,-1,-1,-1
743,62,412.12,198.69,50.12,156.06,0.5360,-1,-1,-1
744,4,1718.78,453.09,85.40,213.29,0.7290,-1,-1,-1
744,43,295.50,439.79,73.77,219.40,0.7053,-1,-1,-1
744,3,838.65,947.39,84.36,132.62,0.7751,-1,-1,-1
744,47,454.77,558.95,78.40,248.82,0.7516,-1,-1,-1
744,48,1201.27,704.43,85.71,260.67,0.7384,-1,-1,-1
744,49,1122.76,721.18,79.37,248.84,0.7698,-1,-1,-1
744,57,465.85,173.94,61.81,185.32,0.3916,-1,-1,-1
744,61,1571.35,592.93,103.49,231.51,0.6373,-1,-1,-1
744,62,411.78,200.80,50.46,156.00,0.5224,-1,-1,-1
745,4,1718.67,452.88,85.42,213.37,0.7264,-1,-1,-1
745,43,296.00,441.91,73.79,220.14,0.6983,-1,-1,-1
745,3,839.78,947.78,84.40,132.23,0.7743,-1,-1,-1
745,47,459.64,560.32,78.70,245.90,0.7886,-1,-1,-1
745,48,1199.05,704.69,85.14,258.49,0.7432,-1,-1,-1
745,49,1121.12,719.05,80.05,251.54,0.7688,-1,-1,-1
745,57,464.28,175.43,62.38,187.62,0.4133,-1,-1,-1
745,61,1571.83,592.88,103.45,231.70,0.6418,-1,-1,-1
745,62,411.10,202.66,51.07,157.39,0.5490,-1,-1,-1
746,4,1719.33,453.38,85.20,212.52,0.7109,-1,-1,-1
746,43,296.44,444.00,73.99,221.67,0.6981,-1,-1,-1
746,3,841.11,948.17,84.37,131.84,0.7821,-1,-1,-1
746,47,463.30,561.46,80.06,244.75,0.8047,-1,-1,-1
746,48,1196.14,702.95,85.47,259.02,0.7510,-1,-1,-1
746,49,1119.09,717.84,80.58,253.31,0.7649,-1,-1,-1
746,57,464.54,179.62,61.98,185.16,0.5116,-1,-1,-1
746,61,1573.09,595.13,102.37,229.54,0.6678,-1,-1,-1
746,62,409.36,202.31,51.72,159.89,0.5130,-1,-1,-1
747,4,1719.26,453.05,85.23,212.72,0.7111,-1,-1,-1
747,43,297.09,445.18,74.20,223.55,0.7237,-1,-1,-1
747,3,842.72,948.33,84.41,131.68,0.7861,-1,-1,-1
747,47,465.16,562.04,82.03,245.48,0.8200,-1,-1,-1
747,48,1191.26,700.93,86.72,262.42,0.7580,-1,-1,-1
747,49,1116.52,715.81,80.88,255.21,0.7765,-1,-1,-1
747,57,464.84,183.16,61.29,182.84,0.5621,-1,-1,-1
747,61,1571.79,592.36,103.72,232.36,0.5983,-1,-1,-1
747,62,409.53,203.70,51.17,157.89,0.5427,-1,-1,-1
748,4,1718.68,453.75,85.02,212.38,0.7003,-1,-1,-1
748,43,297.75,445.83,73.86,223.16,0.7090,-1,-1,-1
748,3,844.15,948.65,84.30,131.36,0.7900,-1,-1,-1
748,47,466.36,563.34,84.02,245.49,0.8214,-1,-1,-1
748,48,1188.04,698.70,85.98,260.01,0.8099,-1,-1,-1
748,49,1114.39,714.39,80.69,255.74,0.8041,-1,-1,-1
748,57,464.61,186.21,60.82,180.72,0.5503,-1,-1,-1
748,61,1568.68,595.17,103.53,231.17,0.5218,-1,-1,-1
748,62,408.81,203.53,51.40,159.02,0.5536,-1,-1,-1
749,4,1718.49,454.24,85.15,213.29,0.6840,-1,-1,-1
749,43,298.82,446.11,73.84,223.86,0.6985,-1,-1,-1
749,3,846.15,949.70,83.74,130.31,0.7889,-1,-1,-1
749,47,467.51,564.62,86.24,246.21,0.8096,-1,-1,-1
749,48,1186.02,696.64,83.75,252.08,0.8109,-1,-1,-1
749,49,1112.57,712.36,80.26,255.89,0.8259,-1,-1,-1
749,57,463.73,187.86,60.78,181.16,0.5759,-1,-1,-1
749,61,1569.94,590.55,104.90,234.50,0.5871,-1,-1,-1
749,62,408.24,204.47,50.85,157.98,0.5304,-1,-1,-1
750,4,1718.35,453.78,85.34,213.80,0.7084,-1,-1,-1
750,43,299.77,446.85,73.47,223.08,0.6985,-1,-1,-1
750,3,848.57,951.21,82.80,128.79,0.7691,-1,-1,-1
750,47,467.97,565.12,88.38,247.12,0.8154,-1,-1,-1
750,48,1183.11,693.69,84.92,255.51,0.7880,-1,-1,-1
750,49,1110.77,711.41,80.19,257.19,0.8175,-1,-1,-1
750,57,462.78,187.25,61.58,184.21,0.5022,-1,-1,-1
750,61,1571.14,591.50,104.13,233.13,0.6230,-1,-1,-1
750,62,408.16,203.76,51.41,159.65,0.5512,-1,-1,-1
751,4,1717.49,454.64,84.84,212.11,0.6833,-1,-1,-1
751,43,301.27,447.18,73.24,221.96,0.7019,-1,-1,-1
751,3,851.14,952.21,82.25,127.80,0.7663,-1,-1,-1
751,47,468.12,565.69,90.00,246.87,0.8107,-1,-1,-1
751,48,1181.39,689.37,82.59,248.09,0.7993,-1,-1,-1
751,49,1107.78,709.42,78.92,255.21,0.8050,-1,-1,-1
751,57,462.60,193.22,60.54,180.94,0.4754,-1,-1,-1
751,61,1571.64,592.03,103.82,232.36,0.6176,-1,-1,-1
751,62,408.37,203.91,50.80,158.22,0.5039,-1,-1,-1
752,4,1716.94,454.04,85.22,213.06,0.6903,-1,-1,-1
752,43,302.06,447.88,73.41,221.77,0.7230,-1,-1,-1
752,3,853.09,952.35,82.26,127.66,0.7692,-1,-1,-1
752,47,470.00,565.97,91.10,246.38,0.7863,-1,-1,-1
752,48,1179.60,685.39,81.31,244.08,0.7706,-1,-1,-1
752,49,1105.29,709.48,78.40,254.83,0.7866,-1,-1,-1
752,57,462.10,194.90,60.69,180.99,0.4692,-1,-1,-1
752,61,1569.43,594.28,103.50,231.49,0.5351,-1,-1,-1
752,62,408.03,204.62,50.55,158.03,0.4700,-1,-1,-1
753,4,1716.22,453.18,85.56,214.14,0.6776,-1,-1,-1
753,43,302.79,448.66,73.38,220.40,0.7255,-1,-1,-1
753,3,854.94,952.59,82.19,127.41,0.7731,-1,-1,-1
753,47,471.99,566.31,91.83,246.10,0.7559,-1,-1,-1
753,48,1175.34,680.67,82.68,248.30,0.7476,-1,-1,-1
753,49,1103.30,707.85,78.01,255.62,0.7786,-1,-1,-1
753,57,460.78,194.67,61.03,182.11,0.4559,-1,-1,-1
753,61,1570.77,592.40,103.89,232.19,0.5783,-1,-1,-1
753,62,407.80,205.74,49.61,155.41,0.5116,-1,-1,-1
754,4,1716.10,453.72,85.15,212.88,0.6710,-1,-1,-1
754,43,303.38,449.90,73.11,217.68,0.7195,-1,-1,-1
754,3,856.78,952.50,82.24,127.26,0.7783,-1,-1,-1
754,47,474.98,566.47,91.87,246.22,0.7269,-1,-1,-1
754,48,1172.54,676.88,83.50,250.97,0.7509,-1,-1,-1
754,49,1100.98,704.86,78.60,259.66,0.7822,-1,-1,-1
754,57,460.40,193.59,61.43,183.66,0.4170,-1,-1,-1
754,61,1570.29,591.70,104.24,232.92,0.5083,-1,-1,-1
754,62,406.67,205.08,49.78,156.52,0.5009,-1,-1,-1
755,4,1715.61,452.64,85.20,213.77,0.6759,-1,-1,-1
755,43,303.81,451.12,73.19,215.99,0.7352,-1,-1,-1
755,3,858.63,952.39,82.46,127.52,0.7788,-1,-1,-1
755,47,477.49,567.39,91.22,246.51,0.7220,-1,-1,-1
755,48,1169.36,673.23,84.72,255.42,0.7573,-1,-1,-1
755,49,1098.96,702.26,78.10,259.69,0.7653,-1,-1,-1
755,57,458.18,192.17,62.55,186.73,0.4010,-1,-1,-1
755,61,1570.99,590.94,104.50,233.94,0.5955,-1,-1,-1
755,62,406.45,207.15,49.30,154.35,0.4306,-1,-1,-1
756,4,1715.42,453.41,85.07,214.23,0.6733,-1,-1,-1
756,43,304.54,452.59,73.71,215.03,0.7347,-1,-1,-1
756,3,859.95,952.26,82.75,127.56,0.7796,-1,-1,-1
756,47,481.97,567.51,89.90,247.26,0.6995,-1,-1,-1
756,48,1167.24,671.60,85.29,257.95,0.7703,-1,-1,-1
756,49,1098.29,698.30,75.80,252.69,0.7611,-1,-1,-1
756,57,457.71,192.75,62.12,185.06,0.4601,-1,-1,-1
756,61,1570.53,589.87,104.82,235.00,0.5743,-1,-1,-1
756,62,405.21,207.23,49.51,154.47,0.4652,-1,-1,-1
757,4,1715.74,453.40,84.42,213.66,0.6813,-1,-1,-1
757,43,304.22,454.79,74.88,216.56,0.7447,-1,-1,-1
757,3,861.36,953.15,82.64,126.78,0.7813,-1,-1,-1
757,47,488.88,567.28,87.62,246.07,0.7102,-1,-1,-1
757,48,1166.20,670.57,85.30,258.84,0.7722,-1,-1,-1
757,49,1097.31,694.49,74.66,248.58,0.7605,-1,-1,-1
757,57,455.78,190.82,63.05,186.63,0.5042,-1,-1,-1
757,61,1570.63,593.27,103.72,232.39,0.4618,-1,-1,-1
757,62,404.13,205.39,50.57,157.84,0.4470,-1,-1,-1
758,4,1715.89,453.03,83.82,213.32,0.7097,-1,-1,-1
758,43,303.40,457.71,76.15,218.82,0.7484,-1,-1,-1
758,3,862.62,953.51,82.84,126.47,0.7722,-1,-1,-1
758,47,494.09,566.05,86.40,247.53,0.7183,-1,-1,-1
758,48,1165.18,670.39,85.34,258.96,0.7700,-1,-1,-1
758,49,1096.84,691.01,72.78,240.34,0.7665,-1,-1,-1
758,57,454.73,189.35,64.11,189.41,0.4778,-1,-1,-1
758,61,1570.51,591.31,104.41,233.35,0.4405,-1,-1,-1
758,62,403.33,205.08,51.37,161.19,0.4707,-1,-1,-1
759,4,1716.01,452.88,83.27,213.24,0.6916,-1,-1,-1
759,43,302.67,459.13,77.54,221.95,0.7502,-1,-1,-1
759,3,864.74,954.37,82.81,125.62,0.7555,-1,-1,-1
759,47,499.00,565.54,85.08,248.79,0.7155,-1,-1,-1
759,48,1163.49,670.16,85.96,259.80,0.7585,-1,-1,-1
759,49,1095.11,688.11,73.05,240.20,0.7504,-1,-1,-1
759,57,454.00,188.89,64.40,189.36,0.4777,-1,-1,-1
759,61,1570.80,593.11,103.73,231.10,0.5485,-1,-1,-1
759,62,403.21,205.71,51.54,162.54,0.5148,-1,-1,-1
760,4,1716.12,452.92,82.66,212.98,0.6997,-1,-1,-1
760,43,302.38,461.94,78.32,223.50,0.7342,-1,-1,-1
760,3,866.85,954.69,83.28,125.31,0.7563,-1,-1,-1
760,47,504.09,565.20,83.86,249.52,0.7248,-1,-1,-1
760,48,1161.91,669.12,86.24,259.61,0.7647,-1,-1,-1
760,49,1092.98,686.48,74.11,242.86,0.7464,-1,-1,-1
760,57,452.97,187.33,64.79,189.25,0.4794,-1,-1,-1
760,61,1571.48,593.81,103.44,230.27,0.6343,-1,-1,-1
760,62,403.54,206.93,52.38,165.71,0.4921,-1,-1,-1
761,4,1715.36,453.10,82.08,212.14,0.7152,-1,-1,-1
761,43,302.21,464.43,78.48,223.19,0.7137,-1,-1,-1
761,3,868.59,954.77,83.95,125.23,0.7728,-1,-1,-1
761,47,508.91,565.39,82.51,248.89,0.7487,-1,-1,-1
761,48,1159.46,667.86,86.96,260.96,0.7653,-1,-1,-1
761,49,1090.72,685.11,74.49,243.42,0.7418,-1,-1,-1
761,57,452.64,189.27,64.51,186.53,0.4997,-1,-1,-1
761,61,1571.19,594.46,103.33,229.57,0.6093,-1,-1,-1
761,62,403.65,207.90,52.86,167.56,0.4126,-1,-1,-1
762,4,1715.80,453.67,81.33,210.87,0.7043,-1,-1,-1
762,43,302.05,466.81,78.57,223.06,0.7276,-1,-1,-1
762,3,869.65,955.19,84.20,124.81,0.7772,-1,-1,-1
762,47,513.55,566.84,81.29,247.35,0.7714,-1,-1,-1
762,48,1157.17,666.81,87.45,261.89,0.7526,-1,-1,-1
762,49,1088.43,683.20,74.95,244.93,0.7450,-1,-1,-1
762,57,452.93,191.48,64.70,185.86,0.5029,-1,-1,-1
762,61,1571.30,594.27,103.68,230.24,0.6272,-1,-1,-1
762,62,404.29,208.90,53.42,169.41,0.5095,-1,-1,-1
763,4,1716.75,454.47,81.30,211.53,0.7116,-1,-1,-1
763,43,301.14,468.69,78.80,224.06,0.7423,-1,-1,-1
763,3,870.23,955.66,84.41,124.35,0.7778,-1,-1,-1
763,47,517.21,567.61,80.42,246.26,0.7639,-1,-1,-1
763,48,1154.64,664.69,87.05,261.06,0.7503,-1,-1,-1
763,49,1084.54,682.20,75.91,246.67,0.7475,-1,-1,-1
763,57,453.92,199.04,62.75,179.99,0.4843,-1,-1,-1
763,61,1570.86,594.34,103.74,230.21,0.6035,-1,-1,-1
763,62,404.52,209.43,53.55,170.29,0.5251,-1,-1,-1
764,4,1717.09,454.01,81.22,211.95,0.7216,-1,-1,-1
764,43,299.26,469.31,79.47,226.66,0.7417,-1,-1,-1
764,3,870.67,956.26,84.48,123.75,0.7731,-1,-1,-1
764,47,519.97,568.23,79.90,245.51,0.7565,-1,-1,-1
764,48,1152.12,661.01,87.21,261.67,0.7568,-1,-1,-1
764,49,1081.78,680.02,77.11,250.77,0.7462,-1,-1,-1
764,57,454.06,202.85,62.31,178.92,0.5304,-1,-1,-1
764,61,1570.69,593.42,104.10,231.07,0.5379,-1,-1,-1
764,62,403.81,208.94,54.12,172.56,0.5252,-1,-1,-1
765,4,1717.21,453.46,81.27,213.04,0.7137,-1,-1,-1
765,43,297.79,469.94,79.82,228.93,0.7126,-1,-1,-1
765,3,870.83,956.89,84.44,123.11,0.7696,-1,-1,-1
765,47,523.18,568.47,80.41,245.70,0.7482,-1,-1,-1
765,48,1149.98,659.82,86.62,259.88,0.7424,-1,-1,-1
765,49,1079.04,678.19,77.74,253.15,0.7339,-1,-1,-1
765,57,454.09,204.96,62.29,179.31,0.5458,-1,-1,-1
765,61,1570.92,593.01,104.18,231.22,0.5522,-1,-1,-1
765,62,402.34,209.25,54.54,173.63,0.5035,-1,-1,-1
766,4,1717.46,454.85,80.16,210.74,0.7412,-1,-1,-1
766,43,295.93,470.68,79.27,228.88,0.6359,-1,-1,-1
766,3,871.11,957.00,84.64,123.01,0.7581,-1,-1,-1
766,47,527.60,569.38,81.50,245.53,0.7485,-1,-1,-1
766,48,1147.92,657.13,86.21,257.58,0.7225,-1,-1,-1
766,49,1076.85,677.26,78.53,255.09,0.7219,-1,-1,-1
766,57,452.99,204.12,63.35,183.47,0.4861,-1,-1,-1
766,61,1570.43,591.68,104.80,232.80,0.6036,-1,-1,-1
766,62,401.36,210.57,54.32,172.41,0.4878,-1,-1,-1
767,4,1717.46,455.24,80.08,211.21,0.7281,-1,-1,-1
767,43,294.54,471.87,78.55,228.01,0.5970,-1,-1,-1
767,3,871.03,957.36,84.75,122.64,0.7596,-1,-1,-1
767,47,528.68,569.69,82.51,246.38,0.7566,-1,-1,-1
767,48,1145.82,653.91,85.15,253.99,0.7160,-1,-1,-1
767,49,1074.94,675.49,78.82,255.52,0.7363,-1,-1,-1
767,57,452.26,203.52,63.69,185.71,0.4785,-1,-1,-1
767,61,1574.87,596.01,102.15,229.80,0.5044,-1,-1,-1
767,62,401.00,211.00,54.47,172.54,0.4531,-1,-1,-1
768,4,1717.96,453.71,80.24,212.79,0.7127,-1,-1,-1
768,43,293.30,472.83,77.85,226.99,0.6011,-1,-1,-1
768,3,871.22,957.51,84.97,122.49,0.7704,-1,-1,-1
768,47,528.89,569.86,83.38,246.87,0.7619,-1,-1,-1
768,48,1143.53,650.83,83.73,249.07,0.7496,-1,-1,-1
768,49,1073.82,673.71,78.92,255.74,0.7420,-1,-1,-1
768,57,450.76,200.29,65.24,191.54,0.5082,-1,-1,-1
768,61,1572.34,592.32,103.46,232.65,0.5487,-1,-1,-1
768,62,401.26,209.76,54.77,174.06,0.3983,-1,-1,-1
769,4,1718.44,454.02,79.32,211.15,0.7264,-1,-1,-1
769,43,292.93,473.33,77.58,226.77,0.6547,-1,-1,-1
769,3,871.48,958.12,85.03,121.88,0.7755,-1,-1,-1
769,47,529.45,571.50,83.65,245.08,0.7592,-1,-1,-1
769,48,1141.31,648.05,82.32,244.99,0.7917,-1,-1,-1
769,49,1071.16,670.97,78.68,254.41,0.7823,-1,-1,-1
769,57,450.17,196.74,66.07,195.76,0.4056,-1,-1,-1
769,61,1570.95,593.93,102.29,232.25,0.3885,-1,-1,-1
769,62,401.52,206.47,55.66,177.53,0.3592,-1,-1,-1
770,4,1719.18,454.88,78.61,209.96,0.7268,-1,-1,-1
770,43,292.99,474.19,76.97,225.31,0.6364,-1,-1,-1
770,3,871.78,957.66,85.79,122.34,0.7877,-1,-1,-1
770,47,529.74,571.88,84.45,244.80,0.7697,-1,-1,-1
770,48,1139.45,646.07,81.03,241.55,0.8173,-1,-1,-1
770,49,1067.92,669.34,78.14,251.74,0.7979,-1,-1,-1
770,57,450.12,197.40,65.42,195.02,0.3884,-1,-1,-1
770,61,1573.72,594.89,101.13,231.38,0.4261,-1,-1,-1
770,62,402.04,207.55,55.37,177.73,0.3617,-1,-1,-1
771,4,1719.97,453.40,79.08,212.53,0.7263,-1,-1,-1
771,43,292.01,474.51,76.55,224.59,0.6697,-1,-1,-1
771,3,872.03,957.74,86.16,122.26,0.7911,-1,-1,-1
771,47,529.93,572.18,84.94,244.09,0.7609,-1,-1,-1
771,48,1137.29,644.29,80.93,241.91,0.8070,-1,-1,-1
771,49,1066.07,667.18,76.58,244.72,0.8046,-1,-1,-1
771,57,449.97,199.63,64.66,194.21,0.5156,-1,-1,-1
771,61,1569.32,598.40,100.82,228.56,0.4357,-1,-1,-1
771,62,402.04,207.55,55.11,178.04,0.3453,-1,-1,-1
772,4,1720.71,453.36,78.60,212.24,0.7256,-1,-1,-1
772,43,291.70,475.65,75.98,223.40,0.6670,-1,-1,-1
772,3,872.60,957.98,86.52,122.02,0.7939,-1,-1,-1
772,47,530.93,571.65,85.30,243.54,0.7495,-1,-1,-1
772,48,1135.22,642.05,81.56,244.60,0.7855,-1,-1,-1
772,49,1064.55,664.70,76.35,241.82,0.8004,-1,-1,-1
772,57,450.45,201.77,63.58,192.02,0.5197,-1,-1,-1
772,61,1569.48,590.53,103.70,234.71,0.5419,-1,-1,-1
772,62,402.34,211.24,53.78,174.50,0.4031,-1,-1,-1
773,4,1720.36,452.28,78.07,212.02,0.7323,-1,-1,-1
773,43,291.76,476.51,75.72,222.77,0.6812,-1,-1,-1
773,3,872.79,958.06,86.85,121.94,0.8032,-1,-1,-1
773,47,533.95,570.65,85.42,243.61,0.7283,-1,-1,-1
773,48,1133.45,640.65,81.54,245.60,0.7657,-1,-1,-1
773,49,1062.36,661.50,75.74,239.10,0.8114,-1,-1,-1
773,57,450.88,205.23,62.15,188.06,0.4465,-1,-1,-1
773,61,1571.13,597.34,101.00,228.63,0.4887,-1,-1,-1
773,62,402.62,213.02,52.44,170.58,0.4174,-1,-1,-1
774,4,1720.98,452.10,77.53,212.01,0.7193,-1,-1,-1
774,43,291.85,477.61,75.71,222.13,0.7173,-1,-1,-1
774,3,873.01,958.00,87.31,122.00,0.7987,-1,-1,-1
774,47,536.34,569.96,85.29,244.09,0.7214,-1,-1,-1
774,48,1131.83,639.55,81.57,245.95,0.7613,-1,-1,-1
774,49,1059.72,660.16,75.24,237.55,0.7759,-1,-1,-1
774,57,450.96,204.56,61.81,187.76,0.3816,-1,-1,-1
774,61,1571.94,599.19,100.27,227.20,0.5107,-1,-1,-1
774,62,401.66,213.21,52.47,171.46,0.3983,-1,-1,-1
775,4,1721.42,452.81,76.54,210.44,0.7301,-1,-1,-1
775,43,291.29,478.64,75.86,222.21,0.7412,-1,-1,-1
775,3,873.12,957.92,87.75,122.08,0.8051,-1,-1,-1
775,47,539.85,570.11,84.59,243.76,0.7006,-1,-1,-1
775,48,1128.28,638.63,82.81,249.02,0.7754,-1,-1,-1
775,49,1056.60,658.12,75.27,237.98,0.7552,-1,-1,-1
775,57,450.44,203.64,61.66,187.98,0.4349,-1,-1,-1
775,61,1569.25,597.48,101.42,229.17,0.4853,-1,-1,-1
775,62,401.59,217.46,51.74,168.80,0.4491,-1,-1,-1
776,4,1721.34,452.52,76.28,210.87,0.7378,-1,-1,-1
776,43,290.47,479.92,76.11,222.69,0.7494,-1,-1,-1
776,3,873.16,958.59,87.63,121.41,0.7918,-1,-1,-1
776,47,543.54,570.96,83.32,242.97,0.6932,-1,-1,-1
776,48,1126.69,636.95,83.42,251.68,0.7789,-1,-1,-1
776,49,1053.54,654.91,75.54,239.87,0.7632,-1,-1,-1
776,57,449.83,201.92,61.97,189.46,0.3956,-1,-1,-1
776,61,1569.83,597.89,101.25,228.63,0.5505,-1,-1,-1
776,62,400.64,216.44,52.08,170.75,0.4296,-1,-1,-1
777,4,1721.88,452.36,75.71,210.39,0.7365,-1,-1,-1
777,43,289.44,480.99,76.96,225.34,0.7680,-1,-1,-1
777,3,873.76,959.21,87.49,120.79,0.7869,-1,-1,-1
777,47,547.02,571.44,82.43,243.89,0.7099,-1,-1,-1
777,48,1124.51,635.46,83.73,253.57,0.7136,-1,-1,-1
777,49,1050.86,652.12,76.49,243.62,0.7516,-1,-1,-1
777,57,448.94,202.95,61.59,188.47,0.2715,-1,-1,-1
777,61,1569.89,595.94,101.95,229.95,0.4952,-1,-1,-1
777,62,401.10,218.14,51.54,169.57,0.3462,-1,-1,-1
778,4,1722.03,452.46,75.39,210.38,0.7490,-1,-1,-1
778,43,289.32,483.48,76.77,225.07,0.7582,-1,-1,-1
778,3,874.04,959.25,87.76,120.75,0.7886,-1,-1,-1
778,47,551.77,571.76,81.05,244.91,0.7169,-1,-1,-1
778,48,1123.69,633.84,83.30,253.46,0.7312,-1,-1,-1
778,49,1049.09,649.72,77.04,246.49,0.7584,-1,-1,-1
778,57,448.42,203.32,61.34,187.55,0.3159,-1,-1,-1
778,61,1570.17,592.63,103.13,232.22,0.5978,-1,-1,-1
778,62,400.23,217.85,51.77,170.84,0.2927,-1,-1,-1
779,4,1721.69,452.21,75.36,210.89,0.7454,-1,-1,-1
779,43,288.80,486.32,76.46,224.58,0.7575,-1,-1,-1
779,3,874.34,959.20,88.04,120.80,0.7903,-1,-1,-1
779,47,556.49,571.97,80.39,248.22,0.7204,-1,-1,-1
779,48,1119.75,632.00,83.65,254.23,0.7265,-1,-1,-1
779,49,1047.18,646.91,77.58,249.62,0.7557,-1,-1,-1
779,57,448.10,209.01,60.32,184.32,0.2522,-1,-1,-1
779,61,1570.76,589.40,104.21,234.97,0.6011,-1,-1,-1
779,62,399.37,221.43,51.94,171.04,0.3514,-1,-1,-1
780,4,1721.94,452.14,75.30,211.39,0.7453,-1,-1,-1
780,43,288.59,489.14,76.39,225.00,0.7535,-1,-1,-1
780,3,874.25,959.34,88.15,120.66,0.7825,-1,-1,-1
780,47,560.64,572.52,78.49,247.34,0.7032,-1,-1,-1
780,48,1117.26,629.64,84.02,255.52,0.7427,-1,-1,-1
780,49,1045.74,645.60,77.63,250.85,0.7534,-1,-1,-1
780,57,447.72,216.22,58.51,179.44,0.2787,-1,-1,-1
780,61,1570.45,588.16,104.58,235.81,0.6150,-1,-1,-1
780,62,399.34,224.33,51.80,170.42,0.3894,-1,-1,-1
781,4,1722.23,451.68,74.99,211.39,0.7394,-1,-1,-1
781,43,288.20,490.98,76.57,226.28,0.7641,-1,-1,-1
781,3,874.30,959.14,88.36,120.86,0.7806,-1,-1,-1
781,47,563.18,571.27,78.40,252.16,0.6860,-1,-1,-1
781,48,1113.78,627.30,84.04,255.54,0.7638,-1,-1,-1
781,49,1045.04,647.30,76.17,245.37,0.7500,-1,-1,-1
781,57,447.74,216.66,58.93,182.20,0.3349,-1,-1,-1
781,61,1571.43,589.92,103.60,233.71,0.6607,-1,-1,-1
781,62,399.95,224.54,52.02,171.13,0.3663,-1,-1,-1
782,4,1722.07,451.32,74.78,211.17,0.7389,-1,-1,-1
782,43,288.00,492.54,77.28,229.56,0.7718,-1,-1,-1
782,3,874.35,958.79,88.55,121.22,0.7725,-1,-1,-1
782,47,564.76,572.02,78.33,256.04,0.6350,-1,-1,-1
782,48,1111.42,624.96,82.02,249.10,0.7757,-1,-1,-1
782,49,1043.13,645.49,76.54,247.52,0.7436,-1,-1,-1
782,57,446.73,216.18,59.58,184.92,0.3242,-1,-1,-1
782,61,1571.00,591.34,103.15,232.45,0.5863,-1,-1,-1
782,62,400.50,226.46,51.62,169.14,0.3824,-1,-1,-1
783,4,1722.59,451.92,74.71,210.98,0.7195,-1,-1,-1
783,43,287.82,493.79,77.89,232.84,0.7751,-1,-1,-1
783,3,874.59,958.36,88.65,121.64,0.7677,-1,-1,-1
783,47,567.27,572.56,77.96,258.43,0.6392,-1,-1,-1
783,48,1109.91,622.38,80.33,244.00,0.7568,-1,-1,-1
783,49,1042.05,644.54,76.43,248.20,0.7383,-1,-1,-1
783,57,445.36,216.72,60.34,187.72,0.3805,-1,-1,-1
783,61,1571.84,592.54,102.74,231.33,0.6514,-1,-1,-1
783,62,399.10,224.49,51.88,169.96,0.3818,-1,-1,-1
784,4,1722.39,451.92,74.97,211.98,0.7112,-1,-1,-1
784,43,287.93,494.82,77.93,234.14,0.7650,-1,-1,-1
784,3,874.80,958.20,88.44,121.80,0.7525,-1,-1,-1
784,47,571.42,572.99,74.58,249.37,0.5587,-1,-1,-1
784,48,1107.51,619.23,79.02,239.62,0.7697,-1,-1,-1
784,49,1040.90,643.37,75.30,246.11,0.7442,-1,-1,-1
784,57,445.94,217.56,60.82,188.70,0.3650,-1,-1,-1
784,61,1572.75,595.82,101.36,228.15,0.6969,-1,-1,-1
784,62,399.59,226.88,51.52,168.96,0.4661,-1,-1,-1
785,4,1722.51,452.00,74.86,211.68,0.7248,-1,-1,-1
785,43,288.38,495.79,77.53,234.10,0.7664,-1,-1,-1
785,3,875.08,957.06,88.65,122.94,0.7633,-1,-1,-1
785,47,575.70,573.42,72.53,245.33,0.5801,-1,-1,-1
785,48,1105.13,616.18,78.98,239.32,0.7503,-1,-1,-1
785,49,1039.87,642.02,74.90,246.07,0.7486,-1,-1,-1
785,57,445.52,218.29,61.46,190.10,0.4172,-1,-1,-1
785,61,1572.12,594.32,102.07,229.78,0.6281,-1,-1,-1
785,62,399.20,227.32,51.46,169.02,0.4636,-1,-1,-1
786,4,1722.22,451.45,74.72,211.80,0.7276,-1,-1,-1
786,43,288.72,496.90,77.04,233.30,0.7664,-1,-1,-1
786,3,875.19,956.46,88.34,123.54,0.7569,-1,-1,-1
786,47,579.91,575.10,70.87,241.39,0.5838,-1,-1,-1
786,48,1102.18,614.89,78.41,238.27,0.7509,-1,-1,-1
786,49,1038.63,639.95,74.26,245.10,0.7317,-1,-1,-1
786,57,445.18,220.11,61.46,189.76,0.4393,-1,-1,-1
786,61,1571.38,594.07,102.24,230.24,0.6492,-1,-1,-1
786,62,399.15,229.05,50.87,167.05,0.4729,-1,-1,-1
787,4,1722.79,452.25,74.55,211.32,0.7238,-1,-1,-1
787,43,289.50,497.97,76.55,231.84,0.7492,-1,-1,-1
787,3,875.48,955.81,87.92,124.19,0.7692,-1,-1,-1
787,47,585.70,577.07,70.66,238.62,0.5939,-1,-1,-1
787,48,1099.98,612.09,79.06,241.88,0.7825,-1,-1,-1
787,49,1036.73,636.96,73.75,244.38,0.7424,-1,-1,-1
787,57,444.61,221.29,61.18,187.37,0.4265,-1,-1,-1
787,61,1571.77,594.86,102.00,229.46,0.6594,-1,-1,-1
787,62,398.98,231.78,50.20,164.55,0.4852,-1,-1,-1
788,4,1722.71,452.52,74.56,211.62,0.7080,-1,-1,-1
788,43,289.73,499.14,76.22,230.27,0.7403,-1,-1,-1
788,3,875.31,955.39,87.44,124.61,0.7727,-1,-1,-1
788,47,589.14,578.77,70.89,238.03,0.5399,-1,-1,-1
788,48,1097.76,610.50,79.46,244.62,0.7645,-1,-1,-1
788,49,1035.06,634.19,72.36,239.88,0.7380,-1,-1,-1
788,57,444.00,222.30,61.19,187.20,0.5000,-1,-1,-1
788,61,1572.95,594.50,102.04,229.66,0.6773,-1,-1,-1
788,62,396.81,226.52,51.61,169.04,0.4636,-1,-1,-1
789,4,1722.98,452.82,74.81,212.74,0.7222,-1,-1,-1
789,43,289.73,500.58,75.97,228.38,0.7459,-1,-1,-1
789,3,875.39,955.48,86.65,124.52,0.7687,-1,-1,-1
789,47,592.03,580.59,71.00,236.43,0.5923,-1,-1,-1
789,48,1094.90,608.78,80.43,248.66,0.7917,-1,-1,-1
789,49,1033.11,631.22,71.48,235.89,0.7273,-1,-1,-1
789,57,443.41,223.01,60.78,186.53,0.4826,-1,-1,-1
789,61,1571.82,594.43,102.32,229.97,0.6657,-1,-1,-1
789,62,397.27,228.13,51.82,168.63,0.4562,-1,-1,-1
790,4,1722.57,452.32,74.46,212.53,0.7283,-1,-1,-1
790,43,290.18,501.73,75.45,225.62,0.7443,-1,-1,-1
790,3,875.24,954.18,86.82,125.82,0.7741,-1,-1,-1
790,47,594.17,582.07,71.15,235.51,0.5949,-1,-1,-1
790,48,1093.44,607.29,80.84,250.70,0.7809,-1,-1,-1
790,49,1032.74,629.23,68.90,225.11,0.7180,-1,-1,-1
790,57,443.59,224.63,60.25,185.39,0.4169,-1,-1,-1
790,61,1571.62,594.11,102.39,229.95,0.6714,-1,-1,-1
790,62,398.52,230.82,51.96,168.47,0.4160,-1,-1,-1
791,4,1722.50,452.77,74.56,212.91,0.7328,-1,-1,-1
791,43,290.00,502.54,75.63,225.07,0.7398,-1,-1,-1
791,3,875.77,953.85,86.08,126.15,0.7572,-1,-1,-1
791,47,596.94,583.19,71.21,234.08,0.6074,-1,-1,-1
791,48,1092.22,606.47,81.49,252.74,0.7686,-1,-1,-1
791,49,1031.15,626.84,69.37,224.94,0.7302,-1,-1,-1
791,57,442.85,223.65,60.42,185.62,0.4586,-1,-1,-1
791,61,1570.78,593.57,102.71,230.69,0.7023,-1,-1,-1
791,62,397.83,231.52,52.30,168.99,0.4136,-1,-1,-1
792,4,1722.26,452.58,74.40,212.60,0.7486,-1,-1,-1
792,43,289.70,503.60,75.80,224.54,0.7442,-1,-1,-1
792,3,876.11,953.33,85.25,126.67,0.7581,-1,-1,-1
792,47,598.69,584.10,71.43,233.12,0.5917,-1,-1,-1
792,48,1091.54,606.07,82.26,254.86,0.7664,-1,-1,-1
792,49,1028.46,624.10,71.57,231.47,0.7442,-1,-1,-1
792,57,442.46,224.84,60.39,185.32,0.4488,-1,-1,-1
792,61,1569.62,591.05,103.83,233.24,0.6776,-1,-1,-1
792,62,396.98,232.97,52.98,170.13,0.4273,-1,-1,-1
793,4,1722.34,452.47,74.11,212.21,0.7370,-1,-1,-1
793,43,289.57,506.12,76.32,225.34,0.7207,-1,-1,-1
793,3,876.22,952.58,84.55,127.42,0.7588,-1,-1,-1
793,47,601.04,585.32,70.84,229.91,0.5972,-1,-1,-1
793,48,1090.76,605.43,82.62,255.71,0.7805,-1,-1,-1
793,49,1025.68,620.82,73.57,237.81,0.7596,-1,-1,-1
793,57,441.93,225.87,60.13,184.65,0.4407,-1,-1,-1
793,61,1569.74,591.68,103.48,232.35,0.7007,-1,-1,-1
793,62,396.00,235.45,53.13,169.96,0.4423,-1,-1,-1
794,4,1722.54,452.60,74.31,212.59,0.7557,-1,-1,-1
794,43,289.26,508.87,77.28,227.74,0.7038,-1,-1,-1
794,3,875.49,951.23,83.92,128.77,0.7507,-1,-1,-1
794,47,602.14,585.10,72.56,235.75,0.5288,-1,-1,-1
794,48,1090.11,605.54,82.93,255.58,0.7445,-1,-1,-1
794,49,1023.90,618.68,74.83,241.72,0.7604,-1,-1,-1
794,57,441.12,226.92,60.27,184.63,0.4772,-1,-1,-1
794,61,1569.50,590.27,104.00,233.70,0.6842,-1,-1,-1
794,62,396.20,239.06,52.38,167.31,0.4556,-1,-1,-1
795,4,1722.22,452.69,73.93,211.49,0.7576,-1,-1,-1
795,43,288.35,510.94,78.17,230.75,0.7139,-1,-1,-1
795,3,875.02,949.96,83.00,130.04,0.7328,-1,-1,-1
795,47,601.84,584.34,77.07,252.90,0.4703,-1,-1,-1
795,48,1088.65,604.21,83.52,256.26,0.7676,-1,-1,-1
795,49,1021.56,616.22,75.68,244.27,0.7833,-1,-1,-1
795,57,439.95,225.73,61.06,186.45,0.4589,-1,-1,-1
795,61,1569.30,589.75,104.41,234.56,0.6857,-1,-1,-1
795,62,395.40,235.89,54.23,172.90,0.4297,-1,-1,-1
796,4,1722.64,452.22,73.94,211.75,0.7578,-1,-1,-1
796,43,287.74,513.18,78.86,233.25,0.7401,-1,-1,-1
796,3,874.69,949.29,81.72,130.71,0.7516,-1,-1,-1
796,47,602.27,584.84,81.60,271.98,0.4867,-1,-1,-1
796,48,1086.86,602.83,83.24,254.96,0.7896,-1,-1,-1
796,49,1019.08,615.51,75.84,245.06,0.8023,-1,-1,-1
796,57,440.28,226.91,60.99,186.22,0.4973,-1,-1,-1
796,61,1569.47,588.53,104.94,236.21,0.6231,-1,-1,-1
796,62,394.49,238.57,53.83,171.78,0.4845,-1,-1,-1
797,4,1722.80,451.61,74.29,213.26,0.7453,-1,-1,-1
797,43,287.10,515.41,78.64,233.34,0.7354,-1,-1,-1
797,3,874.41,948.25,80.71,131.75,0.7460,-1,-1,-1
797,47,604.03,584.78,82.24,278.60,0.4509,-1,-1,-1
797,48,1085.11,600.71,83.29,255.43,0.8017,-1,-1,-1
797,49,1016.72,614.53,76.20,246.84,0.8130,-1,-1,-1
797,57,441.33,232.96,59.01,181.93,0.5164,-1,-1,-1
797,61,1568.61,590.25,104.59,236.03,0.5982,-1,-1,-1
797,62,394.82,240.61,53.32,170.46,0.4836,-1,-1,-1
798,4,1722.82,451.75,74.02,212.81,0.7495,-1,-1,-1
798,43,286.25,516.55,79.10,235.52,0.7571,-1,-1,-1
798,3,874.07,946.87,79.81,133.13,0.7297,-1,-1,-1
798,47,606.11,585.54,80.14,275.72,0.4430,-1,-1,-1
798,48,1083.53,598.71,83.15,254.97,0.8041,-1,-1,-1
798,49,1015.40,613.61,76.15,247.14,0.8080,-1,-1,-1
798,57,441.61,234.90,58.84,182.99,0.5100,-1,-1,-1
798,61,1570.30,590.55,103.91,234.82,0.6817,-1,-1,-1
798,62,395.01,238.87,54.35,173.81,0.4811,-1,-1,-1
799,4,1723.06,451.88,73.65,212.38,0.7434,-1,-1,-1
799,43,285.76,519.13,78.57,234.43,0.7682,-1,-1,-1
799,3,873.91,945.57,78.80,134.43,0.7112,-1,-1,-1
799,48,1082.15,595.32,82.54,253.21,0.7761,-1,-1,-1
799,49,1013.36,615.04,75.50,245.86,0.7763,-1,-1,-1
799,57,442.11,237.01,58.77,183.76,0.5633,-1,-1,-1
799,61,1569.69,586.88,105.08,238.00,0.6094,-1,-1,-1
799,62,394.88,239.79,54.31,173.77,0.5215,-1,-1,-1
800,4,1722.96,452.06,73.31,211.59,0.7390,-1,-1,-1
800,43,284.39,521.94,78.94,236.23,0.7766,-1,-1,-1
800,3,874.15,944.41,77.72,135.59,0.6973,-1,-1,-1
800,48,1082.52,591.67,80.27,245.17,0.7349,-1,-1,-1
800,49,1011.60,614.91,75.18,245.10,0.7837,-1,-1,-1
800,57,440.87,236.22,59.50,186.86,0.5496,-1,-1,-1
800,61,1570.10,587.42,104.76,237.64,0.6171,-1,-1,-1
800,62,394.97,239.27,54.49,174.45,0.5141,-1,-1,-1
801,4,1722.52,452.38,73.45,212.15,0.7344,-1,-1,-1
801,43,282.99,523.20,78.92,236.71,0.8032,-1,-1,-1
801,3,874.00,943.06,76.88,136.94,0.6650,-1,-1,-1
801,48,1080.87,588.48,78.52,238.28,0.7593,-1,-1,-1
801,49,1009.04,613.27,74.97,244.36,0.7726,-1,-1,-1
801,57,440.72,236.80,59.70,188.32,0.5202,-1,-1,-1
801,61,1569.99,592.62,103.37,234.66,0.5835,-1,-1,-1
801,62,395.90,240.65,53.55,171.85,0.5207,-1,-1,-1
802,4,1722.53,452.00,73.29,211.77,0.7443,-1,-1,-1
802,43,281.77,524.46,78.37,235.64,0.8039,-1,-1,-1
802,3,874.09,941.88,75.84,138.12,0.6459,-1,-1,-1
802,48,1078.90,585.27,77.14,233.10,0.7484,-1,-1,-1
802,49,1007.74,611.73,74.97,245.24,0.7646,-1,-1,-1
802,57,440.75,236.98,59.82,189.69,0.5696,-1,-1,-1
802,61,1568.88,594.22,103.19,234.00,0.5784,-1,-1,-1
802,62,395.85,239.85,54.04,173.21,0.4899,-1,-1,-1
803,4,1722.40,452.54,73.31,211.98,0.7409,-1,-1,-1
803,43,281.04,525.46,78.06,235.00,0.7999,-1,-1,-1
803,3,873.96,942.14,74.16,137.86,0.6701,-1,-1,-1
803,48,1076.81,582.72,77.39,234.28,0.7596,-1,-1,-1
803,49,1005.98,609.26,75.27,246.64,0.7588,-1,-1,-1
803,57,440.77,238.29,59.41,189.43,0.5482,-1,-1,-1
803,61,1568.80,596.33,102.33,231.46,0.5042,-1,-1,-1
803,62,395.55,239.11,54.25,174.13,0.4962,-1,-1,-1
804,4,1722.25,452.54,73.35,212.21,0.7469,-1,-1,-1
804,43,280.03,526.78,77.36,233.44,0.7956,-1,-1,-1
804,3,873.96,941.32,73.24,138.68,0.6740,-1,-1,-1
804,48,1074.98,579.75,77.83,236.82,0.7579,-1,-1,-1
804,49,1003.90,606.25,74.96,245.85,0.7369,-1,-1,-1
804,57,440.96,239.28,59.08,189.34,0.5599,-1,-1,-1
804,61,1568.36,596.25,102.57,231.42,0.5814,-1,-1,-1
804,62,395.48,239.68,53.93,173.33,0.5354,-1,-1,-1
805,4,1721.92,452.98,73.49,212.35,0.7363,-1,-1,-1
805,43,278.91,527.58,77.08,232.69,0.8019,-1,-1,-1
805,3,874.18,939.73,72.78,140.27,0.6639,-1,-1,-1
805,48,1073.29,577.41,78.55,240.78,0.7711,-1,-1,-1
805,49,1001.88,602.86,73.61,241.71,0.7570,-1,-1,-1
805,57,441.76,240.29,58.62,188.29,0.6112,-1,-1,-1
805,61,1568.19,595.26,103.12,232.19,0.6029,-1,-1,-1
805,62,395.03,241.62,53.26,171.57,0.5293,-1,-1,-1
806,4,1721.93,452.71,73.56,212.37,0.7467,-1,-1,-1
806,43,277.99,528.43,76.87,231.81,0.8028,-1,-1,-1
806,3,874.43,938.55,72.18,141.45,0.6659,-1,-1,-1
806,48,1072.40,575.13,78.82,244.04,0.7756,-1,-1,-1
806,49,999.84,599.96,72.71,238.96,0.7664,-1,-1,-1
806,57,442.46,239.69,58.40,188.51,0.4944,-1,-1,-1
806,61,1569.05,595.70,103.02,232.16,0.6068,-1,-1,-1
806,62,394.24,238.31,54.47,175.86,0.4838,-1,-1,-1
807,4,1722.31,453.73,73.87,212.79,0.7263,-1,-1,-1
807,43,277.63,529.28,76.56,230.53,0.7920,-1,-1,-1
807,3,874.46,937.51,71.48,142.49,0.6364,-1,-1,-1
807,48,1071.61,573.82,78.47,244.99,0.7760,-1,-1,-1
807,49,998.00,597.41,71.83,235.98,0.7672,-1,-1,-1
807,57,442.75,239.28,58.00,188.06,0.4910,-1,-1,-1
807,61,1569.56,597.49,102.24,230.33,0.6055,-1,-1,-1
807,62,393.66,238.40,55.11,178.04,0.4864,-1,-1,-1
808,4,1722.55,453.90,73.92,212.55,0.7254,-1,-1,-1
808,43,277.25,530.30,76.25,229.37,0.7948,-1,-1,-1
808,3,874.55,936.60,70.77,143.40,0.6375,-1,-1,-1
808,48,1070.18,572.94,78.13,245.05,0.7735,-1,-1,-1
808,49,997.03,595.28,70.73,232.54,0.7692,-1,-1,-1
808,57,442.77,240.96,57.69,186.59,0.5658,-1,-1,-1
808,61,1570.66,594.22,102.98,231.73,0.6524,-1,-1,-1
808,62,393.60,244.00,53.95,173.87,0.4970,-1,-1,-1
809,4,1722.56,455.12,73.46,210.73,0.7303,-1,-1,-1
809,43,276.69,531.61,76.15,228.63,0.8009,-1,-1,-1
809,3,875.15,936.61,69.60,143.20,0.6373,-1,-1,-1
809,48,1068.50,572.57,78.15,245.76,0.7827,-1,-1,-1
809,49,995.18,593.52,70.73,233.53,0.7701,-1,-1,-1
809,57,441.67,240.80,58.10,186.57,0.5258,-1,-1,-1
809,61,1570.77,594.91,102.45,230.15,0.6828,-1,-1,-1
809,62,392.45,247.07,54.12,174.20,0.4409,-1,-1,-1
810,4,1722.20,453.27,74.06,212.73,0.7344,-1,-1,-1
810,43,276.09,533.13,76.29,228.76,0.7914,-1,-1,-1
810,3,875.51,936.07,68.66,143.06,0.6511,-1,-1,-1
810,48,1066.62,572.54,77.81,244.73,0.7692,-1,-1,-1
810,49,993.73,592.18,71.14,235.63,0.7630,-1,-1,-1
810,57,441.52,243.71,57.75,183.88,0.5845,-1,-1,-1
810,61,1570.97,595.75,102.26,229.24,0.6896,-1,-1,-1
810,62,390.16,250.19,54.47,174.07,0.4383,-1,-1,-1
811,4,1722.18,452.63,73.80,212.21,0.7319,-1,-1,-1
811,43,275.54,535.03,76.97,230.57,0.7994,-1,-1,-1
811,3,875.95,935.53,68.30,143.39,0.6635,-1,-1,-1
811,48,1065.24,571.41,77.98,245.54,0.7720,-1,-1,-1
811,49,991.40,591.45,71.11,236.38,0.7657,-1,-1,-1
811,57,441.53,244.40,58.12,183.81,0.5258,-1,-1,-1
811,61,1571.79,597.97,101.26,226.50,0.7003,-1,-1,-1
811,62,390.76,252.05,54.82,175.02,0.4029,-1,-1,-1
812,4,1722.63,452.11,73.95,213.04,0.7282,-1,-1,-1
812,43,274.89,536.69,77.64,232.61,0.7989,-1,-1,-1
812,3,875.97,935.31,67.87,143.60,0.6740,-1,-1,-1
812,48,1063.09,570.58,77.70,245.35,0.7598,-1,-1,-1
812,49,989.66,590.50,71.15,238.04,0.7570,-1,-1,-1
812,57,442.00,244.50,58.00,182.75,0.5489,-1,-1,-1
812,61,1571.38,595.41,102.20,228.80,0.6670,-1,-1,-1
812,62,390.28,254.39,54.12,172.90,0.4490,-1,-1,-1
813,4,1722.73,452.01,73.85,213.13,0.7349,-1,-1,-1
813,43,273.66,538.18,78.70,236.12,0.7926,-1,-1,-1
813,3,875.93,935.36,67.49,143.56,0.6732,-1,-1,-1
813,48,1061.48,569.24,77.75,246.89,0.7510,-1,-1,-1
813,49,987.45,590.12,71.08,238.95,0.7700,-1,-1,-1
813,57,441.38,242.78,58.68,184.29,0.4713,-1,-1,-1
813,61,1571.64,596.78,101.88,227.52,0.6666,-1,-1,-1
813,62,389.33,256.00,54.22,173.53,0.4940,-1,-1,-1
814,4,1723.14,452.41,73.53,212.50,0.7236,-1,-1,-1
814,43,273.04,539.92,78.58,235.59,0.7852,-1,-1,-1
814,3,875.68,935.17,67.15,143.57,0.6511,-1,-1,-1
814,48,1060.57,567.34,76.49,243.69,0.7255,-1,-1,-1
814,49,985.47,589.36,70.20,236.91,0.7686,-1,-1,-1
814,57,440.96,244.70,58.60,182.89,0.5468,-1,-1,-1
814,61,1571.74,597.19,101.97,227.47,0.6824,-1,-1,-1
814,62,388.02,257.52,54.71,175.98,0.4726,-1,-1,-1
815,4,1723.35,452.74,73.18,211.69,0.7361,-1,-1,-1
815,43,272.45,542.02,78.55,235.46,0.7999,-1,-1,-1
815,3,875.64,934.88,67.08,144.14,0.6601,-1,-1,-1
815,48,1060.06,565.51,73.80,235.70,0.7499,-1,-1,-1
815,49,984.59,589.21,68.95,233.18,0.7670,-1,-1,-1
815,57,439.95,244.52,59.74,185.46,0.4970,-1,-1,-1
815,61,1572.09,596.43,102.36,227.97,0.6793,-1,-1,-1
815,62,387.36,259.86,54.17,174.88,0.4829,-1,-1,-1
816,4,1723.41,452.30,73.31,212.66,0.7310,-1,-1,-1
816,43,271.56,544.86,79.28,237.57,0.8065,-1,-1,-1
816,3,875.09,934.27,67.09,144.83,0.6884,-1,-1,-1
816,48,1059.03,564.13,72.03,230.84,0.7785,-1,-1,-1
816,49,983.64,588.42,67.59,227.98,0.7580,-1,-1,-1
816,57,438.68,247.79,60.27,186.03,0.5222,-1,-1,-1
816,61,1572.20,596.57,102.37,227.93,0.6865,-1,-1,-1
816,62,386.87,261.62,54.04,174.15,0.4867,-1,-1,-1
817,4,1723.72,454.18,72.56,210.23,0.7357,-1,-1,-1
817,43,271.39,547.78,79.07,236.47,0.8118,-1,-1,-1
817,3,874.41,934.00,66.76,144.91,0.6947,-1,-1,-1
817,48,1056.75,561.39,71.22,229.62,0.8024,-1,-1,-1
817,49,982.27,586.84,66.45,223.44,0.7642,-1,-1,-1
817,57,438.53,250.83,60.08,184.89,0.5883,-1,-1,-1
817,61,1571.86,597.18,102.27,227.28,0.6837,-1,-1,-1
817,62,386.97,264.14,53.19,170.58,0.5313,-1,-1,-1
818,4,1722.79,452.75,73.36,212.76,0.7295,-1,-1,-1
818,43,271.39,550.17,79.72,238.48,0.8096,-1,-1,-1
818,3,873.56,933.62,66.83,145.56,0.7192,-1,-1,-1
818,48,1054.41,558.79,70.97,229.84,0.7995,-1,-1,-1
818,49,981.62,585.61,65.17,218.30,0.7789,-1,-1,-1
818,57,438.45,254.73,59.94,184.13,0.5600,-1,-1,-1
818,61,1570.36,594.56,103.69,230.33,0.6830,-1,-1,-1
818,62,386.26,266.40,52.35,167.64,0.5095,-1,-1,-1
819,4,1722.88,452.75,73.22,212.56,0.7256,-1,-1,-1
819,43,271.56,551.72,79.77,238.95,0.7910,-1,-1,-1
819,3,873.21,934.13,66.67,145.21,0.7207,-1,-1,-1
819,48,1051.38,555.04,72.01,233.34,0.8176,-1,-1,-1
819,49,979.77,583.99,64.64,216.57,0.8198,-1,-1,-1
819,57,437.22,255.97,60.56,185.95,0.6076,-1,-1,-1
819,61,1570.71,596.32,102.90,228.54,0.7101,-1,-1,-1
819,62,385.41,265.59,52.49,167.55,0.5214,-1,-1,-1
820,4,1723.25,454.87,72.63,210.36,0.7250,-1,-1,-1
820,43,271.96,552.59,79.78,239.58,0.8013,-1,-1,-1
820,3,872.42,934.63,66.46,145.15,0.7121,-1,-1,-1
820,48,1048.06,553.22,72.81,235.01,0.8183,-1,-1,-1
820,49,977.57,580.59,65.06,217.90,0.8337,-1,-1,-1
820,57,437.27,259.60,60.29,184.50,0.6613,-1,-1,-1
820,61,1570.98,596.18,102.92,228.39,0.7059,-1,-1,-1
820,62,384.49,265.73,52.95,168.37,0.5380,-1,-1,-1
821,4,1723.16,453.28,73.12,212.10,0.7162,-1,-1,-1
821,43,272.30,553.13,79.44,238.83,0.7834,-1,-1,-1
821,3,872.28,934.62,66.40,145.32,0.7217,-1,-1,-1
821,48,1046.03,551.60,73.57,235.83,0.8373,-1,-1,-1
821,49,975.58,577.32,65.60,219.49,0.8351,-1,-1,-1
821,57,436.27,260.64,61.30,187.10,0.6438,-1,-1,-1
821,61,1570.95,596.84,102.74,227.82,0.6985,-1,-1,-1
821,62,383.03,265.33,53.62,169.95,0.5344,-1,-1,-1
822,4,1722.99,453.25,73.23,212.31,0.7224,-1,-1,-1
822,43,272.74,554.29,79.24,238.15,0.7677,-1,-1,-1
822,3,872.13,935.22,66.12,144.78,0.7202,-1,-1,-1
822,48,1044.36,550.29,74.57,236.91,0.8328,-1,-1,-1
822,49,974.41,574.19,64.96,216.18,0.8118,-1,-1,-1
822,57,436.38,261.59,61.46,187.23,0.6089,-1,-1,-1
822,61,1571.61,596.38,102.79,228.08,0.7126,-1,-1,-1
822,62,383.06,264.79,53.77,170.66,0.4874,-1,-1,-1
823,4,1722.68,453.27,73.30,212.47,0.7329,-1,-1,-1
823,43,273.19,555.11,78.99,237.18,0.7801,-1,-1,-1
823,3,871.74,936.03,65.69,143.98,0.7139,-1,-1,-1
823,48,1043.53,549.20,76.07,239.57,0.8220,-1,-1,-1
823,49,972.26,570.28,66.99,222.82,0.8129,-1,-1,-1
823,57,436.94,262.17,61.38,187.19,0.6339,-1,-1,-1
823,61,1571.23,595.67,103.03,228.61,0.6899,-1,-1,-1
823,62,382.61,267.42,53.43,168.59,0.5637,-1,-1,-1
824,4,1722.99,455.30,72.87,210.69,0.7125,-1,-1,-1
824,43,273.35,555.81,78.97,236.58,0.7699,-1,-1,-1
824,3,871.54,936.49,65.26,142.69,0.7264,-1,-1,-1
824,48,1041.54,547.85,77.97,242.38,0.7979,-1,-1,-1
824,49,968.28,568.29,68.70,228.60,0.7733,-1,-1,-1
824,57,436.81,262.57,61.39,187.37,0.6668,-1,-1,-1
824,61,1571.23,596.18,103.04,228.33,0.6786,-1,-1,-1
824,62,382.85,270.01,53.15,167.28,0.5495,-1,-1,-1
825,4,1722.63,454.65,73.38,211.58,0.7156,-1,-1,-1
825,43,273.43,557.23,78.66,234.79,0.7745,-1,-1,-1
825,3,870.79,937.17,65.13,142.25,0.6987,-1,-1,-1
825,48,1041.23,547.67,79.74,244.07,0.7935,-1,-1,-1
825,49,965.80,566.58,69.39,231.51,0.7745,-1,-1,-1
825,57,436.52,263.04,61.40,187.44,0.6561,-1,-1,-1
825,61,1571.77,598.39,102.00,225.96,0.6948,-1,-1,-1
825,62,382.37,271.35,53.45,168.06,0.5608,-1,-1,-1
826,4,1722.17,455.49,73.20,209.88,0.7349,-1,-1,-1
826,43,273.57,558.94,78.36,232.84,0.7893,-1,-1,-1
826,3,869.79,937.64,65.30,142.16,0.7048,-1,-1,-1
826,48,1040.79,547.15,80.56,242.78,0.7726,-1,-1,-1
826,49,963.32,565.01,69.84,233.63,0.7711,-1,-1,-1
826,57,435.87,263.91,61.34,186.85,0.6904,-1,-1,-1
826,61,1572.07,597.25,102.33,226.77,0.6843,-1,-1,-1
826,62,382.12,272.09,53.32,167.60,0.5282,-1,-1,-1
827,4,1722.14,454.79,73.75,210.82,0.7304,-1,-1,-1
827,43,273.50,560.10,78.32,231.58,0.7895,-1,-1,-1
827,3,869.79,938.70,65.13,141.24,0.7115,-1,-1,-1
827,48,1039.49,546.41,81.55,242.15,0.7694,-1,-1,-1
827,49,962.03,563.56,69.31,232.42,0.7665,-1,-1,-1
827,57,436.03,264.62,61.01,185.74,0.6709,-1,-1,-1
827,61,1571.88,596.94,102.61,227.19,0.6700,-1,-1,-1
827,62,381.10,271.74,54.07,169.15,0.5153,-1,-1,-1
828,4,1721.56,453.77,74.08,211.69,0.7420,-1,-1,-1
828,43,273.39,561.61,78.45,231.07,0.7899,-1,-1,-1
828,3,869.43,939.22,65.14,140.78,0.7060,-1,-1,-1
828,48,1038.61,544.82,83.06,243.33,0.7914,-1,-1,-1
828,49,960.12,562.83,69.04,231.36,0.7607,-1,-1,-1
828,57,436.21,264.58,60.84,185.28,0.6806,-1,-1,-1
828,61,1572.31,596.18,102.92,228.06,0.6732,-1,-1,-1
828,62,378.32,272.00,55.32,172.14,0.5266,-1,-1,-1
829,4,1721.67,453.11,74.25,212.31,0.7361,-1,-1,-1
829,43,272.91,562.59,79.32,233.05,0.7947,-1,-1,-1
829,3,869.88,939.46,65.05,140.55,0.7162,-1,-1,-1
829,48,1036.62,543.21,84.07,243.92,0.7742,-1,-1,-1
829,49,958.72,561.53,69.32,232.39,0.7776,-1,-1,-1
829,57,436.35,264.70,60.79,185.18,0.6979,-1,-1,-1
829,61,1572.17,596.20,102.83,227.71,0.6826,-1,-1,-1
829,62,377.96,272.60,56.17,174.68,0.5470,-1,-1,-1
830,4,1721.50,452.76,74.36,212.66,0.7461,-1,-1,-1
830,43,272.44,563.71,80.50,236.83,0.7993,-1,-1,-1
830,3,869.47,940.62,64.85,139.40,0.7042,-1,-1,-1
830,48,1035.85,541.11,85.26,245.27,0.7965,-1,-1,-1
830,49,957.59,561.44,69.20,232.50,0.8000,-1,-1,-1
830,57,436.11,265.92,60.50,183.94,0.6681,-1,-1,-1
830,61,1571.76,594.51,103.42,229.39,0.6845,-1,-1,-1
830,62,374.89,272.74,57.20,176.64,0.5587,-1,-1,-1
831,4,1722.13,454.89,73.91,210.86,0.7317,-1,-1,-1
831,43,271.71,565.73,81.67,240.96,0.8094,-1,-1,-1
831,3,869.66,941.26,64.70,138.76,0.7117,-1,-1,-1
831,48,1034.45,538.69,86.24,246.60,0.7991,-1,-1,-1
831,49,956.37,561.78,69.16,232.79,0.8016,-1,-1,-1
831,57,435.86,266.64,60.57,183.88,0.6205,-1,-1,-1
831,61,1571.88,593.94,103.49,230.18,0.7005,-1,-1,-1
831,62,372.89,273.60,58.29,179.51,0.5296,-1,-1,-1
832,4,1721.44,453.55,74.41,212.22,0.7499,-1,-1,-1
832,43,271.33,568.52,81.99,242.29,0.8220,-1,-1,-1
832,3,870.10,942.15,64.55,137.87,0.6854,-1,-1,-1
832,48,1032.17,535.92,86.07,245.88,0.7808,-1,-1,-1
832,49,954.95,561.85,68.84,231.85,0.7732,-1,-1,-1
832,57,436.39,267.62,60.80,183.91,0.6230,-1,-1,-1
832,61,1572.13,592.78,103.74,231.28,0.6935,-1,-1,-1
832,62,371.98,273.83,59.01,181.17,0.5162,-1,-1,-1
833,4,1720.97,453.08,74.73,212.97,0.7515,-1,-1,-1
833,43,270.45,571.17,82.34,243.67,0.8197,-1,-1,-1
833,3,870.47,943.19,64.38,136.83,0.7042,-1,-1,-1
833,48,1031.95,533.38,83.20,236.57,0.7928,-1,-1,-1
833,49,953.22,560.37,68.92,232.21,0.7714,-1,-1,-1
833,57,435.95,267.67,61.72,186.38,0.6193,-1,-1,-1
833,61,1571.61,591.34,104.15,232.74,0.6649,-1,-1,-1
833,62,370.68,272.60,60.04,183.70,0.4361,-1,-1,-1
834,4,1721.01,454.57,74.46,211.04,0.7544,-1,-1,-1
834,43,269.70,573.67,82.29,243.90,0.8162,-1,-1,-1
834,3,870.92,943.87,64.58,136.15,0.7148,-1,-1,-1
834,48,1031.47,529.42,82.02,233.01,0.8009,-1,-1,-1
834,49,950.93,555.65,70.21,237.26,0.7565,-1,-1,-1
834,57,435.59,268.00,62.51,189.05,0.5849,-1,-1,-1
834,61,1571.44,590.45,104.49,233.73,0.6836,-1,-1,-1
834,62,369.28,272.69,60.24,183.59,0.3897,-1,-1,-1
835,4,1720.75,453.57,75.45,213.25,0.7454,-1,-1,-1
835,43,268.83,576.06,82.33,245.01,0.8262,-1,-1,-1
835,3,870.75,943.60,65.40,136.41,0.6992,-1,-1,-1
835,48,1030.44,526.34,81.41,231.76,0.7955,-1,-1,-1
835,49,948.81,552.95,70.40,238.30,0.7590,-1,-1,-1
835,57,436.58,270.40,62.37,189.29,0.6506,-1,-1,-1
835,61,1570.65,589.12,104.98,234.98,0.6459,-1,-1,-1
835,62,371.46,277.90,57.89,176.31,0.4340,-1,-1,-1
836,4,1720.40,455.43,75.09,211.06,0.7407,-1,-1,-1
836,43,268.27,578.65,82.13,245.10,0.8160,-1,-1,-1
836,3,869.95,943.33,66.69,136.69,0.7305,-1,-1,-1
836,48,1029.69,523.41,81.13,232.70,0.7916,-1,-1,-1
836,49,948.53,550.40,68.28,230.88,0.7774,-1,-1,-1
836,57,437.08,272.98,62.03,189.51,0.6301,-1,-1,-1
836,61,1570.53,590.30,104.55,234.01,0.6680,-1,-1,-1
836,62,372.14,279.52,57.25,174.28,0.4677,-1,-1,-1
837,4,1720.58,454.43,75.82,212.85,0.7498,-1,-1,-1
837,43,267.57,580.29,81.79,244.72,0.8030,-1,-1,-1
837,3,869.73,943.40,67.61,136.61,0.7276,-1,-1,-1
837,48,1028.98,520.65,80.53,233.54,0.7737,-1,-1,-1
837,49,947.20,547.96,67.48,227.89,0.7746,-1,-1,-1
837,57,437.94,276.60,61.06,188.00,0.6276,-1,-1,-1
837,61,1570.03,589.71,105.12,234.84,0.6257,-1,-1,-1
837,62,371.89,280.14,57.08,173.29,0.4107,-1,-1,-1
838,4,1720.46,455.56,75.09,209.43,0.7585,-1,-1,-1
838,43,267.08,581.82,81.10,243.18,0.7860,-1,-1,-1
838,3,869.43,943.47,68.44,136.48,0.7210,-1,-1,-1
838,48,1028.84,519.13,79.78,234.26,0.7759,-1,-1,-1
838,49,945.04,545.92,67.34,227.53,0.7840,-1,-1,-1
838,57,436.00,274.51,62.32,191.91,0.6388,-1,-1,-1
838,61,1571.00,591.19,104.36,233.02,0.6794,-1,-1,-1
838,62,364.69,278.03,59.36,176.22,0.4537,-1,-1,-1
839,4,1719.99,453.55,75.80,211.49,0.7577,-1,-1,-1
839,43,266.36,583.08,80.48,241.30,0.7658,-1,-1,-1
839,3,869.17,942.78,69.51,136.96,0.7169,-1,-1,-1
839,48,1029.33,518.63,78.94,234.64,0.7686,-1,-1,-1
839,49,943.85,543.50,67.50,228.54,0.7773,-1,-1,-1
839,57,436.23,276.40,61.98,190.93,0.6196,-1,-1,-1
839,61,1571.11,591.34,104.35,232.62,0.6141,-1,-1,-1
839,62,368.04,280.20,58.27,173.45,0.4412,-1,-1,-1
840,4,1720.14,453.03,75.92,211.87,0.7560,-1,-1,-1
840,43,264.73,584.22,80.14,239.91,0.7397,-1,-1,-1
840,3,869.19,943.45,69.91,136.14,0.7151,-1,-1,-1
840,48,1029.46,518.26,77.82,233.89,0.7632,-1,-1,-1
840,49,942.41,541.53,67.52,228.98,0.7688,-1,-1,-1
840,57,435.06,275.23,62.57,192.61,0.6567,-1,-1,-1
840,61,1571.23,593.24,103.96,231.03,0.6462,-1,-1,-1
840,62,361.95,277.17,60.51,176.58,0.5070,-1,-1,-1
841,4,1720.00,452.44,76.16,212.45,0.7450,-1,-1,-1
841,43,264.06,585.46,79.74,237.91,0.7611,-1,-1,-1
841,3,870.36,943.61,70.63,135.95,0.7295,-1,-1,-1
841,48,1028.68,517.90,76.87,233.37,0.7486,-1,-1,-1
841,49,940.86,539.94,67.77,230.38,0.7723,-1,-1,-1
841,57,435.41,278.18,61.71,191.24,0.6531,-1,-1,-1
841,61,1571.69,593.72,104.01,230.85,0.6780,-1,-1,-1
841,62,359.90,276.25,62.00,178.69,0.5061,-1,-1,-1
842,4,1720.38,454.86,75.63,210.25,0.7275,-1,-1,-1
842,43,263.64,586.08,79.79,237.15,0.7749,-1,-1,-1
842,3,870.26,943.58,71.50,136.08,0.7155,-1,-1,-1
842,48,1026.50,516.93,76.37,232.94,0.7375,-1,-1,-1
842,49,938.84,538.97,67.97,231.86,0.7719,-1,-1,-1
842,57,436.19,278.83,61.08,190.25,0.6420,-1,-1,-1
842,61,1572.61,594.38,103.72,230.05,0.6523,-1,-1,-1
842,62,364.79,281.00,60.11,174.58,0.5132,-1,-1,-1
843,4,1720.35,455.63,75.59,209.04,0.7332,-1,-1,-1
843,43,262.91,586.86,79.90,236.10,0.7889,-1,-1,-1
843,3,870.67,943.74,72.20,135.81,0.7213,-1,-1,-1
843,48,1024.16,516.45,76.42,233.21,0.7531,-1,-1,-1
843,49,937.48,538.28,67.84,232.13,0.7838,-1,-1,-1
843,57,437.04,280.51,60.36,188.46,0.6737,-1,-1,-1
843,61,1571.68,593.48,104.40,231.38,0.6289,-1,-1,-1
843,62,365.74,282.71,60.18,175.23,0.5540,-1,-1,-1
844,4,1720.10,454.18,76.53,211.25,0.7415,-1,-1,-1
844,43,262.78,587.80,80.02,235.44,0.7975,-1,-1,-1
844,3,870.60,943.44,73.06,136.14,0.7208,-1,-1,-1
844,48,1021.89,516.17,76.02,232.11,0.7798,-1,-1,-1
844,49,936.48,536.67,67.90,233.28,0.7893,-1,-1,-1
844,57,437.45,281.67,59.91,187.41,0.6716,-1,-1,-1
844,61,1571.15,592.69,104.56,232.06,0.6326,-1,-1,-1
844,62,362.54,281.27,62.18,180.13,0.5289,-1,-1,-1
845,4,1719.70,455.82,76.02,208.85,0.7518,-1,-1,-1
845,43,262.57,588.60,80.35,235.42,0.7996,-1,-1,-1
845,3,870.20,943.57,73.72,136.01,0.7121,-1,-1,-1
845,48,1020.73,516.20,75.07,229.82,0.7744,-1,-1,-1
845,49,935.52,535.89,67.94,233.86,0.7751,-1,-1,-1
845,57,437.42,281.46,59.85,188.04,0.6707,-1,-1,-1
845,61,1570.63,592.74,104.33,231.66,0.6424,-1,-1,-1
845,62,361.55,282.58,62.74,181.47,0.5547,-1,-1,-1
846,4,1719.59,455.91,76.17,208.42,0.7437,-1,-1,-1
846,43,262.29,589.59,81.01,236.42,0.7940,-1,-1,-1
846,3,870.06,944.28,74.01,135.14,0.7199,-1,-1,-1
846,48,1019.73,515.42,74.78,229.18,0.7744,-1,-1,-1
846,49,934.30,535.08,67.61,232.87,0.7834,-1,-1,-1
846,57,437.59,282.23,59.33,187.08,0.6581,-1,-1,-1
846,61,1570.61,594.49,103.66,229.90,0.6632,-1,-1,-1
846,62,360.40,283.94,63.19,181.93,0.5688,-1,-1,-1
847,4,1719.17,454.65,77.09,210.13,0.7455,-1,-1,-1
847,43,262.21,592.55,81.35,236.41,0.7788,-1,-1,-1
847,3,870.31,944.57,74.68,134.95,0.6940,-1,-1,-1
847,48,1017.75,513.26,75.50,232.40,0.7549,-1,-1,-1
847,49,933.44,534.17,67.13,231.18,0.7623,-1,-1,-1
847,57,437.81,281.94,58.86,186.50,0.6361,-1,-1,-1
847,61,1570.27,594.04,103.82,230.08,0.6551,-1,-1,-1
847,62,360.22,287.21,62.96,180.47,0.5601,-1,-1,-1
848,4,1718.48,453.42,77.59,211.21,0.7522,-1,-1,-1
848,43,262.38,595.10,81.86,237.43,0.7987,-1,-1,-1
848,3,869.98,944.62,75.30,134.75,0.7063,-1,-1,-1
848,48,1016.53,511.18,74.13,228.84,0.7527,-1,-1,-1
848,49,932.51,532.69,66.90,230.55,0.7654,-1,-1,-1
848,57,436.81,281.07,59.08,187.76,0.6345,-1,-1,-1
848,61,1570.53,593.78,103.88,230.04,0.6406,-1,-1,-1
848,62,359.15,288.31,63.22,180.49,0.5684,-1,-1,-1
849,4,1718.62,453.47,77.75,211.13,0.7520,-1,-1,-1
849,43,261.99,597.31,83.11,240.94,0.7933,-1,-1,-1
849,3,870.01,945.17,75.76,134.18,0.6872,-1,-1,-1
849,48,1014.34,509.38,72.25,224.14,0.7447,-1,-1,-1
849,49,931.28,530.53,66.87,231.03,0.7694,-1,-1,-1
849,57,436.01,280.20,59.17,188.86,0.6430,-1,-1,-1
849,61,1571.64,594.39,103.64,229.88,0.6755,-1,-1,-1
849,62,358.16,292.59,63.00,178.27,0.6081,-1,-1,-1
850,4,1718.58,453.31,78.31,212.64,0.7484,-1,-1,-1
850,43,262.17,599.33,83.38,241.42,0.7987,-1,-1,-1
850,3,870.25,945.14,76.23,133.81,0.6978,-1,-1,-1
850,48,1011.91,506.69,71.78,224.10,0.8032,-1,-1,-1
850,49,930.15,527.98,66.79,231.96,0.7862,-1,-1,-1
850,57,435.95,278.08,60.88,194.76,0.6312,-1,-1,-1
850,61,1572.26,594.84,103.43,229.46,0.6772,-1,-1,-1
850,62,356.91,295.96,63.23,176.66,0.5996,-1,-1,-1
851,4,1718.11,452.91,77.98,211.53,0.7411,-1,-1,-1
851,43,262.22,600.91,83.86,242.64,0.8083,-1,-1,-1
851,3,870.90,945.13,76.90,133.75,0.7022,-1,-1,-1
851,48,1008.49,504.03,71.77,224.65,0.8158,-1,-1,-1
851,49,928.36,525.79,67.18,234.27,0.7969,-1,-1,-1
851,57,436.67,283.09,59.82,192.11,0.6278,-1,-1,-1
851,61,1572.14,593.93,103.76,230.38,0.6591,-1,-1,-1
851,62,355.54,298.28,63.45,174.87,0.5639,-1,-1,-1
852,4,1718.46,455.30,77.48,209.41,0.7370,-1,-1,-1
852,43,263.24,603.32,84.04,243.51,0.8040,-1,-1,-1
852,3,871.45,945.18,77.54,133.81,0.7014,-1,-1,-1
852,48,1006.11,502.03,71.82,225.66,0.8068,-1,-1,-1
852,49,928.54,523.27,63.96,222.53,0.7425,-1,-1,-1
852,57,436.34,287.31,58.71,189.56,0.5884,-1,-1,-1
852,61,1571.67,593.77,103.93,230.42,0.6425,-1,-1,-1
852,62,353.84,298.95,64.47,175.28,0.5337,-1,-1,-1
853,4,1719.05,454.03,77.99,210.70,0.7238,-1,-1,-1
853,43,264.30,605.90,84.18,243.94,0.8004,-1,-1,-1
853,3,871.29,945.21,78.17,134.00,0.6998,-1,-1,-1
853,48,1003.09,500.42,72.16,226.74,0.8230,-1,-1,-1
853,49,928.54,520.81,62.00,213.88,0.7780,-1,-1,-1
853,57,436.58,290.45,58.53,188.98,0.5942,-1,-1,-1
853,61,1570.93,593.32,104.16,230.99,0.6012,-1,-1,-1
853,62,351.74,298.46,65.80,176.59,0.4831,-1,-1,-1
854,4,1718.77,456.04,77.51,208.48,0.7267,-1,-1,-1
854,43,264.60,607.11,84.68,245.39,0.8173,-1,-1,-1
854,3,871.29,944.99,78.71,134.02,0.7023,-1,-1,-1
854,48,999.67,498.76,73.16,228.69,0.8229,-1,-1,-1
854,49,927.66,518.22,63.23,217.48,0.7970,-1,-1,-1
854,57,436.25,289.72,59.45,192.79,0.6084,-1,-1,-1
854,61,1570.14,593.95,104.16,230.31,0.6002,-1,-1,-1
854,62,350.40,297.46,66.82,177.73,0.4767,-1,-1,-1
855,4,1718.63,456.52,77.54,207.82,0.7340,-1,-1,-1
855,43,265.71,608.73,84.79,246.04,0.8211,-1,-1,-1
855,3,871.60,944.67,79.21,134.26,0.7196,-1,-1,-1
855,48,998.08,496.89,74.10,230.80,0.7966,-1,-1,-1
855,49,926.56,515.57,63.99,219.99,0.7906,-1,-1,-1
855,57,435.60,290.74,59.76,194.12,0.6366,-1,-1,-1
855,61,1570.34,593.13,104.56,231.17,0.6230,-1,-1,-1
855,62,348.37,299.98,66.95,175.63,0.4916,-1,-1,-1
856,4,1718.50,456.99,78.12,208.75,0.7432,-1,-1,-1
856,43,266.86,610.35,84.21,244.34,0.8048,-1,-1,-1
856,3,872.77,944.59,79.38,134.19,0.7284,-1,-1,-1
856,48,997.11,495.35,75.21,232.77,0.8202,-1,-1,-1
856,49,925.40,512.69,64.68,222.29,0.8040,-1,-1,-1
856,57,434.95,292.34,59.91,195.17,0.6012,-1,-1,-1
856,61,1570.97,592.36,104.97,232.16,0.6389,-1,-1,-1
856,62,347.10,299.91,67.94,176.75,0.4828,-1,-1,-1
857,4,1717.77,454.92,79.01,211.72,0.7295,-1,-1,-1
857,43,268.32,611.12,83.56,242.58,0.7876,-1,-1,-1
857,3,873.14,943.97,79.70,134.69,0.7175,-1,-1,-1
857,48,996.80,494.59,76.15,234.27,0.8036,-1,-1,-1
857,49,922.71,510.94,65.50,224.68,0.7821,-1,-1,-1
857,57,434.71,293.88,59.88,195.20,0.6072,-1,-1,-1
857,61,1571.59,592.43,104.93,232.16,0.6288,-1,-1,-1
857,62,349.09,303.35,66.09,171.63,0.5088,-1,-1,-1
858,4,1717.84,456.76,78.46,209.52,0.7345,-1,-1,-1
858,43,269.50,611.88,83.42,242.43,0.7960,-1,-1,-1
858,3,873.63,943.62,79.99,135.18,0.7257,-1,-1,-1
858,48,994.85,493.91,77.24,235.14,0.7999,-1,-1,-1
858,49,921.14,509.76,65.51,224.28,0.7667,-1,-1,-1
858,57,434.77,294.18,60.34,194.80,0.5716,-1,-1,-1
858,61,1572.41,594.04,104.06,230.49,0.6806,-1,-1,-1
858,62,348.39,304.18,67.07,172.64,0.5355,-1,-1,-1
859,4,1717.04,457.33,78.85,209.63,0.7310,-1,-1,-1
859,43,269.87,611.71,83.85,243.37,0.8007,-1,-1,-1
859,3,874.50,943.80,79.97,135.24,0.7382,-1,-1,-1
859,48,994.65,493.97,77.77,234.70,0.7928,-1,-1,-1
859,49,918.86,507.32,66.26,226.83,0.7698,-1,-1,-1
859,57,435.46,298.27,59.07,190.28,0.5971,-1,-1,-1
859,61,1572.72,593.90,104.10,230.70,0.6467,-1,-1,-1
859,62,348.11,303.93,67.99,173.63,0.5209,-1,-1,-1
860,4,1716.73,456.66,79.16,209.89,0.7426,-1,-1,-1
860,43,270.57,612.10,83.65,242.34,0.8106,-1,-1,-1
860,3,874.88,942.77,80.63,136.59,0.7249,-1,-1,-1
860,48,993.08,493.47,78.77,234.96,0.7728,-1,-1,-1
860,49,916.86,505.49,66.73,228.50,0.7686,-1,-1,-1
860,57,434.81,300.15,58.79,189.10,0.6105,-1,-1,-1
860,61,1572.76,593.50,104.15,230.69,0.6051,-1,-1,-1
860,62,347.38,302.03,69.63,177.01,0.5337,-1,-1,-1
861,4,1716.51,456.50,79.43,209.71,0.7506,-1,-1,-1
861,43,271.23,613.08,83.54,241.18,0.8141,-1,-1,-1
861,3,876.04,942.88,80.75,136.91,0.7458,-1,-1,-1
861,48,992.32,492.70,79.59,234.77,0.7825,-1,-1,-1
861,49,914.89,503.27,67.38,231.23,0.7791,-1,-1,-1
861,57,433.99,300.36,59.19,188.54,0.5889,-1,-1,-1
861,61,1572.66,596.98,102.70,227.25,0.6543,-1,-1,-1
861,62,346.93,302.43,69.71,178.06,0.5315,-1,-1,-1
861,66,1401.77,1015.41,71.51,64.59,0.5856,-1,-1,-1
862,4,1716.74,456.61,79.85,210.25,0.7360,-1,-1,-1
862,43,271.18,613.19,83.51,240.51,0.8133,-1,-1,-1
862,3,877.01,943.49,80.32,136.46,0.7286,-1,-1,-1
862,48,991.14,491.31,79.98,234.50,0.7786,-1,-1,-1
862,49,913.68,501.89,67.73,233.20,0.7653,-1,-1,-1
862,57,433.92,300.05,58.94,187.54,0.5813,-1,-1,-1
862,61,1572.66,596.97,102.79,226.99,0.6381,-1,-1,-1
862,62,346.56,303.13,70.25,180.38,0.4918,-1,-1,-1
862,66,1397.35,1013.08,74.21,66.92,0.6172,-1,-1,-1
863,4,1716.90,456.57,80.00,210.31,0.7417,-1,-1,-1
863,43,271.33,613.70,83.76,240.63,0.8162,-1,-1,-1
863,3,878.28,942.77,80.37,136.98,0.7320,-1,-1,-1
863,48,990.93,489.36,80.59,235.00,0.7993,-1,-1,-1
863,49,912.42,500.84,67.52,232.97,0.7732,-1,-1,-1
863,57,433.50,301.11,59.02,187.35,0.5952,-1,-1,-1
863,61,1572.25,595.26,103.60,228.56,0.6402,-1,-1,-1
863,62,345.96,306.73,70.09,180.42,0.5692,-1,-1,-1
863,66,1392.89,1009.92,77.83,70.08,0.6326,-1,-1,-1
864,4,1717.17,457.12,80.11,209.97,0.7388,-1,-1,-1
864,43,271.88,614.86,83.76,240.07,0.8136,-1,-1,-1
864,3,879.63,942.51,80.24,137.08,0.7422,-1,-1,-1
864,48,988.51,486.71,81.26,235.97,0.8033,-1,-1,-1
864,49,911.78,500.14,67.24,232.61,0.7636,-1,-1,-1
864,57,433.66,302.35,59.22,187.07,0.5666,-1,-1,-1
864,61,1572.65,594.52,103.91,229.17,0.6342,-1,-1,-1
864,62,345.71,309.20,69.43,179.29,0.5458,-1,-1,-1
864,66,1388.48,1005.77,82.51,74.23,0.6628,-1,-1,-1
865,4,1717.71,456.85,79.76,208.69,0.7305,-1,-1,-1
865,43,272.32,617.26,84.70,243.14,0.8341,-1,-1,-1
865,3,881.14,942.61,80.19,137.26,0.7298,-1,-1,-1
865,48,987.25,484.42,81.48,235.93,0.7998,-1,-1,-1
865,49,910.79,498.86,66.35,229.70,0.7620,-1,-1,-1
865,57,433.65,303.02,59.52,186.97,0.5809,-1,-1,-1
865,61,1572.40,594.24,104.20,229.63,0.6473,-1,-1,-1
865,62,346.43,311.76,69.43,179.10,0.5939,-1,-1,-1
865,66,1385.21,1001.78,87.00,78.22,0.6825,-1,-1,-1
866,4,1718.14,456.96,79.84,208.87,0.7200,-1,-1,-1
866,43,272.50,619.47,85.68,246.76,0.8294,-1,-1,-1
866,3,882.86,942.60,80.24,137.38,0.7354,-1,-1,-1
866,48,986.19,481.82,81.29,234.57,0.7926,-1,-1,-1
866,49,909.81,497.38,65.79,227.41,0.7878,-1,-1,-1
866,57,433.73,303.92,59.65,186.39,0.5396,-1,-1,-1
866,61,1572.59,594.30,104.16,229.33,0.6132,-1,-1,-1
866,62,346.09,313.64,69.36,178.19,0.5721,-1,-1,-1
866,66,1381.99,998.16,91.02,81.84,0.6805,-1,-1,-1
867,4,1718.15,456.96,80.16,209.75,0.7137,-1,-1,-1
867,43,272.73,620.80,86.46,249.86,0.8261,-1,-1,-1
867,3,884.95,941.98,80.44,138.03,0.7372,-1,-1,-1
867,48,985.66,478.76,80.20,230.54,0.7735,-1,-1,-1
867,49,908.61,496.19,64.97,223.03,0.7794,-1,-1,-1
867,57,432.45,301.77,60.51,189.58,0.5465,-1,-1,-1
867,61,1572.45,593.31,104.56,230.32,0.6166,-1,-1,-1
867,62,345.90,317.52,68.57,175.69,0.5585,-1,-1,-1
867,66,1379.24,994.18,95.23,85.82,0.6755,-1,-1,-1
868,4,1718.05,456.91,79.85,209.15,0.7019,-1,-1,-1
868,43,272.35,622.10,87.19,252.43,0.8356,-1,-1,-1
868,3,887.14,941.56,80.50,138.46,0.7424,-1,-1,-1
868,48,986.35,475.97,78.09,224.43,0.7794,-1,-1,-1
868,49,907.08,494.73,64.56,219.69,0.7652,-1,-1,-1
868,57,431.30,300.95,61.73,194.95,0.5585,-1,-1,-1
868,61,1572.59,592.67,104.49,230.70,0.6532,-1,-1,-1
868,62,345.47,318.34,68.46,175.12,0.5313,-1,-1,-1
868,66,1375.96,988.84,100.59,91.16,0.6576,-1,-1,-1
869,4,1718.34,457.23,79.76,208.83,0.7086,-1,-1,-1
869,43,273.12,624.64,86.43,250.28,0.8312,-1,-1,-1
869,3,890.25,941.02,80.49,139.00,0.7295,-1,-1,-1
869,48,986.20,473.37,77.59,224.01,0.7590,-1,-1,-1
869,49,906.37,492.76,63.93,214.84,0.7708,-1,-1,-1
869,57,431.13,301.78,62.53,198.05,0.4984,-1,-1,-1
869,61,1572.93,593.77,104.01,229.69,0.6360,-1,-1,-1
869,62,345.93,316.10,69.03,176.95,0.4883,-1,-1,-1
869,66,1373.77,984.72,104.23,95.28,0.6837,-1,-1,-1
870,4,1718.56,457.81,79.13,206.72,0.7187,-1,-1,-1
870,43,273.52,627.32,86.67,251.25,0.8335,-1,-1,-1
870,3,892.40,940.76,80.25,139.26,0.7351,-1,-1,-1
870,48,986.16,472.04,76.62,223.31,0.7482,-1,-1,-1
870,49,904.39,490.98,64.52,214.85,0.7293,-1,-1,-1
870,57,432.34,311.28,60.68,193.36,0.5619,-1,-1,-1
870,61,1573.40,594.43,103.70,229.33,0.6512,-1,-1,-1
870,62,352.07,318.33,66.71,173.20,0.5094,-1,-1,-1
870,66,1372.59,982.29,105.87,97.71,0.7182,-1,-1,-1
871,4,1718.11,457.60,79.66,207.86,0.7023,-1,-1,-1
871,43,274.26,630.04,87.30,253.69,0.8329,-1,-1,-1
871,3,894.62,941.37,79.46,138.65,0.7386,-1,-1,-1
871,48,985.54,469.83,76.18,224.66,0.7534,-1,-1,-1
871,49,902.54,488.68,65.15,215.19,0.7348,-1,-1,-1
871,57,432.81,314.78,59.63,191.42,0.5789,-1,-1,-1
871,61,1573.09,594.58,103.71,229.76,0.6157,-1,-1,-1
871,62,352.07,316.79,66.73,175.46,0.4937,-1,-1,-1
871,66,1370.75,979.62,107.62,100.38,0.7136,-1,-1,-1
872,4,1717.79,457.95,79.87,208.12,0.7112,-1,-1,-1
872,43,275.08,632.60,87.24,254.93,0.8345,-1,-1,-1
872,3,896.58,941.48,79.12,138.54,0.7320,-1,-1,-1
872,48,984.76,468.32,75.68,225.85,0.7479,-1,-1,-1
872,49,900.76,487.34,66.00,216.43,0.7404,-1,-1,-1
872,57,432.39,317.29,59.25,191.70,0.5832,-1,-1,-1
872,61,1572.37,595.50,103.45,228.87,0.6100,-1,-1,-1
872,62,351.73,314.58,66.88,178.35,0.4970,-1,-1,-1
872,66,1368.56,976.51,109.77,103.49,0.7116,-1,-1,-1
873,4,1717.56,458.14,79.87,207.89,0.7083,-1,-1,-1
873,43,275.52,634.10,87.09,255.43,0.8347,-1,-1,-1
873,3,898.83,941.51,78.85,138.50,0.7334,-1,-1,-1
873,48,985.03,467.62,74.59,225.22,0.7415,-1,-1,-1
873,49,899.61,486.35,67.10,219.11,0.7344,-1,-1,-1
873,57,432.49,317.28,59.59,193.40,0.6030,-1,-1,-1
873,61,1572.06,596.04,103.34,228.15,0.5871,-1,-1,-1
873,62,352.12,314.87,65.84,177.65,0.5163,-1,-1,-1
873,66,1366.47,974.45,110.75,105.55,0.7210,-1,-1,-1
874,4,1718.06,458.34,79.86,208.02,0.6923,-1,-1,-1
874,43,276.38,635.25,86.87,255.11,0.8305,-1,-1,-1
874,3,899.71,941.05,78.94,138.97,0.7365,-1,-1,-1
874,48,985.58,467.19,73.70,224.97,0.7303,-1,-1,-1
874,49,898.76,484.16,67.84,221.04,0.7179,-1,-1,-1
874,57,431.51,315.10,60.25,195.82,0.6156,-1,-1,-1
874,61,1572.83,596.94,103.09,227.29,0.6305,-1,-1,-1
874,62,351.54,315.34,64.99,177.69,0.5334,-1,-1,-1
874,66,1364.86,973.42,110.67,106.58,0.7278,-1,-1,-1
875,4,1717.96,458.48,79.57,207.24,0.6887,-1,-1,-1
875,43,277.95,635.86,86.17,253.94,0.8215,-1,-1,-1
875,3,901.00,940.32,79.06,139.69,0.7272,-1,-1,-1
875,48,985.98,466.85,72.98,225.15,0.7285,-1,-1,-1
875,49,897.12,482.94,67.97,221.02,0.7289,-1,-1,-1
875,57,431.29,313.44,60.81,197.89,0.5709,-1,-1,-1
875,61,1573.16,597.24,102.90,226.59,0.6247,-1,-1,-1
875,62,352.19,317.87,63.75,175.67,0.5195,-1,-1,-1
875,66,1363.22,971.87,110.97,108.13,0.7074,-1,-1,-1
876,4,1718.37,458.09,79.61,207.53,0.6898,-1,-1,-1
876,43,279.16,636.39,86.03,253.78,0.8139,-1,-1,-1
876,3,901.90,940.06,79.18,139.95,0.7462,-1,-1,-1
876,48,985.69,466.92,72.50,226.01,0.7278,-1,-1,-1
876,49,895.94,482.28,68.37,222.42,0.7305,-1,-1,-1
876,57,431.54,313.97,60.44,196.80,0.5743,-1,-1,-1
876,61,1573.13,598.18,102.43,225.63,0.6201,-1,-1,-1
876,62,352.26,319.15,63.71,175.93,0.4853,-1,-1,-1
876,66,1361.15,970.59,111.02,109.41,0.7053,-1,-1,-1
877,4,1718.48,458.06,79.63,207.58,0.6726,-1,-1,-1
877,43,279.89,637.53,85.49,253.12,0.7984,-1,-1,-1
877,3,902.46,939.45,79.41,140.56,0.7299,-1,-1,-1
877,48,984.72,466.13,72.24,226.92,0.7181,-1,-1,-1
877,49,895.43,482.14,68.59,223.15,0.7217,-1,-1,-1
877,57,431.54,314.34,60.29,195.77,0.5506,-1,-1,-1
877,61,1573.34,597.75,102.73,226.21,0.6014,-1,-1,-1
877,62,351.94,321.06,63.87,177.48,0.5165,-1,-1,-1
877,66,1358.91,968.40,111.92,111.60,0.6995,-1,-1,-1
878,4,1718.68,457.68,79.44,207.51,0.6351,-1,-1,-1
878,43,281.84,638.89,85.10,252.00,0.7852,-1,-1,-1
878,3,903.82,939.22,79.60,140.79,0.7351,-1,-1,-1
878,48,984.32,465.15,71.61,226.77,0.7108,-1,-1,-1
878,49,894.61,480.76,68.71,224.08,0.7173,-1,-1,-1
878,57,430.65,316.29,60.03,194.34,0.5512,-1,-1,-1
878,61,1573.49,597.28,102.99,227.03,0.5765,-1,-1,-1
878,62,352.04,321.56,64.47,181.14,0.4858,-1,-1,-1
878,66,1356.27,966.16,113.08,113.84,0.7179,-1,-1,-1
879,4,1718.74,457.25,79.49,207.93,0.6273,-1,-1,-1
879,43,283.37,640.36,84.76,250.59,0.7808,-1,-1,-1
879,3,904.14,938.98,79.85,141.03,0.7362,-1,-1,-1
879,48,982.93,464.42,71.10,226.49,0.6854,-1,-1,-1
879,49,893.79,480.38,68.36,223.55,0.7192,-1,-1,-1
879,57,429.61,314.39,60.80,196.61,0.5051,-1,-1,-1
879,61,1573.41,599.00,102.24,225.65,0.5913,-1,-1,-1
879,62,351.08,323.02,64.73,182.89,0.4135,-1,-1,-1
879,66,1354.75,963.65,114.22,116.35,0.7325,-1,-1,-1
880,4,1719.08,457.31,79.24,207.86,0.6366,-1,-1,-1
880,43,284.17,641.44,84.35,249.60,0.7549,-1,-1,-1
880,3,904.80,938.17,80.24,141.84,0.7407,-1,-1,-1
880,48,982.16,462.73,70.48,225.62,0.6946,-1,-1,-1
880,49,893.47,478.61,68.18,223.42,0.6968,-1,-1,-1
880,57,429.62,317.81,59.75,191.97,0.5744,-1,-1,-1
880,61,1573.53,597.58,102.45,226.52,0.6111,-1,-1,-1
880,62,345.22,323.43,66.49,184.71,0.4255,-1,-1,-1
880,66,1353.70,960.42,115.79,119.58,0.7310,-1,-1,-1
881,4,1719.27,457.47,79.22,208.00,0.6283,-1,-1,-1
881,43,285.44,642.48,84.17,248.57,0.7754,-1,-1,-1
881,3,905.16,937.77,80.51,142.24,0.7479,-1,-1,-1
881,48,980.79,460.32,69.61,224.18,0.7039,-1,-1,-1
881,49,893.40,477.10,67.49,221.68,0.6620,-1,-1,-1
881,57,429.40,319.94,59.20,189.50,0.5269,-1,-1,-1
881,61,1573.56,598.48,102.21,225.82,0.5646,-1,-1,-1
881,62,342.26,324.64,68.04,187.16,0.4011,-1,-1,-1
881,66,1351.79,957.23,117.04,122.77,0.7438,-1,-1,-1
882,4,1719.42,457.75,78.99,208.12,0.6416,-1,-1,-1
882,43,286.45,643.68,84.02,247.40,0.7639,-1,-1,-1
882,3,905.62,937.28,80.88,142.73,0.7540,-1,-1,-1
882,48,979.29,457.16,68.74,222.47,0.6957,-1,-1,-1
882,49,892.46,474.73,68.08,224.82,0.6663,-1,-1,-1
882,57,429.52,321.13,58.86,187.86,0.5308,-1,-1,-1
882,61,1573.84,597.73,102.35,226.59,0.6034,-1,-1,-1
882,62,341.07,328.01,67.99,185.23,0.3441,-1,-1,-1
882,66,1349.32,952.87,119.07,127.13,0.7455,-1,-1,-1
883,4,1720.15,457.85,78.63,207.83,0.6438,-1,-1,-1
883,43,287.51,645.14,83.96,246.17,0.7840,-1,-1,-1
883,3,905.40,937.02,81.10,142.99,0.7435,-1,-1,-1
883,48,978.41,454.67,67.78,219.66,0.7291,-1,-1,-1
883,49,893.14,471.54,64.53,212.73,0.6742,-1,-1,-1
883,57,428.62,320.47,59.20,188.00,0.5485,-1,-1,-1
883,61,1573.70,597.10,102.24,227.17,0.5792,-1,-1,-1
883,62,340.02,330.91,68.11,183.24,0.4045,-1,-1,-1
883,66,1347.58,949.13,119.81,130.38,0.7896,-1,-1,-1
884,4,1720.60,457.77,78.26,207.79,0.6229,-1,-1,-1
884,43,288.31,647.80,83.60,244.32,0.7817,-1,-1,-1
884,3,906.30,937.70,80.83,142.30,0.7342,-1,-1,-1
884,48,976.42,452.08,67.66,219.38,0.6878,-1,-1,-1
884,49,891.06,467.77,65.50,217.18,0.6514,-1,-1,-1
884,57,427.95,320.07,59.88,190.28,0.5485,-1,-1,-1
884,61,1574.41,597.86,101.62,226.54,0.5573,-1,-1,-1
884,62,338.22,334.12,68.16,180.49,0.3968,-1,-1,-1
884,66,1344.83,944.39,121.08,134.64,0.7983,-1,-1,-1
885,4,1720.94,457.83,77.82,207.25,0.6054,-1,-1,-1
885,43,288.38,649.71,83.80,244.34,0.7685,-1,-1,-1
885,3,907.08,937.42,80.96,142.59,0.7216,-1,-1,-1
885,48,974.80,449.55,67.80,219.47,0.7033,-1,-1,-1
885,49,890.12,465.01,65.81,219.60,0.6928,-1,-1,-1
885,57,427.23,319.63,61.16,194.75,0.5346,-1,-1,-1
885,61,1574.33,599.08,100.97,225.34,0.5475,-1,-1,-1
885,62,338.64,333.22,69.13,181.59,0.3674,-1,-1,-1
885,66,1342.86,939.90,122.60,139.72,0.8065,-1,-1,-1
885,67,1761.88,684.45,71.22,221.54,0.5181,-1,-1,-1
886,4,1720.67,457.61,77.65,207.49,0.6143,-1,-1,-1
886,43,288.61,651.86,84.25,245.68,0.7484,-1,-1,-1
886,3,907.14,936.88,81.30,143.13,0.7280,-1,-1,-1
886,48,972.32,446.63,68.74,221.55,0.7012,-1,-1,-1
886,49,889.74,461.55,65.57,219.89,0.6870,-1,-1,-1
886,57,426.42,320.42,61.65,197.28,0.4821,-1,-1,-1
886,61,1574.81,598.49,101.26,226.12,0.5660,-1,-1,-1
886,62,337.52,335.47,69.22,179.12,0.3754,-1,-1,-1
886,66,1341.10,935.70,123.09,143.92,0.8077,-1,-1,-1
886,67,1761.32,684.56,72.28,224.42,0.4776,-1,-1,-1
887,4,1720.68,457.21,77.52,207.78,0.6175,-1,-1,-1
887,43,288.58,653.97,84.40,246.44,0.7594,-1,-1,-1
887,3,908.11,937.10,81.17,142.90,0.7180,-1,-1,-1
887,48,971.23,444.74,69.50,223.24,0.7185,-1,-1,-1
887,49,889.87,461.34,64.31,215.99,0.7277,-1,-1,-1
887,57,426.06,322.66,62.14,199.01,0.4812,-1,-1,-1
887,61,1574.94,599.40,100.74,225.04,0.5513,-1,-1,-1
887,62,335.42,337.21,69.53,177.00,0.3582,-1,-1,-1
887,66,1340.16,931.63,122.68,146.76,0.7669,-1,-1,-1
887,67,1760.35,684.63,72.10,223.53,0.5131,-1,-1,-1
888,4,1720.55,457.94,77.15,206.94,0.6291,-1,-1,-1
888,43,288.97,655.74,84.59,247.82,0.7449,-1,-1,-1
888,3,908.46,937.00,81.13,143.01,0.7098,-1,-1,-1
888,48,970.65,443.84,69.88,223.07,0.7358,-1,-1,-1
888,49,889.43,458.32,65.12,219.59,0.7335,-1,-1,-1
888,57,426.23,325.28,62.25,199.75,0.5074,-1,-1,-1
888,61,1575.29,599.30,100.97,225.58,0.5527,-1,-1,-1
888,62,334.17,338.55,69.91,175.55,0.4274,-1,-1,-1
888,66,1339.48,929.54,122.26,149.83,0.7715,-1,-1,-1
888,67,1759.14,685.24,72.45,224.02,0.5531,-1,-1,-1
889,4,1720.41,457.19,77.49,207.92,0.6439,-1,-1,-1
889,43,289.92,658.43,84.05,247.44,0.7295,-1,-1,-1
889,3,909.40,937.32,80.91,142.68,0.7266,-1,-1,-1
889,48,970.16,443.24,70.70,224.04,0.7419,-1,-1,-1
889,49,889.12,456.44,65.34,221.33,0.7352,-1,-1,-1
889,57,426.37,324.98,62.15,199.99,0.5057,-1,-1,-1
889,61,1574.98,599.65,100.48,224.91,0.5397,-1,-1,-1
889,62,334.10,340.05,69.86,173.55,0.4199,-1,-1,-1
889,66,1337.74,926.12,122.54,153.35,0.7714,-1,-1,-1
889,67,1758.48,683.93,74.08,228.73,0.5117,-1,-1,-1
890,4,1720.19,456.64,78.00,209.26,0.6656,-1,-1,-1
890,43,289.94,659.82,84.47,249.95,0.7121,-1,-1,-1
890,3,910.30,937.26,80.67,142.74,0.7381,-1,-1,-1
890,48,968.68,442.84,71.47,224.59,0.7271,-1,-1,-1
890,49,888.92,456.38,64.62,219.60,0.7157,-1,-1,-1
890,57,424.40,328.07,62.51,201.05,0.5093,-1,-1,-1
890,61,1574.72,599.82,100.40,224.96,0.5309,-1,-1,-1
890,62,334.59,341.60,69.37,171.55,0.4891,-1,-1,-1
890,66,1335.80,924.54,121.75,155.26,0.7562,-1,-1,-1
890,67,1756.57,682.99,76.24,235.19,0.4971,-1,-1,-1
891,4,1720.41,456.87,77.73,209.08,0.6461,-1,-1,-1
891,43,290.92,661.95,84.49,251.79,0.7015,-1,-1,-1
891,3,910.47,937.59,80.36,142.41,0.7347,-1,-1,-1
891,48,967.50,442.80,72.71,225.56,0.7232,-1,-1,-1
891,49,888.39,455.07,64.29,219.17,0.7336,-1,-1,-1
891,57,423.33,329.45,62.68,201.37,0.5167,-1,-1,-1
891,61,1574.94,598.05,100.94,226.70,0.5409,-1,-1,-1
891,62,335.85,341.11,69.57,172.89,0.4815,-1,-1,-1
891,66,1335.34,924.55,119.82,155.39,0.7917,-1,-1,-1
891,67,1755.32,682.94,76.99,237.01,0.5389,-1,-1,-1
892,4,1720.47,456.61,77.68,209.18,0.6460,-1,-1,-1
892,43,292.03,664.06,84.31,253.10,0.7620,-1,-1,-1
892,3,910.55,937.64,80.11,142.36,0.7293,-1,-1,-1
892,48,966.46,442.96,73.99,226.40,0.7301,-1,-1,-1
892,49,887.38,455.44,64.25,219.64,0.6965,-1,-1,-1
892,57,422.40,331.32,62.64,200.47,0.5447,-1,-1,-1
892,61,1573.88,596.76,101.44,227.99,0.5357,-1,-1,-1
892,62,336.40,342.13,68.92,172.22,0.5026,-1,-1,-1
892,66,1334.08,923.45,119.18,156.54,0.7790,-1,-1,-1
892,67,1754.86,682.45,76.95,236.26,0.5397,-1,-1,-1
893,4,1720.92,456.93,77.43,208.80,0.6384,-1,-1,-1
893,43,293.79,664.80,84.22,254.87,0.7772,-1,-1,-1
893,3,911.45,937.83,79.77,142.18,0.7338,-1,-1,-1
893,48,965.68,441.95,75.03,226.77,0.7447,-1,-1,-1
893,49,885.69,455.09,64.09,219.37,0.7200,-1,-1,-1
893,57,422.84,333.33,62.17,198.07,0.5461,-1,-1,-1
893,61,1573.98,595.75,101.60,228.77,0.5352,-1,-1,-1
893,62,337.58,344.57,68.34,171.32,0.5257,-1,-1,-1
893,66,1331.71,920.94,119.73,159.07,0.7805,-1,-1,-1
893,67,1754.23,681.92,77.78,237.97,0.5613,-1,-1,-1
894,4,1720.60,457.18,77.32,208.40,0.6375,-1,-1,-1
894,43,294.97,666.59,83.77,254.96,0.7550,-1,-1,-1
894,3,911.72,937.90,79.37,142.10,0.7383,-1,-1,-1
894,48,965.34,441.10,75.95,226.87,0.7483,-1,-1,-1
894,49,885.04,455.05,63.78,218.84,0.6970,-1,-1,-1
894,57,422.12,333.60,62.57,198.32,0.5137,-1,-1,-1
894,61,1573.22,593.75,102.50,231.16,0.5023,-1,-1,-1
894,62,338.61,345.44,68.46,172.54,0.4428,-1,-1,-1
894,66,1328.32,917.68,120.66,162.33,0.7873,-1,-1,-1
894,67,1753.28,680.69,79.34,241.95,0.5691,-1,-1,-1
895,4,1720.25,456.89,77.40,208.64,0.6310,-1,-1,-1
895,43,296.30,668.13,83.06,253.77,0.7256,-1,-1,-1
895,3,912.25,938.17,78.99,141.83,0.7414,-1,-1,-1
895,48,965.49,440.66,76.56,226.25,0.7442,-1,-1,-1
895,49,883.37,454.87,63.61,218.78,0.7141,-1,-1,-1
895,57,421.35,333.82,62.74,198.07,0.5186,-1,-1,-1
895,61,1573.14,595.32,101.76,229.47,0.5250,-1,-1,-1
895,62,337.62,346.00,69.63,177.19,0.4963,-1,-1,-1
895,66,1325.61,916.43,120.18,163.58,0.7864,-1,-1,-1
895,67,1753.03,681.30,79.06,240.00,0.5809,-1,-1,-1
896,4,1719.90,457.15,77.41,208.60,0.6309,-1,-1,-1
896,43,297.92,668.62,82.64,252.71,0.7387,-1,-1,-1
896,3,912.16,938.51,78.48,141.49,0.7138,-1,-1,-1
896,48,965.16,439.00,77.36,226.44,0.7393,-1,-1,-1
896,49,883.33,455.03,62.79,216.79,0.6944,-1,-1,-1
896,57,421.11,334.03,62.83,197.74,0.5073,-1,-1,-1
896,61,1573.20,596.92,101.11,227.85,0.5781,-1,-1,-1
896,62,337.35,346.86,69.53,178.39,0.5136,-1,-1,-1
896,66,1323.50,913.58,120.34,166.43,0.7727,-1,-1,-1
896,67,1752.38,681.72,79.42,239.73,0.5842,-1,-1,-1
897,4,1719.98,457.13,77.20,207.91,0.6426,-1,-1,-1
897,43,299.00,669.14,83.13,253.26,0.7483,-1,-1,-1
897,3,912.33,938.89,78.07,141.11,0.7352,-1,-1,-1
897,48,964.96,436.57,78.00,227.08,0.7409,-1,-1,-1
897,49,882.20,452.63,63.22,218.64,0.7087,-1,-1,-1
897,57,421.09,335.16,62.54,195.66,0.4867,-1,-1,-1
897,61,1573.43,598.06,100.63,226.67,0.5735,-1,-1,-1
897,62,337.55,348.73,69.69,179.95,0.4860,-1,-1,-1
897,66,1320.93,909.20,121.25,170.81,0.7777,-1,-1,-1
897,67,1751.72,680.81,79.58,239.48,0.5733,-1,-1,-1
898,4,1719.93,457.08,77.32,208.36,0.6440,-1,-1,-1
898,43,300.35,670.17,83.51,252.13,0.7633,-1,-1,-1
898,3,911.45,939.66,77.45,140.28,0.7346,-1,-1,-1
898,48,964.35,434.25,78.04,226.23,0.7277,-1,-1,-1
898,49,881.01,450.79,63.13,218.60,0.6764,-1,-1,-1
898,57,420.20,335.06,62.61,194.91,0.5061,-1,-1,-1
898,61,1574.28,597.38,100.88,227.02,0.5851,-1,-1,-1
898,62,337.06,353.13,68.96,179.71,0.4912,-1,-1,-1
898,66,1317.92,904.64,122.02,175.37,0.7875,-1,-1,-1
898,67,1751.52,680.63,79.78,239.81,0.5426,-1,-1,-1
899,4,1719.68,457.06,77.29,208.82,0.6371,-1,-1,-1
899,43,301.37,670.52,84.32,252.31,0.7685,-1,-1,-1
899,3,911.26,940.61,76.65,139.33,0.7420,-1,-1,-1
899,48,963.90,431.94,77.48,223.65,0.7276,-1,-1,-1
899,49,880.14,447.78,61.98,214.17,0.6649,-1,-1,-1
899,57,419.74,336.12,62.56,193.60,0.5086,-1,-1,-1
899,61,1575.18,599.45,100.06,224.76,0.5777,-1,-1,-1
899,62,337.13,356.10,68.26,178.52,0.5337,-1,-1,-1
899,66,1315.49,900.25,122.32,179.75,0.7947,-1,-1,-1
899,67,1751.01,680.20,80.03,240.63,0.5107,-1,-1,-1
900,4,1719.80,456.21,77.37,209.47,0.6205,-1,-1,-1
900,43,302.57,671.25,85.39,252.33,0.7707,-1,-1,-1
900,3,911.52,942.13,75.38,137.53,0.7254,-1,-1,-1
900,48,963.29,428.92,77.35,222.83,0.7234,-1,-1,-1
900,49,878.36,445.57,61.83,213.72,0.6723,-1,-1,-1
900,57,418.89,336.16,63.53,195.87,0.5180,-1,-1,-1
900,61,1575.15,600.41,99.68,223.79,0.5751,-1,-1,-1
900,62,335.92,356.34,68.56,180.26,0.5386,-1,-1,-1
900,66,1314.10,895.92,122.59,184.09,0.7993,-1,-1,-1
900,67,1751.10,680.71,79.50,239.46,0.5400,-1,-1,-1
901,4,1720.81,456.97,76.71,207.86,0.6046,-1,-1,-1
901,43,303.54,672.61,85.99,250.29,0.7863,-1,-1,-1
901,3,911.79,943.10,74.44,136.25,0.7374,-1,-1,-1
901,48,963.39,425.37,77.07,222.59,0.7156,-1,-1,-1
901,49,877.40,442.79,61.45,211.64,0.6631,-1,-1,-1
901,57,417.54,337.64,64.24,196.95,0.5248,-1,-1,-1
901,61,1575.90,599.37,100.35,225.05,0.5803,-1,-1,-1
901,62,335.31,354.13,69.00,181.28,0.4903,-1,-1,-1
901,66,1312.52,892.36,122.32,187.65,0.8131,-1,-1,-1
901,67,1749.80,682.17,78.98,238.02,0.5601,-1,-1,-1
902,4,1720.86,456.82,76.62,207.99,0.6092,-1,-1,-1
902,43,303.77,674.64,87.14,249.89,0.8125,-1,-1,-1
902,3,911.89,944.09,73.39,135.11,0.7262,-1,-1,-1
902,48,964.12,422.84,75.59,219.16,0.7303,-1,-1,-1
902,49,876.08,440.57,61.41,210.81,0.6952,-1,-1,-1
902,57,417.66,338.19,65.36,200.39,0.5161,-1,-1,-1
902,61,1576.60,599.16,100.18,224.96,0.5817,-1,-1,-1
902,62,334.99,353.18,69.33,181.42,0.4254,-1,-1,-1
902,66,1310.48,889.02,121.76,190.99,0.8059,-1,-1,-1
902,67,1749.36,682.12,79.15,238.79,0.5497,-1,-1,-1
903,4,1720.52,457.23,76.62,208.25,0.5956,-1,-1,-1
903,43,303.18,676.45,89.11,252.90,0.8225,-1,-1,-1
903,3,911.71,945.17,72.75,134.54,0.7350,-1,-1,-1
903,48,964.34,420.93,74.69,217.92,0.7167,-1,-1,-1
903,49,875.25,438.42,61.51,210.61,0.6915,-1,-1,-1
903,57,416.73,340.26,66.00,201.80,0.5510,-1,-1,-1
903,61,1577.15,598.95,100.11,225.35,0.5930,-1,-1,-1
903,62,334.04,352.37,69.91,181.94,0.3676,-1,-1,-1
903,66,1308.42,885.15,121.55,194.85,0.7816,-1,-1,-1
903,67,1749.99,680.94,79.82,241.26,0.5655,-1,-1,-1
904,4,1721.24,457.20,76.25,207.71,0.6277,-1,-1,-1
904,43,303.06,678.56,90.17,253.72,0.8374,-1,-1,-1
904,3,912.03,946.18,71.94,133.72,0.7206,-1,-1,-1
904,48,964.61,420.06,73.92,217.18,0.7101,-1,-1,-1
904,49,874.22,436.92,62.32,213.15,0.7104,-1,-1,-1
904,57,417.93,343.05,66.01,202.48,0.4948,-1,-1,-1
904,61,1577.00,599.29,99.81,224.78,0.5478,-1,-1,-1
904,62,331.22,353.37,70.25,180.42,0.3811,-1,-1,-1
904,66,1305.69,881.23,121.21,198.78,0.7713,-1,-1,-1
904,67,1751.12,681.85,79.74,240.83,0.5874,-1,-1,-1
905,4,1721.38,456.91,76.21,208.04,0.6416,-1,-1,-1
905,43,303.14,680.33,91.89,257.48,0.8373,-1,-1,-1
905,3,912.13,947.36,71.13,132.61,0.7274,-1,-1,-1
905,48,964.41,418.58,73.89,218.34,0.7309,-1,-1,-1
905,49,873.73,435.17,62.27,213.30,0.7179,-1,-1,-1
905,57,417.76,347.38,65.24,200.30,0.4796,-1,-1,-1
905,61,1576.63,598.76,100.12,225.66,0.5772,-1,-1,-1
905,62,338.13,354.59,68.45,179.48,0.4178,-1,-1,-1
905,66,1303.99,877.98,120.00,201.13,0.7483,-1,-1,-1
905,67,1751.58,682.33,80.37,243.34,0.5764,-1,-1,-1
906,4,1720.71,456.70,76.31,208.73,0.6352,-1,-1,-1
906,43,303.74,682.37,92.96,260.28,0.8411,-1,-1,-1
906,3,912.31,948.98,70.18,131.02,0.7253,-1,-1,-1
906,48,964.23,417.66,73.26,217.81,0.7334,-1,-1,-1
906,49,872.56,434.44,62.39,214.23,0.7389,-1,-1,-1
906,57,415.65,348.87,65.58,201.35,0.5884,-1,-1,-1
906,61,1577.30,598.95,99.84,225.39,0.5946,-1,-1,-1
906,62,341.33,354.37,67.33,180.59,0.4331,-1,-1,-1
906,66,1302.43,875.86,118.51,203.22,0.7582,-1,-1,-1
906,67,1752.44,682.80,79.50,240.51,0.6100,-1,-1,-1
907,4,1720.76,457.15,75.95,207.96,0.6205,-1,-1,-1
907,43,305.17,684.75,91.94,257.34,0.8389,-1,-1,-1
907,3,910.85,949.32,70.35,130.69,0.7462,-1,-1,-1
907,48,964.41,417.26,73.32,219.39,0.6832,-1,-1,-1
907,49,871.76,432.79,62.56,214.74,0.7309,-1,-1,-1
907,57,414.61,346.43,67.18,205.51,0.5855,-1,-1,-1
907,61,1578.25,599.24,99.25,224.89,0.5619,-1,-1,-1
907,62,342.50,357.95,64.92,177.36,0.4181,-1,-1,-1
907,66,1301.60,875.50,116.75,204.15,0.7327,-1,-1,-1
907,67,1753.10,682.96,79.60,240.77,0.6240,-1,-1,-1
908,4,1721.08,457.39,75.52,207.11,0.6252,-1,-1,-1
908,43,306.33,687.27,91.81,257.54,0.8394,-1,-1,-1
908,3,911.34,950.68,69.82,129.33,0.7269,-1,-1,-1
908,48,964.20,417.10,72.80,219.56,0.7232,-1,-1,-1
908,49,870.55,431.86,63.25,217.53,0.7244,-1,-1,-1
908,57,413.95,346.65,67.76,206.55,0.5885,-1,-1,-1
908,61,1576.96,598.50,99.56,226.02,0.6042,-1,-1,-1
908,62,332.75,356.70,66.64,178.19,0.4355,-1,-1,-1
908,66,1300.10,875.13,115.11,204.75,0.7336,-1,-1,-1
908,67,1754.16,683.81,79.55,240.91,0.6298,-1,-1,-1
909,4,1720.99,457.17,75.33,207.20,0.6060,-1,-1,-1
909,43,306.77,689.61,92.17,259.42,0.8418,-1,-1,-1
909,3,910.21,950.58,70.19,129.43,0.7386,-1,-1,-1
909,48,963.61,416.74,72.98,222.02,0.7148,-1,-1,-1
909,49,869.78,431.46,63.42,218.78,0.7266,-1,-1,-1
909,57,414.39,352.71,65.72,200.74,0.5976,-1,-1,-1
909,61,1577.30,597.67,99.41,226.54,0.5937,-1,-1,-1
909,62,328.53,358.33,67.89,179.06,0.5406,-1,-1,-1
909,66,1298.32,873.74,113.83,206.23,0.7358,-1,-1,-1
909,67,1755.04,684.25,79.10,239.54,0.6279,-1,-1,-1
910,4,1721.12,456.74,75.58,208.30,0.6298,-1,-1,-1
910,43,306.66,691.80,92.68,261.79,0.8393,-1,-1,-1
910,3,909.79,951.16,70.33,128.85,0.7347,-1,-1,-1
910,48,962.78,416.66,72.69,222.42,0.7158,-1,-1,-1
910,49,869.65,430.99,63.47,219.28,0.7142,-1,-1,-1
910,57,413.77,351.78,65.90,201.25,0.6178,-1,-1,-1
910,61,1576.05,598.13,99.45,226.16,0.5756,-1,-1,-1
910,62,326.43,358.59,69.96,182.37,0.5752,-1,-1,-1
910,66,1297.02,871.97,112.69,208.02,0.7562,-1,-1,-1
910,67,1755.62,683.72,79.04,240.00,0.6107,-1,-1,-1
911,4,1721.65,457.35,75.34,207.22,0.6294,-1,-1,-1
911,43,306.53,693.69,92.46,262.16,0.8372,-1,-1,-1
911,3,909.71,951.73,70.41,128.27,0.7432,-1,-1,-1
911,48,962.67,415.74,72.43,223.37,0.7069,-1,-1,-1
911,49,869.19,430.25,63.62,220.28,0.7110,-1,-1,-1
911,57,413.83,355.34,64.57,197.88,0.6228,-1,-1,-1
911,61,1575.64,598.86,99.29,225.47,0.5512,-1,-1,-1
911,62,326.62,362.64,70.53,182.05,0.5650,-1,-1,-1
911,66,1294.72,869.40,111.87,210.61,0.7716,-1,-1,-1
911,67,1756.14,683.63,78.86,240.09,0.6091,-1,-1,-1
912,4,1721.75,456.79,75.45,207.53,0.6305,-1,-1,-1
912,43,306.36,695.33,92.38,263.18,0.8343,-1,-1,-1
912,3,910.53,952.87,70.13,127.13,0.7407,-1,-1,-1
912,48,962.27,414.90,71.28,221.20,0.7015,-1,-1,-1
912,49,869.15,429.13,63.24,219.13,0.6915,-1,-1,-1
912,57,412.58,353.67,65.22,200.39,0.6222,-1,-1,-1
912,61,1574.88,598.05,99.80,226.22,0.5384,-1,-1,-1
912,62,326.66,365.90,70.74,181.56,0.5704,-1,-1,-1
912,66,1292.89,866.60,111.17,213.39,0.7659,-1,-1,-1
912,67,1756.65,683.62,78.79,240.60,0.6184,-1,-1,-1
913,4,1721.60,456.19,75.67,208.14,0.5955,-1,-1,-1
913,43,306.26,696.56,91.77,262.51,0.8276,-1,-1,-1
913,3,910.60,953.05,70.30,126.95,0.7403,-1,-1,-1
913,48,961.66,412.96,70.20,218.78,0.6853,-1,-1,-1
913,49,868.37,426.92,63.77,221.24,0.7051,-1,-1,-1
913,57,411.97,352.82,65.57,201.46,0.6025,-1,-1,-1
913,61,1575.27,598.36,99.59,225.92,0.5482,-1,-1,-1
913,62,327.73,367.50,71.50,182.70,0.5171,-1,-1,-1
913,66,1291.09,862.10,111.21,217.90,0.7719,-1,-1,-1
913,67,1756.84,682.39,78.98,241.75,0.6183,-1,-1,-1
914,4,1721.90,456.08,75.57,208.27,0.6208,-1,-1,-1
914,43,306.36,697.24,91.20,261.75,0.8218,-1,-1,-1
914,3,910.24,953.36,70.55,126.65,0.7462,-1,-1,-1
914,48,961.09,410.69,68.62,214.28,0.6980,-1,-1,-1
914,49,867.80,425.85,62.94,218.60,0.6773,-1,-1,-1
914,57,412.02,355.08,64.66,198.57,0.5554,-1,-1,-1
914,61,1575.00,597.87,99.96,226.27,0.4663,-1,-1,-1
914,62,327.99,367.47,72.46,184.68,0.5379,-1,-1,-1
914,66,1288.87,857.95,111.17,222.06,0.7725,-1,-1,-1
914,67,1757.30,681.06,79.25,243.62,0.5934,-1,-1,-1
915,4,1721.64,456.45,75.14,207.63,0.6142,-1,-1,-1
915,43,306.35,698.14,90.57,260.79,0.8159,-1,-1,-1
915,3,909.59,953.77,70.78,126.23,0.7472,-1,-1,-1
915,48,960.27,408.77,67.38,210.83,0.7023,-1,-1,-1
915,49,868.22,422.74,60.37,209.02,0.6631,-1,-1,-1
915,57,411.70,355.68,64.39,197.47,0.5393,-1,-1,-1
915,61,1574.81,598.44,99.88,225.85,0.5314,-1,-1,-1
915,62,328.61,368.71,72.61,185.24,0.5389,-1,-1,-1
915,66,1288.32,854.19,111.03,225.82,0.7733,-1,-1,-1
915,67,1756.86,678.66,79.51,245.59,0.5835,-1,-1,-1
916,4,1721.54,456.21,75.18,207.98,0.6022,-1,-1,-1
916,43,306.19,699.55,89.77,259.17,0.7993,-1,-1,-1
916,3,909.18,953.98,71.12,126.03,0.7439,-1,-1,-1
916,48,959.06,406.80,66.31,207.84,0.7081,-1,-1,-1
916,49,868.02,420.38,59.89,207.18,0.6700,-1,-1,-1
916,57,409.12,350.28,66.59,203.14,0.5000,-1,-1,-1
916,61,1574.34,599.58,99.34,224.37,0.5470,-1,-1,-1
916,62,328.14,370.90,72.13,184.20,0.5298,-1,-1,-1
916,66,1286.78,850.22,111.08,229.78,0.7696,-1,-1,-1
916,67,1755.76,677.01,80.54,250.33,0.5579,-1,-1,-1
917,4,1721.05,456.37,75.06,207.92,0.6349,-1,-1,-1
917,43,305.99,701.68,88.83,256.98,0.8084,-1,-1,-1
917,3,908.71,953.97,71.54,126.04,0.7447,-1,-1,-1
917,48,957.31,404.32,66.21,208.15,0.7381,-1,-1,-1
917,49,867.00,416.78,60.68,210.47,0.6913,-1,-1,-1
917,57,409.58,353.78,65.19,199.11,0.5348,-1,-1,-1
917,61,1574.36,599.69,99.47,224.31,0.4556,-1,-1,-1
917,62,328.05,371.60,72.07,183.97,0.5522,-1,-1,-1
917,66,1285.71,845.85,111.38,234.15,0.7740,-1,-1,-1
917,67,1756.22,675.93,80.46,251.42,0.5497,-1,-1,-1
918,4,1720.87,455.87,75.22,208.89,0.6127,-1,-1,-1
918,43,306.07,702.76,87.98,254.99,0.7995,-1,-1,-1
918,3,908.70,954.52,71.64,125.48,0.7494,-1,-1,-1
918,48,954.65,401.45,66.60,209.63,0.7144,-1,-1,-1
918,49,866.24,414.76,60.87,211.58,0.7010,-1,-1,-1
918,57,409.17,351.72,66.44,201.90,0.5583,-1,-1,-1
918,61,1574.52,600.48,99.21,223.63,0.5709,-1,-1,-1
918,62,328.05,371.88,72.06,183.83,0.5278,-1,-1,-1
918,66,1283.08,841.99,111.44,238.01,0.7655,-1,-1,-1
918,67,1755.38,674.58,80.57,252.77,0.5497,-1,-1,-1
919,4,1720.96,455.57,75.46,210.01,0.6047,-1,-1,-1
919,43,306.51,703.68,87.25,253.08,0.7888,-1,-1,-1
919,3,908.75,954.82,71.92,125.18,0.7417,-1,-1,-1
919,48,953.13,399.01,67.24,211.64,0.7159,-1,-1,-1
919,49,865.78,413.09,61.31,213.16,0.7215,-1,-1,-1
919,57,408.14,351.75,67.82,205.26,0.5699,-1,-1,-1
919,61,1574.38,599.32,99.57,224.54,0.5455,-1,-1,-1
919,62,327.61,373.28,71.83,182.56,0.4926,-1,-1,-1
919,66,1282.23,838.97,111.17,241.04,0.7652,-1,-1,-1
919,67,1756.49,676.02,79.80,251.83,0.5605,-1,-1,-1
920,4,1720.76,455.80,75.25,209.36,0.6095,-1,-1,-1
920,43,306.62,705.35,87.42,253.39,0.7923,-1,-1,-1
920,3,908.60,955.51,72.01,124.50,0.7422,-1,-1,-1
920,48,951.39,396.58,68.07,214.18,0.7451,-1,-1,-1
920,49,865.62,409.27,61.45,213.89,0.7462,-1,-1,-1
920,57,408.03,353.55,67.95,205.65,0.5472,-1,-1,-1
920,61,1574.74,599.67,99.31,224.19,0.5444,-1,-1,-1
920,62,328.34,373.94,71.96,182.37,0.4566,-1,-1,-1
920,66,1280.13,835.66,111.09,244.35,0.7743,-1,-1,-1
920,67,1757.43,677.59,79.28,251.29,0.5534,-1,-1,-1
921,4,1720.66,455.45,75.51,210.27,0.6013,-1,-1,-1
921,43,306.47,706.80,87.57,253.93,0.7887,-1,-1,-1
921,3,907.87,955.31,72.37,124.61,0.7196,-1,-1,-1
921,48,949.67,394.84,69.00,216.06,0.7423,-1,-1,-1
921,49,865.18,407.63,61.97,216.15,0.7613,-1,-1,-1
921,57,407.21,355.32,68.47,207.11,0.5531,-1,-1,-1
921,61,1575.00,600.73,99.03,223.29,0.5404,-1,-1,-1
921,62,328.27,374.21,71.90,181.66,0.4751,-1,-1,-1
921,66,1279.19,833.39,110.33,246.61,0.7705,-1,-1,-1
921,67,1757.89,678.34,78.81,250.68,0.5605,-1,-1,-1
922,4,1720.46,455.38,75.33,209.90,0.6105,-1,-1,-1
922,43,306.12,708.34,88.30,256.49,0.7726,-1,-1,-1
922,3,907.44,955.32,72.77,124.66,0.7307,-1,-1,-1
922,48,948.48,393.38,69.84,217.52,0.7360,-1,-1,-1
922,49,865.07,406.72,61.87,216.39,0.7643,-1,-1,-1
922,57,406.40,358.13,68.08,205.67,0.5434,-1,-1,-1
922,61,1575.22,600.04,99.16,223.80,0.4994,-1,-1,-1
922,62,327.93,374.62,72.28,181.39,0.4937,-1,-1,-1
922,66,1277.63,831.44,109.44,248.35,0.7848,-1,-1,-1
922,67,1758.12,677.71,78.64,251.06,0.5392,-1,-1,-1
923,4,1719.98,455.72,75.41,210.03,0.6227,-1,-1,-1
923,43,305.98,710.06,88.57,257.79,0.7700,-1,-1,-1
923,3,907.75,955.66,72.99,124.33,0.7331,-1,-1,-1
923,48,947.71,392.53,70.93,219.24,0.7381,-1,-1,-1
923,49,864.72,406.17,61.87,217.28,0.7655,-1,-1,-1
923,57,405.60,360.25,68.08,205.36,0.5237,-1,-1,-1
923,61,1574.52,598.97,99.87,225.04,0.5154,-1,-1,-1
923,62,327.81,374.91,72.37,181.22,0.4720,-1,-1,-1
923,66,1277.02,829.68,108.61,250.08,0.7880,-1,-1,-1
923,67,1757.62,677.64,78.06,250.47,0.5799,-1,-1,-1
924,4,1719.86,455.58,75.54,209.91,0.6285,-1,-1,-1
924,43,305.64,711.63,89.27,260.98,0.7529,-1,-1,-1
924,3,907.77,955.85,73.24,124.14,0.7356,-1,-1,-1
924,48,946.74,391.75,72.25,221.21,0.7564,-1,-1,-1
924,49,864.81,405.81,61.38,215.96,0.7511,-1,-1,-1
924,57,404.55,361.78,69.21,208.21,0.5492,-1,-1,-1
924,61,1574.36,598.70,100.02,225.43,0.4710,-1,-1,-1
924,62,328.06,376.15,71.95,180.39,0.5066,-1,-1,-1
924,66,1276.35,828.72,107.29,249.77,0.7903,-1,-1,-1
924,67,1755.83,676.06,77.57,249.35,0.5569,-1,-1,-1
925,4,1719.29,455.38,75.83,210.39,0.6067,-1,-1,-1
925,43,306.09,714.17,89.02,261.42,0.7442,-1,-1,-1
925,3,907.40,955.25,73.77,124.75,0.7232,-1,-1,-1
925,48,945.33,391.55,73.09,221.87,0.7580,-1,-1,-1
925,49,864.42,405.62,61.23,215.60,0.7591,-1,-1,-1
925,57,402.84,363.19,70.19,210.80,0.5782,-1,-1,-1
925,61,1574.64,598.13,100.49,227.74,0.3542,-1,-1,-1
925,62,327.65,377.22,71.76,180.25,0.5646,-1,-1,-1
925,66,1275.36,828.30,106.10,248.98,0.7776,-1,-1,-1
925,67,1755.69,676.30,77.30,248.62,0.5364,-1,-1,-1
926,4,1719.48,455.83,75.70,209.72,0.5818,-1,-1,-1
926,43,306.85,717.06,88.79,261.38,0.7457,-1,-1,-1
926,3,908.07,955.43,73.97,124.57,0.7308,-1,-1,-1
926,48,944.02,391.43,73.92,222.10,0.7610,-1,-1,-1
926,49,863.99,405.30,61.13,215.45,0.7062,-1,-1,-1
926,57,401.58,363.79,70.90,212.23,0.5021,-1,-1,-1
926,61,1574.96,598.22,100.20,228.43,0.3220,-1,-1,-1
926,62,327.82,378.89,71.47,180.18,0.5365,-1,-1,-1
926,66,1273.67,826.94,105.63,250.90,0.7913,-1,-1,-1
926,67,1756.09,676.80,77.62,249.83,0.5901,-1,-1,-1
927,4,1719.43,456.03,75.68,209.44,0.6102,-1,-1,-1
927,43,307.10,720.00,89.12,263.41,0.7488,-1,-1,-1
927,3,907.84,955.12,74.21,124.88,0.7388,-1,-1,-1
927,48,943.56,390.91,74.32,221.09,0.7729,-1,-1,-1
927,49,863.52,404.72,60.78,214.17,0.7408,-1,-1,-1
927,57,401.51,364.92,70.91,212.10,0.4960,-1,-1,-1
927,61,1574.53,597.87,99.75,227.09,0.4300,-1,-1,-1
927,62,327.74,381.93,71.28,180.78,0.5717,-1,-1,-1
927,66,1271.37,825.19,105.16,252.55,0.8027,-1,-1,-1
927,67,1756.28,676.69,78.25,252.29,0.5867,-1,-1,-1
928,4,1719.22,456.25,75.62,209.01,0.6035,-1,-1,-1
928,43,308.54,724.39,88.78,264.11,0.7729,-1,-1,-1
928,3,907.64,954.89,74.51,125.11,0.7216,-1,-1,-1
928,48,943.37,389.86,74.86,221.07,0.7679,-1,-1,-1
928,49,862.80,403.97,60.87,214.48,0.7361,-1,-1,-1
928,57,400.46,364.41,71.28,212.55,0.5133,-1,-1,-1
928,61,1575.65,597.99,99.65,228.23,0.4129,-1,-1,-1
928,62,327.49,383.89,71.97,183.82,0.5215,-1,-1,-1
928,66,1268.60,822.59,105.13,255.75,0.7776,-1,-1,-1
928,67,1756.06,676.01,78.43,252.94,0.5881,-1,-1,-1
929,4,1718.91,456.20,75.78,209.25,0.6081,-1,-1,-1
929,43,310.06,726.81,88.59,265.03,0.7944,-1,-1,-1
929,3,907.92,955.01,74.60,125.00,0.7314,-1,-1,-1
929,48,942.64,388.43,75.35,221.41,0.7693,-1,-1,-1
929,49,861.67,401.99,61.41,215.94,0.7446,-1,-1,-1
929,57,399.73,364.63,71.50,212.34,0.5725,-1,-1,-1
929,61,1576.93,598.43,98.81,227.99,0.3674,-1,-1,-1
929,62,327.90,385.44,72.68,186.38,0.5343,-1,-1,-1
929,66,1266.51,818.11,105.29,259.79,0.7777,-1,-1,-1
929,67,1755.97,676.48,78.32,252.15,0.5932,-1,-1,-1
930,4,1719.25,456.32,75.74,209.15,0.5977,-1,-1,-1
930,43,311.78,728.89,87.42,262.62,0.7753,-1,-1,-1
930,3,907.00,954.62,74.94,125.29,0.7199,-1,-1,-1
930,48,942.00,386.25,75.96,222.43,0.7705,-1,-1,-1
930,49,861.45,399.75,61.27,214.81,0.7165,-1,-1,-1
930,57,399.10,364.97,70.95,209.89,0.5137,-1,-1,-1
930,61,1577.48,598.29,98.10,227.99,0.3756,-1,-1,-1
930,62,328.56,387.11,73.02,187.58,0.4997,-1,-1,-1
930,66,1264.73,814.32,105.87,264.91,0.7960,-1,-1,-1
930,67,1754.92,676.93,78.73,251.66,0.5859,-1,-1,-1
931,4,1719.32,456.34,75.71,208.89,0.5662,-1,-1,-1
931,43,313.85,730.72,86.28,259.79,0.7861,-1,-1,-1
931,3,907.63,954.94,75.04,125.02,0.7315,-1,-1,-1
931,48,941.80,384.11,75.61,220.94,0.7593,-1,-1,-1
931,49,861.86,399.09,59.13,205.79,0.6988,-1,-1,-1
931,57,398.53,366.98,70.18,206.13,0.4999,-1,-1,-1
931,61,1576.60,597.80,97.69,227.02,0.5226,-1,-1,-1
931,62,328.27,388.34,73.43,189.04,0.5057,-1,-1,-1
931,66,1263.09,810.17,106.08,269.57,0.7847,-1,-1,-1
931,67,1753.36,675.97,79.47,252.51,0.6233,-1,-1,-1
932,4,1719.56,456.09,75.82,209.44,0.5777,-1,-1,-1
932,43,315.86,731.91,85.26,257.29,0.7793,-1,-1,-1
932,3,907.94,954.62,75.36,125.37,0.7309,-1,-1,-1
932,48,942.55,381.57,74.99,218.66,0.7428,-1,-1,-1
932,49,861.48,396.83,58.61,202.52,0.6501,-1,-1,-1
932,57,397.87,365.85,71.11,208.36,0.4783,-1,-1,-1
932,61,1576.54,597.98,97.39,226.40,0.5563,-1,-1,-1
932,62,328.19,388.96,72.92,188.13,0.4641,-1,-1,-1
932,66,1261.73,805.67,106.25,274.27,0.7909,-1,-1,-1
932,67,1752.51,675.63,79.99,252.22,0.6177,-1,-1,-1
933,4,1719.53,455.96,75.82,209.74,0.5544,-1,-1,-1
933,43,317.22,733.32,85.15,257.02,0.7951,-1,-1,-1
933,3,908.18,954.55,75.58,125.45,0.7423,-1,-1,-1
933,48,942.83,379.18,74.05,214.96,0.7369,-1,-1,-1
933,49,861.07,395.09,58.18,199.34,0.6495,-1,-1,-1
933,57,396.53,366.30,71.33,207.75,0.5206,-1,-1,-1
933,61,1575.70,596.16,98.23,228.21,0.5291,-1,-1,-1
933,62,328.12,389.97,72.46,187.59,0.4279,-1,-1,-1
933,66,1261.35,802.21,105.17,275.64,0.7758,-1,-1,-1
933,67,1751.21,674.94,80.80,253.64,0.6322,-1,-1,-1
934,4,1719.54,455.91,75.78,210.01,0.5786,-1,-1,-1
934,43,318.44,734.56,85.04,256.29,0.8051,-1,-1,-1
934,3,908.25,954.06,76.03,125.94,0.7531,-1,-1,-1
934,48,943.11,376.69,73.80,213.95,0.7234,-1,-1,-1
934,49,860.20,393.17,59.00,200.79,0.6635,-1,-1,-1
934,57,395.43,367.76,71.39,206.72,0.5511,-1,-1,-1
934,61,1575.95,595.99,98.29,228.51,0.5559,-1,-1,-1
934,62,329.00,391.34,71.97,186.85,0.3433,-1,-1,-1
934,66,1261.07,799.14,103.30,274.52,0.7780,-1,-1,-1
934,67,1751.01,675.24,80.96,252.56,0.6113,-1,-1,-1
935,4,1719.96,456.23,75.55,209.56,0.5758,-1,-1,-1
935,43,319.90,736.07,85.39,256.17,0.8270,-1,-1,-1
935,3,907.99,953.70,76.36,126.30,0.7416,-1,-1,-1
935,48,943.43,374.37,72.74,211.54,0.7354,-1,-1,-1
935,49,859.87,391.06,59.44,201.07,0.6735,-1,-1,-1
935,57,394.33,368.98,71.76,205.97,0.5373,-1,-1,-1
935,61,1575.90,595.93,98.48,228.90,0.5818,-1,-1,-1
935,62,335.51,394.29,69.43,183.27,0.3329,-1,-1,-1
935,66,1261.26,796.18,101.81,273.87,0.7688,-1,-1,-1
935,67,1750.98,674.53,82.08,254.53,0.6219,-1,-1,-1
936,4,1720.13,456.00,75.13,209.03,0.5630,-1,-1,-1
936,43,321.13,736.99,85.52,254.89,0.8217,-1,-1,-1
936,3,907.84,952.40,76.86,127.20,0.7264,-1,-1,-1
936,48,943.11,373.48,72.04,210.47,0.7076,-1,-1,-1
936,49,859.37,389.07,60.90,205.82,0.6700,-1,-1,-1
936,57,392.40,368.94,74.08,211.48,0.6007,-1,-1,-1
936,61,1576.60,596.32,98.09,227.96,0.5671,-1,-1,-1
936,62,337.49,395.09,67.88,181.59,0.3719,-1,-1,-1
936,66,1260.70,793.05,101.94,277.52,0.7688,-1,-1,-1
936,67,1751.07,674.32,82.40,254.17,0.6012,-1,-1,-1
937,4,1720.43,456.35,74.91,208.96,0.5539,-1,-1,-1
937,43,322.50,738.08,85.96,253.77,0.8364,-1,-1,-1
937,3,908.06,952.42,77.02,127.43,0.7437,-1,-1,-1
937,48,942.77,372.76,71.62,210.70,0.6932,-1,-1,-1
937,49,858.82,388.18,61.64,208.26,0.6908,-1,-1,-1
937,57,390.67,369.07,76.08,216.44,0.6127,-1,-1,-1
937,61,1576.28,595.95,98.40,228.28,0.5396,-1,-1,-1
937,62,338.55,395.15,66.91,181.60,0.3773,-1,-1,-1
937,66,1259.88,790.62,101.72,279.71,0.7774,-1,-1,-1
937,67,1750.63,674.07,83.03,255.07,0.6194,-1,-1,-1
938,4,1720.17,456.63,74.85,208.91,0.5751,-1,-1,-1
938,43,323.17,738.76,87.05,254.52,0.8322,-1,-1,-1
938,3,908.52,951.67,77.36,128.28,0.7535,-1,-1,-1
938,48,941.77,370.84,71.74,213.16,0.7003,-1,-1,-1
938,49,858.27,386.47,61.92,209.18,0.6816,-1,-1,-1
938,57,390.57,370.67,76.76,217.87,0.5658,-1,-1,-1
938,61,1576.36,596.68,98.17,227.67,0.5627,-1,-1,-1
938,62,339.59,394.50,66.22,182.00,0.3943,-1,-1,-1
938,66,1258.22,788.06,101.87,283.23,0.7855,-1,-1,-1
938,67,1749.95,673.71,83.42,255.02,0.6243,-1,-1,-1
939,4,1720.10,456.53,74.93,209.71,0.5559,-1,-1,-1
939,43,322.96,739.85,88.50,257.09,0.8308,-1,-1,-1
939,3,909.93,950.80,77.59,129.18,0.7242,-1,-1,-1
939,48,941.70,369.80,71.42,214.12,0.6719,-1,-1,-1
939,49,858.00,386.21,62.18,210.26,0.6658,-1,-1,-1
939,57,391.54,376.94,75.96,214.73,0.5989,-1,-1,-1
939,61,1575.35,595.17,98.81,229.17,0.5199,-1,-1,-1
939,62,339.96,393.91,65.74,182.95,0.3965,-1,-1,-1
939,66,1257.30,785.88,101.43,285.06,0.7898,-1,-1,-1
939,67,1748.78,674.55,83.51,254.45,0.6273,-1,-1,-1
940,4,1720.11,456.26,74.85,209.88,0.5607,-1,-1,-1
940,43,322.65,740.90,90.09,260.95,0.8254,-1,-1,-1
940,3,910.40,949.71,77.89,130.29,0.7625,-1,-1,-1
940,48,941.23,369.36,71.02,214.54,0.6938,-1,-1,-1
940,49,858.23,386.07,62.22,210.81,0.6761,-1,-1,-1
940,57,391.79,381.65,75.03,211.63,0.5961,-1,-1,-1
940,61,1575.06,595.34,98.71,228.91,0.5340,-1,-1,-1
940,62,339.51,393.69,65.16,183.44,0.4067,-1,-1,-1
940,66,1255.69,784.30,100.54,285.78,0.7855,-1,-1,-1
940,67,1747.89,673.99,83.64,253.94,0.6365,-1,-1,-1
941,4,1719.72,456.45,74.59,209.09,0.5797,-1,-1,-1
941,43,322.56,742.94,92.11,266.66,0.8184,-1,-1,-1
941,3,910.80,948.66,78.21,131.34,0.7508,-1,-1,-1
941,48,940.08,368.52,70.89,215.89,0.7172,-1,-1,-1
941,49,858.12,385.71,62.39,211.61,0.7101,-1,-1,-1
941,57,390.83,383.23,75.43,212.43,0.6221,-1,-1,-1
941,61,1574.73,595.29,98.89,229.38,0.5666,-1,-1,-1
941,62,338.89,394.12,64.28,183.54,0.3776,-1,-1,-1
941,66,1253.98,782.99,100.14,287.82,0.7844,-1,-1,-1
941,67,1748.27,674.02,84.10,254.26,0.6636,-1,-1,-1
942,4,1719.65,456.23,74.76,209.86,0.5561,-1,-1,-1
942,43,322.83,746.41,92.77,268.61,0.8173,-1,-1,-1
942,3,911.25,947.49,78.44,132.51,0.7632,-1,-1,-1
942,48,939.59,368.16,70.39,215.82,0.7136,-1,-1,-1
942,49,858.11,384.92,62.54,212.41,0.7002,-1,-1,-1
942,57,391.25,385.47,75.39,212.12,0.5928,-1,-1,-1
942,61,1574.52,594.87,99.10,229.90,0.5424,-1,-1,-1
942,62,338.68,393.84,64.18,185.11,0.3790,-1,-1,-1
942,66,1252.54,782.59,99.08,287.39,0.7773,-1,-1,-1
942,67,1748.27,672.78,84.42,253.92,0.6578,-1,-1,-1
943,4,1719.64,456.31,74.55,209.48,0.5681,-1,-1,-1
943,43,323.52,750.02,92.46,267.44,0.8184,-1,-1,-1
943,3,911.76,945.99,78.78,134.01,0.7552,-1,-1,-1
943,48,938.77,366.92,70.35,216.82,0.7137,-1,-1,-1
943,49,858.08,383.73,62.53,212.34,0.6831,-1,-1,-1
943,57,392.19,387.27,75.04,211.10,0.5726,-1,-1,-1
943,61,1574.81,595.35,98.74,229.06,0.5501,-1,-1,-1
943,62,336.95,395.74,63.82,185.79,0.3422,-1,-1,-1
943,66,1251.37,781.74,98.07,287.12,0.7748,-1,-1,-1
943,67,1747.41,671.68,85.00,254.82,0.6668,-1,-1,-1
944,4,1719.49,456.42,74.57,210.11,0.5650,-1,-1,-1
944,43,324.19,753.61,91.55,264.44,0.8221,-1,-1,-1
944,3,912.87,944.64,79.03,135.37,0.7347,-1,-1,-1
944,48,937.49,366.02,70.03,216.84,0.6971,-1,-1,-1
944,49,857.74,382.04,62.81,213.59,0.6919,-1,-1,-1
944,57,392.46,388.19,74.71,209.91,0.5443,-1,-1,-1
944,61,1574.56,594.67,98.90,229.71,0.5497,-1,-1,-1
944,62,336.17,400.46,63.50,186.43,0.3284,-1,-1,-1
944,66,1249.90,779.76,97.41,287.23,0.7730,-1,-1,-1
944,67,1746.83,672.79,85.05,254.30,0.6763,-1,-1,-1
945,4,1719.19,456.06,74.78,211.02,0.5425,-1,-1,-1
945,43,324.20,756.31,91.40,264.06,0.8237,-1,-1,-1
945,3,913.57,943.78,79.01,136.23,0.7562,-1,-1,-1
945,48,937.51,364.43,69.37,216.72,0.6923,-1,-1,-1
945,49,857.53,379.64,62.66,212.89,0.6941,-1,-1,-1
945,57,392.86,388.80,74.65,209.49,0.5456,-1,-1,-1
945,61,1575.14,595.59,98.51,228.89,0.5620,-1,-1,-1
945,62,337.05,408.53,62.78,184.66,0.3737,-1,-1,-1
945,66,1248.79,777.38,97.07,288.68,0.7645,-1,-1,-1
945,67,1746.28,673.38,85.04,253.52,0.6795,-1,-1,-1
946,4,1719.50,456.95,74.17,209.18,0.5702,-1,-1,-1
946,43,324.36,759.39,91.49,264.53,0.8209,-1,-1,-1
946,3,915.09,943.42,78.55,136.59,0.7575,-1,-1,-1
946,48,936.57,362.68,68.61,216.19,0.6466,-1,-1,-1
946,49,857.39,377.20,63.14,214.06,0.6502,-1,-1,-1
946,57,391.68,388.88,74.81,209.70,0.5931,-1,-1,-1
946,61,1576.01,596.88,97.57,226.83,0.5650,-1,-1,-1
946,62,331.77,409.42,64.22,187.33,0.4699,-1,-1,-1
946,66,1247.83,774.86,95.25,284.71,0.7754,-1,-1,-1
946,67,1745.14,673.15,85.39,253.14,0.6629,-1,-1,-1
947,4,1719.48,457.53,73.99,208.90,0.5715,-1,-1,-1
947,43,323.82,760.80,92.20,266.97,0.8233,-1,-1,-1
947,3,915.62,941.87,78.71,138.13,0.7545,-1,-1,-1
947,48,935.82,360.96,66.91,212.12,0.6501,-1,-1,-1
947,49,857.23,374.65,62.78,212.03,0.6627,-1,-1,-1
947,57,391.78,388.74,74.84,210.03,0.5919,-1,-1,-1
947,61,1576.52,597.11,97.66,226.97,0.5842,-1,-1,-1
947,62,330.63,411.54,64.61,187.61,0.4793,-1,-1,-1
947,66,1246.95,771.80,93.89,281.97,0.7635,-1,-1,-1
947,67,1744.96,669.99,86.08,254.39,0.6925,-1,-1,-1
948,4,1719.41,457.33,73.90,208.98,0.5739,-1,-1,-1
948,43,322.80,762.72,92.56,268.75,0.8274,-1,-1,-1
948,3,916.36,940.40,78.87,139.60,0.7534,-1,-1,-1
948,48,935.07,358.15,65.52,209.03,0.6510,-1,-1,-1
948,49,856.82,371.44,62.85,211.79,0.6639,-1,-1,-1
948,57,391.60,388.73,74.78,209.93,0.5570,-1,-1,-1
948,61,1576.20,595.85,98.18,228.20,0.5932,-1,-1,-1
948,62,329.75,412.97,64.83,188.10,0.4742,-1,-1,-1
948,66,1245.54,768.90,92.29,278.89,0.7740,-1,-1,-1
948,67,1743.65,669.57,87.10,255.08,0.6821,-1,-1,-1
949,4,1719.30,456.94,73.78,208.92,0.5775,-1,-1,-1
949,43,322.91,764.14,92.36,268.57,0.8216,-1,-1,-1
949,3,917.38,939.27,78.79,140.73,0.7385,-1,-1,-1
949,48,933.62,355.84,65.36,209.38,0.6399,-1,-1,-1
949,49,856.33,368.90,62.99,211.66,0.6665,-1,-1,-1
949,57,391.74,390.04,74.27,208.60,0.5630,-1,-1,-1
949,61,1576.42,594.91,98.62,229.50,0.5767,-1,-1,-1
949,62,326.42,413.47,65.83,190.18,0.5556,-1,-1,-1
949,66,1245.18,764.58,90.63,275.36,0.7647,-1,-1,-1
949,67,1744.05,670.02,86.27,251.80,0.6773,-1,-1,-1
950,4,1719.34,456.37,74.01,209.87,0.5730,-1,-1,-1
950,43,322.29,765.27,91.90,267.69,0.8228,-1,-1,-1
950,3,918.30,937.65,78.77,142.35,0.7549,-1,-1,-1
950,48,931.28,352.69,65.33,209.28,0.6464,-1,-1,-1
950,49,857.13,366.78,61.87,206.74,0.6538,-1,-1,-1
950,57,390.87,390.09,74.43,209.02,0.5831,-1,-1,-1
950,61,1576.06,594.94,98.48,229.05,0.5696,-1,-1,-1
950,62,326.27,414.29,65.95,190.12,0.5089,-1,-1,-1
950,66,1244.92,759.82,88.24,268.80,0.7693,-1,-1,-1
950,67,1743.50,667.85,87.67,255.52,0.6782,-1,-1,-1
951,4,1719.27,456.15,74.21,210.75,0.5729,-1,-1,-1
951,43,322.08,766.77,91.33,266.13,0.8162,-1,-1,-1
951,3,918.74,936.75,78.51,143.26,0.7624,-1,-1,-1
951,48,930.09,349.81,65.57,210.10,0.6530,-1,-1,-1
951,49,856.77,365.08,62.00,205.90,0.6687,-1,-1,-1
951,57,390.99,390.61,73.98,207.51,0.5051,-1,-1,-1
951,61,1576.09,594.73,98.67,229.35,0.5816,-1,-1,-1
951,62,325.04,414.76,66.51,189.93,0.4989,-1,-1,-1
951,66,1243.89,754.91,87.36,266.78,0.7681,-1,-1,-1
951,67,1743.54,667.50,87.69,255.22,0.6553,-1,-1,-1
952,4,1719.07,456.30,74.18,210.94,0.5725,-1,-1,-1
952,43,321.98,768.27,90.87,264.99,0.8045,-1,-1,-1
952,3,919.81,935.91,78.20,144.09,0.7730,-1,-1,-1
952,48,929.24,347.31,66.02,211.78,0.6932,-1,-1,-1
952,49,856.26,363.65,62.37,205.78,0.6924,-1,-1,-1
952,57,391.73,390.79,73.70,206.90,0.5190,-1,-1,-1
952,61,1576.12,595.63,98.50,228.40,0.5729,-1,-1,-1
952,62,325.36,415.01,66.72,189.54,0.4295,-1,-1,-1
952,66,1242.08,751.48,87.32,266.90,0.7631,-1,-1,-1
952,67,1743.29,667.76,88.30,256.23,0.6679,-1,-1,-1
953,4,1719.23,456.80,73.88,209.98,0.5688,-1,-1,-1
953,43,321.41,769.83,90.31,263.55,0.8140,-1,-1,-1
953,3,921.04,935.22,77.84,144.78,0.7790,-1,-1,-1
953,48,927.88,345.94,66.11,211.70,0.7093,-1,-1,-1
953,49,855.38,362.25,63.18,206.64,0.6849,-1,-1,-1
953,57,391.52,393.36,74.08,207.68,0.5569,-1,-1,-1
953,61,1576.34,594.86,98.83,229.03,0.6084,-1,-1,-1
953,62,324.17,414.40,67.56,190.51,0.4321,-1,-1,-1
953,66,1240.95,749.87,86.96,266.00,0.7806,-1,-1,-1
953,67,1743.15,668.17,88.43,255.80,0.6720,-1,-1,-1
954,4,1719.66,456.64,73.80,209.77,0.5799,-1,-1,-1
954,43,321.89,771.36,89.74,262.16,0.8181,-1,-1,-1
954,3,921.86,934.51,77.45,145.49,0.7650,-1,-1,-1
954,48,926.65,344.95,66.36,211.74,0.7077,-1,-1,-1
954,49,854.37,360.79,63.87,207.66,0.6719,-1,-1,-1
954,57,390.03,394.14,75.11,210.14,0.6116,-1,-1,-1
954,61,1576.49,596.06,98.52,228.27,0.5793,-1,-1,-1
954,62,322.98,414.73,67.47,189.76,0.4592,-1,-1,-1
954,66,1238.75,748.27,87.24,266.29,0.7781,-1,-1,-1
954,67,1743.16,669.10,88.49,255.16,0.6839,-1,-1,-1
955,4,1719.40,456.16,74.06,210.27,0.5750,-1,-1,-1
955,43,322.07,772.99,89.09,260.38,0.8191,-1,-1,-1
955,3,922.57,934.15,76.82,145.85,0.7777,-1,-1,-1
955,48,926.45,343.77,66.67,211.89,0.6886,-1,-1,-1
955,49,853.83,360.16,64.39,208.50,0.6667,-1,-1,-1
955,57,389.87,396.34,76.00,212.13,0.5815,-1,-1,-1
955,61,1576.30,594.38,99.11,229.67,0.5890,-1,-1,-1
955,62,322.86,417.13,65.49,182.29,0.4156,-1,-1,-1
955,66,1237.18,746.10,87.69,267.80,0.7885,-1,-1,-1
955,67,1743.13,668.65,88.43,254.32,0.6740,-1,-1,-1
956,4,1719.66,456.42,74.01,210.21,0.5837,-1,-1,-1
956,43,321.88,773.46,88.81,259.51,0.8290,-1,-1,-1
956,3,923.02,933.49,76.49,146.51,0.7817,-1,-1,-1
956,48,925.59,343.52,67.76,214.22,0.6932,-1,-1,-1
956,49,852.84,360.04,65.05,209.84,0.6591,-1,-1,-1
956,57,389.80,399.68,76.26,212.58,0.6062,-1,-1,-1
956,61,1577.60,594.61,98.74,229.37,0.5552,-1,-1,-1
956,62,322.71,418.36,65.40,180.96,0.4535,-1,-1,-1
956,66,1235.08,744.01,88.01,268.99,0.7904,-1,-1,-1
956,67,1742.88,668.00,88.63,254.16,0.6594,-1,-1,-1
957,4,1719.37,456.25,74.03,210.15,0.5700,-1,-1,-1
957,43,321.72,774.15,88.69,259.42,0.8345,-1,-1,-1
957,3,923.55,933.08,76.17,146.92,0.7780,-1,-1,-1
957,48,923.97,343.42,68.53,214.84,0.6919,-1,-1,-1
957,49,852.17,360.39,64.83,208.22,0.6749,-1,-1,-1
957,57,388.93,403.30,76.60,213.19,0.6149,-1,-1,-1
957,61,1579.08,593.69,98.57,230.25,0.5686,-1,-1,-1
957,62,322.91,418.99,65.59,181.32,0.4296,-1,-1,-1
957,66,1234.72,742.76,85.92,260.33,0.7516,-1,-1,-1
957,67,1742.20,669.10,88.50,251.88,0.6715,-1,-1,-1
958,4,1719.28,455.98,74.18,210.49,0.5808,-1,-1,-1
958,43,321.33,775.11,89.35,261.99,0.8284,-1,-1,-1
958,3,924.30,932.67,75.86,147.33,0.7848,-1,-1,-1
958,48,924.41,343.20,69.10,215.40,0.6941,-1,-1,-1
958,49,851.58,359.94,65.05,207.90,0.6794,-1,-1,-1
958,57,387.77,405.01,77.28,215.08,0.6004,-1,-1,-1
958,61,1579.29,594.92,97.76,228.77,0.5448,-1,-1,-1
958,62,323.39,419.51,66.17,183.06,0.4485,-1,-1,-1
958,66,1233.36,741.50,86.21,259.73,0.7563,-1,-1,-1
958,67,1741.59,668.09,89.58,253.53,0.6620,-1,-1,-1
959,4,1719.34,456.34,73.90,209.49,0.5787,-1,-1,-1
959,43,320.93,777.08,89.41,262.88,0.7965,-1,-1,-1
959,3,924.92,932.62,75.40,147.38,0.7850,-1,-1,-1
959,48,924.73,342.85,69.47,216.03,0.6844,-1,-1,-1
959,49,851.71,359.13,64.81,206.03,0.6789,-1,-1,-1
959,57,386.83,408.19,77.00,214.16,0.6072,-1,-1,-1
959,61,1579.62,596.07,97.15,228.08,0.5648,-1,-1,-1
959,62,322.11,420.81,67.17,185.72,0.5242,-1,-1,-1
959,66,1232.13,740.39,85.02,253.15,0.7574,-1,-1,-1
959,67,1741.70,668.43,89.14,252.32,0.6474,-1,-1,-1
960,4,1719.25,455.74,74.25,210.33,0.5901,-1,-1,-1
960,43,320.72,779.39,89.21,262.98,0.8038,-1,-1,-1
960,3,925.42,932.21,75.20,147.79,0.7892,-1,-1,-1
960,48,924.80,341.50,69.71,216.27,0.6974,-1,-1,-1
960,49,851.03,356.25,65.27,206.90,0.6897,-1,-1,-1
960,57,389.48,411.84,76.06,211.99,0.5335,-1,-1,-1
960,61,1579.13,593.39,98.09,230.57,0.5781,-1,-1,-1
960,62,321.93,420.44,67.50,187.75,0.4975,-1,-1,-1
960,66,1228.83,738.80,86.66,255.97,0.7923,-1,-1,-1
960,67,1742.18,668.68,89.28,252.22,0.6833,-1,-1,-1
961,4,1719.49,455.58,74.37,210.53,0.5981,-1,-1,-1
961,43,321.27,783.48,88.51,261.59,0.8184,-1,-1,-1
961,3,925.93,931.83,74.95,148.17,0.7792,-1,-1,-1
961,48,924.93,340.32,70.10,217.03,0.6920,-1,-1,-1
961,49,849.89,353.02,65.06,205.87,0.6869,-1,-1,-1
961,57,390.21,412.99,75.74,211.43,0.5713,-1,-1,-1
961,61,1578.04,593.44,98.16,230.39,0.5443,-1,-1,-1
961,62,320.12,421.78,68.15,190.48,0.5801,-1,-1,-1
961,66,1225.89,736.59,87.49,256.05,0.7770,-1,-1,-1
961,67,1742.21,669.56,89.49,252.35,0.6778,-1,-1,-1
962,4,1719.40,455.45,74.13,209.88,0.5953,-1,-1,-1
962,43,321.51,786.33,87.95,260.56,0.8293,-1,-1,-1
962,3,926.42,931.80,74.61,148.20,0.7877,-1,-1,-1
962,48,925.65,338.59,70.12,216.73,0.6875,-1,-1,-1
962,49,849.39,350.04,64.65,203.87,0.6835,-1,-1,-1
962,57,391.47,415.07,74.99,209.59,0.5332,-1,-1,-1
962,61,1577.38,591.15,99.25,232.64,0.5481,-1,-1,-1
962,62,318.36,421.20,69.43,195.22,0.5738,-1,-1,-1
962,66,1223.51,733.24,88.02,256.01,0.7650,-1,-1,-1
962,67,1741.75,666.95,91.40,257.72,0.6724,-1,-1,-1
963,4,1719.46,455.35,74.11,209.81,0.5760,-1,-1,-1
963,43,322.06,789.26,88.45,262.83,0.8184,-1,-1,-1
963,3,926.92,931.65,74.34,148.35,0.7774,-1,-1,-1
963,48,924.82,336.34,70.52,218.01,0.6829,-1,-1,-1
963,49,848.87,348.07,64.40,203.13,0.6768,-1,-1,-1
963,57,391.81,415.71,74.77,209.13,0.5552,-1,-1,-1
963,61,1576.61,591.42,99.69,232.53,0.5532,-1,-1,-1
963,62,317.58,420.42,70.46,199.59,0.5822,-1,-1,-1
963,66,1220.75,730.34,89.29,259.30,0.7674,-1,-1,-1
963,67,1742.00,667.79,90.75,255.40,0.6638,-1,-1,-1
964,4,1719.13,455.62,74.19,210.09,0.5695,-1,-1,-1
964,43,322.44,792.18,89.21,266.66,0.8267,-1,-1,-1
964,3,927.07,931.83,73.99,148.17,0.7845,-1,-1,-1
964,48,923.93,333.99,70.46,217.54,0.6622,-1,-1,-1
964,49,847.87,346.59,64.10,202.49,0.6549,-1,-1,-1
964,57,391.91,416.77,74.34,208.01,0.5665,-1,-1,-1
964,61,1575.66,589.52,100.69,234.86,0.5439,-1,-1,-1
964,62,317.59,420.91,70.98,202.26,0.6053,-1,-1,-1
964,66,1217.88,727.45,91.12,265.77,0.7786,-1,-1,-1
964,67,1741.67,665.78,91.54,257.55,0.6718,-1,-1,-1
965,4,1719.47,455.74,74.00,209.45,0.5921,-1,-1,-1
965,43,322.94,795.07,90.12,271.38,0.8257,-1,-1,-1
965,3,927.33,931.76,73.75,148.15,0.7782,-1,-1,-1
965,48,924.49,331.57,69.83,214.93,0.6828,-1,-1,-1
965,49,847.85,344.27,63.39,201.19,0.6582,-1,-1,-1
965,57,392.01,417.49,73.86,206.81,0.5655,-1,-1,-1
965,61,1575.50,589.38,100.74,235.00,0.5986,-1,-1,-1
965,62,317.62,426.36,69.14,197.18,0.6133,-1,-1,-1
965,66,1216.16,723.42,91.11,266.29,0.7903,-1,-1,-1
965,67,1742.37,668.19,91.00,255.43,0.6869,-1,-1,-1
966,4,1719.19,455.85,74.10,209.75,0.5747,-1,-1,-1
966,43,323.59,797.83,90.53,275.20,0.8304,-1,-1,-1
966,3,927.42,932.00,73.53,147.97,0.7739,-1,-1,-1
966,48,925.44,330.09,68.39,209.59,0.7018,-1,-1,-1
966,49,847.98,342.70,62.91,200.40,0.6745,-1,-1,-1
966,57,389.78,415.63,74.66,208.71,0.5529,-1,-1,-1
966,61,1575.67,590.29,100.50,233.89,0.6058,-1,-1,-1
966,62,318.51,432.01,67.08,191.46,0.6086,-1,-1,-1
966,66,1215.85,719.75,89.79,262.24,0.7833,-1,-1,-1
966,67,1742.85,669.01,91.07,255.19,0.6890,-1,-1,-1
967,4,1719.08,455.82,74.19,210.07,0.5820,-1,-1,-1
967,43,324.93,799.41,89.63,274.70,0.7981,-1,-1,-1
967,3,927.45,932.00,73.46,147.99,0.7771,-1,-1,-1
967,48,926.44,328.34,67.92,207.85,0.7084,-1,-1,-1
967,49,848.43,340.85,63.03,201.66,0.6841,-1,-1,-1
967,57,391.47,417.90,73.49,205.70,0.5481,-1,-1,-1
967,61,1575.23,590.25,100.88,233.84,0.5922,-1,-1,-1
967,62,316.70,433.05,67.50,191.66,0.5867,-1,-1,-1
967,66,1215.65,715.95,89.16,260.96,0.7860,-1,-1,-1
967,67,1742.44,669.77,90.87,254.39,0.7121,-1,-1,-1
968,4,1718.82,455.95,74.26,210.42,0.5844,-1,-1,-1
968,43,326.54,800.53,89.27,275.24,0.7966,-1,-1,-1
968,3,927.16,931.64,73.53,148.35,0.7811,-1,-1,-1
968,48,926.89,325.75,68.01,207.94,0.7237,-1,-1,-1
968,49,847.58,339.53,63.41,203.54,0.6947,-1,-1,-1
968,57,392.67,418.83,72.79,203.98,0.5531,-1,-1,-1
968,61,1575.20,589.55,101.38,234.63,0.6151,-1,-1,-1
968,62,314.97,433.53,67.96,191.75,0.5851,-1,-1,-1
968,66,1214.41,712.63,89.29,261.75,0.7840,-1,-1,-1
968,67,1741.95,669.01,91.52,255.53,0.6958,-1,-1,-1
969,4,1718.73,456.29,74.20,210.46,0.5893,-1,-1,-1
969,43,328.39,802.09,88.58,274.10,0.7833,-1,-1,-1
969,3,927.00,931.92,73.23,148.08,0.7819,-1,-1,-1
969,48,927.22,324.01,67.92,207.53,0.7285,-1,-1,-1
969,49,847.32,338.60,63.60,205.20,0.6961,-1,-1,-1
969,57,393.17,420.57,72.33,202.91,0.5213,-1,-1,-1
969,61,1575.73,590.26,101.48,233.86,0.6190,-1,-1,-1
969,62,312.19,433.52,69.21,192.14,0.5696,-1,-1,-1
969,66,1213.17,709.53,89.93,263.66,0.7818,-1,-1,-1
969,67,1741.32,668.48,91.41,254.65,0.6980,-1,-1,-1
970,4,1718.83,455.94,74.07,210.19,0.5882,-1,-1,-1
970,43,330.09,803.61,88.02,272.86,0.7938,-1,-1,-1
970,3,926.62,931.93,73.09,148.07,0.7809,-1,-1,-1
970,48,927.04,323.01,67.82,207.86,0.7035,-1,-1,-1
970,49,847.19,338.12,63.57,206.08,0.6993,-1,-1,-1
970,57,390.79,418.30,74.50,208.82,0.5196,-1,-1,-1
970,61,1576.20,591.19,101.40,233.15,0.6192,-1,-1,-1
970,62,309.54,435.71,69.97,189.83,0.4564,-1,-1,-1
970,66,1211.79,707.45,90.69,265.93,0.7810,-1,-1,-1
970,67,1741.11,668.36,91.29,253.56,0.6946,-1,-1,-1
971,4,1719.11,456.08,74.21,210.47,0.5869,-1,-1,-1
971,43,330.90,804.13,87.98,271.99,0.7873,-1,-1,-1
971,3,926.37,932.21,72.80,147.79,0.7792,-1,-1,-1
971,48,927.09,322.45,67.57,207.68,0.7117,-1,-1,-1
971,49,846.95,337.68,63.64,207.45,0.7054,-1,-1,-1
971,57,391.18,421.65,75.59,212.41,0.5194,-1,-1,-1
971,61,1576.15,590.64,101.84,233.68,0.5858,-1,-1,-1
971,62,308.02,435.49,71.50,190.25,0.3818,-1,-1,-1
971,66,1210.11,706.39,91.28,267.92,0.7934,-1,-1,-1
971,67,1740.86,669.81,90.99,252.38,0.6858,-1,-1,-1
972,4,1719.39,455.93,73.98,209.98,0.5872,-1,-1,-1
972,43,331.84,804.90,88.07,270.55,0.7704,-1,-1,-1
972,3,925.93,932.45,72.40,147.55,0.7639,-1,-1,-1
972,48,926.95,321.83,67.27,207.24,0.6949,-1,-1,-1
972,49,846.80,337.55,63.53,208.23,0.6768,-1,-1,-1
972,57,388.68,419.82,76.95,215.89,0.5289,-1,-1,-1
972,61,1575.95,590.35,102.06,233.78,0.5743,-1,-1,-1
972,62,316.90,437.38,69.81,188.34,0.3571,-1,-1,-1
972,66,1208.30,705.96,91.62,268.67,0.7899,-1,-1,-1
972,67,1740.66,669.18,91.77,254.49,0.6969,-1,-1,-1
973,4,1719.04,455.85,74.13,210.44,0.5754,-1,-1,-1
973,43,332.88,806.35,88.16,268.17,0.7738,-1,-1,-1
973,3,925.74,933.22,71.90,146.78,0.7776,-1,-1,-1
973,48,926.87,321.30,67.05,207.28,0.6990,-1,-1,-1
973,49,846.52,336.37,63.38,208.26,0.6861,-1,-1,-1
973,57,387.77,419.70,77.80,218.48,0.5480,-1,-1,-1
973,61,1575.75,590.80,102.10,233.47,0.6071,-1,-1,-1
973,62,320.33,436.07,69.51,190.80,0.4687,-1,-1,-1
973,66,1206.30,704.75,91.48,268.84,0.7941,-1,-1,-1
973,67,1740.79,668.59,91.93,254.55,0.6945,-1,-1,-1
974,4,1718.94,455.51,73.89,210.07,0.5487,-1,-1,-1
974,43,333.18,807.42,88.76,266.94,0.7683,-1,-1,-1
974,3,925.10,932.93,71.77,147.07,0.7694,-1,-1,-1
974,48,926.39,321.20,66.79,207.05,0.7106,-1,-1,-1
974,49,846.50,335.36,63.27,208.58,0.6670,-1,-1,-1
974,57,387.09,421.41,77.84,219.05,0.5679,-1,-1,-1
974,61,1576.35,589.59,102.48,234.49,0.6300,-1,-1,-1
974,62,321.96,436.35,68.49,190.80,0.4760,-1,-1,-1
974,66,1204.93,703.04,91.79,270.04,0.7963,-1,-1,-1
974,67,1740.66,670.02,91.65,253.55,0.6888,-1,-1,-1
975,4,1718.69,455.25,74.07,210.64,0.5848,-1,-1,-1
975,43,333.38,808.90,89.29,265.18,0.7803,-1,-1,-1
975,3,924.24,933.47,71.36,146.53,0.7595,-1,-1,-1
975,48,925.79,320.68,66.95,208.48,0.6911,-1,-1,-1
975,49,846.23,333.61,63.12,208.62,0.6645,-1,-1,-1
975,57,387.06,423.43,77.64,218.68,0.5703,-1,-1,-1
975,61,1577.16,589.68,102.38,234.47,0.6048,-1,-1,-1
975,62,322.50,437.33,67.64,191.05,0.4966,-1,-1,-1
975,66,1202.91,702.09,91.61,270.39,0.7915,-1,-1,-1
975,67,1739.77,669.42,92.37,254.36,0.6919,-1,-1,-1
976,4,1719.16,456.69,73.55,209.16,0.5704,-1,-1,-1
976,43,333.58,811.02,90.15,264.54,0.7744,-1,-1,-1
976,3,923.43,933.86,70.93,146.14,0.7337,-1,-1,-1
976,48,924.48,320.11,67.38,210.60,0.6928,-1,-1,-1
976,49,846.20,332.31,62.30,205.94,0.6730,-1,-1,-1
976,57,387.16,425.74,77.48,218.79,0.5751,-1,-1,-1
976,61,1577.81,588.95,102.49,235.09,0.6045,-1,-1,-1
976,62,322.12,437.18,66.97,191.28,0.5085,-1,-1,-1
976,66,1200.75,700.57,91.47,270.51,0.8037,-1,-1,-1
976,67,1739.69,670.70,92.27,252.74,0.7115,-1,-1,-1
977,4,1719.10,456.63,73.75,209.85,0.5579,-1,-1,-1
977,43,333.61,813.20,91.48,265.30,0.7844,-1,-1,-1
977,3,922.10,933.76,70.90,146.24,0.7406,-1,-1,-1
977,48,922.19,317.88,67.84,213.08,0.6807,-1,-1,-1
977,49,846.24,330.52,61.65,203.73,0.6663,-1,-1,-1
977,57,386.74,428.08,76.92,217.51,0.5716,-1,-1,-1
977,61,1577.53,588.38,102.88,235.94,0.6110,-1,-1,-1
977,62,321.59,436.86,67.49,193.97,0.4869,-1,-1,-1
977,66,1198.97,698.54,91.64,272.73,0.7908,-1,-1,-1
977,67,1739.09,669.82,92.65,252.69,0.7140,-1,-1,-1
978,4,1719.29,457.25,73.52,209.17,0.5442,-1,-1,-1
978,43,333.59,815.89,91.93,264.09,0.7919,-1,-1,-1
978,3,921.50,934.18,70.48,145.82,0.7365,-1,-1,-1
978,48,921.81,316.89,67.29,212.04,0.6795,-1,-1,-1
978,49,846.16,328.37,60.96,200.72,0.6665,-1,-1,-1
978,57,386.65,429.63,76.40,216.76,0.5478,-1,-1,-1
978,61,1577.53,589.05,102.60,235.25,0.6100,-1,-1,-1
978,62,320.97,438.43,67.95,195.65,0.4359,-1,-1,-1
978,66,1197.13,696.02,91.45,273.93,0.7882,-1,-1,-1
978,67,1738.50,669.81,92.93,252.76,0.7108,-1,-1,-1
979,4,1718.88,456.88,73.67,209.67,0.5311,-1,-1,-1
979,43,334.05,818.43,92.01,262.05,0.8079,-1,-1,-1
979,3,920.99,934.79,69.95,145.21,0.7401,-1,-1,-1
979,48,921.41,315.99,66.37,209.89,0.6810,-1,-1,-1
979,49,846.02,325.61,60.66,199.02,0.6505,-1,-1,-1
979,57,387.30,431.69,75.89,215.53,0.5986,-1,-1,-1
979,61,1576.86,589.98,102.28,234.01,0.6147,-1,-1,-1
979,62,315.50,439.12,70.43,199.66,0.5172,-1,-1,-1
979,66,1196.37,692.51,91.40,275.64,0.7898,-1,-1,-1
979,67,1738.34,669.34,93.26,252.83,0.7058,-1,-1,-1
980,4,1719.35,456.81,73.44,209.28,0.5471,-1,-1,-1
980,43,333.86,821.62,91.69,258.99,0.8205,-1,-1,-1
980,3,920.21,935.59,69.27,144.41,0.7515,-1,-1,-1
980,48,920.88,314.82,65.75,208.69,0.6860,-1,-1,-1
980,49,845.43,324.44,60.47,198.38,0.6303,-1,-1,-1
980,57,387.57,432.08,76.03,216.22,0.6381,-1,-1,-1
980,61,1576.42,590.51,102.51,233.71,0.6266,-1,-1,-1
980,62,312.43,438.61,73.19,205.72,0.6053,-1,-1,-1
980,66,1196.70,688.65,90.23,273.20,0.7733,-1,-1,-1
980,67,1738.62,668.15,94.09,254.27,0.6968,-1,-1,-1
981,4,1719.32,456.75,73.63,209.60,0.5476,-1,-1,-1
981,43,333.97,825.37,91.16,255.23,0.8240,-1,-1,-1
981,3,919.64,936.33,68.71,143.67,0.7438,-1,-1,-1
981,48,919.76,313.23,65.26,207.63,0.6629,-1,-1,-1
981,49,844.51,322.60,60.65,199.30,0.6154,-1,-1,-1
981,57,387.11,433.09,75.71,215.89,0.5310,-1,-1,-1
981,61,1576.20,590.32,102.85,234.06,0.6281,-1,-1,-1
981,62,311.88,440.05,74.06,206.69,0.5151,-1,-1,-1
981,66,1196.58,684.90,88.40,268.24,0.7785,-1,-1,-1
981,67,1738.86,669.13,93.45,253.07,0.6991,-1,-1,-1
982,4,1719.53,457.06,73.53,209.24,0.5409,-1,-1,-1
982,43,333.93,828.77,90.63,251.78,0.8209,-1,-1,-1
982,3,918.70,937.04,68.30,142.96,0.7420,-1,-1,-1
982,48,920.37,311.14,64.15,204.85,0.6534,-1,-1,-1
982,49,843.20,319.93,60.85,198.48,0.6024,-1,-1,-1
982,57,389.37,439.35,73.42,209.76,0.5095,-1,-1,-1
982,61,1576.48,590.02,103.11,233.94,0.6244,-1,-1,-1
982,62,312.22,442.37,74.69,207.44,0.4850,-1,-1,-1
982,66,1196.03,681.13,87.23,264.99,0.7701,-1,-1,-1
982,67,1738.59,668.47,94.18,254.18,0.7038,-1,-1,-1
983,4,1719.76,456.88,73.78,209.98,0.5341,-1,-1,-1
983,43,333.31,832.23,89.91,248.26,0.8260,-1,-1,-1
983,3,917.40,937.65,68.01,142.35,0.7388,-1,-1,-1
983,48,920.91,309.13,63.76,204.55,0.6713,-1,-1,-1
983,49,841.53,317.85,62.34,202.76,0.6488,-1,-1,-1
983,57,388.06,437.09,74.09,212.58,0.5046,-1,-1,-1
983,61,1576.26,589.19,103.68,234.83,0.6067,-1,-1,-1
983,62,310.81,445.28,74.54,206.68,0.5076,-1,-1,-1
983,66,1195.44,677.86,85.61,259.23,0.7636,-1,-1,-1
983,67,1738.55,670.12,93.03,251.83,0.6797,-1,-1,-1
984,4,1719.66,457.36,73.94,210.15,0.5409,-1,-1,-1
984,43,332.78,834.66,89.63,245.77,0.8255,-1,-1,-1
984,3,917.23,938.52,67.54,141.48,0.7372,-1,-1,-1
984,48,920.80,308.08,63.36,203.76,0.6790,-1,-1,-1
984,49,841.34,316.88,62.65,201.97,0.6541,-1,-1,-1
984,57,390.48,441.92,72.06,207.36,0.5214,-1,-1,-1
984,61,1575.94,586.97,104.70,236.85,0.6223,-1,-1,-1
984,62,310.79,449.44,73.74,204.37,0.4630,-1,-1,-1
984,66,1194.98,674.19,85.08,256.47,0.7554,-1,-1,-1
984,67,1739.16,669.46,93.14,252.35,0.6943,-1,-1,-1
985,4,1719.96,457.99,73.76,209.22,0.5178,-1,-1,-1
985,43,332.22,836.51,89.54,243.88,0.8158,-1,-1,-1
985,3,915.92,939.69,67.07,140.31,0.7293,-1,-1,-1
985,48,920.22,306.02,63.42,204.40,0.6610,-1,-1,-1
985,49,840.48,316.05,63.36,201.94,0.6295,-1,-1,-1
985,57,390.72,443.85,71.45,205.74,0.5322,-1,-1,-1
985,61,1576.10,587.22,104.88,236.66,0.6108,-1,-1,-1
985,62,308.38,454.69,71.63,196.96,0.4351,-1,-1,-1
985,66,1193.34,670.93,86.11,258.59,0.7659,-1,-1,-1
985,67,1738.95,670.42,92.49,251.31,0.6747,-1,-1,-1
985,71,494.06,250.94,66.34,185.37,0.5408,-1,-1,-1
986,4,1720.32,457.73,73.68,208.97,0.4969,-1,-1,-1
986,43,331.89,837.68,89.61,242.66,0.7985,-1,-1,-1
986,3,915.36,940.42,66.78,139.58,0.7140,-1,-1,-1
986,48,919.85,304.02,63.74,205.57,0.6645,-1,-1,-1
986,49,839.58,316.22,64.41,204.70,0.6421,-1,-1,-1
986,57,391.00,444.96,71.18,205.27,0.5413,-1,-1,-1
986,61,1575.65,585.12,105.99,238.92,0.6151,-1,-1,-1
986,62,306.21,457.85,71.26,193.90,0.4432,-1,-1,-1
986,66,1191.81,667.96,86.10,257.83,0.7544,-1,-1,-1
986,67,1739.08,670.27,92.56,252.01,0.6860,-1,-1,-1
986,71,494.09,252.71,66.26,185.09,0.5198,-1,-1,-1
987,4,1720.05,457.54,73.88,209.24,0.5075,-1,-1,-1
987,43,331.66,839.01,89.47,241.29,0.7835,-1,-1,-1
987,3,913.77,940.79,66.81,139.21,0.7143,-1,-1,-1
987,48,919.78,302.38,63.88,205.51,0.6761,-1,-1,-1
987,49,838.49,315.44,64.83,203.77,0.6328,-1,-1,-1
987,57,390.90,445.45,71.19,205.56,0.5452,-1,-1,-1
987,61,1575.20,585.33,106.13,239.04,0.6258,-1,-1,-1
987,62,304.78,458.16,72.13,194.42,0.4666,-1,-1,-1
987,66,1191.48,666.01,86.21,257.76,0.7517,-1,-1,-1
987,67,1739.43,670.41,92.36,251.85,0.6781,-1,-1,-1
987,71,493.94,253.84,67.10,187.45,0.5080,-1,-1,-1
988,4,1720.44,457.72,74.07,209.73,0.5133,-1,-1,-1
988,43,331.18,840.29,89.40,239.97,0.7765,-1,-1,-1
988,3,913.22,941.26,66.60,138.74,0.7181,-1,-1,-1
988,48,919.87,301.03,64.60,207.31,0.6511,-1,-1,-1
988,49,837.83,314.66,65.56,204.34,0.6256,-1,-1,-1
988,57,388.34,442.50,73.24,211.69,0.5707,-1,-1,-1
988,61,1575.15,585.80,105.90,238.56,0.6245,-1,-1,-1
988,62,303.25,459.30,72.71,194.19,0.4703,-1,-1,-1
988,66,1190.44,664.48,86.50,258.14,0.7256,-1,-1,-1
988,67,1739.43,669.44,92.45,252.45,0.6803,-1,-1,-1
988,71,494.33,255.30,67.28,187.89,0.4960,-1,-1,-1
989,4,1721.10,458.53,73.95,208.88,0.4905,-1,-1,-1
989,43,330.85,841.94,89.32,238.29,0.7704,-1,-1,-1
989,3,912.09,941.64,66.41,138.36,0.7062,-1,-1,-1
989,48,919.99,300.34,65.03,207.85,0.6219,-1,-1,-1
989,49,837.29,313.58,65.98,204.12,0.6212,-1,-1,-1
989,57,387.12,442.89,74.48,216.07,0.6148,-1,-1,-1
989,61,1575.13,584.99,106.12,239.44,0.6467,-1,-1,-1
989,62,302.10,460.19,73.15,193.91,0.4848,-1,-1,-1
989,66,1190.25,663.87,84.06,248.80,0.7231,-1,-1,-1
989,67,1739.77,669.55,92.38,252.57,0.6844,-1,-1,-1
989,71,494.45,256.86,67.05,187.28,0.4878,-1,-1,-1
990,4,1721.81,457.92,74.00,208.50,0.5168,-1,-1,-1
990,43,330.47,843.63,89.24,236.57,0.7772,-1,-1,-1
990,3,910.60,941.82,66.37,138.18,0.7078,-1,-1,-1
990,48,920.68,300.07,64.97,207.08,0.6099,-1,-1,-1
990,49,837.04,312.59,66.59,204.63,0.6360,-1,-1,-1
990,57,386.99,444.32,74.79,217.59,0.6320,-1,-1,-1
990,61,1574.44,584.99,106.08,239.43,0.6418,-1,-1,-1
990,62,300.98,460.35,73.78,194.45,0.4840,-1,-1,-1
990,66,1189.41,663.11,82.36,242.14,0.7089,-1,-1,-1
990,67,1739.55,668.85,92.32,252.99,0.6724,-1,-1,-1
990,71,495.91,259.07,66.56,186.35,0.4603,-1,-1,-1
991,4,1721.67,458.01,74.48,208.65,0.5168,-1,-1,-1
991,43,330.08,845.18,89.16,234.99,0.7794,-1,-1,-1
991,3,910.15,942.66,66.04,137.34,0.7297,-1,-1,-1
991,48,920.36,299.38,65.92,210.31,0.5673,-1,-1,-1
991,49,836.93,311.80,66.57,203.54,0.6168,-1,-1,-1
991,57,386.03,445.10,75.32,219.76,0.5915,-1,-1,-1
991,61,1574.97,585.38,106.15,239.14,0.6631,-1,-1,-1
991,62,300.38,459.47,74.31,194.95,0.4333,-1,-1,-1
991,66,1187.39,661.20,85.22,250.43,0.7375,-1,-1,-1
991,67,1738.63,668.12,92.49,254.09,0.6913,-1,-1,-1
991,71,496.44,260.60,66.43,186.78,0.5421,-1,-1,-1
992,4,1721.44,458.04,74.92,208.51,0.5470,-1,-1,-1
992,43,329.72,846.67,89.01,233.48,0.7836,-1,-1,-1
992,3,909.30,943.12,65.89,136.88,0.7290,-1,-1,-1
992,48,920.05,299.53,66.19,210.98,0.6113,-1,-1,-1
992,49,837.03,310.99,65.51,199.06,0.6177,-1,-1,-1
992,57,385.12,447.72,75.00,219.06,0.6129,-1,-1,-1
992,61,1575.35,585.08,106.32,239.35,0.6799,-1,-1,-1
992,62,300.51,457.93,75.09,196.31,0.4764,-1,-1,-1
992,66,1184.64,659.69,87.00,255.83,0.7234,-1,-1,-1
992,67,1738.49,668.46,92.24,254.27,0.6794,-1,-1,-1
992,71,495.69,261.89,66.56,187.54,0.5677,-1,-1,-1
993,4,1721.00,457.42,75.62,209.79,0.5243,-1,-1,-1
993,43,329.46,847.94,88.91,232.19,0.7816,-1,-1,-1
993,3,909.08,943.85,65.73,136.15,0.7397,-1,-1,-1
993,48,920.50,298.92,66.02,211.16,0.5873,-1,-1,-1
993,49,837.38,310.32,65.30,197.99,0.6131,-1,-1,-1
993,57,383.88,451.28,75.01,218.99,0.6143,-1,-1,-1
993,61,1575.24,585.25,106.22,238.94,0.6827,-1,-1,-1
993,62,302.31,460.61,74.59,194.54,0.5127,-1,-1,-1
993,66,1183.40,658.26,86.72,254.44,0.7073,-1,-1,-1
993,67,1739.19,667.79,92.49,255.30,0.6833,-1,-1,-1
993,71,496.16,263.21,66.12,186.72,0.5460,-1,-1,-1
993,72,400.59,264.65,67.08,202.04,0.5000,-1,-1,-1
994,4,1720.72,457.88,75.94,209.52,0.5428,-1,-1,-1
994,43,329.56,849.84,88.36,230.27,0.7849,-1,-1,-1
994,3,908.32,944.04,66.04,135.96,0.7347,-1,-1,-1
994,48,921.89,297.64,65.84,210.52,0.5909,-1,-1,-1
994,49,837.62,307.99,65.54,199.64,0.6286,-1,-1,-1
994,57,382.46,453.89,74.79,217.84,0.6207,-1,-1,-1
994,61,1575.43,585.27,106.16,238.96,0.6778,-1,-1,-1
994,62,303.81,462.54,74.34,194.34,0.5320,-1,-1,-1
994,66,1181.34,656.13,87.94,258.25,0.7173,-1,-1,-1
994,67,1739.72,669.83,92.64,254.03,0.6778,-1,-1,-1
994,71,497.66,264.66,65.31,184.99,0.5248,-1,-1,-1
994,72,400.70,265.57,67.43,203.22,0.5159,-1,-1,-1
995,4,1720.86,458.17,76.08,208.99,0.5494,-1,-1,-1
995,43,330.37,852.25,87.74,227.85,0.7780,-1,-1,-1
995,3,907.95,944.63,66.08,135.37,0.7332,-1,-1,-1
995,48,922.11,295.76,65.92,210.52,0.5860,-1,-1,-1
995,49,838.53,306.18,64.59,197.33,0.5840,-1,-1,-1
995,57,381.81,455.39,74.83,217.92,0.6163,-1,-1,-1
995,61,1575.85,586.11,105.63,238.12,0.6634,-1,-1,-1
995,62,304.14,463.40,74.81,196.48,0.5615,-1,-1,-1
995,66,1178.56,654.27,86.68,254.39,0.7370,-1,-1,-1
995,67,1739.60,670.20,93.17,254.44,0.6801,-1,-1,-1
995,71,498.52,265.89,64.89,184.33,0.4956,-1,-1,-1
995,72,400.22,265.55,68.45,206.75,0.5075,-1,-1,-1
996,4,1721.08,458.35,76.05,208.32,0.5563,-1,-1,-1
996,43,330.74,853.74,87.48,226.35,0.7837,-1,-1,-1
996,3,907.67,945.19,66.00,134.81,0.7314,-1,-1,-1
996,48,923.01,293.97,66.05,209.99,0.5698,-1,-1,-1
996,49,839.24,304.41,63.93,195.86,0.6332,-1,-1,-1
996,57,381.00,456.37,74.80,217.40,0.6265,-1,-1,-1
996,61,1575.58,586.02,105.47,238.05,0.6561,-1,-1,-1
996,62,304.00,463.53,76.16,202.15,0.5760,-1,-1,-1
996,66,1176.57,651.70,87.39,257.15,0.7637,-1,-1,-1
996,67,1739.53,670.68,92.92,252.93,0.6783,-1,-1,-1
996,71,498.93,266.03,64.96,184.93,0.4859,-1,-1,-1
996,72,400.00,267.76,68.71,208.21,0.5287,-1,-1,-1
997,4,1721.23,458.14,76.38,208.60,0.5355,-1,-1,-1
997,43,331.26,856.85,86.82,223.22,0.7797,-1,-1,-1
997,3,907.27,945.57,66.08,134.43,0.7348,-1,-1,-1
997,48,922.74,291.41,66.27,211.00,0.5850,-1,-1,-1
997,49,839.96,302.43,63.30,194.94,0.6110,-1,-1,-1
997,57,381.21,457.10,74.79,216.96,0.6301,-1,-1,-1
997,61,1575.52,586.40,105.04,237.50,0.6556,-1,-1,-1
997,62,304.31,464.81,76.28,204.20,0.5942,-1,-1,-1
997,66,1174.93,648.45,87.00,256.85,0.7589,-1,-1,-1
997,67,1739.53,670.50,92.22,252.13,0.6758,-1,-1,-1
997,71,500.68,264.92,64.83,185.59,0.5056,-1,-1,-1
997,72,398.82,267.40,68.88,209.38,0.4738,-1,-1,-1
998,4,1721.63,458.29,76.48,208.90,0.5772,-1,-1,-1
998,43,331.81,860.09,86.13,219.97,0.7688,-1,-1,-1
998,3,906.66,945.68,66.32,134.32,0.7315,-1,-1,-1
998,48,923.30,288.97,66.26,210.67,0.5796,-1,-1,-1
998,49,840.84,299.32,63.35,195.96,0.5726,-1,-1,-1
998,57,381.21,457.79,75.00,216.56,0.5859,-1,-1,-1
998,61,1575.90,586.56,105.07,237.79,0.6738,-1,-1,-1
998,62,305.09,467.81,75.51,203.25,0.5816,-1,-1,-1
998,66,1174.29,643.43,86.61,256.70,0.7627,-1,-1,-1
998,67,1739.20,670.14,92.39,254.00,0.6842,-1,-1,-1
998,71,501.83,264.64,64.65,186.07,0.5321,-1,-1,-1
998,72,398.25,268.71,68.08,207.61,0.4008,-1,-1,-1
999,4,1721.31,458.24,76.62,209.28,0.5489,-1,-1,-1
999,43,332.67,863.78,85.39,216.28,0.7805,-1,-1,-1
999,3,906.42,945.99,66.42,134.01,0.7227,-1,-1,-1
999,48,924.85,286.58,66.56,210.71,0.5779,-1,-1,-1
999,49,841.43,296.90,63.39,197.07,0.5644,-1,-1,-1
999,57,380.85,457.76,75.53,216.77,0.5334,-1,-1,-1
999,61,1576.80,586.75,104.64,237.34,0.6482,-1,-1,-1
999,62,305.16,467.83,75.70,205.32,0.5906,-1,-1,-1
999,66,1173.93,639.34,85.77,255.19,0.7534,-1,-1,-1
999,67,1739.57,669.56,92.12,254.24,0.6791,-1,-1,-1
999,71,502.43,264.67,64.32,185.87,0.5098,-1,-1,-1
999,72,398.68,269.73,67.17,205.80,0.4261,-1,-1,-1
1000,4,1721.04,457.79,76.62,209.63,0.5497,-1,-1,-1
1000,43,333.62,867.25,84.75,212.80,0.7952,-1,-1,-1
1000,3,906.34,946.22,66.48,133.78,0.7308,-1,-1,-1
1000,48,925.78,284.67,65.55,207.41,0.5490,-1,-1,-1
1000,49,841.44,295.16,63.83,199.52,0.5319,-1,-1,-1
1000,57,380.57,458.08,76.31,216.80,0.5381,-1,-1,-1
1000,61,1576.19,586.32,104.58,237.74,0.6526,-1,-1,-1
1000,62,305.35,470.23,75.00,204.23,0.6249,-1,-1,-1
1000,66,1173.55,636.81,85.17,253.47,0.7516,-1,-1,-1
1000,67,1740.54,671.26,91.33,252.69,0.6617,-1,-1,-1
1000,71,502.65,264.89,64.11,185.85,0.4704,-1,-1,-1
1000,72,399.21,269.67,67.53,207.18,0.3392,-1,-1,-1
1001,4,1720.45,458.35,76.39,209.23,0.5614,-1,-1,-1
1001,43,335.41,870.15,84.30,209.90,0.7964,-1,-1,-1
1001,3,906.28,946.62,66.56,133.38,0.7317,-1,-1,-1
1001,48,926.82,283.04,64.54,203.74,0.5579,-1,-1,-1
1001,49,841.69,294.27,63.80,200.61,0.5509,-1,-1,-1
1001,57,379.43,458.20,76.70,216.65,0.5262,-1,-1,-1
1001,61,1575.19,586.20,104.70,237.80,0.6566,-1,-1,-1
1001,62,305.66,471.85,74.32,202.76,0.5708,-1,-1,-1
1001,66,1173.90,634.62,85.20,253.88,0.7630,-1,-1,-1
1001,67,1739.56,669.09,91.53,254.92,0.6403,-1,-1,-1
1001,71,502.41,266.71,64.04,186.25,0.4797,-1,-1,-1
1001,72,399.41,269.76,67.35,206.36,0.3873,-1,-1,-1
1002,4,1720.02,458.26,76.40,210.02,0.5535,-1,-1,-1
1002,43,337.40,873.36,83.76,206.68,0.7896,-1,-1,-1
1002,3,905.59,946.80,66.77,133.20,0.7411,-1,-1,-1
1002,48,926.86,281.87,64.26,203.45,0.5645,-1,-1,-1
1002,49,841.46,293.86,63.95,202.41,0.5455,-1,-1,-1
1002,57,380.24,458.49,76.94,216.29,0.5527,-1,-1,-1
1002,61,1574.51,586.60,104.88,237.59,0.6613,-1,-1,-1
1002,62,305.57,475.45,73.35,199.57,0.5345,-1,-1,-1
1002,66,1174.12,632.71,85.60,255.66,0.7692,-1,-1,-1
1002,67,1739.72,670.69,90.33,253.61,0.6524,-1,-1,-1
1002,71,501.90,268.03,64.39,187.65,0.5043,-1,-1,-1
1002,72,398.43,264.38,68.68,210.22,0.2997,-1,-1,-1
1003,4,1719.64,459.31,75.92,209.45,0.5566,-1,-1,-1
1003,43,339.06,875.89,83.35,204.14,0.7922,-1,-1,-1
1003,3,905.91,947.44,66.64,132.56,0.7490,-1,-1,-1
1003,48,927.28,279.97,64.15,202.87,0.5802,-1,-1,-1
1003,49,841.56,293.42,63.79,202.91,0.5564,-1,-1,-1
1003,57,380.05,459.33,76.99,215.84,0.5891,-1,-1,-1
1003,61,1574.91,587.67,104.63,236.45,0.6749,-1,-1,-1
1003,62,304.51,474.51,73.93,200.38,0.5405,-1,-1,-1
1003,66,1173.15,629.88,86.35,258.69,0.7759,-1,-1,-1
1003,67,1741.26,672.66,89.49,252.53,0.6626,-1,-1,-1
1003,71,501.04,269.71,65.21,190.22,0.5761,-1,-1,-1
1003,72,398.27,263.59,69.36,211.85,0.3291,-1,-1,-1
1004,4,1718.99,458.67,76.08,210.34,0.5264,-1,-1,-1
1004,43,341.12,878.06,83.11,201.97,0.7992,-1,-1,-1
1004,3,905.57,947.68,66.74,132.32,0.7352,-1,-1,-1
1004,48,926.84,279.94,63.90,202.33,0.6021,-1,-1,-1
1004,49,841.63,293.46,63.67,204.71,0.5925,-1,-1,-1
1004,57,380.03,458.72,78.01,218.39,0.6278,-1,-1,-1
1004,61,1574.98,587.81,104.81,236.45,0.6682,-1,-1,-1
1004,62,303.10,474.18,73.92,199.69,0.4468,-1,-1,-1
1004,66,1172.19,629.27,86.18,258.39,0.7750,-1,-1,-1
1004,67,1742.34,673.03,89.51,253.49,0.6366,-1,-1,-1
1004,71,501.00,271.80,65.23,190.60,0.5791,-1,-1,-1
1005,4,1718.72,458.18,76.23,211.63,0.5426,-1,-1,-1
1005,43,343.25,879.31,83.17,200.71,0.8005,-1,-1,-1
1005,3,905.31,947.84,66.90,132.16,0.7349,-1,-1,-1
1005,48,927.34,279.14,63.85,202.44,0.6236,-1,-1,-1
1005,49,841.80,293.30,63.17,205.03,0.6136,-1,-1,-1
1005,57,379.82,459.48,78.99,221.23,0.5916,-1,-1,-1
1005,61,1575.23,587.76,105.08,236.81,0.6474,-1,-1,-1
1005,62,311.25,480.66,70.04,191.82,0.4007,-1,-1,-1
1005,66,1170.70,627.99,86.50,259.66,0.7777,-1,-1,-1
1005,67,1743.34,673.68,89.38,253.60,0.6365,-1,-1,-1
1005,71,500.62,274.34,64.60,188.58,0.6127,-1,-1,-1
1006,4,1718.57,457.99,75.87,211.16,0.5258,-1,-1,-1
1006,43,345.20,881.10,83.13,198.92,0.8024,-1,-1,-1
1006,3,905.50,948.75,66.64,131.25,0.7281,-1,-1,-1
1006,48,928.04,278.74,63.55,202.12,0.5951,-1,-1,-1
1006,49,842.31,292.24,62.52,203.95,0.6556,-1,-1,-1
1006,57,380.59,460.42,79.21,222.14,0.5395,-1,-1,-1
1006,61,1575.28,588.45,104.95,236.14,0.6679,-1,-1,-1
1006,62,315.24,483.01,67.77,188.18,0.4026,-1,-1,-1
1006,66,1169.34,627.29,86.97,260.94,0.7659,-1,-1,-1
1006,67,1744.45,671.96,89.48,254.29,0.5954,-1,-1,-1
1006,71,501.23,276.71,63.99,187.32,0.5686,-1,-1,-1
1007,4,1718.86,458.27,75.81,210.94,0.5490,-1,-1,-1
1007,43,347.28,882.83,83.24,197.19,0.8143,-1,-1,-1
1007,3,905.48,948.87,66.69,131.13,0.7241,-1,-1,-1
1007,48,928.45,275.86,63.82,204.97,0.6570,-1,-1,-1
1007,49,842.91,291.14,61.82,202.38,0.6933,-1,-1,-1
1007,57,383.17,464.77,80.05,224.75,0.5610,-1,-1,-1
1007,61,1575.63,589.54,104.44,234.85,0.6646,-1,-1,-1
1007,62,316.57,482.98,66.97,187.98,0.4475,-1,-1,-1
1007,66,1168.14,627.40,86.73,259.62,0.7635,-1,-1,-1
1007,67,1745.40,670.95,90.15,256.65,0.6234,-1,-1,-1
1007,71,501.48,279.29,63.94,187.66,0.5993,-1,-1,-1
1008,4,1718.69,458.37,75.87,211.23,0.5498,-1,-1,-1
1008,43,348.92,883.95,83.67,196.07,0.8085,-1,-1,-1
1008,3,905.41,949.23,66.65,130.77,0.7353,-1,-1,-1
1008,48,928.61,274.10,63.82,207.16,0.6633,-1,-1,-1
1008,49,843.45,289.01,61.50,202.06,0.6847,-1,-1,-1
1008,57,382.50,464.49,79.82,224.18,0.5747,-1,-1,-1
1008,61,1575.61,589.01,104.89,235.75,0.6719,-1,-1,-1
1008,62,316.79,483.80,66.77,188.78,0.4973,-1,-1,-1
1008,66,1165.99,626.41,86.79,259.64,0.7602,-1,-1,-1
1008,67,1745.65,672.21,89.77,255.94,0.5959,-1,-1,-1
1008,71,500.55,280.80,64.29,188.92,0.5671,-1,-1,-1
1009,4,1719.55,458.18,76.22,211.98,0.5571,-1,-1,-1
1009,43,350.98,886.14,84.05,193.87,0.8107,-1,-1,-1
1009,3,905.46,949.72,66.54,130.28,0.7388,-1,-1,-1
1009,48,928.40,276.09,63.03,205.25,0.6117,-1,-1,-1
1009,49,844.39,287.80,60.30,198.04,0.6419,-1,-1,-1
1009,57,382.31,465.64,80.20,224.64,0.5714,-1,-1,-1
1009,61,1575.82,589.29,104.95,235.65,0.6875,-1,-1,-1
1009,62,316.81,484.43,66.64,189.41,0.4910,-1,-1,-1
1009,66,1161.88,624.85,86.94,260.05,0.7599,-1,-1,-1
1009,67,1745.90,672.00,89.22,253.82,0.5847,-1,-1,-1
1009,71,500.18,280.57,64.52,190.52,0.5670,-1,-1,-1
1009,73,595.57,548.06,80.02,244.40,0.5682,-1,-1,-1
1010,4,1719.68,457.87,76.55,212.27,0.5377,-1,-1,-1
1010,43,352.21,888.01,84.50,192.00,0.8098,-1,-1,-1
1010,3,905.34,949.74,66.74,130.26,0.7319,-1,-1,-1
1010,48,928.54,276.14,63.05,206.06,0.6293,-1,-1,-1
1010,49,844.49,285.65,60.21,197.62,0.6324,-1,-1,-1
1010,57,381.74,466.98,80.91,226.28,0.5134,-1,-1,-1
1010,61,1575.92,589.13,104.85,235.22,0.6755,-1,-1,-1
1010,62,316.08,484.44,67.06,191.44,0.4842,-1,-1,-1
1010,66,1159.48,623.27,86.93,259.17,0.7590,-1,-1,-1
1010,67,1745.79,671.28,89.03,251.65,0.5453,-1,-1,-1
1010,71,500.02,282.46,63.96,189.89,0.5169,-1,-1,-1
1010,73,595.12,549.54,79.62,242.83,0.5759,-1,-1,-1
1011,4,1719.15,457.09,77.05,213.03,0.5527,-1,-1,-1
1011,43,354.04,890.35,84.76,189.67,0.7999,-1,-1,-1
1011,3,905.05,949.76,66.89,130.24,0.7364,-1,-1,-1
1011,48,928.48,276.07,62.85,205.48,0.6185,-1,-1,-1
1011,49,845.56,283.09,59.71,195.46,0.5819,-1,-1,-1
1011,57,380.87,467.88,81.62,227.94,0.4554,-1,-1,-1
1011,61,1575.54,589.89,104.71,234.77,0.6666,-1,-1,-1
1011,62,315.02,484.95,67.78,194.49,0.4341,-1,-1,-1
1011,66,1157.73,621.44,87.43,259.87,0.7502,-1,-1,-1
1011,67,1743.51,671.77,89.94,251.28,0.4297,-1,-1,-1
1011,71,499.59,282.89,63.77,190.59,0.4518,-1,-1,-1
1011,73,594.83,549.26,79.90,243.18,0.5556,-1,-1,-1
1012,4,1718.90,456.52,77.28,213.18,0.5419,-1,-1,-1
1012,43,355.65,892.95,85.20,187.06,0.8092,-1,-1,-1
1012,3,904.91,949.59,67.22,130.41,0.7304,-1,-1,-1
1012,48,929.43,274.23,62.74,205.75,0.5724,-1,-1,-1
1012,49,845.33,281.46,59.41,194.37,0.5905,-1,-1,-1
1012,57,380.32,469.43,81.45,227.58,0.4323,-1,-1,-1
1012,61,1574.87,588.83,105.27,235.88,0.6592,-1,-1,-1
1012,62,314.15,486.11,69.10,199.42,0.4079,-1,-1,-1
1012,66,1155.61,618.91,87.93,260.76,0.7544,-1,-1,-1
1012,67,1741.46,674.59,90.90,251.12,0.4116,-1,-1,-1
1012,71,498.95,283.92,63.12,189.04,0.4219,-1,-1,-1
1012,73,593.97,550.12,80.03,242.72,0.5633,-1,-1,-1
1013,4,1718.63,456.23,77.52,213.06,0.5712,-1,-1,-1
1013,43,357.23,895.64,85.61,184.37,0.8034,-1,-1,-1
1013,3,904.64,949.38,67.46,130.62,0.7070,-1,-1,-1
1013,48,929.47,272.30,62.75,206.25,0.5834,-1,-1,-1
1013,49,845.18,279.82,59.79,195.95,0.6107,-1,-1,-1
1013,57,380.29,471.09,81.27,227.10,0.4638,-1,-1,-1
1013,61,1575.25,589.35,105.14,235.34,0.6645,-1,-1,-1
1013,62,312.49,487.18,70.39,204.63,0.3975,-1,-1,-1
1013,66,1154.91,616.59,87.51,259.22,0.7500,-1,-1,-1
1013,67,1739.21,673.64,93.10,253.62,0.3509,-1,-1,-1
1013,71,497.48,284.34,62.90,188.42,0.4214,-1,-1,-1
1013,73,593.29,550.67,80.38,242.62,0.6117,-1,-1,-1
1014,4,1718.79,456.20,77.77,212.84,0.5493,-1,-1,-1
1014,43,358.03,897.67,86.31,182.33,0.8027,-1,-1,-1
1014,3,904.97,948.96,67.79,131.04,0.7122,-1,-1,-1
1014,48,929.74,270.86,61.28,201.35,0.5357,-1,-1,-1
1014,49,843.99,278.45,60.18,197.11,0.5996,-1,-1,-1
1014,57,379.74,472.99,80.72,226.71,0.4527,-1,-1,-1
1014,61,1573.94,588.01,105.71,236.37,0.6494,-1,-1,-1
1014,62,303.58,488.75,72.44,206.92,0.4492,-1,-1,-1
1014,66,1153.46,613.54,87.80,260.04,0.7434,-1,-1,-1
1014,67,1733.26,671.26,95.87,255.85,0.4744,-1,-1,-1
1014,71,496.36,285.25,62.99,188.04,0.4464,-1,-1,-1
1014,73,592.14,551.11,80.75,242.57,0.5941,-1,-1,-1
1015,4,1718.91,455.92,78.15,212.84,0.5467,-1,-1,-1
1015,43,358.90,900.54,86.52,179.47,0.7934,-1,-1,-1
1015,3,904.64,949.17,67.86,130.83,0.7082,-1,-1,-1
1015,48,929.09,270.08,60.88,200.79,0.5480,-1,-1,-1
1015,49,842.75,275.35,61.54,201.47,0.5942,-1,-1,-1
1015,57,380.15,474.07,80.64,226.49,0.5081,-1,-1,-1
1015,61,1574.20,588.80,105.70,235.98,0.6607,-1,-1,-1
1015,62,299.08,491.50,73.57,207.44,0.4848,-1,-1,-1
1015,66,1153.15,611.34,86.29,256.39,0.7574,-1,-1,-1
1015,67,1729.79,670.95,98.40,257.42,0.4078,-1,-1,-1
1015,71,496.41,286.23,62.95,188.06,0.4483,-1,-1,-1
1015,73,591.38,551.79,80.75,241.58,0.5565,-1,-1,-1
1016,4,1718.75,456.05,78.33,212.25,0.5177,-1,-1,-1
1016,43,359.90,903.42,86.75,176.45,0.8085,-1,-1,-1
1016,3,904.19,948.81,68.04,131.19,0.7220,-1,-1,-1
1016,48,929.00,268.83,60.00,198.45,0.5466,-1,-1,-1
1016,49,843.02,275.83,61.12,199.71,0.5851,-1,-1,-1
1016,57,379.13,476.88,80.04,225.22,0.5187,-1,-1,-1
1016,61,1573.79,588.10,106.13,236.79,0.6536,-1,-1,-1
1016,62,297.21,494.90,73.90,206.22,0.4964,-1,-1,-1
1016,66,1152.93,607.87,84.47,251.20,0.7732,-1,-1,-1
1016,67,1726.37,669.07,101.07,259.55,0.3899,-1,-1,-1
1016,71,495.86,286.51,62.96,188.16,0.4511,-1,-1,-1
1016,73,590.04,551.35,81.34,242.26,0.5579,-1,-1,-1
1017,4,1718.54,456.53,78.80,212.75,0.4724,-1,-1,-1
1017,43,361.09,907.10,86.36,172.21,0.8148,-1,-1,-1
1017,3,904.00,948.74,68.09,131.26,0.7081,-1,-1,-1
1017,48,929.09,266.32,59.61,197.31,0.5282,-1,-1,-1
1017,49,843.79,275.96,61.18,199.80,0.5930,-1,-1,-1
1017,57,378.67,478.91,79.39,223.66,0.4750,-1,-1,-1
1017,61,1573.50,588.22,106.15,236.98,0.6687,-1,-1,-1
1017,62,296.04,502.15,73.26,201.64,0.4693,-1,-1,-1
1017,66,1152.30,604.26,83.16,247.22,0.7647,-1,-1,-1
1017,67,1726.34,673.72,100.26,255.24,0.4353,-1,-1,-1
1017,71,494.82,287.20,63.27,188.62,0.4707,-1,-1,-1
1017,73,589.08,551.79,80.83,240.10,0.5839,-1,-1,-1
1018,4,1718.61,457.32,78.61,210.76,0.4680,-1,-1,-1
1018,43,362.33,910.92,86.09,167.99,0.8030,-1,-1,-1
1018,3,903.99,948.60,68.10,131.40,0.7165,-1,-1,-1
1018,48,929.73,262.97,60.19,199.17,0.5214,-1,-1,-1
1018,49,843.68,275.72,61.53,200.75,0.5859,-1,-1,-1
1018,57,378.94,480.07,78.24,220.85,0.5381,-1,-1,-1
1018,61,1573.51,590.21,105.22,234.98,0.6463,-1,-1,-1
1018,62,294.74,506.38,73.72,199.96,0.4978,-1,-1,-1
1018,66,1151.66,601.16,82.82,246.94,0.7482,-1,-1,-1
1018,67,1725.34,678.38,98.24,248.89,0.4472,-1,-1,-1
1018,71,493.97,288.37,63.83,190.21,0.4833,-1,-1,-1
1018,73,588.20,551.79,80.80,239.37,0.5344,-1,-1,-1
1019,4,1718.47,457.41,78.80,210.00,0.4868,-1,-1,-1
1019,43,362.80,914.30,85.97,164.24,0.8015,-1,-1,-1
1019,3,903.21,948.35,68.18,131.65,0.7164,-1,-1,-1
1019,48,928.96,260.73,60.95,200.12,0.5774,-1,-1,-1
1019,49,843.21,273.60,62.04,202.60,0.5809,-1,-1,-1
1019,57,379.47,481.93,77.04,217.44,0.5527,-1,-1,-1
1019,61,1573.20,590.45,105.19,235.19,0.6632,-1,-1,-1
1019,62,293.33,508.55,74.34,199.10,0.5364,-1,-1,-1
1019,66,1151.38,598.81,82.66,247.02,0.7362,-1,-1,-1
1019,67,1722.64,677.59,97.73,247.56,0.4616,-1,-1,-1
1019,71,493.23,289.02,64.97,193.68,0.4637,-1,-1,-1
1019,73,587.88,551.21,81.51,241.01,0.4864,-1,-1,-1
1020,4,1719.46,455.60,77.83,206.35,0.4873,-1,-1,-1
1020,43,363.23,917.13,86.32,161.61,0.8048,-1,-1,-1
1020,3,903.07,947.68,68.41,132.26,0.7094,-1,-1,-1
1020,48,927.69,259.79,61.26,199.14,0.5339,-1,-1,-1
1020,49,843.70,274.69,61.53,200.62,0.5938,-1,-1,-1
1020,57,379.89,483.06,76.47,215.47,0.5439,-1,-1,-1
1020,61,1573.76,589.78,105.37,236.09,0.6439,-1,-1,-1
1020,62,291.78,509.20,74.86,198.07,0.4311,-1,-1,-1
1020,66,1150.22,596.24,83.27,248.90,0.7269,-1,-1,-1
1020,67,1719.73,674.00,98.71,250.90,0.4649,-1,-1,-1
1020,71,493.71,291.39,64.80,193.06,0.4693,-1,-1,-1
1020,73,586.89,551.49,81.62,240.40,0.5331,-1,-1,-1
1021,4,1720.31,454.90,77.27,203.72,0.5035,-1,-1,-1
1021,43,363.57,918.75,86.90,159.97,0.8077,-1,-1,-1
1021,3,902.28,946.30,69.08,133.68,0.7016,-1,-1,-1
1021,48,928.34,258.26,61.11,196.99,0.5384,-1,-1,-1
1021,49,843.86,274.35,61.43,200.12,0.6061,-1,-1,-1
1021,57,379.67,484.61,76.69,215.44,0.5568,-1,-1,-1
1021,61,1573.82,589.57,105.54,237.01,0.6528,-1,-1,-1
1021,62,289.97,508.16,76.36,198.76,0.5320,-1,-1,-1
1021,66,1148.34,593.74,83.81,250.54,0.7214,-1,-1,-1
1021,67,1715.05,673.00,97.98,250.57,0.5408,-1,-1,-1
1021,71,493.38,293.98,64.36,190.94,0.4919,-1,-1,-1
1021,73,586.08,550.89,81.98,240.31,0.5170,-1,-1,-1
1022,4,1720.84,454.69,76.28,199.78,0.5128,-1,-1,-1
1022,43,364.32,920.53,87.21,158.30,0.8164,-1,-1,-1
1022,3,902.15,946.37,68.84,133.47,0.7119,-1,-1,-1
1022,48,927.99,257.93,61.65,197.00,0.5725,-1,-1,-1
1022,49,843.89,273.34,61.27,199.40,0.6091,-1,-1,-1
1022,57,378.62,485.59,79.24,222.53,0.5686,-1,-1,-1
1022,61,1574.52,589.30,105.29,237.40,0.6493,-1,-1,-1
1022,62,298.60,509.28,74.31,196.25,0.4174,-1,-1,-1
1022,66,1147.79,592.70,84.39,251.91,0.7300,-1,-1,-1
1022,67,1712.86,672.26,96.69,248.41,0.5996,-1,-1,-1
1022,71,493.41,296.05,64.02,189.16,0.4942,-1,-1,-1
1022,73,585.09,550.17,82.33,240.60,0.5296,-1,-1,-1
1023,4,1721.78,454.89,75.17,195.15,0.5306,-1,-1,-1
1023,43,364.66,922.68,87.23,156.08,0.8096,-1,-1,-1
1023,3,901.87,945.94,68.78,133.76,0.7106,-1,-1,-1
1023,48,927.99,257.17,62.38,198.61,0.5379,-1,-1,-1
1023,49,844.08,273.19,60.45,196.14,0.5970,-1,-1,-1
1023,57,378.03,486.11,80.88,227.41,0.5625,-1,-1,-1
1023,61,1573.92,588.18,105.64,238.68,0.5953,-1,-1,-1
1023,62,293.14,506.30,76.32,199.69,0.4449,-1,-1,-1
1023,66,1147.28,590.85,85.03,254.03,0.7124,-1,-1,-1
1023,67,1711.49,673.83,95.64,246.35,0.6411,-1,-1,-1
1023,71,492.64,297.77,64.84,191.01,0.5010,-1,-1,-1
1023,73,584.26,550.09,82.23,239.84,0.4701,-1,-1,-1
1024,4,1721.87,454.65,74.48,191.92,0.5644,-1,-1,-1
1024,43,365.11,924.87,87.35,154.12,0.8089,-1,-1,-1
1024,3,902.32,946.21,68.57,133.66,0.7225,-1,-1,-1
1024,48,927.97,256.85,63.19,201.13,0.5895,-1,-1,-1
1024,49,844.03,271.93,59.95,193.67,0.6217,-1,-1,-1
1024,57,377.92,487.42,81.28,228.81,0.5556,-1,-1,-1
1024,61,1573.74,587.73,105.59,239.10,0.6000,-1,-1,-1
1024,62,290.55,505.83,77.14,200.07,0.4665,-1,-1,-1
1024,66,1146.46,589.34,85.35,254.61,0.6896,-1,-1,-1
1024,67,1710.34,675.22,94.71,244.63,0.5931,-1,-1,-1
1024,71,492.04,298.79,65.75,193.66,0.5340,-1,-1,-1
1024,73,584.12,549.77,82.10,239.79,0.4888,-1,-1,-1
1025,4,1721.71,454.40,75.01,191.78,0.5432,-1,-1,-1
1025,43,365.59,926.49,87.75,152.93,0.8112,-1,-1,-1
1025,3,901.88,946.04,68.34,133.76,0.7140,-1,-1,-1
1025,48,928.78,256.92,63.51,203.30,0.5805,-1,-1,-1
1025,49,843.56,269.01,60.53,195.17,0.6658,-1,-1,-1
1025,57,376.67,488.44,81.85,231.48,0.5162,-1,-1,-1
1025,61,1573.29,587.51,105.43,239.48,0.5714,-1,-1,-1
1025,62,289.34,506.60,77.27,199.01,0.4788,-1,-1,-1
1025,66,1145.36,588.17,85.63,254.39,0.6882,-1,-1,-1
1025,67,1708.69,677.26,93.42,242.73,0.6032,-1,-1,-1
1025,71,492.25,300.21,66.08,194.68,0.5059,-1,-1,-1
1025,73,582.91,547.55,82.39,241.81,0.4630,-1,-1,-1
1026,4,1721.65,454.19,75.07,190.48,0.5673,-1,-1,-1
1026,43,366.62,928.25,87.61,150.96,0.8076,-1,-1,-1
1026,3,901.34,945.80,68.29,134.02,0.7180,-1,-1,-1
1026,48,930.12,256.52,63.25,203.81,0.6004,-1,-1,-1
1026,49,844.39,267.33,59.62,191.53,0.6335,-1,-1,-1
1026,57,375.80,491.01,81.61,232.19,0.5378,-1,-1,-1
1026,61,1574.26,588.52,104.74,238.64,0.6189,-1,-1,-1
1026,62,289.50,505.19,77.73,199.68,0.4841,-1,-1,-1
1026,66,1144.54,587.85,84.95,251.52,0.6913,-1,-1,-1
1026,67,1707.18,681.58,91.52,239.65,0.6238,-1,-1,-1
1026,71,492.65,300.71,66.41,195.53,0.5992,-1,-1,-1
1026,73,582.58,546.81,81.93,242.04,0.4327,-1,-1,-1
1027,4,1721.91,454.55,75.40,189.70,0.5374,-1,-1,-1
1027,43,368.47,930.08,87.37,148.82,0.8123,-1,-1,-1
1027,3,900.92,945.77,67.84,133.84,0.7179,-1,-1,-1
1027,48,931.18,256.22,63.05,205.01,0.5790,-1,-1,-1
1027,49,845.29,265.54,58.90,189.02,0.6332,-1,-1,-1
1027,57,373.97,493.53,81.01,232.59,0.5657,-1,-1,-1
1027,61,1574.44,589.13,104.42,238.18,0.6727,-1,-1,-1
1027,62,290.46,505.48,77.51,199.50,0.5622,-1,-1,-1
1027,66,1142.98,587.71,85.25,252.14,0.7254,-1,-1,-1
1027,67,1702.90,675.79,91.63,242.12,0.5739,-1,-1,-1
1027,71,493.18,302.17,66.09,194.53,0.6043,-1,-1,-1
1027,73,581.12,546.81,81.15,242.41,0.4402,-1,-1,-1
1027,72,373.04,302.00,65.08,193.55,0.5207,-1,-1,-1
1028,4,1719.80,456.64,78.68,197.37,0.5751,-1,-1,-1
1028,43,369.59,931.98,87.28,147.10,0.8203,-1,-1,-1
1028,3,900.70,945.66,67.66,134.20,0.7133,-1,-1,-1
1028,48,933.56,255.92,61.40,200.55,0.5856,-1,-1,-1
1028,49,846.18,263.14,58.70,188.26,0.6020,-1,-1,-1
1028,57,373.69,496.42,80.21,231.19,0.5986,-1,-1,-1
1028,61,1574.13,589.23,104.23,238.20,0.6742,-1,-1,-1
1028,62,292.64,508.60,76.18,197.48,0.5644,-1,-1,-1
1028,66,1141.79,586.70,84.55,249.91,0.7229,-1,-1,-1
1028,67,1699.76,664.07,93.72,251.28,0.5207,-1,-1,-1
1028,71,494.39,303.56,65.38,192.99,0.5134,-1,-1,-1
1028,73,580.80,546.42,80.31,242.95,0.4767,-1,-1,-1
1028,72,372.35,305.73,65.62,191.36,0.5330,-1,-1,-1
1029,4,1719.55,458.34,80.00,199.80,0.5824,-1,-1,-1
1029,43,371.25,933.16,87.19,145.58,0.8129,-1,-1,-1
1029,3,900.01,945.41,67.42,134.54,0.6992,-1,-1,-1
1029,48,934.75,255.38,61.38,201.48,0.6221,-1,-1,-1
1029,49,847.02,261.71,58.89,189.08,0.5971,-1,-1,-1
1029,57,373.78,499.24,79.35,229.13,0.6167,-1,-1,-1
1029,61,1573.90,589.55,104.02,237.92,0.6890,-1,-1,-1
1029,62,292.73,511.54,75.59,197.28,0.5983,-1,-1,-1
1029,66,1140.35,585.83,84.05,249.21,0.7396,-1,-1,-1
1029,67,1695.57,647.50,97.62,266.39,0.4044,-1,-1,-1
1029,71,494.06,304.59,64.99,191.84,0.5334,-1,-1,-1
1029,73,579.79,545.65,79.26,244.17,0.5005,-1,-1,-1
1029,72,371.31,307.47,66.27,192.29,0.5059,-1,-1,-1
1030,4,1718.96,458.18,80.73,201.20,0.5791,-1,-1,-1
1030,43,372.50,935.63,86.57,142.94,0.8000,-1,-1,-1
1030,3,899.21,945.08,67.07,134.90,0.7171,-1,-1,-1
1030,48,935.64,254.43,60.95,200.65,0.5629,-1,-1,-1
1030,49,847.12,260.76,59.31,191.36,0.5865,-1,-1,-1
1030,57,371.41,500.82,78.21,227.72,0.6116,-1,-1,-1
1030,61,1573.07,588.74,104.26,239.13,0.6459,-1,-1,-1
1030,62,292.30,512.23,76.33,200.76,0.6499,-1,-1,-1
1030,66,1138.78,584.13,83.60,249.29,0.7753,-1,-1,-1
1030,67,1694.13,641.10,98.04,271.80,0.4540,-1,-1,-1
1030,71,493.52,303.76,65.30,192.80,0.5334,-1,-1,-1
1030,73,579.72,544.79,78.33,245.28,0.4712,-1,-1,-1
1030,72,369.75,308.71,67.03,193.51,0.5656,-1,-1,-1
1031,4,1718.34,458.51,81.92,204.01,0.6018,-1,-1,-1
1031,43,374.33,937.41,86.07,140.95,0.7950,-1,-1,-1
1031,3,898.02,944.64,66.76,135.36,0.7215,-1,-1,-1
1031,48,937.07,251.70,60.00,198.27,0.5685,-1,-1,-1
1031,49,847.25,259.37,59.60,193.15,0.5689,-1,-1,-1
1031,57,372.49,501.12,78.62,228.80,0.6371,-1,-1,-1
1031,61,1572.95,590.00,103.67,237.75,0.6569,-1,-1,-1
1031,62,291.00,513.68,78.18,207.95,0.6801,-1,-1,-1
1031,66,1137.73,579.65,82.88,248.59,0.7784,-1,-1,-1
1031,67,1686.28,637.83,99.60,276.57,0.5308,-1,-1,-1
1031,71,493.39,303.10,64.73,190.84,0.5713,-1,-1,-1
1031,73,579.08,544.36,77.30,246.38,0.4738,-1,-1,-1
1031,72,368.65,310.00,67.39,193.45,0.5659,-1,-1,-1
1032,4,1717.91,458.61,82.91,206.62,0.5973,-1,-1,-1
1032,43,376.05,940.54,84.85,137.80,0.7709,-1,-1,-1
1032,3,897.11,944.16,66.41,135.84,0.7004,-1,-1,-1
1032,48,938.37,249.29,58.93,195.37,0.6191,-1,-1,-1
1032,49,847.63,256.81,59.69,194.00,0.5799,-1,-1,-1
1032,57,372.91,501.39,78.79,229.62,0.6622,-1,-1,-1
1032,61,1572.73,590.22,103.43,237.64,0.6398,-1,-1,-1
1032,62,290.82,515.72,78.73,211.65,0.6868,-1,-1,-1
1032,66,1137.13,575.85,81.73,246.46,0.7701,-1,-1,-1
1032,67,1681.03,638.85,99.72,277.13,0.4879,-1,-1,-1
1032,71,493.64,304.50,63.89,188.43,0.4881,-1,-1,-1
1032,73,578.96,543.76,76.07,247.06,0.4722,-1,-1,-1
1032,72,367.62,311.07,67.65,193.25,0.5061,-1,-1,-1
1033,4,1717.88,458.51,82.99,207.05,0.5887,-1,-1,-1
1033,43,377.50,943.54,83.61,134.27,0.7609,-1,-1,-1
1033,3,896.11,943.98,65.86,136.02,0.6959,-1,-1,-1
1033,48,939.73,247.46,58.68,194.64,0.6346,-1,-1,-1
1033,49,847.67,255.60,59.87,194.91,0.5530,-1,-1,-1
1033,57,372.56,502.03,78.54,229.13,0.6446,-1,-1,-1
1033,61,1572.85,591.27,102.74,236.95,0.6254,-1,-1,-1
1033,62,290.66,517.74,78.60,213.35,0.6679,-1,-1,-1
1033,66,1137.06,572.71,80.30,243.29,0.7704,-1,-1,-1
1033,67,1676.87,637.64,100.58,279.40,0.5399,-1,-1,-1
1033,71,492.82,305.95,64.28,189.51,0.4658,-1,-1,-1
1033,73,579.56,542.52,73.11,241.09,0.4309,-1,-1,-1
1033,72,366.70,311.93,67.80,192.67,0.5327,-1,-1,-1
1034,4,1717.41,458.04,82.85,206.74,0.5859,-1,-1,-1
1034,43,379.27,946.96,82.51,131.46,0.7543,-1,-1,-1
1034,3,895.14,943.72,65.50,136.28,0.7084,-1,-1,-1
1034,48,939.92,244.99,58.68,194.98,0.6028,-1,-1,-1
1034,49,847.98,255.49,59.77,194.49,0.5588,-1,-1,-1
1034,57,371.28,503.33,77.69,227.73,0.6247,-1,-1,-1
1034,61,1573.50,593.98,101.32,233.59,0.5894,-1,-1,-1
1034,62,291.20,520.37,78.12,213.39,0.6705,-1,-1,-1
1034,66,1137.20,569.45,79.54,242.58,0.7691,-1,-1,-1
1034,67,1674.50,636.83,100.91,280.47,0.5389,-1,-1,-1
1034,71,490.85,307.69,65.08,191.59,0.4874,-1,-1,-1
1034,73,578.28,541.64,73.15,246.21,0.4507,-1,-1,-1
1034,72,366.00,312.71,68.17,193.34,0.5747,-1,-1,-1
1035,4,1717.71,458.44,81.87,204.60,0.5959,-1,-1,-1
1035,43,381.18,950.38,81.63,128.81,0.7440,-1,-1,-1
1035,3,894.14,943.08,65.21,136.92,0.7048,-1,-1,-1
1035,48,939.87,243.03,59.13,196.65,0.6456,-1,-1,-1
1035,49,848.21,254.85,59.67,194.45,0.5661,-1,-1,-1
1035,57,371.55,504.33,76.98,225.42,0.6207,-1,-1,-1
1035,61,1572.85,594.25,101.03,233.04,0.6068,-1,-1,-1
1035,62,291.60,523.00,78.04,212.48,0.6426,-1,-1,-1
1035,66,1136.76,567.76,78.92,241.67,0.7610,-1,-1,-1
1035,67,1672.23,635.04,100.21,280.83,0.6028,-1,-1,-1
1035,71,489.80,310.71,65.62,192.65,0.4538,-1,-1,-1
1035,73,578.30,540.71,72.57,248.94,0.4084,-1,-1,-1
1035,72,365.62,312.99,68.61,194.59,0.5549,-1,-1,-1
1036,4,1718.21,459.94,81.21,203.09,0.5850,-1,-1,-1
1036,43,383.79,953.52,80.86,126.24,0.7314,-1,-1,-1
1036,3,892.98,941.89,65.18,138.12,0.7195,-1,-1,-1
1036,48,939.58,241.18,59.15,197.21,0.6591,-1,-1,-1
1036,49,848.65,254.11,59.68,195.19,0.5764,-1,-1,-1
1036,57,371.49,504.67,76.79,224.63,0.6312,-1,-1,-1
1036,61,1572.87,595.10,100.60,232.34,0.6051,-1,-1,-1
1036,62,292.14,525.41,77.44,210.50,0.5833,-1,-1,-1
1036,66,1135.59,565.85,79.47,244.93,0.7366,-1,-1,-1
1036,67,1670.59,633.37,99.47,281.88,0.6316,-1,-1,-1
1036,71,489.57,310.03,66.56,194.89,0.4483,-1,-1,-1
1036,73,578.82,541.19,71.46,249.32,0.4099,-1,-1,-1
1036,72,365.95,314.44,66.51,187.27,0.3827,-1,-1,-1
1037,4,1718.18,460.14,81.01,202.93,0.6312,-1,-1,-1
1037,43,386.94,956.30,80.05,123.66,0.7573,-1,-1,-1
1037,3,892.15,940.77,64.93,139.23,0.7294,-1,-1,-1
1037,48,939.71,240.45,59.16,197.74,0.6873,-1,-1,-1
1037,49,848.93,252.83,59.80,195.98,0.5737,-1,-1,-1
1037,57,372.02,505.43,76.59,223.07,0.6695,-1,-1,-1
1037,61,1572.41,595.38,100.22,231.83,0.6306,-1,-1,-1
1037,62,290.61,527.61,77.27,208.39,0.5522,-1,-1,-1
1037,66,1134.52,563.84,79.88,247.69,0.7503,-1,-1,-1
1037,67,1669.18,631.25,98.23,281.47,0.6198,-1,-1,-1
1037,71,490.02,310.91,67.20,195.65,0.4502,-1,-1,-1
1037,73,579.56,540.13,70.54,251.13,0.4475,-1,-1,-1
1037,72,368.48,318.25,61.01,166.38,0.3063,-1,-1,-1
1038,4,1718.36,460.45,80.56,202.05,0.6309,-1,-1,-1
1038,43,389.88,958.80,79.63,121.24,0.7813,-1,-1,-1
1038,3,890.54,939.22,64.87,140.79,0.7229,-1,-1,-1
1038,48,939.53,239.67,59.20,198.58,0.6844,-1,-1,-1
1038,49,849.32,251.85,59.93,196.49,0.5647,-1,-1,-1
1038,57,371.95,505.78,76.77,223.05,0.6655,-1,-1,-1
1038,61,1572.36,595.34,99.97,231.79,0.6315,-1,-1,-1
1038,62,293.40,530.66,75.36,205.22,0.4906,-1,-1,-1
1038,66,1133.37,562.74,80.90,251.59,0.7535,-1,-1,-1
1038,67,1667.31,630.54,97.61,280.84,0.6221,-1,-1,-1
1038,71,489.95,313.01,67.60,195.99,0.4432,-1,-1,-1
1038,73,580.41,539.55,69.48,251.78,0.4577,-1,-1,-1
1038,72,369.04,319.63,60.41,159.88,0.3116,-1,-1,-1
1039,4,1718.06,460.22,80.87,203.33,0.6351,-1,-1,-1
1039,43,392.55,959.90,79.70,120.15,0.7461,-1,-1,-1
1039,3,889.99,939.16,64.32,140.85,0.7280,-1,-1,-1
1039,48,939.29,238.69,59.14,199.19,0.6590,-1,-1,-1
1039,49,849.88,251.24,59.66,195.81,0.5376,-1,-1,-1
1039,57,371.30,506.41,76.82,223.06,0.6574,-1,-1,-1
1039,61,1571.98,594.28,100.13,232.62,0.6042,-1,-1,-1
1039,62,295.17,532.42,73.43,203.15,0.5361,-1,-1,-1
1039,66,1130.93,561.98,81.59,253.48,0.7655,-1,-1,-1
1039,67,1663.73,630.94,97.21,279.83,0.6263,-1,-1,-1
1039,71,488.50,314.49,67.93,197.04,0.4415,-1,-1,-1
1039,73,581.10,539.15,68.44,252.44,0.4549,-1,-1,-1
1039,72,368.48,319.52,61.12,156.92,0.3410,-1,-1,-1
1040,4,1717.94,459.94,81.02,204.44,0.6539,-1,-1,-1
1040,43,395.54,961.63,79.41,118.42,0.7246,-1,-1,-1
1040,3,889.03,938.62,64.06,141.38,0.7290,-1,-1,-1
1040,48,939.00,238.08,59.04,199.33,0.6256,-1,-1,-1
1040,49,851.04,249.31,59.15,193.85,0.5336,-1,-1,-1
1040,57,371.67,507.85,77.55,224.71,0.6859,-1,-1,-1
1040,61,1572.22,595.33,99.49,231.24,0.6027,-1,-1,-1
1040,62,295.97,535.24,71.33,200.63,0.4554,-1,-1,-1
1040,66,1127.90,561.73,81.96,254.43,0.7763,-1,-1,-1
1040,67,1660.65,632.14,97.21,280.11,0.6284,-1,-1,-1
1040,71,487.55,318.49,67.37,195.69,0.4493,-1,-1,-1
1040,73,581.96,538.66,67.25,252.38,0.4954,-1,-1,-1
1040,72,367.95,320.58,62.06,154.90,0.3182,-1,-1,-1
1041,4,1718.01,459.64,81.19,205.44,0.6581,-1,-1,-1
1041,43,399.54,963.79,79.07,116.26,0.7473,-1,-1,-1
1041,3,886.79,938.32,63.55,141.69,0.7124,-1,-1,-1
1041,48,939.05,237.35,59.12,200.08,0.6498,-1,-1,-1
1041,49,851.62,247.42,58.79,191.50,0.5410,-1,-1,-1
1041,57,371.65,509.93,78.16,226.42,0.6523,-1,-1,-1
1041,61,1572.48,594.28,99.68,231.76,0.6042,-1,-1,-1
1041,62,296.92,535.58,69.78,199.59,0.4483,-1,-1,-1
1041,66,1126.90,560.65,81.95,253.57,0.7933,-1,-1,-1
1041,67,1659.05,634.35,96.01,277.55,0.5465,-1,-1,-1
1041,71,486.67,322.40,66.38,192.88,0.4601,-1,-1,-1
1041,73,582.74,538.63,66.49,253.65,0.4996,-1,-1,-1
1041,72,367.43,321.09,63.39,154.83,0.2576,-1,-1,-1
1042,4,1717.86,460.21,80.85,205.51,0.6199,-1,-1,-1
1042,43,402.96,965.00,79.63,114.98,0.7536,-1,-1,-1
1042,3,885.04,937.78,63.21,142.23,0.7264,-1,-1,-1
1042,48,939.54,237.26,58.96,200.03,0.6361,-1,-1,-1
1042,49,852.69,244.92,58.51,188.88,0.5138,-1,-1,-1
1042,57,371.55,510.52,79.20,229.42,0.6637,-1,-1,-1
1042,61,1572.54,592.90,99.90,232.30,0.5842,-1,-1,-1
1042,62,296.66,536.60,67.80,196.56,0.3848,-1,-1,-1
1042,66,1126.17,559.56,81.42,251.16,0.7840,-1,-1,-1
1042,67,1657.66,636.46,94.86,274.59,0.5486,-1,-1,-1
1042,71,486.42,324.98,65.48,190.69,0.4336,-1,-1,-1
1042,73,583.51,538.71,65.38,252.80,0.4921,-1,-1,-1
1042,72,366.43,322.54,64.57,154.93,0.2779,-1,-1,-1
1043,4,1717.88,459.15,81.11,207.18,0.6045,-1,-1,-1
1043,43,404.80,966.33,80.33,113.68,0.7561,-1,-1,-1
1043,3,883.84,937.49,62.92,142.51,0.7180,-1,-1,-1
1043,48,939.98,236.99,58.60,199.62,0.6317,-1,-1,-1
1043,49,852.70,242.23,59.27,189.73,0.5040,-1,-1,-1
1043,57,371.60,511.47,79.91,231.46,0.6771,-1,-1,-1
1043,61,1572.45,592.97,99.98,231.96,0.5419,-1,-1,-1
1043,62,297.26,536.49,66.91,196.42,0.3839,-1,-1,-1
1043,66,1124.94,558.80,80.94,248.70,0.7816,-1,-1,-1
1043,67,1658.05,639.21,93.74,272.69,0.4613,-1,-1,-1
1043,71,484.70,325.31,65.33,190.19,0.4373,-1,-1,-1
1043,73,584.04,538.29,64.48,252.88,0.5035,-1,-1,-1
1043,72,364.58,323.95,64.95,153.14,0.3148,-1,-1,-1
1044,4,1717.67,459.14,80.87,207.58,0.6038,-1,-1,-1
1044,43,406.76,968.20,80.77,111.82,0.7456,-1,-1,-1
1044,3,882.47,937.36,62.60,142.64,0.7013,-1,-1,-1
1044,48,940.24,236.33,58.25,199.30,0.6271,-1,-1,-1
1044,49,853.28,240.27,59.70,189.65,0.4889,-1,-1,-1
1044,57,371.60,513.99,80.28,233.24,0.6531,-1,-1,-1
1044,61,1572.48,590.78,100.85,233.25,0.4602,-1,-1,-1
1044,62,289.77,534.66,69.45,199.58,0.3496,-1,-1,-1
1044,66,1123.17,557.34,80.84,248.19,0.7760,-1,-1,-1
1044,67,1656.78,641.15,94.09,273.58,0.5204,-1,-1,-1
1044,71,484.63,325.04,65.61,191.15,0.4433,-1,-1,-1
1044,73,584.76,538.56,63.65,252.41,0.4971,-1,-1,-1
1044,72,356.90,323.44,79.04,186.58,0.3864,-1,-1,-1
1045,4,1717.78,460.57,80.28,206.93,0.6025,-1,-1,-1
1045,43,408.42,969.10,82.18,110.92,0.7486,-1,-1,-1
1045,3,882.38,937.13,62.47,142.87,0.7094,-1,-1,-1
1045,48,940.23,235.16,58.07,199.61,0.6048,-1,-1,-1
1045,49,853.31,238.73,60.55,191.37,0.5559,-1,-1,-1
1045,57,372.35,516.84,80.18,233.18,0.6510,-1,-1,-1
1045,61,1572.40,591.92,100.61,231.81,0.4729,-1,-1,-1
1045,62,294.15,537.25,68.53,199.00,0.4009,-1,-1,-1
1045,66,1120.91,554.91,81.37,249.45,0.7756,-1,-1,-1
1045,67,1653.30,642.27,94.06,272.40,0.5496,-1,-1,-1
1045,71,483.67,325.34,65.62,191.17,0.4036,-1,-1,-1
1045,73,584.99,538.25,62.97,252.80,0.4988,-1,-1,-1
1045,72,353.23,324.02,84.23,200.12,0.5333,-1,-1,-1
1046,4,1717.48,460.97,79.93,206.63,0.6029,-1,-1,-1
1046,43,410.03,970.96,82.98,109.07,0.7448,-1,-1,-1
1046,3,880.74,936.23,62.51,143.77,0.6692,-1,-1,-1
1046,48,939.86,234.30,57.87,200.10,0.5946,-1,-1,-1
1046,49,852.95,238.08,61.09,191.90,0.5474,-1,-1,-1
1046,57,372.17,519.57,79.96,233.83,0.6333,-1,-1,-1
1046,61,1574.35,592.69,100.50,231.57,0.4331,-1,-1,-1
1046,62,289.22,537.57,71.01,204.23,0.4972,-1,-1,-1
1046,66,1120.11,553.35,80.81,247.61,0.7769,-1,-1,-1
1046,67,1652.09,643.31,93.63,270.76,0.5411,-1,-1,-1
1046,71,483.25,325.05,65.89,191.54,0.4166,-1,-1,-1
1046,73,585.45,538.71,62.10,252.15,0.4663,-1,-1,-1
1046,72,349.63,326.34,85.89,205.14,0.5151,-1,-1,-1
1047,4,1717.33,462.21,79.30,205.34,0.6158,-1,-1,-1
1047,43,411.68,973.78,83.28,106.25,0.7392,-1,-1,-1
1047,3,879.97,935.95,62.38,144.05,0.6672,-1,-1,-1
1047,48,938.81,233.29,57.68,199.98,0.5752,-1,-1,-1
1047,49,852.72,235.85,62.34,193.94,0.5414,-1,-1,-1
1047,57,372.40,522.00,79.51,233.12,0.6460,-1,-1,-1
1047,61,1574.06,591.50,100.96,232.80,0.3963,-1,-1,-1
1047,62,284.25,539.36,73.65,208.63,0.5359,-1,-1,-1
1047,66,1118.89,551.21,81.12,248.68,0.7555,-1,-1,-1
1047,67,1653.22,649.00,91.28,264.07,0.6156,-1,-1,-1
1047,71,483.00,326.39,65.43,189.79,0.4619,-1,-1,-1
1047,73,585.84,538.52,61.78,252.90,0.4663,-1,-1,-1
1047,72,347.65,328.74,86.18,207.08,0.5406,-1,-1,-1
1048,4,1717.70,462.11,79.01,205.30,0.5857,-1,-1,-1
1048,43,414.15,977.10,83.23,102.92,0.7365,-1,-1,-1
1048,3,879.55,935.27,62.34,144.73,0.6474,-1,-1,-1
1048,48,938.92,231.37,56.08,194.53,0.5807,-1,-1,-1
1048,49,853.09,234.83,63.06,194.48,0.5536,-1,-1,-1
1048,57,372.04,522.62,79.22,232.81,0.6374,-1,-1,-1
1048,61,1574.46,590.72,101.07,233.43,0.3943,-1,-1,-1
1048,62,280.94,541.30,75.79,211.74,0.5877,-1,-1,-1
1048,66,1118.07,548.10,80.58,246.65,0.7449,-1,-1,-1
1048,67,1651.79,651.67,90.13,260.13,0.6473,-1,-1,-1
1048,71,482.17,326.63,65.82,190.68,0.4610,-1,-1,-1
1048,73,586.10,538.66,61.51,253.29,0.4506,-1,-1,-1
1048,72,346.66,330.29,85.43,206.37,0.4541,-1,-1,-1
1049,4,1717.68,462.25,79.03,205.88,0.6220,-1,-1,-1
1049,43,415.64,979.56,83.78,100.46,0.7479,-1,-1,-1
1049,3,878.81,934.20,62.59,145.80,0.6694,-1,-1,-1
1049,48,938.58,229.60,55.55,192.42,0.6102,-1,-1,-1
1049,49,853.58,234.59,63.45,194.15,0.5661,-1,-1,-1
1049,57,371.63,523.87,78.65,231.52,0.6469,-1,-1,-1
1049,61,1573.25,592.55,100.53,232.17,0.4405,-1,-1,-1
1049,62,280.93,543.74,76.38,211.86,0.5542,-1,-1,-1
1049,66,1117.09,545.34,79.48,243.77,0.7427,-1,-1,-1
1049,67,1650.45,649.95,90.43,260.99,0.6963,-1,-1,-1
1049,71,480.90,326.55,66.61,192.23,0.5068,-1,-1,-1
1049,73,586.08,538.02,61.15,253.49,0.4956,-1,-1,-1
1049,72,345.15,330.92,85.43,206.77,0.4502,-1,-1,-1
1050,4,1717.61,461.57,79.17,206.63,0.6455,-1,-1,-1
1050,43,418.23,982.71,83.49,97.31,0.7520,-1,-1,-1
1050,3,878.16,933.23,62.83,146.77,0.6688,-1,-1,-1
1050,48,938.38,228.03,55.26,191.01,0.6086,-1,-1,-1
1050,49,854.13,234.32,63.66,193.92,0.5904,-1,-1,-1
1050,57,372.23,524.41,78.26,230.28,0.6636,-1,-1,-1
1050,61,1572.17,592.63,100.73,232.04,0.4437,-1,-1,-1
1050,62,280.69,546.92,76.76,212.05,0.6142,-1,-1,-1
1050,66,1115.66,542.67,77.87,238.67,0.7529,-1,-1,-1
1050,67,1648.97,649.51,89.97,260.05,0.6885,-1,-1,-1
1050,71,479.96,327.53,67.35,194.17,0.4498,-1,-1,-1
1050,73,586.67,537.93,60.95,253.72,0.5121,-1,-1,-1
1050,72,344.99,331.93,84.33,204.27,0.4348,-1,-1,-1
